priority_group	priority_score	manual_decision	exclusion_reason	screening_notes	matched_queries	query_group	method_focus	screening_rationale	title	abstract	author_keywords	keywords_plus	authors	source_title	publication_year	doi	issn	document_type	wos_categories	research_areas	wos_identifier	source_screening_file	manual_decision_clean
A_screen_first	35	include			"Q1; Q2; Q3; Q4"	"Q1 analytical/modeling; Q2 GARCH/HAR; Q3 AI/ML/DL; Q4 hybrid"	"econometric: GARCH/HAR; AI/ML/DL; analytical/modeling context"	"market; volatility; COVID; GARCH/HAR; AI/ML/DL; analytical/modeling; target region"	Stock market forecasting accuracy of asymmetric GARCH models during the COVID-19 pandemic	We propose a new clustering approach for comparing financial time series and employ it to study how the COVID-19 pandemic affected the U.S. stock market. Essentially, we compute the forecast accuracy of asymmetric GARCH models applied to S&P500 industries and use the model forecast errors for different horizons and cut-off points to calculate a distance matrix for the stock indices. Hierarchical clustering algorithms are used to assign the set of industries into clusters. We found homogeneous clusters of industries in terms of the impact of COVID-19 on US stock market volatility. The industries most affected by the pandemic and with less accurate stock market prediction (Hotels, Airline, Apparel, Accessories & Luxury Goods, and Automobile) are separated in Euclidean distance from those industries that were less impacted by COVID-19 and which had more accurate forecasting (Pharmaceuticals, Internet & Direct Marketing Retail, Data Processing, and Movies & Entertainment).	"Cluster analysis; COVID-19; Forecast accuracy; Threshold GARCH model; S & P500; Unsupervised machine learning"	TIME-SERIES	"Caiado, J; Lúcio, F"	NORTH AMERICAN JOURNAL OF ECONOMICS AND FINANCE	2023	10.1016/j.najef.2023.101971	1062-9408	Article	"Business, Finance; Economics"	Business & Economics	T0DR4	wos_screening_readable_A_screened.csv	include
A_screen_first	35	include			"Q1; Q2; Q3; Q4"	"Q1 analytical/modeling; Q2 GARCH/HAR; Q3 AI/ML/DL; Q4 hybrid"	"econometric: GARCH/HAR; AI/ML/DL; analytical/modeling context"	"market; volatility; COVID; GARCH/HAR; AI/ML/DL; analytical/modeling; target region"	COVID-19 and Stock Market Volatility: A Clustering Approach for S&P 500 Industry Indices	We study how the COVID-19 pandemic affected some of the conditional volatilities of S&P 500 industries, using a new model feature-based clustering method on a fitted TGARCH model. Rather than using the estimated model parameters to compute a distance matrix for the stock indices, we suggest using a distance based on the autocorrelations of the estimated conditional volatilities. Both hierarchical and non-hierarchical algorithms are used to assign the set of industries into clusters. The results show a clear change in the composition of each cluster between the period before the first US COVID-19 case and the period during the pandemic.	"Autocorrelation; Cluster analysis; COVID-19; Threshold GARCH model; Unsupervised machine learning; S & P 500; Volatility"	TIME-SERIES	"Lucio, F; Caiado, J"	FINANCE RESEARCH LETTERS	2022	10.1016/j.frl.2022.103141	1544-6123	Article	Business, Finance	Business & Economics	3G9IE	wos_screening_readable_A_screened.csv	include
A_screen_first	34	exclude			"Q1; Q2; Q3; Q4"	"Q1 analytical/modeling; Q2 GARCH/HAR; Q3 AI/ML/DL; Q4 hybrid"	"econometric: GARCH/HAR; AI/ML/DL; analytical/modeling context"	"market; volatility; COVID; GARCH/HAR; AI/ML/DL; analytical/modeling"	Financial Volatility Modeling with the GARCH-MIDAS-LSTM Approach: The Effects of Economic Expectations, Geopolitical Risks and Industrial Production during COVID-19	"Forecasting stock markets is an important challenge due to leptokurtic distributions with heavy tails due to uncertainties in markets, economies, and political fluctuations. To forecast the direction of stock markets, the inclusion of leading indicators to volatility models is highly important; however, such series are generally at different frequencies. The paper proposes the GARCH-MIDAS-LSTM model, a hybrid method that benefits from LSTM deep neural networks for forecast accuracy, and the GARCH-MIDAS model for the integration of effects of low-frequency variables in high-frequency stock market volatility modeling. The models are being tested for a forecast sample including the COVID-19 shut-down after the first official case period and the economic reopening period in in Borsa Istanbul stock market in Turkiye. For this sample, significant uncertainty existed regarding future economic expectations, and the period provided an interesting laboratory to test the forecast effectiveness of the proposed LSTM augmented model in addition to GARCH-MIDAS models, which included geopolitical risk, future economic expectations, trends, and cycle industrial production indices as low-frequency variables. The evidence suggests that stock market volatility is most effectively modeled with geopolitical risk, followed by industrial production, and a relatively lower performance is achieved by future economic expectations. These findings imply that increases in geopolitical risk enhance stock market volatility further, and that industrial production and future economic expectations work in the opposite direction. Most importantly, the forecast results suggest suitability of both the GARCH-MIDAS and GARCH-MIDAS-LSTM models, and with good forecasting capabilities. However, a comparison shows significant root mean squared error reduction with the novel GARCH-MIDAS-LSTM model over GARCH-MIDAS models. Percentage decline in root mean squared errors for forecasts are between 39% to 95% in LSTM augmented models depending on the type of economic indicator used. The proposed approach offers a key tool for investors and policymakers."	"deep neural networks; long-short term memory; volatility; GARCH; mixed data sampling; geopolitical risk; industrial production; economic expectations"	"DEEP NEURAL-NETWORKS; TIME-SERIES; INTEGRATING LSTM; UNIT-ROOT; STATIONARITY; INDICATORS; PRICES; POWER"	"Ersin, ÖÖ; Bildirici, M"	MATHEMATICS	2023	10.3390/math11081785		Article	Mathematics	Mathematics	E7IO7	wos_screening_readable_A_screened.csv	include
A_screen_first	21	include			"Q1; Q2"	"Q1 analytical/modeling; Q2 GARCH/HAR"	"econometric: GARCH/HAR; analytical/modeling context"	"market; volatility; COVID; GARCH/HAR; analytical/modeling; target region"	Co-movement dynamics of US and Chinese stock market: evidence from COVID-19 crisis	This paper aims to examine the co-movement between the two economic powers, namely the USA and China. The authors are mainly interested in examining the dynamics of co-movements during, and in the pre-covid periods. Additionally, they have aimed to examine the volatility spillover between USA and China, during and in the pre-covid periods. In order to achieve the research-based objectives, advanced econometrics models have been applied to the data from July1, 2010, to April 30, 2021. The results show that the sample market is integrated in the long run. The results also indicate that the behaviour of the Chinese market is same as the US market, and offers negligible opportunities for investors for diversification during this time. The findings indicate that the Ganger Causality between the stock markets during crisis is significantly higher than the pre-crisis period. The results of EGARCH model confirm the presence of asymmetric volatility spillover effects between the US and Chinese markets, during the considered time periods. This study also examines the co-movement in China, grounded upon the robust approach that facilitates examining the dependence structure between the sample variables. The findings offer valuable understanding for investors who are looking for investment diversification opportunities worldwide.	"China; COVID-19; co-movement; stock; EGARCH; volatility spillover; USA"		"Song, G; Xia, ZQ; Basheer, MF; Shah, SMA"	ECONOMIC RESEARCH-EKONOMSKA ISTRAZIVANJA	2022	10.1080/1331677X.2021.1957971	1331-677X	Article	Economics	Business & Economics	3N9IP	wos_screening_readable_A_screened.csv	include
A_screen_first	21	maybe			"Q1; Q2"	"Q1 analytical/modeling; Q2 GARCH/HAR"	"econometric: GARCH/HAR; analytical/modeling context"	"market; volatility; COVID; GARCH/HAR; analytical/modeling; target region"	Investigating the impact of COVID-19 pandemic on volatility patterns and its global implication for textile industry: An empirical case study for Shanghai Stock Exchange of China	This research paper aims to examine the impact of the COVID-19 pandemic on volatility patterns and its global implication for the textile industry in China. The COVID-19 pandemic has generated a global health crisis with profound economic, social and financial implications, but also has triggered a ruthless global recession. The global economic recovery as a result of the COVID-19 pandemic can also generate significant investment opportunities for the textile industry in China. In this paper, the application of empirical methods could explain historical prices, the movement dynamics of financial assets, and investigate various important characteristics of asset pricing that explore details of the Chinese stock market. The econometric framework includes the following: symmetric Generalize Autoregressive Conditional Heteroscedastic GARCH (1, 1) model, asymmetric GARCH models such as EGARCH and GJR models. The main aim is to identify the asymmetric volatility effect, and impact of news on the SSE Composite Index and investigate long memory properties in volatility using daily data for the sample period from 19th December 1990 to 31st December 2020. This empirical study contributes to the existing literature on the impact of the COVID-19 pandemic on international stock markets, by investigating symmetric and asymmetric volatility patterns in the case of the Shanghai Stock Exchange from China.	"GARCH family models; symmetric volatility; asymmetric volatility; COVID-19 pandemic; apparel; textile industry; economic recession; leverage effect"	RETURNS	"Trivedi, J; Afjal, M; Spulbar, C; Birau, R; Inumula, KM; Mitu, NE"	INDUSTRIA TEXTILA	2022	10.35530/IT.073.04.202148	1222-5347	Article	Materials Science, Textiles	Materials Science	6A4XK	wos_screening_readable_A_screened.csv	include
A_screen_first	21	exclude			"Q1; Q2"	"Q1 analytical/modeling; Q2 GARCH/HAR"	"econometric: GARCH/HAR; analytical/modeling context"	"market; volatility; COVID; GARCH/HAR; analytical/modeling; target region"	Investor Sentiment and Stock Returns During the COVID-19 Pandemic	In this paper, we regard the Baidu index as an indicator of investors' attention to China's epidemic stocks. We believe that when seeking information to guide investment decisions, investor sentiment is usually affected by the information provided by the Baidu search engine, which may cause stock prices to fluctuate. Therefore, we constructed a GARCH extended model including the Baidu index to predict the return of epidemic stocks and compared it with the benchmark model. The empirical research in this paper finds that the forecast model including the Baidu index is significantly better than the benchmark model. This has important reference value both for investors in predicting stock trends and for the government's formulation of policies to prevent excessive stock market volatility.	"Baidu index; google trends; investor sentiment; epidemic stocks; forecast"	SEARCH	"Jiang, BZ; Zhu, HJ; Zhang, JH; Yan, C; Shen, R"	FRONTIERS IN PSYCHOLOGY	2021	10.3389/fpsyg.2021.708537	1664-1078	Article	Psychology, Multidisciplinary	Psychology	TT5KA	wos_screening_readable_A_screened.csv	include
A_screen_first	21	include			"Q1; Q3"	"Q1 analytical/modeling; Q3 AI/ML/DL"	"AI/ML/DL; analytical/modeling context"	"market; volatility; COVID; AI/ML/DL; analytical/modeling; target region"	Can hybrid model improve the forecasting performance of stock price index amid COVID-19? Contextual evidence from the MEEMD-LSTM-MLP approach	The sudden eruption of COVID-19 has inflicted tremendous damage to the worldwide economy, and stock markets have become violently volatile due to its negative impact. Therefore, accurate forecasting of stock price index has been playing an essential role in maintaining national economic security and formulating related policies. In this paper, a novel decomposition-ensemble model is proposed to predict the highly fluctuating stock price index. To begin with, the modified ensemble empirical mode decomposition (MEEMD) method is adopted to decompose the original stock price index into subsequences with different frequencies. Then, the last highfrequency subsequence and other subsequences are predicted through multilayer perceptron (MLP) and long short-term memory (LSTM), respectively. Finally, the prediction outcomes of different model subsequences are reconstructed into the ultimate prediction results by utilizing the integration method. Compared with the contrast models, the MEEMD-LSTM-MLP model proposed in our paper not only demonstrates significant advantages in multi-step forecasting for both emerging and developed markets, but also achieves excellent prediction performance amidst the severe market fluctuations triggered by COVID-19. Furthermore, the application of the MEEMD-LSTM-MLP model is extended to financial time series with different data characteristics and market types, which further proves its high applicability and reliability. Therefore, the conducted hybrid MEEMD-LSTM-MLP model is an effective and stable multi-step forecasting tool to provide valuable intelligent technical support for governments and enterprises in complex economic conditions.	"Stock price index multi-step forecasting; COVID-19; Modified ensemble empirical mode; decomposition; Long short-term memory; Multilayer perceptron"	"VOLATILITY; DECOMPOSITION; PREDICTION"	"Yang, Q; Yu, YY; Dai, DS; He, Q; Lin, Y"	NORTH AMERICAN JOURNAL OF ECONOMICS AND FINANCE	2024	10.1016/j.najef.2024.102252	1062-9408	Article	"Business, Finance; Economics"	Business & Economics	C7I4P	wos_screening_readable_A_screened.csv	include
A_screen_first	21	include			"Q1; Q3"	"Q1 analytical/modeling; Q3 AI/ML/DL"	"AI/ML/DL; analytical/modeling context"	"market; volatility; COVID; AI/ML/DL; analytical/modeling; target region"	Cross-Market Bankruptcy Prediction: An Interpretable Ensemble Learning Framework Using SHAP Analysis	The increasing complexity and interconnectedness of global financial markets demand more robust and transparent methods for predicting corporate failures across diverse environments. This study introduces a novel computational framework for cross-market bankruptcy prediction that integrates ensemble learning and interpretable artificial intelligence. Our approach combines Natural Gradient Boosting (NGBoost), Categorical Boosting (CatBoost), and Light Gradient Boosting (LightGBM), leveraging the strengths of each algorithm, and incorporates Shapley Additive Explanations (SHAP) for enhanced interpretability. By integrating capital structure optimization principles from trade-off theory with Shapley value frameworks, we establish a three-phase computational process adaptable to market-specific characteristics. Empirical validation using comprehensive financial data from US and Chinese markets (2015-2022), encompassing the COVID-19 crisis period, demonstrates the superior predictive performance of our framework. Our ensemble approach achieves 70 90% prediction accuracy across all the markets and periods. This demonstrates robust performance stability even during the COVID-19 crisis. The SHAP analysis provides granular insights into market-specific bankruptcy indicators, revealing the distinct influence of factors like operational efficiency in the US and leverage in China. These findings underscore the framework's effectiveness in identifying subtle financial distress signals across heterogeneous market structures and during periods of economic volatility, offering valuable insights for risk management and investment strategies.	"Cross-Market Bankruptcy Prediction; Ensemble Learning; Shapley Additive Explanations (SHAP); Financial Distress Modeling; Machine Learning Interpretability; Trade-Off Theory; G33; C45; C53; G01; G15; C88"	"FINANCIAL RATIOS; CORPORATE BANKRUPTCY; MODELS; IMPROVE; RISK; MAP"	"Hussain, AB; Jingchun, S; Hussain, B; Shaique, M; Rehman, AU; Bhatti, MK"	COMPUTATIONAL ECONOMICS	2026	10.1007/s10614-025-11266-8	0927-7099	"Article; Early Access"	"Economics; Management; Mathematics, Interdisciplinary Applications"	"Business & Economics; Mathematics"	DQ6SA	wos_screening_readable_A_screened.csv	include
A_screen_first	21	exclude		saudi markets watch out	"Q1; Q2"	"Q1 analytical/modeling; Q2 GARCH/HAR"	"econometric: GARCH/HAR; analytical/modeling context"	"market; volatility; COVID; GARCH/HAR; analytical/modeling; target region"	Forecasting stock market volatility using GARCH models: A comparative study of the U.S. and Saudi markets	The paper analyzes the volatility trends of the Saudi Arabian Tadawul All Share Index (TASI) and the S&P 500 index, focusing on the COVID-19 pandemic as a key market shock. The analysis incorporates daily stock return data covering the period from January 2015 to May 2025. The volatility of emerging and developed markets is examined through EGARCH and GARCH approaches to study characteristics such as volatility clustering and asymmetry. The effect of the pandemic is directly embedded by introducing COVID-19 dummy variables into the models. Empirical findings suggest that both indices are characterized by volatility clustering, and the EGARCH model is more appropriate than the GARCH model for estimating asymmetric volatility, particularly during crisis periods. Additionally, the COVID-19 dummy variable is statistically significant in the EGARCH model, as opposed to the GARCH model. The results support the leverage effect, indicating that negative shocks have a more significant impact on market volatility than positive ones. The S&P 500 showed a faster recovery after the COVID-19 crisis, whereas TASI was slower in mean reversion, indicating structural and behavioral divergence between the markets. This comparative study contributes to the literature by providing a clear picture of volatility dynamics in diverse financial contexts and highlighting the superiority of EGARCH models during crisis periods. The findings offer guidance to policymakers aiming to improve market stability and to investors seeking diversification into both developing and mature markets.	"COVID-19; EGARCH; GARCH; S&P 500; Tadawul all share index; Volatility forecasting"	"RETURNS; IMPACT; GCC"	Alalmai, S	ECONOMICS AND FINANCE LETTERS	2026	10.18488/29.v13i1.4816	2312-6310	Article	"Business, Finance; Economics"	Business & Economics	EJ1AT	wos_screening_readable_A_screened.csv	include
A_screen_first	21	exclude		possibly weak link to covid 	"Q1; Q2"	"Q1 analytical/modeling; Q2 GARCH/HAR"	"econometric: GARCH/HAR; analytical/modeling context"	"market; volatility; COVID; GARCH/HAR; analytical/modeling; target region"	Dynamic network analysis of stock indices in the Americas	"PurposeThis study examines dynamic interdependence among stock indices in the Americas and the effects of global crises on these interdependencies that underline contagion patterns across developed and emerging markets.Design/methodology/approachA Dynamic Conditional Correlation (DCC-EGARCH) model is applied to measure time-varying correlations among stock indices from countries in the Americas. Network measures-Normalized Tree Length (NTL), Average Path Length (APL) and Mean Occupation Layer (MOL)-are used to track shifts in market connectivity. At the same time, the Bai and Perron test is used to identify structural changes linked to global events such as COVID-19.FindingsResults show that crises increase market cohesion across the Americas, indicated by lower NTL and MOL values. This enhanced connectivity suggests that stock markets respond more synchronously during high-volatility periods, with the United States often central to the contagion network.Originality/valueThis study contributes to financial contagion research by applying dynamic network analysis to the Americas, offering tools to identify systemic risks. The findings provide insights for policymakers and investors into managing contagion risks in interconnected markets. Prop & oacute;sitoEste estudio examina la interdependencia din & aacute;mica entre los & iacute;ndices accionarios el continente americano y los efectos de las crisis globales en estas interdependencias que subrayan los patrones de contagio en los mercados desarrollados y emergentes.Dise & ntilde;o/metodolog & iacute;a/enfoqueSe aplica un modelo de correlaci & oacute;n condicional din & aacute;mica (DCC-EGARCH) para medir las correlaciones que var & iacute;an en el tiempo entre los & iacute;ndices accionarios de los pa & iacute;ses del continente americano. Se utilizan medidas de red (longitud de & aacute;rbol normalizada [NTL], longitud de trayectoria promedio [APL] y capa de ocupaci & oacute;n media [MOL]) para rastrear los cambios en la conectividad del mercado. Al mismo tiempo, se emplea la prueba de Bai y Perron para identificar cambios estructurales vinculados a eventos globales como el COVID-19.ResultadosLos resultados muestran que las crisis aumentan la cohesi & oacute;n del mercado en el continente americano, lo que se indica mediante valores de NTL y MOL m & aacute;s bajos. Esta conectividad mejorada sugiere que los mercados accionarios responden de manera m & aacute;s sincronizada durante los per & iacute;odos de alta volatilidad. Estados Unidos suele ser central en la red de contagio.Originalidad/valorEste estudio contribuye a la investigaci & oacute;n sobre el contagio financiero al aplicar el an & aacute;lisis din & aacute;mico de redes en el continente americano, ofreciendo herramientas para identificar riesgos sist & eacute;micos. Los hallazgos brindan informaci & oacute;n a los responsables de las pol & iacute;ticas y a los inversores para gestionar los riesgos de contagio en mercados interconectados.Prop & oacute;sitoEste estudio examina la interdependencia din & aacute;mica entre los & iacute;ndices accionarios el continente americano y los efectos de las crisis globales en estas interdependencias que subrayan los patrones de contagio en los mercados desarrollados y emergentes.Dise & ntilde;o/metodolog & iacute;a/enfoqueSe aplica un modelo de correlaci & oacute;n condicional din & aacute;mica (DCC-EGARCH) para medir las correlaciones que var & iacute;an en el tiempo entre los & iacute;ndices accionarios de los pa & iacute;ses del continente americano. Se utilizan medidas de red (longitud de & aacute;rbol normalizada [NTL], longitud de trayectoria promedio [APL] y capa de ocupaci & oacute;n media [MOL]) para rastrear los cambios en la conectividad del mercado. Al mismo tiempo, se emplea la prueba de Bai y Perron para identificar cambios estructurales vinculados a eventos globales como el COVID-19.ResultadosLos resultados muestran que las crisis aumentan la cohesi & oacute;n del mercado en el continente americano, lo que se indica mediante valores de NTL y MOL m & aacute;s bajos. Esta conectividad mejorada sugiere que los mercados accionarios responden de manera m & aacute;s sincronizada durante los per & iacute;odos de alta volatilidad. Estados Unidos suele ser central en la red de contagio.Originalidad/valorEste estudio contribuye a la investigaci & oacute;n sobre el contagio financiero al aplicar el an & aacute;lisis din & aacute;mico de redes en el continente americano, ofreciendo herramientas para identificar riesgos sist & eacute;micos. Los hallazgos brindan informaci & oacute;n a los responsables de las pol & iacute;ticas y a los inversores para gestionar los riesgos de contagio en mercados interconectados."	"Financial networks; American stock indices; Dynamic correlation; Contagion; DCC-EGARCH model; Redes financieras; & Iacute;ndices burs & aacute;tiles americanos; Correlaci & oacute;n din & aacute;mica; Contagio; Modelo DCC-EGARCH; G01; G15; C32; F36"	"CONDITIONAL HETEROSKEDASTICITY; CONTAGION; MARKETS"	Lorenzo-Valdes, A	ACADEMIA-REVISTA LATINOAMERICANA DE ADMINISTRACION	2025	10.1108/ARLA-11-2024-0265	1012-8255	Article	"Business; Management"	Business & Economics	9NI4X	wos_screening_readable_A_screened.csv	include
A_screen_first	21	include			"Q1; Q3"	"Q1 analytical/modeling; Q3 AI/ML/DL"	"AI/ML/DL; analytical/modeling context"	"market; volatility; COVID; AI/ML/DL; analytical/modeling; target region"	Multifractal Behaviors of Stock Indices and Their Ability to Improve Forecasting in a Volatility Clustering Period	The financial market is a complex system, which has become more complicated due to the sudden impact of the COVID-19 pandemic in 2020. As a result there may be much higher degree of uncertainty and volatility clustering in stock markets. How does this black swan event affect the fractal behaviors of the stock market? How to improve the forecasting accuracy after that? Here we study the multifractal behaviors of 5-min time series of CSI300 and S&P500, which represents the two stock markets of China and United States. Using the Overlapped Sliding Window-based Multifractal Detrended Fluctuation Analysis (OSW-MF-DFA) method, we found that the two markets always have multifractal characteristics, and the degree of fractal intensified during the first panic period of pandemic. Based on the long and short-term memory which are described by fractal test results, we use the Gated Recurrent Unit (GRU) neural network model to forecast these indices. We found that during the large volatility clustering period, the prediction accuracy of the time series can be significantly improved by adding the time-varying Hurst index to the GRU neural network.	"multifractal; forecasting; OSW-MF-DFA; GRU neural network; stock index time series"	"MARKET-EFFICIENCY; LONG MEMORY; CHINESE"	"Zhang, SW; Fang, W"	ENTROPY	2021	10.3390/e23081018		Article	Physics, Multidisciplinary	Physics	UG4SB	wos_screening_readable_A_screened.csv	include
A_screen_first	21	exclude			"Q1; Q2"	"Q1 analytical/modeling; Q2 GARCH/HAR"	"econometric: GARCH/HAR; analytical/modeling context"	"market; volatility; COVID; GARCH/HAR; analytical/modeling; target region"	Volatility Modeling: An Overview of Equity Markets in the Euro Area during COVID-19 Pandemic	Volatility is the most widespread measure of risk. Volatility modeling allows investors to capture potential losses and investment opportunities. This work aims to examine the impact of the two waves of COVID-19 infections on the return and volatility of the stock market indices of the euro area countries. The study also focuses on other important aspects such as time-varying risk premium and leverage effect. This investigation employed the Threshold GARCH(1,1)-in-Mean model with exogenous dummy variables. Daily returns of the euro area stock markets indices from 4 January 2016 to 31 December 2020 has been used for the analysis. The results reveal that euro area stock markets respond differently to the COVID-19 pandemic. Specifically, the first wave of COVID-19 infections had a notable impact on stock market volatility of euro area countries with middle-large financial centres while the second wave had a significant impact only on stock market volatility of Belgium.	"volatility; COVID-19 pandemic; GARCH models; euro area stock indices"	"GLOBAL FINANCIAL CRISIS; TIME-SERIES; STOCK MARKETS; CONTAGION; IMPACT"	"Duttilo, P; Gattone, SA; Di Battista, T"	MATHEMATICS	2021	10.3390/math9111212		Article	Mathematics	Mathematics	SQ3OH	wos_screening_readable_A_screened.csv	include
A_screen_first	21	maybe			"Q1; Q2"	"Q1 analytical/modeling; Q2 GARCH/HAR"	"econometric: GARCH/HAR; analytical/modeling context"	"market; volatility; COVID; GARCH/HAR; analytical/modeling; target region"	When the market got the first dose: Stock volatility and vaccination campaign in COVID-19 period	During the COVID-19 pandemic, the news of clinical trials for vaccines and mass vaccinations have brought renewed optimism for stabilizing the economy and financial markets. However, the mental stress of investors or doubt about the effectiveness of government policies to cope with economic disruptions has caused stock market volatility. We investigate the significance of the vaccination rate in alleviating the global stock market volatility which is measured by the GJR-GARCH model. We discover that a higher vaccine initiation rate has a positive effect on global stock markets, especially in developed countries and areas with higher rates than their average. Our findings remain reliable even when using different projected volatility models and other estimates of the main independent variables. Mass immunization also implies that governments will not have to take extreme measures to handle the pandemic, which alleviates investor worries about compliance and the prolonged effects of COVID-19. Our research indicates that global stock markets are providing insight into the economic value of the development of COVID-19 vaccines, even before public vaccinations start.	"COVID-19; Stock market volatility; Vaccine campaign; Vaccine initiation rate"	"SPECIFICATION; CURRENCY; TESTS"	"To, BCN; Nguyen, BKQ; Nguyen, TV"	HELIYON	2023	10.1016/j.heliyon.2023.e12809		Article	Multidisciplinary Sciences	Science & Technology - Other Topics	D3YH0	wos_screening_readable_A_screened.csv	include
A_screen_first	21	include		careful about region	"Q1; Q2"	"Q1 analytical/modeling; Q2 GARCH/HAR"	"econometric: GARCH/HAR; analytical/modeling context"	"market; volatility; COVID; GARCH/HAR; analytical/modeling; target region"	COVID Asymmetric Impact on the Risk Premium of Developed and Emerging Countries' Stock Markets	"We estimated the stock market risk premium during the COVID-19 pandemic with a GARCH-in-Mean (GARCH-M)(1,1) model. The analysis then explored the presence of regime changes using a two-regime Markov-Switching GARCH (MS GARCH)(1,1) model. The sample we used included the stock market indexes of nine countries from three geographical regions, including: North America (Canada, USA, and Mexico), South America (Brazil and Argentina), and Asia (Japan, South Korea, Hong Kong, and Singapore), over two periods: (a) pre-COVID (from 1 January 2015 to 31 December 2019); and (b) COVID (from 1 January 2020 to 31 December 2021). Our GARCH-M(1,1) estimation results indicate that the more developed countries' stock markets experienced an important increase in their risk premium during the COVID period, likely explained by the massive government anticyclical policies. By contrast, developing countries' stock markets, particularly in Latin America, experienced a reduction, and in some cases, even a total loss of the risk premium effect. From the perspective of investors and portfolio risk managers, the identification of high and low volatility periods and their estimated probability of occurrence is useful for the characterization of stress scenarios and the design of emerging strategies. For governments and central bankers, the implementation of different policies should respond to the more likely scenarios but should also be prepared to respond to other less likely scenarios. Institutional preparedness to respond to as many different scenarios as may be identified with the use of MS GARCH models can make their interventions more successful. This work presents an objective example of how the use of MS GARCH models may be of use to practitioners in both the financial industry and government. We confirmed that the results of a two-regime MS GARCH model are superior to those obtained from a single-regime model."	"MS GARCH; risk premium; Generalized Hyperbolic; conditional volatility"	"VALUE-AT-RISK; CONDITIONAL HETEROSKEDASTICITY; MODELING VOLATILITY; ECONOMIC-GROWTH; EQUITY MARKETS; ASSET RETURNS; GARCH MODELS; PERSISTENCE; CONTAGION; VARIANCE"	"Nú?ez-Mora, JA; Santillan-Salgado, RJ; Contreras-Valdez, MI"	MATHEMATICS	2022	10.3390/math10091353		Article	Mathematics	Mathematics	1E8LH	wos_screening_readable_A_screened.csv	include
A_screen_first	21	include			"Q1; Q3"	"Q1 analytical/modeling; Q3 AI/ML/DL"	"AI/ML/DL; analytical/modeling context"	"market; volatility; COVID; AI/ML/DL; analytical/modeling; target region"	Enhancing stock market Forecasting: A hybrid model for accurate prediction of S&P 500 and CSI 300 future prices	This paper investigates the challenging domain of stock market prediction, a significant aspect of financial markets. It focuses on developing predictive models to forecast stock prices accurately, vital for mitigating losses and maximizing gains amidst the inherent unpredictability and volatility of the market. The study comprehensively analyzes various predictive models, including time series analysis and advanced machine learning techniques. It highlights the superiority of ensemble or hybrid models in enhancing prediction reliability. Central to this research is the development of a model incorporating detailed data collection, thorough analysis, and state-of-the-art machine learning methods, achieving notable predictive accuracy. This approach underscores the benefits of data-centric strategies in today's rapidly evolving business environment and the widespread applicability of predictive analytics. The model outperforms conventional methods by decomposing time series into simpler components and optimizing hyperparameters, thereby enhancing prediction accuracy, as demonstrated by performance testing on the S&P 500 and CSI 300 indices. The RMSE, MAE, and R-2 values of the MEME-AO-LSTM model are 27.12, 19.43, and 0.992, respectively, which serve as evidence of this. The model's generalizability and high performance are demonstrated by its efficacy in a variety of major markets, including the NASDAQ 100, Nikkei 225, FTSE, DAX, SSE, and KOSPI. Additionally, the model's adaptability under diverse market conditions is demonstrated through its evaluation of its robustness in response to significant events, such as the economic stimulus responses to the COVID-19 pandemic and the geopolitical tensions resulting from the tension and conflict between Russia and Ukraine. Consequently, the proposed methodology has the potential to help investors achieve substantial and advantageous returns.	"Financial Markets; Multivariate Empirical Mode Decomposition; Aquila Optimizer; S & P 500; CSI 300; Stock price; Stock price"		Ge, Q	EXPERT SYSTEMS WITH APPLICATIONS	2025	10.1016/j.eswa.2024.125380	0957-4174	Article	"Computer Science, Artificial Intelligence; Engineering, Electrical & Electronic; Operations Research & Management Science"	"Computer Science; Engineering; Operations Research & Management Science"	G9K1M	wos_screening_readable_A_screened.csv	include
A_screen_first	21	exclude			"Q1; Q2"	"Q1 analytical/modeling; Q2 GARCH/HAR"	"econometric: GARCH/HAR; analytical/modeling context"	"market; volatility; COVID; GARCH/HAR; analytical/modeling; target region"	The source of financial contagion and spillovers: An evaluation of the covid-19 pandemic and the global financial crisis	This study investigates the reaction of stock markets to the Covid-19 pandemic and the Global Financial Crisis of 2008 (GFC) and compares their influence in terms of risk exposures. The empirical investigation is conducted using the modified ICSS test, DCC-GARCH, and Diebold-Yilmaz connectedness analysis to examine financial contagion and volatility spillovers. To further reveal the impact of these two crises, the statistical features of tranquil and crisis periods under different time intervals are also compared. The test results show that although the outbreak's origin was in China, the US stock market is the source of financial contagion and volatility spillovers during the pandemic, just as it was during the GFC. The propagation of shocks is considerably higher between developed economies compared to emerging markets. Additionally, the results show that the COVID-19 pandemic induced a more severe contagious effect and risk transmission than the GFC. The study provides an extensive examination of the COVID-19 pandemic and the GFC in terms of financial contagion and volatility spillovers. The results suggest the presence of strong co-movements of world stock markets with the US equity market, especially in periods of financial turmoil.		"IMPULSE-RESPONSE ANALYSIS; EMPIRICAL-EVIDENCE; STRUCTURAL-CHANGE; ECONOMIC-GROWTH; STOCK MARKETS"	"Gunay, S; Can, G"	PLOS ONE	2022	10.1371/journal.pone.0261835	1932-6203	Article	Multidisciplinary Sciences	Science & Technology - Other Topics	2F3FM	wos_screening_readable_A_screened.csv	include
A_screen_first	21	maybe			"Q1; Q2"	"Q1 analytical/modeling; Q2 GARCH/HAR"	"econometric: GARCH/HAR; analytical/modeling context"	"market; volatility; COVID; GARCH/HAR; analytical/modeling; target region"	COVID-19, various government interventions and stock market performance	Purpose According to the Government Response tracker (oxCGRT) index, the overall government response, stringency, economic support, containment and health policies to COVID-19 from January 2020 to December 2022. The main objective of this paper is to explore how stock market performance is affected by these polices, respectively. Design/methodology/approach The authors employ EGARCH and autoregressive distributional lag (ARDL) models to test the impact of epidemic prevention policy implementation on stock market returns, volatility and liquidity and make cross-country comparisons for six important world economies. Findings Firstly, the implementation of various preventive policies hurts stock market returns and increases volatility, but there are a few indicators that have no effect or have an easing effect in some countries. Secondly, health policies exacerbate market volatility and have a stronger effect than other policy indicators. Thirdly, In China and the USA, anti-epidemic policies have been shown to worsen liquidity, while in Japan they have been shown to improve liquidity. Originality/value First, enrich the growing body of COVID-19 research by comprehensively examining whether and how government prevention policies affect stock market returns, volatility and liquidity. Second, explore the impact of different types of intervention policies on stock market performance, separately.	"oxCGRT index; Stock market; Liquidity; COVID-19; Intervention policies"	"VOLATILITY; LIQUIDITY; GARCH"	"Li, HL; Chen, HQ; Xu, GL; Zhang, WG"	CHINA FINANCE REVIEW INTERNATIONAL	2023	10.1108/CFRI-03-2023-0068	2044-1398	Article	Business, Finance	Business & Economics	ES6K5	wos_screening_readable_A_screened.csv	include
A_screen_first	21	include			"Q1; Q3"	"Q1 analytical/modeling; Q3 AI/ML/DL"	"AI/ML/DL; analytical/modeling context"	"market; volatility; COVID; AI/ML/DL; analytical/modeling; target region"	Signal from noise: a neural network-based denoising approach for measuring global financial spillovers	Filtering signal from noise is fundamental to accurately assessing spillover effects in financial markets. This study investigates denoised return and volatility spillovers across a diversified set of markets, spanning developed and developing economies as well as key asset classes, using a neural network-based denoising architecture. By applying denoising to the covariance matrices prior to spillover estimation, we disentangle signal from noise. Our analysis covers the period from late 2014 to mid-2025 and adopts both static and time-varying frameworks. The results reveal that developed markets predominantly serve as net transmitters of volatility spillovers under normal conditions, but often transition into net receivers during episodes of systemic stress, such as the Covid-19 pandemic. In contrast, developing markets display heightened instability in their spillover roles, frequently oscillating between transmitter and receiver positions. Denoising not only clarifies the dynamic and heterogeneous nature of spillover channels, but also sharpens the alignment between observed spillover patterns and known financial events. These findings highlight the necessity of denoising in spillover analysis for effective monitoring of systemic risk and market interconnectedness.	"Spillovers; Connectedness; Denoising; VAR; Volatility"	"VOLATILITY SPILLOVERS; STOCK MARKETS; ESTIMATOR; DYNAMICS"	"Karasan, A; Alp, ÖS"	INTERNATIONAL JOURNAL OF DATA SCIENCE AND ANALYTICS	2026	10.1007/s41060-026-01100-1	2364-415X	Article	"Computer Science, Artificial Intelligence; Computer Science, Information Systems"	Computer Science	GL2WU	wos_screening_readable_A_screened.csv	include
A_screen_first	21	exclude			"Q1; Q2"	"Q1 analytical/modeling; Q2 GARCH/HAR"	"econometric: GARCH/HAR; analytical/modeling context"	"market; volatility; COVID; GARCH/HAR; analytical/modeling; target region"	COVID-19's disasters are perilous than Global Financial Crisis: A rumor or fact?	"This investigation employed the Asymmetric Power GARCH model and found that COVID-19 substantially harms the US and Japan's market returns. Moreover, COVID-19 has influenced the variance of the US, Germany, and Italy's stock markets more than the Global Financial Crises (GFC). However, GFC indicated a more significant impact on the financial volatility of the Nikkei 225 index and SSEC than COVID-19. The study confirmed the leverage effect for the S&P 500, Nasdaq Composite Index, DAX 30, Nikkei 225, FTSE MIB, and SSEC. The analysis authenticated that the health crisis that befell due to COVID-19 have imperatively originated the financial crisis globally; however, the Asian markets still make available better prospects for portfolio optimization."	"COVID-19; Global Financial Crises; APGARCH model; Financial markets; Leverage effect"	TIME-SERIES	"Shehzad, K; Liu, XX; Kazouz, H"	FINANCE RESEARCH LETTERS	2020	10.1016/j.frl.2020.101669	1544-6123	Article	Business, Finance	Business & Economics	NQ7FW	wos_screening_readable_A_screened.csv	include
A_screen_first	21	include			"Q1; Q2"	"Q1 analytical/modeling; Q2 GARCH/HAR"	"econometric: GARCH/HAR; analytical/modeling context"	"market; volatility; COVID; GARCH/HAR; analytical/modeling; target region"	Investor attention fluctuation and stock market volatility: Evidence from China	This paper examines the linkage between Chinese stock market volatility and investor attention fluctuation. In Heterogeneous autoregressive (HAR) model, first, we analyzed the linkage between both decomposed and undecomposed stock market realized volatility and investor attention fluctuations across full-sample and two-year moving window sub-samples. Second, we compare the predictive power of four models in short-, medium-, and long-term volatility forecasting. Empirical results show large positive attention fluctuation amplified Chinese stock market volatility after the outbreak of COVID-19, and negative small attention fluctuation significantly stabilized stock market volatility before COVID-19, and the impact dwindled in after COVID-19. The model incorporating decomposed realized volatility and decomposed attention fluctuation performs better in volatility Forecasting. This research underscores a shift in the dynamics between stock market volatility and investor attention fluctuations, and investor attention fluctuation improves the volatility forecasting accuracy of the Chinese stock market.		"MODEL; TALK"	"Yang, TJ; Zhuo, SQ; Yang, YS"	PLOS ONE	2023	10.1371/journal.pone.0293825	1932-6203	Article	Multidisciplinary Sciences	Science & Technology - Other Topics	CI0L9	wos_screening_readable_A_screened.csv	include
A_screen_first	21	exclude			"Q1; Q2"	"Q1 analytical/modeling; Q2 GARCH/HAR"	"econometric: GARCH/HAR; analytical/modeling context"	"market; volatility; COVID; GARCH/HAR; analytical/modeling; target region"	COVID-19 Impact on Stock Markets: A Multiscale Event Analysis Perspective	The existing literature primarily examined the impact of unexpected events on the stock market at a single scale, posing the challenge of a lack of multiscale analysis. This paper investigates the impact of COVID-19 on stock markets (China, the U.S., and Hong Kong) from a multiscale perspective using an improved ensemble empirical mode decomposition (EEMD)-based event analysis method. First, the stock price series is decomposed into several independent intrinsic mode functions (IMFs) and a residue. Second, a novel composition method is proposed to reconstruct the IMFs into three components: high-frequency, low-frequency, and long-term trend. We find that the composition of low-frequency and long-term trend components is dominant, which is used to estimate the strength of COVID-19 impact on the stock markets. In addition, the outbreak of COVID-19 significantly increased the intensity of short-term fluctuations in stock prices. Finally, the high-frequency component is analyzed to capture the volatility spillover effects among the three stock markets by the BEKK(Baba-Engle-Kraft-Kroner)-GARCH model. The results show that before the outbreak, there are two-way volatility spillovers between any two of the three markets. After the outbreak, there is no spillover effect between China and Hong Kong, and Hong Kong has no spillover effect on the U.S. However, volatility in the U.S. market still has a significant spillover effect on the other two markets, implying that a mature market can absorb new information more quickly.	"Stock markets; EEMD; Multiscale event analysis; BEKK-GARCH; C53; C6; C8"	"EMPIRICAL MODE DECOMPOSITION; INTERVENTION ANALYSIS"	"Li, HL; Xu, GL; Huang, Q; Ruan, RB; Zhang, WG"	COMPUTATIONAL ECONOMICS	2024	10.1007/s10614-023-10448-6	0927-7099	Article	"Economics; Management; Mathematics, Interdisciplinary Applications"	"Business & Economics; Mathematics"	MC0E9	wos_screening_readable_A_screened.csv	include
A_screen_first	21	include			"Q1; Q2"	"Q1 analytical/modeling; Q2 GARCH/HAR"	"econometric: GARCH/HAR; analytical/modeling context"	"market; volatility; COVID; GARCH/HAR; analytical/modeling; target region"	Retrospective on the importance of sustainability in investor thinking before and after the COVID-19 syndemic	"Non-Technical Summary The COVID-19 syndemic had a strong impact on financial market volatility. This study compares traditional indices, such as the Standard & Poor's (S&P) 500 and the Euro Stoxx 50, with their sustainable counterparts; the Dow Jones Sustainability World Index (DJSWI); and the EURO STOXX Sustainability Index. The results show that the sustainable indices were more stable and less volatile before and after the crisis, suggesting that investors perceive less risk in sustainable companies. These findings reinforce the importance of considering sustainability in investment decisions, especially in times of uncertainty.Technical Summary With the ever-increasing importance of sustainability, it is a good time for a retrospective on the impact of the COVID-19 polycrisis on stock market volatility through a comparison of traditional indices such as the S&P 500 and the Euro Stoxx 50, with their sustainability counterparts; the DJSWI; and the EURO STOXX Sustainability Index. Using GJR-GARCH and E-GARCH models, the study reveals that sustainability indices exhibited greater stability and lower volatility before and after the syndemic, suggesting a lower risk perception by investors in sustainable companies. The implied volatility analysis confirms this stability, showing a more significant impact on traditional indices. Although all indices experienced greater sensitivity to negative shocks, sustainable indices showed a faster and more consistent recovery. These findings highlight the importance of considering sustainability factors in risk assessment and investment decision-making, especially in times of crisis.Social Media Summary Sustainable indices in Europe and the USA showed lower volatility and faster recovery after COVID-19 polycrisis."	"COVID-19; GARCH; stock markets; sustainability; volatility"	"MILLENNIUM DEVELOPMENT GOALS; VOLATILITY; RETURNS"	"Sanz-Martín, L; Parra-Domínguez, J; Corchado, JM"	GLOBAL SUSTAINABILITY	2025	10.1017/sus.2025.18		Article	"Green & Sustainable Science & Technology; Environmental Sciences; Environmental Studies"	"Science & Technology - Other Topics; Environmental Sciences & Ecology"	6KT7A	wos_screening_readable_A_screened.csv	include
A_screen_first	21	include			"Q1; Q3"	"Q1 analytical/modeling; Q3 AI/ML/DL"	"AI/ML/DL; analytical/modeling context"	"market; volatility; COVID; AI/ML/DL; analytical/modeling; target region"	COVID-19 and stock market volatility: An industry level analysis	COVID-19 has had significant impact on US stock market volatility. This study focuses on understanding the regime change from lower to higher volatility identified with a Markov Switching AR model. Utilizing machine learning feature selection methods, economic indicators are chosen to best explain changes in volatility. Results show that volatility is affected by specific economic indicators and is sensitive to COVID-19 news. Both negative and positive COVID-19 information is significant, though negative news is more impactful, suggesting a negativity bias. Significant increases in total and idiosyncratic risk are observed across all industries, while changes in systematic risk vary across industry.	"COVID-19; Stock market volatility; Industry; Total risk; Idiosyncratic risk; Machine Learning Feature Selection"		"Baek, S; Mohanty, SK; Glambosky, M"	FINANCE RESEARCH LETTERS	2020	10.1016/j.frl.2020.101748	1544-6123	Article	Business, Finance	Business & Economics	PB8DI	wos_screening_readable_A_screened.csv	include
A_screen_first	21	include			"Q1; Q3"	"Q1 analytical/modeling; Q3 AI/ML/DL"	"AI/ML/DL; analytical/modeling context"	"market; volatility; COVID; AI/ML/DL; analytical/modeling; target region"	Machine and deep learning-based stock price prediction during the COVID-19 pandemic: the case of CAC 40 index	PurposeThe goal of this study is to investigate the predictive performance of the machine and deep learning methods in predicting the CAC 40 index and its 40 constituent prices of the French stock market during the COVID-19 pandemic. The study objective in forecasting the CAC 40 index is to analyze if the index and the individual prices will preserve the continuous increase they acquired at the beginning of the administration of vaccination and containment measures or if the negative effect of the pandemic will be reflected in the future.Design/methodology/approachThe authors apply two machine and deep learning methods (KNN and LSTM) and compare their performances to ARIMA time series model. Two scenarios have been considered: optimistic (high values) and pessimistic (low values) and four periods are examined: the period before COVID-19 pandemic, the period during the COVID-19, and the period of vaccination and containment. The last period is divided into two sub-periods: the test period and the prediction period.FindingsThe authors found that the KNN method performed better than LSTM and ARIMA in forecasting the CAC 40 index for both scenarios. The authors also identified that the positive effect of vaccination and containment outweighs the negative effect of the pandemic, and the recovery pattern is not even among major companies in the stock market.Practical implicationsThe study empirical results have valuable practical implications for companies in the stock market to respond to unexpected events such as COVID-19, improve operational efficiency and enhance long-term competitiveness. Companies in the transportation sector should consider additional investment in R&D on communication and information technology, accelerate their digital capabilities, at least in some parts of their businesses, develop plans for lights out factories and supply chains to keep pace with changing times, and even include big data resources. Additionally, they should also use a mix of financing sources and securities in order to diversify their capital structure, and not rely only on equity financing as their share prices are volatile and below the pre-pandemic level. Considering portfolio allocation, the transportation sector was severely affected by the pandemic. This displays that transportation equities fail to be a candidate as a good diversifier during the health crisis. However, the diversification would be worth it while including assets related to the banking and industrial sectors. On another strand, the instability of this period induced an informational asymmetry among investors. This pessimistic mood affected the assets' value and created a state of disequilibrium opening up more opportunities to benefit from potential arbitrage profits.Originality/valueThe impact of COVID-19 on stock markets is significant and affects investor behavior, who suffered amplified losses in a very short period of time. In this regard, correct and well-informed decision-making by investors and other market participants requires careful analysis and accurate prediction of the stock markets during the pandemic. However, few studies have been conducted in this area, and those studies have either concentrated on some specific stock markets or did not apply the powerful machine learning and deep learning techniques such as LSTM and KNN. To the best of our knowledge, no research has been conducted that used these techniques to assess and forecast the CAC 40 French stock market during the pandemic. This study tries to close this gap in the literature.	"CAC 40 index; COVID-19; KNN; LSTM; Machine and deep learning; Stock markets"	"MARKET; REGRESSION"	"Lachaab, M; Omri, A"	EUROMED JOURNAL OF BUSINESS	2024	10.1108/EMJB-05-2022-0104	1450-2194	Article	Business	Business & Economics	M8N8Y	wos_screening_readable_A_screened.csv	include
A_screen_first	21	exclude			"Q1; Q2"	"Q1 analytical/modeling; Q2 GARCH/HAR"	"econometric: GARCH/HAR; analytical/modeling context"	"market; volatility; COVID; GARCH/HAR; analytical/modeling; target region"	Does the COVID-19 outbreak affect dynamic co-movement among the stock markets of China, Japan, and the USA?	The research examines the effect of the COVID-19 outbreak on the dynamic co-movement of the stock markets of China, Japan, and the USA using a VAR model and a DCC-GJR-GARCH model. Especially, this study focuses on during and preceding the COVID period. This study data period extends from 1 January 2016 to 31 April 2022. The results demonstrate that COVID-19's effect increases stock market volatility. Meanwhile, the VAR model revealed that the USA's exogeneity was greater during COVID-19. In addition, the pre-crisis Granger Causality between China-USA and Japan-China is substantially higher than during the crisis. The findings of DCC-GJR-GARCH indicate the presence of volatility clustering in each of the stock markets. Moreover, the results suggest that the time-varying correlations between China and the USA during the pre-COVID period are greater than during the COVID period. The study's findings highlight that investors attempting to increase investment diversification opportunities worldwide should always consider dynamic co-movement in different periods to maximize returns and minimize risk.	"Dynamic co-movement; DCC-GJR-GARCH; stock markets; COVID-19; stock returns"	"GLOBAL FINANCIAL CRISIS; TIME-SERIES; UNIT-ROOT; IMPACT; CONTAGION; LINKAGES"	Li, HY	INTERNATIONAL JOURNAL OF FINANCIAL ENGINEERING	2025	10.1142/S2424786323500639	2424-7863	Article	Business, Finance	Business & Economics	0UO1Y	wos_screening_readable_A_screened.csv	include
A_screen_first	21	exclude			"Q1; Q2"	"Q1 analytical/modeling; Q2 GARCH/HAR"	"econometric: GARCH/HAR; analytical/modeling context"	"market; volatility; COVID; GARCH/HAR; analytical/modeling; target region"	Volatility Modelling of the Johannesburg Stock Exchange All Share Index Using the Family GARCH Model	In numerous domains of finance and economics, modelling and predicting stock market volatility is essential. Predicting stock market volatility is widely used in the management of portfolios, analysis of risk, and determination of option prices. This study is about volatility modelling of the daily Johannesburg Stock Exchange All Share Index (JSE ALSI) stock price data between 1 January 2014 and 29 December 2023. The modelling process incorporated daily log returns derived from the JSE ALSI. The following volatility models were presented for the period: sGARCH(1, 1) and fGARCH(1, 1). The models for volatility were fitted using five unique error distribution assumptions, including Student's t, its skewed version, the generalized error and skewed generalized error distributions, and the generalized hyperbolic distribution. Based on information criteria such as Akaike, Bayesian, and Hannan-Quinn, the ARMA(0, 0)-fGARCH(1, 1) model with a skewed generalized error distribution emerged as the best fit. The chosen model revealed that the JSE ALSI prices are highly persistent with the leverage effect. JSE ALSI price volatility was notably influenced during the COVID-19 pandemic. The forecast over the next 10 days shows a rise in volatility. A comparative study was then carried out with the JSE Top 40 and the S&P500 indices. Comparison of the FTSE/JSE Top 40, S&P 500, and JSE ALLSI return indices over the COVID-19 pandemic indicated higher initial volatility in the FTSE/JSE Top 40 and S&P 500, with the JSE ALLSI following a similar trend later. The S&P 500 showed long-term reliability and high rolling returns in spite of short-run volatility, the FTSE/JSE Top 40 showed more pre-pandemic risk and volatility but reduced levels of rolling volatility after the pandemic, similar in magnitude for each index with low correlations among them. These results provide important insights for risk managers and investors navigating the South African equity market.	"family GARCH; forecasting; standard GARCH; volatility modelling"	BEHAVIOR	"Maingo, I; Ravele, T; Sigauke, C"	FORECASTING	2025	10.3390/forecast7020016		Article	Multidisciplinary Sciences	Science & Technology - Other Topics	4DT8A	wos_screening_readable_A_screened.csv	include
A_screen_first	21	exclude			"Q1; Q2"	"Q1 analytical/modeling; Q2 GARCH/HAR"	"econometric: GARCH/HAR; analytical/modeling context"	"market; volatility; COVID; GARCH/HAR; analytical/modeling; target region"	Chinese stock market volatility and herding behavior asymmetry during the COVID-19 pandemic	The primary purpose of this paper is to explore the herding behavior in the Chinese stock market during COVID-19 and the asymmetry of that behavior using the daily returns of A- and B-shares from 2 January 2019, to 15 October 2021. The study uses the cross-sectional absolute deviation model to analyze stock market herding behavior by non-linear polynomial regression. We show that the herding behavior in the Chinese stock market is more prominent during the COVID-19 pandemic. Herding behavior has a negative effect on stock market volatility. Moreover, such a suppressing effect weakened during the COVID-19 pandemic. There is an asymmetry in herding behavior during the bull and bear markets, which is helpful in our investigation of the market's volatility during the COVID-19 pandemic. The pronounced asymmetry in the herding behavior of the Chinese stock market during COVID-19 is assessed using the E-GARCH (p, q) model. The empirical results of the present study contribute to the literature about herding asymmetry by showing the herding behavior during the health crisis and bull and bear markets. It also helps reconcile the debate about the impact of herding on market stability and provides insightful guidance for investors wishing to invest in the Chinese stock market.	"herding behavior; Chinese stock market; CSAD model; E-GARCH model"	IMPACT	"Fei, F; Zhang, JN"	COGENT ECONOMICS & FINANCE	2023	10.1080/23322039.2023.2203436	2332-2039	Article	Economics	Business & Economics	E1TD0	wos_screening_readable_A_screened.csv	include
A_screen_first	21	exclude			"Q1; Q2"	"Q1 analytical/modeling; Q2 GARCH/HAR"	"econometric: GARCH/HAR; analytical/modeling context"	"market; volatility; COVID; GARCH/HAR; analytical/modeling; target region"	A Comparative Analysis of the Nature of Stock Return Volatility in BRICS and G7 Markets	Through globalization and financial market liberalization, the opening up of markets has increased cross-border investments as investors search for higher risk-adjusted returns. This ability to invest internationally has raised the attention given to emerging markets that offer higher risk-adjusted returns relative to developed markets. However, despite the growing importance of emerging markets, the literature on the nature of volatility in global markets is typified by generalizations of findings from developed markets. To fill this gap, this study comparatively examined the nature of stock return volatility in developed G7 and emerging BRICS markets. Broad market index data and GARCH models over the period 2003:01-2020:08 were employed. The study found evidence of volatility persistence, asymmetry, mean reversion and weak evidence of a risk premium in both emerging and developed markets. There was also evidence of significant differences in the nature of volatility within the two sets of markets. These volatility patterns in both groups cast doubt on the assertion that developed markets are more informationally efficient than emerging markets. Thus, markets in the same group may not always have the same nature of volatility, especially in the wake of structural events such as the COVID-19 global pandemic.	"volatility; persistence; asymmetry; mean reversion; risk-return; BRICS; G7; COVID-19"	"REFERENCE-DEPENDENT PREFERENCES; TRADE-OFF; CONDITIONAL HETEROSKEDASTICITY; TIME-SERIES; UNIT-ROOT; LONG-RUN; RISK; INFORMATION; PERSISTENCE; BEHAVIOR"	"Muguto, L; Muzindutsi, PF"	JOURNAL OF RISK AND FINANCIAL MANAGEMENT	2022	10.3390/jrfm15020085	1911-8066	Article	Business, Finance	Business & Economics	ZU3HR	wos_screening_readable_A_screened.csv	include
A_screen_first	21	include		careful about region	"Q1; Q2"	"Q1 analytical/modeling; Q2 GARCH/HAR"	"econometric: GARCH/HAR; analytical/modeling context"	"market; volatility; COVID; GARCH/HAR; analytical/modeling; target region"	Unleashing the pandemic volatility: A glimpse into the stock market performance of developed economies during COVID-19	"The COVID-19 pandemic has resulted in significant financial losses globally, increasing the volatility of financial assets. Thus, this study models the stock market volatility of developed economies during the COVID-19 pandemic. For this purpose, we used the GJR-GARCH (Albulescu, 2020; Albulescu, 2020) [1,1] econometric model on the daily time series returns data ranging from 01st-July-2019 to 18th-November-2020. The entire dataset was equally divided into two subsets; before COVID-19, and after the COVID-19. The empirical results of this study showed the presence of volatility clustering, leverage effect, and excess kurtosis indicating leptokurtic phenomena in all stock indices returns. In addition to this, it can be noted that compared to before COVID-19, the stock markets showed negative returns, and increased volatility during the COVID19. Hence, based on these findings, this study provides significant insights for global stock market investors and economic policymakers regarding financial portfolio construction particularly during crises times."	"COVID-19; Volatility; Developed markets; Stock indices; GJR-GARCH model"	"RISK; SKEWNESS; RETURN"	"Kayani, UN; Aysan, AF; Khan, M; Khan, M; Mumtaz, R; Irfan, M"	HELIYON	2024	10.1016/j.heliyon.2024.e25202		Article	Multidisciplinary Sciences	Science & Technology - Other Topics	LC2J9	wos_screening_readable_A_screened.csv	include
A_screen_first	21	exclude			"Q1; Q2"	"Q1 analytical/modeling; Q2 GARCH/HAR"	"econometric: GARCH/HAR; analytical/modeling context"	"market; volatility; COVID; GARCH/HAR; analytical/modeling; target region"	Impact of unconventional monetary policy on stock market in selected economies during and post-COVID-19 pandemic	This study investigates the impact and effectiveness of unconventional monetary policy (UMP) interventions, specifically central bank policy announcements and asset purchases programs, across four major advanced economies, namely the United States (US), European Union (EU), United Kingdom (UK), and Japan during and post-COVID-19 pandemic. By utilizing the EGARCH (1,1)-X-MIDAS framework, the model captures both short-run and long-run components of stock market volatility by incorporating mixed-frequency exogenous variables of policy announcement and asset purchases. Covering the period from March 2020 to December 2023, the findings reveal that policy announcements had transient or insignificant effects on volatility, especially as market participants adjusted to well-communicated policy regimes. In contrast, the impact of asset purchases varied by economy and period: the US experienced volatility-dampening effects, while the EU, UK, and Japan exhibited volatility amplification in response to sustained interventions. These effects were found to be state-dependent and time-varying, reflecting differences in institutional credibility, market expectations, and macro-financial conditions. Robustness checks using a GJR-GARCH(1,1)-X-MIDAS model confirm the consistency of results under asymmetric volatility dynamics. Overall, the study provides new empirical evidence on the conditional effectiveness of UMP, highlighting its transmission through the volatility channel rather than mean returns.	"Unconventional monetary policy; Policy announcements; Asset purchases; Stock market volatility; Central banks; COVID-19 pandemic"	"LIQUIDITY; VOLATILITY; VARIANCE; RETURNS; PRICE; RISK"	"Li, YX; Lau, WY; Ng, KH"	ECONOMIC ANALYSIS AND POLICY	2025	10.1016/j.eap.2025.08.023	0313-5926	Article	Economics	Business & Economics	6TE8Z	wos_screening_readable_A_screened.csv	include
A_screen_first	19	exclude			"Q1; Q2"	"Q1 analytical/modeling; Q2 GARCH/HAR"	"econometric: GARCH/HAR; analytical/modeling context"	"market; volatility; COVID; GARCH/HAR; analytical/modeling; target region"	Effect of COVID-19 on risk spillover between fintech and traditional financial industries	"COVID-19 has affected China's financial markets; accordingly, we investigate the effect of COVID-19 on the risk spillover between fintech and traditional financial industries. Using data from April 25, 2012 to April 22, 2022, which we divide into two parts (before and during the COVID-19 periods), we model the dynamic risk spillover relationship following the DCC-GARCH-BEKK and MMV-MFDFA methods. The results show that: (1) The dynamic relationship between fintech and traditional finance is almost positive most of the time, and the dynamic correlations between fintech and realty (real estate development and operation) are the largest. The dynamic linkage between fintech and traditional finance declines after the COVID-19 outbreak. (2) There exists a risk spillover from fintech to every type of bank before and during the COVID-19 periods. Notably, the risk spillover effect of fintech to large state-owned banks and city commercial banks is the largest separately before and during the COVID-19 periods. Meanwhile, there exist a two-way risk spillover between fintech and almost all other traditional financial industries before and during the COVID-19 periods. (3) Owing to the COVID-19 pandemic, the risk spillover relationship, which is in pairs and in the system become more complex. (4) Regarding the whole system, the correlation in the system is anti-persistent most of the time. Moreover, there are large fluctuations and more complex characteristics during the COVID-19 outbreak. However, the whole system was smooth most of the time before the outbreak of the COVID-19 pandemic."	"COVID-19; risk volatility; fintech; traditional finance; MMV-MFDFA"	"INVESTMENT DECISIONS; GARCH"	"Zhou, HY; Li, SP"	FRONTIERS IN PUBLIC HEALTH	2022	10.3389/fpubh.2022.979808		Article	Public, Environmental & Occupational Health	Public, Environmental & Occupational Health	6I3IO	wos_screening_readable_A_screened.csv	include
A_screen_first	19	include			"Q1; Q2"	"Q1 analytical/modeling; Q2 GARCH/HAR"	"econometric: GARCH/HAR; analytical/modeling context"	"market; volatility; COVID; GARCH/HAR; analytical/modeling; target region"	How the effective reproductive number impacts global stock markets	The pandemic caused by the novel coronavirus COVID-19 has impact the economies of countries across the world. In a short period of time, researchers have begun to analyse the effect of the pandemic on global stock markets. Although the most known measurements of COVID-19 are the number of new cases and deaths, there are more robust indicators. In particular, the effective reproductive number is one of the most important indicators to analyse the pandemic which indicates the degree to which the spread is under control. In this paper, we assess the impact that the Effective Reproductive Number (Rt) has on 26 countries around the world (32 stock market indexes) comparing the performance of various forms of Generalized AutoRegressive Conditional Heteroskedasticity models. The results demonstrate that of the 32 stock markets analysed, 37.5% had a negative effect with respect to Rt and only in 12.5% of the cases was the effect of the variation of Rt positive. This implies that in more than a third of the stock markets analysed as the pandemic progressed uncontrolled the result was a decrease in the value of the market index. The 11 of the 26 countries analysed had a negative and significant effect (Brazil, Germany, Indonesia, Israel, Italy, Japan, Russia, South Korea, Sweden, Taiwan, and United States). Findings suggest that the Effective Reproductive Number volatility had a significant impact on 10 of the 26 countries analysed (38.5%) (Australia, Brazil, Canada, China, India, Italy, Mexico, Russia, Singapore and United Kingdom).	"COVID19; effective reproductive number; Garch models; stock markets; volatility"	COVID-19	"Kristjanpoller, W; Michell, K; Minutolo, MC"	INTERNATIONAL JOURNAL OF FINANCE & ECONOMICS	2024	10.1002/ijfe.2772	1076-9307	Article	Business, Finance	Business & Economics	NB9G6	wos_screening_readable_A_screened.csv	include
A_screen_first	19	exclude			"Q1; Q2"	"Q1 analytical/modeling; Q2 GARCH/HAR"	"econometric: GARCH/HAR; analytical/modeling context"	"market; volatility; COVID; GARCH/HAR; analytical/modeling; target region"	Contagion Risk in Equity Markets During Financial Crises and COVID-19: A Comparison of Developed and Emerging Markets	This study compared the impact of the Global Financial Crisis (GFC) and the COVID-19 pandemic on financial market contagion between developed and emerging markets. A DCC-GARCH model was employed to test the contagion effects of developed and emerging markets using weekly returns for the S&P 500 (US), FTSE-100 (UK), ASX 200 (AUS), IBOVESPA (BRA), BSE SENSEX (IND) and BVM IPC (MEX). The results show that there was a persuasive case made for the integration of markets for efficient financial systems. A crisis occurring in one market holds significant repercussions for any of the connected markets. The findings show that the COVID-19 pandemic affected all the markets more severely than the GFC and contagion effects were more pronounced in emerging markets than in developed markets during the GFC and the pandemic. Consequently, policymakers in emerging markets should implement policies that reduce external vulnerabilities and improve their markets' stability to reduce the impact of contagion risk.	"contagion; financial crisis; COVID-19; DCC-GARCH model; internationalization"	"DYNAMIC CONDITIONAL CORRELATION; STOCK-MARKET; VOLATILITY; DCC"	"Muzindutsi, PF; Sheodin, A; Moodley, J; Moodley, K; Naidoo, M; Ramjiyavan, P; Moonsamy, R; Pillay, TA; Dube, F"	SCIENTIFIC ANNALS OF ECONOMICS AND BUSINESS	2022	10.47743/saeb-2022-0026	2501-1960	Article	Economics	Business & Economics	7S8QQ	wos_screening_readable_A_screened.csv	include
A_screen_first	18	include			"Q1; Q2"	"Q1 analytical/modeling; Q2 GARCH/HAR"	"econometric: GARCH/HAR; analytical/modeling context"	"market; volatility; COVID; GARCH/HAR; analytical/modeling; target region"	Covid-19 and stock market liquidity: international evidence	This study analyzes the impact of Covid-19 on stock market liquidity of China and four worst hit countries by the pandemic. Using daily data for the stock market illiquidity spanning over July 1, 2019 to July 10, 2020 and the data for new cases and deaths over the period from December 31, 2019 to July 10, 2020, the results of our GARCH analysis show that liquidity in stock markets of all the sampled countries hit hard by the news of the Covid-19 outbreak. We find that for all sampled countries increase in illiquidity due to temporary shocks reverts to long term trend shortly, suggesting that the liquidity shocks due to the incidence of Covid-19 were short lived. The findings of our VAR analysis show an absence of any short-term relationship between Covid-19 new cases or deaths and illiquidity. Since the series are not integrated at same level, long-term relationship between Covid-19 and stock market illiquidity do not exist as well suggesting no evidence of the effect of Covid-19 on stock market liquidity.	"Covid-19; stock market liquidity; GARCH; VAR; BRIC; G10; G01; I15"	"VOLATILITY SPILLOVERS; RETURN; TIME"	"Umar, M; Rubbaniy, G; Iqbal, A; Rizvi, SKA; Xu, Y"	ECONOMIC RESEARCH-EKONOMSKA ISTRAZIVANJA	2022	10.1080/1331677X.2022.2142257	1331-677X	"Article; Early Access"	Economics	Business & Economics	6F7MA	wos_screening_readable_A_screened.csv	include
A_screen_first	17	include			Q1	Q1 analytical/modeling	"econometric: GARCH/HAR; analytical/modeling context"	"market; volatility; COVID; GARCH/HAR; analytical/modeling; target region"	The impact of COVID-19 shocks on the volatility of stock markets in technologically advanced countries	This study examines the volatility of China and the most advanced countries of the world stock markets due to the pandemic of COVID-19 using the TGARCH model. This research study presents empirical support for the TGARCH specification for explaining the daily time dependence in the rate of information arrival to the market for stocks traded on China stock market. Using the sample containing closing stock market returns from 05 January 2015 to 04 April 2020 of sample countries, we found that through the COVID-19, there is no significant impact of returns volatility coming from advanced countries towards the China stock market. Further, results state that China has a significant impact on explaining the volatility of the most advanced countries of the world (Switzerland, Sweden, Netherlands, and the UK) except the U.S.A. during COVID-19. We found no significant impact of China stock market returns on the U.S.A.'s volatility, but there is a presence of leverage effect during COVID -19.	"Covid-19; stock market volatility; China; most advanced countries; TGARCH"	"FINANCIAL DEVELOPMENT; INFORMATION CRITERIA; PROSPECT-THEORY; EBOLA OUTBREAK; RETURNS"	"Zhang, N; Wang, AQ; Haq, NEE; Nosheen, S"	ECONOMIC RESEARCH-EKONOMSKA ISTRAZIVANJA	2022	10.1080/1331677X.2021.1936112	1331-677X	Article	Economics	Business & Economics	3N9TM	wos_screening_readable_A_screened.csv	include
A_screen_first	17	include			"Q1; Q2"	"Q1 analytical/modeling; Q2 GARCH/HAR"	"econometric: GARCH/HAR; analytical/modeling context"	"market; volatility; COVID; GARCH/HAR; analytical/modeling; target region"	Evidence of Economic Policy Uncertainty and COVID-19 Pandemic on Global Stock Returns	"This paper examines the impact of changes in economic policy uncertainty (EPU) and COVID-19 shock on stock returns. Tests of 16 global stock market indices, using monthly data from January 1990 to August 2021, suggest a negative relation between the stock return and a country's EPU. Evidence suggests that a rise in the U.S. EPU causes not only a decline in a country's stock return, but also a negative spillover effect on the global market; however, we cannot find a comparable negative effect from global EPU to U.S. stocks. Evidence suggests that the COVID-19 pandemic has a negative impact that significantly affects stock return worldwide. This study also finds an indirect COVID-19 impact that runs through a change in domestic EPU and, in turn, affects stock return. Evidence shows significant COVID-19 effects that change relative stock returns between the U.S. and global markets, creating a decoupling phenomenon."	"economic policy uncertainty; COVID-19; equity market volatility; GARCH model; global market; uncertainty premium"	"MARKET RETURNS; CONDITIONAL HETEROSKEDASTICITY; EMPIRICAL-ANALYSIS; DOWNSIDE RISK; LONG-RUN; IMPACT; CONTAGION; US; COUNTRIES; DYNAMICS"	Chiang, TC	JOURNAL OF RISK AND FINANCIAL MANAGEMENT	2022	10.3390/jrfm15010028	1911-8066	Article	Business, Finance	Business & Economics	ZC1IJ	wos_screening_readable_A_screened.csv	include
A_screen_first	17	exclude			Q2	Q2 GARCH/HAR	econometric: GARCH/HAR	"market; volatility; COVID; GARCH/HAR; target region"	Effects of the GFC and COVID-19 on U.S. Financial Indicators: An Integrated Short-Term Econometric Approach	The 2008 Global Financial Crisis (GFC) and the 2020-2021 COVID-19 pandemic disrupted financial markets, causing volatility, liquidity issues, and shifts in investor behavior. This study analyzes the immediate impacts and recoveries of these events, comparing their characteristics and the effectiveness of policy responses. An event study methodology and a GARCH approach are applied. Results show that-in the GFC Crisis-Lehman Brothers bankruptcy has greater negative impact than the first date of subprime mortgages bad news. In the COVID-19 crisis, closures and vaccines announcements has greater impactthan the first COVID-19 case date in US. Also, the GFC Crisis decreased the valuation levels of key financial indicators as equal as the COVID-19, but this last was less volatility pronounced. These results highlight the importance of timely and effective public policy interventions to mitigate the adverse effects of such crises on financial markets.	"GFC-2008; COVID-19; stock markets; abnormal returns; event study; VIX; S&P 500; DJIA"	"MARKETS; STOCK; CRISIS; EVENT"	"Cabrera, JAL; Lopez, DAC; Lombera, DIA"	REVISTA MEXICANA DE ECONOMIA Y FINANZAS NUEVA EPOCA REMEF	2025	10.21919/remef.v20i4.1235		Article	"Business, Finance; Economics"	Business & Economics	R4466	wos_screening_readable_A_screened.csv	include
B_backup	18	exclude			"Q1; Q2"	"Q1 analytical/modeling; Q2 GARCH/HAR"	"econometric: GARCH/HAR; analytical/modeling context"	"market; volatility; COVID; GARCH/HAR; analytical/modeling"	Optimization in volatility estimation for imperfect financial markets: a GARCH modeling analysis	This study aims to enhance the accuracy of volatility estimation in imperfect financial markets, particularly during the COVID-19 pandemic and non-pandemic periods. It also examines the dynamic behavior of volatility, focusing on how market imperfections influence volatility, particularly during periods of crisis like COVID-19. The study investigates the extent to which COVID-19 triggers changes in information content, which, in turn, affects volatility. The research proposes a GARCH-X framework that incorporates various market imperfections as exogenous variables (Model 1), the interaction between COVID-19 and asymmetric information (Model 2), and the degree of imperfection as an exogenous variable (Model 3). A refined contribution of this study is the use of entropy to measure market imperfections and the degree of imperfection. All models yield significant results, signifying that market imperfections influence volatility behavior. An empirical finding nominating that the proposed model is superior to conventional GARCH models in both in-sample and out-of-sample periods.	"Volatility estimation; market imperfections; GARCH modeling; shannon entropy; G10-General; G12-Asset pricing; Trading Volume; Bond Interest Rates; G19-Other; G15-International Financial Markets"	"INFORMATION; RETURNS; RISK"	"Sattar, MA; Shenjunxin; Naeem, M; Zaman, MF; Waseem, M"	JOURNAL OF APPLIED ECONOMICS	2026	10.1080/15140326.2026.2656018	1514-0326	Article	Economics	Business & Economics	GL1BN	wos_screening_readable_B_screened.csv	include
B_backup	18	exclude			"Q1; Q2"	"Q1 analytical/modeling; Q2 GARCH/HAR"	"econometric: GARCH/HAR; analytical/modeling context"	"market; volatility; COVID; GARCH/HAR; analytical/modeling"	The only certainty is uncertainty: An analysis of the impact of COVID-19 uncertainty on regional stock markets	Uncertainty surrounding COVID-19 is widespread. We investigate the timing and quantify the impact of COVID-19 related uncertainty on returns and volatility for regional market aggregates using ARCH/GARCH models. Drawing upon economic psychology, COVID-19 related uncertainty is measured by searches for information as reflected by Google search trends. Asian markets are more resilient than others. Latin American markets are most impacted in terms of returns and volatility. For most regions, there is evidence of an increasing impact of COVID-19 related uncertainty which dissipates as the crisis evolves. We confirm that Google search trends capture uncertainty by comparing this measure against alternative uncertainty measures.	"COVID-19; pandemic; returns; volatility; regions; structural breaks"		"Szczygielski, JJ; Bwanya, PR; Charteris, A; Brzeszczynski, J"	FINANCE RESEARCH LETTERS	2021	10.1016/j.frl.2021.101945	1544-6123	Article	Business, Finance	Business & Economics	XA7OW	wos_screening_readable_B_screened.csv	include
B_backup	18	exclude			"Q1; Q2"	"Q1 analytical/modeling; Q2 GARCH/HAR"	"econometric: GARCH/HAR; analytical/modeling context"	"market; volatility; COVID; GARCH/HAR; analytical/modeling"	Volatility Spillover and Risk Measurement of Southeast Asian Financial Markets	Objective: this study aims to examine volatility transmission in ASEAN-5 financial markets during 2019-2023, covering pre-pandemic, pandemic, and post-pandemic phases, to analyze the impact of COVID-19 and other external factors, such as political crises and geopolitical tensions, on these interconnected markets. Methods: using AR-GARCH and VECM models, the study analyzed aggregated stock index data from the five countries, with a focus on volatility spillovers and value at risk (VaR) levels to assess both short- and long-term interdependencies. Results: the findings reveal substantial volatility transmission among ASEAN-5 markets, indicating significant financial interdependencies that heighten regional risk, especially during periods of global disruption. VaR results further suggest that the Indonesian stock market (JKSE) carries a higher risk profile, reflecting the impact of local economic conditions and regional interconnectivity. Conclusions: the study underscores the need for investors to account for volatility transmission in risk management, especially given the COVID-19 pandemic and geopolitical factors. Strong market interconnectivity within the ASEAN-5 may limit the effectiveness of cross-market diversification, highlighting the importance of regional risk mitigation and coordinated policies.	"volatility spillover; value at risk; GARCH; ASEAN-5 financial market; risk measurement"		"Kesumah, FSD; Azhar, R"	BRAZILIAN ADMINISTRATION REVIEW	2025	10.1590/1807-7692bar2025240148	1807-7692	Article	"Business; Management"	Business & Economics	5CC8G	wos_screening_readable_B_screened.csv	include
B_backup	18	include		methodology	"Q1; Q3"	"Q1 analytical/modeling; Q3 AI/ML/DL"	"AI/ML/DL; analytical/modeling context"	"market; volatility; COVID; AI/ML/DL; analytical/modeling"	Analysis of the performance of predictive models during Covid-19 and the Russian-Ukrainian war	In our paper, we investigate how effectively artificial intelligence can be used to predict stock market trends in the world's leading equity markets over the period 01/01/2010 to 09/16/2022. Covid-19 and the Russian-Ukrainian war have had a strong impact on the capital markets and therefore the study was conducted in a highly volatile environment. The analysis was performed on three time intervals, using two machine learning algorithms of different complexity (decision tree, LSTM) and a parametric statistical model (linear regression). The evaluation of the results obtained was based on mean absolute percentage error (MAPE). In our study, we show that predictive models can perform better than linear regression in the period of high volatility. Another important finding is that the predictive models performed better in the post-Russian-Ukrainian war period than after the outbreak of Covid-19. Stock market price forecasting can play an important role in fundamental and technical analysis, can be incorporated into the decision criteria of algorithmic trading, or can be used on its own to automate trading.	"Covid-19; Russian-Ukrainian war; stock market price forecast; cial intelligence; predictive algorithms"	"HYBRID MODEL; VOLATILITY; DIRECTION; NETWORKS; INDEX; LSTM"	"Vancsura, L; Bareith, T"	PUBLIC FINANCE QUARTERLY-HUNGARY	2023	10.35551/PFQ_2023_2_7	0031-496X	Article	Business, Finance	Business & Economics	P6FB1	wos_screening_readable_B_screened.csv	include
B_backup	18	include			"Q1; Q3"	"Q1 analytical/modeling; Q3 AI/ML/DL"	"AI/ML/DL; analytical/modeling context"	"market; volatility; COVID; AI/ML/DL; analytical/modeling"	Effect of public sentiment on stock market movement prediction during the COVID-19 outbreak	Forecasting the stock market is one of the most difficult undertakings in the financial industry due to its complex, volatile, noisy, and nonparametric character. However, as computer science advances, an intelligent model can help investors and analysts minimize investment risk. Public opinion on social media and other online portals is an important factor in stock market predictions. The COVID-19 pandemic stimulates online activities since individuals are compelled to remain at home, bringing about a massive quantity of public opinion and emotion. This research focuses on stock market movement prediction with public sentiments using the long short-term memory network (LSTM) during the COVID-19 flare-up. Here, seven different sentiment analysis tools, VADER, logistic regression, Loughran-McDonald, Henry, TextBlob, Linear SVC, and Stanford, are used for sentiment analysis on web scraped data from four online sources: stock-related articles headlines, tweets, financial news from Economic Times and Facebook comments. Predictions are made utilizing both feeling scores and authentic stock information for every one of the 28 opinion measures processed. An accuracy of 98.11% is achieved by using linear SVC to calculate sentiment ratings from Facebook comments. Thereafter, the four estimated sentiment scores from each of the seven instruments are integrated with stock data in a step-by-step fashion to determine the overall influence on the stock market. When all four sentiment scores are paired with stock data, the forecast accuracy for five out of seven tools is at its most noteworthy, with linear SVC computed scores assisting stock data to arrive at its most elevated accuracy of 98.32%.	"Web scraping; Sentiment analysis; Stock market prediction; Deep learning"		"Das, N; Sadhukhan, B; Chatterjee, T; Chakrabarti, S"	SOCIAL NETWORK ANALYSIS AND MINING	2022	10.1007/s13278-022-00919-3	1869-5450	Article	Computer Science, Information Systems	Computer Science	3F5LI	wos_screening_readable_B_screened.csv	include
B_backup	18	exclude		overview of policy impact	"Q1; Q2"	"Q1 analytical/modeling; Q2 GARCH/HAR"	"econometric: GARCH/HAR; analytical/modeling context"	"market; volatility; COVID; GARCH/HAR; analytical/modeling"	How to calm down the markets? The effects of COVID-19 economic policy responses on financial market uncertainty	Financial markets during the COVID-19 pandemic are characterized by a prolonged period of increased uncertainty. In this paper, we analyse how the announcements of policy interventions and responses, to buffer short-term economic impact of the pandemic and offset financial turmoil, have affected the level of realized volatility in 23 countries. Under the augmented heterogeneous autoregressive model framework, we show that the international calming effect of COVID-19 economic policy actions originates from the US macroprudential policy announcements.	"Volatility; Market uncertainty; COVID-19; Policy actions; Macroprudential policy"	"VOLATILITY; SELECTION; MODEL"	"Deev, O; Plíhal, T"	RESEARCH IN INTERNATIONAL BUSINESS AND FINANCE	2022	10.1016/j.ribaf.2022.101613	0275-5319	Article	Business, Finance	Business & Economics	5C3UY	wos_screening_readable_B_screened.csv	include
B_backup	16	exclude			"Q1; Q2"	"Q1 analytical/modeling; Q2 GARCH/HAR"	"econometric: GARCH/HAR; analytical/modeling context"	"market; volatility; COVID; GARCH/HAR; analytical/modeling"	Portfolio diversification during the COVID-19 pandemic: Do vaccinations matter?	The COVID-19 vaccine rollout expects to mitigate the severe negative impacts of the pandemic on global financial markets. Our study provides supporting evidence for this expectation. We find robust evidence that vaccinations significantly reduce the cross-country stock volatility connectedness among G7 nations, suggesting that the diversification benefits of an international equity portfolio may be enhanced during the pandemic when vaccinations accelerate. We present two explanations for this result. First, the vaccine deployment improves stock market return and decreases individual stock market volatility. Second, the vaccine rollout helps a country's stock market be more resilient to exogenous shocks. We further demonstrate that a global portfolio using a tactical allocation rule based on the intensity of vaccinations can outperform a buy-and-hold portfolio in terms of risk-adjusted returns.	"COVID-19 vaccinations; Portfolio diversification; Volatility connectedness; Performance evaluation; Multivariate heterogeneous autoregressive model"	"RETURN VOLATILITY; TRADING VOLUME; REALIZED VOLATILITY; SPILLOVERS; MODEL; CONNECTEDNESS; VARIANCE; DYNAMICS; MARKETS; IMPACT"	"Pham, SD; Nguyen, TTT; Do, HX; Vo, XV"	JOURNAL OF FINANCIAL STABILITY	2023	10.1016/j.jfs.2023.101118	1572-3089	Article	"Business, Finance; Economics"	Business & Economics	9J0LO	wos_screening_readable_B_screened.csv	include
B_backup	16	include			"Q1; Q3"	"Q1 analytical/modeling; Q3 AI/ML/DL"	"AI/ML/DL; analytical/modeling context"	"market; volatility; COVID; AI/ML/DL; analytical/modeling"	Revisiting overconfidence in investment decision-making: Further evidence from the U.S. market	Investor overconfidence leads to excessive trading due to positive returns, causing inefficiencies in stock markets. Using a novel methodology, we build on the previous literature by investigating the existence of overconfidence by studying the causal relationship between return and trading volume covering the COVID-19 period. We implement a nonlinear approach to Granger causality based on multilayer feedforward neural networks on daily returns and trading volumes from 2016 to 2021, covering 1424 daily observations of the S & P 500 index. The results provide evidence of overconfidence among investors. Such behavior may be linked to the increase in the number of investors. However, there is a decline in the rate of returns during the study period, implying uncertainty caused by the COVID-19 pandemic.	"Finance; Overconfidence; Granger causality; Artificial neural networks; U; S; stock market"	"STOCK-MARKET; CEO OVERCONFIDENCE; TIME-SERIES; BIAS; PERFORMANCE; VOLATILITY; ESTIMATORS; HYPOTHESIS; VOLUME; PRICE"	"Bouteska, A; Harasheh, M; Abedin, MZ"	RESEARCH IN INTERNATIONAL BUSINESS AND FINANCE	2023	10.1016/j.ribaf.2023.102028	0275-5319	Article	Business, Finance	Business & Economics	P4GY0	wos_screening_readable_B_screened.csv	include
B_backup	16	exclude			"Q1; Q2"	"Q1 analytical/modeling; Q2 GARCH/HAR"	"econometric: GARCH/HAR; analytical/modeling context"	"market; volatility; COVID; GARCH/HAR; analytical/modeling"	Comparison of Systemic Financial Risks in the US before and after the COVID-19 Outbreak-A Copula-GARCH with CES Approach	The analysis and prediction of systemic financial risks in the US during the COVID-19 pandemic is of great significance to the stability of financial markets in the US and even the world. This paper aims to predict the systemic financial risk in the US before and during the COVID-19 pandemic by using copula-GJR-GARCH models with component expected shortfall (CES), and also identify systemically important financial institutions (SIFIs) for the two comparative periods. The empirical results show that the overall systemic financial risk increased after the outbreak of the COVID-19 pandemic, especially in the first half of the year. We predicted four extreme risks that were basically successful in capturing the high risks in the US financial markets. Second, we identified the SIFIs, and depository banks made the greatest contribution to systemic risk from four financial groups. Third, after the outbreak of the epidemic, the share of Broker-Dealer and Other Institutions in the overall systemic risk has apparently increased. Finally, we recommend that the US financial regulators should consider macro-prudential guidance for major financial institutions, and we should pay more attention to Broker-Dealers, thereby improving the financial stability of the US and the global financial markets.	"CES; copula; systemic risk; GARCH; financial crisis"	"CAPITAL SHORTFALL; MONETARY-POLICY; MARKETS; VOLATILITY; RETURN; BANKS"	"Ma, J; Li, XQ; Liu, JX; Cui, JD; Zhang, MZ; Sriboonchitta, S"	AXIOMS	2022	10.3390/axioms11120669		Article	Mathematics, Applied	Mathematics	7F9BT	wos_screening_readable_B_screened.csv	include
C_low_priority	13	exclude			Q1	Q1 analytical/modeling	analytical/modeling context	"market; volatility; COVID; analytical/modeling; target region"	Sentiment analysis of financial news on Bloomberg and its impact on the Euro Stoxx 50	Purpose - In an environment where real-time information flows increasingly shape financial markets, this study investigates the impact of financial news sentiment on the daily returns of the Euro Stoxx 50 index from January 2022 to March 2024. The aim of this study is to examine whether sentiment derived from Bloomberg articles can predict stock returns and how this relationship is conditioned by market volatility and lagged performance. Design/methodology/approach - Sentiment scores were computed using the Loughran-McDonald Lexicon applied to Bloomberg news headlines. These sentiment metrics were matched with daily Euro Stoxx 50 returns and market volatility indicators (VIX). A panel data framework was adopted using both fixed and random effects estimators, with the Hausman test guiding model selection. Additionally, year-by-year ordinary least squares regressions were conducted to capture temporal variation in sentiment effects across the post-COVID period. Findings - The results indicate that financial news sentiment exerted a significant positive influence on Euro Stoxx 50 returns, particularly in periods of heightened market volatility. The predictive power of sentiment appears stronger during uncertain conditions, highlighting the role of investor psychology in shaping short-term market movements. However, the effect is not uniform over time, suggesting it is sensitive to prevailing market conditions. Practical implications - From a managerial perspective, findings carry important implications for corporate communication practices. In fact, the measurable effect of news tone on market valuation underscores the power of language in shaping investor perception. Firms may be tempted to use optimistic wording in press releases or earnings announcements to elicit favorable short-term market reactions, even when underlying fundamentals are unchanged. Originality/value - This study contributes to the growing literature on behavioral finance by offering new evidence on the conditional impact of sentiment on equity returns in a post-pandemic context. It highlights the limitations of traditional asset pricing models in explaining price formation under uncertainty and supports the integration of sentiment analytics into investment decision-making and risk assessment.	"Investor sentiment; Stock market; Market efficiency; Behavioral finance"	"INVESTOR SENTIMENT; TEXTUAL ANALYSIS; PROSPECT-THEORY; SOCIAL MEDIA; MARKET; RETURNS; NOISE; MODEL"	"Vieira, PR; Matos, PV; Shingirayi, BS; Korompli, S"	REVIEW OF ACCOUNTING AND FINANCE	2026	10.1108/RAF-05-2025-0188	1475-7702	Article	Business, Finance	Business & Economics	JA7NP	wos_screening_readable_C_screened.csv	include
C_low_priority	13	exclude			Q1	Q1 analytical/modeling	analytical/modeling context	"market; volatility; COVID; analytical/modeling; target region"	A News Sentiment Index and Its Asymmetric Effect on Market Liquidity for the Chinese Stock Market	This paper measured investor sentiment using the News Sentiment Index (NSI) and examined its asymmetric impact on market liquidity, particularly focusing on how these effects changed during the COVID-19 pandemic in the Chinese stock market. Constructed from comprehensive news data sourced from the Global Database on Events, Location, and Tone (GDELT), the NSI encapsulates the sentiment dynamics relevant to the Chinese stock market. We applied the unit root and cointegration tests with time-varying volatilities, which showed that sentiment follows a random walk with time-varying volatility and is cointegrated (co-moved) with liquidity. While the relationship between sentiment and market liquidity has been extensively studied, the asymmetric effects of sentiment on liquidity have remained largely unexplored. Our study fills this gap by applying the vector error correction model (VECM), which revealed that liquidity's response to sentiment is more pronounced under pessimistic conditions (7.04%) compared to optimistic ones (6.13%). However, this asymmetry appears to have been moderated during the COVID-19 pandemic, indicating a shift in sentiment's influence on liquidity amid heightened uncertainty. By capturing the dynamics of investor sentiment and its asymmetric effects under different market conditions, this study deepens our understanding of investor sentiment and its relationship with liquidity.	"News sentiment; random walk with time-varying volatility; co-movement; market liquidity; asymmetric effect; G10; G14"	"INVESTOR SENTIMENT; TIME-SERIES; RETURNS; COINTEGRATION; VOLATILITY; OPTIMISM; PRICE"	"Wang, ZX; Gao, D; Wang, XY; Wang, SP"	EMERGING MARKETS FINANCE AND TRADE	2025	10.1080/1540496X.2025.2474720	1540-496X	Article	"Business; Economics; International Relations"	"Business & Economics; International Relations"	3DF3P	wos_screening_readable_C_screened.csv	include
C_low_priority	13	exclude			Q1	Q1 analytical/modeling	analytical/modeling context	"market; volatility; COVID; analytical/modeling; target region"	COVID-19 and instability of stock market performance: evidence from the US	"The effect of COVID-19 on stock market performance has important implications for both financial theory and practice. This paper examines the relationship between COVID-19 and the instability of both stock return predictability and price volatility in the U.S over the period January 1st, 2019 to June 30th, 2020 by using the methodologies of Bai and Perron (Econometrica 66:47-78, 1998. https://doi.org/10.2307/2998540; J Appl Econo 18:1-22, 2003. https://doi.org/10.1002/jae.659), Elliot and Muller (Optimal testing general breaking processes in linear time series models. University of California at San Diego Economic Working Paper, 2004), and Xu (J Econ 173:126-142, 2013. https://doi.org/10.1016/j.jeconom.2012.11.001). The results highlight a single break in return predictability and price volatility of both S&P 500 and DJIA. The timing of the break is consistent with the COVID-19 outbreak, or more specifically the stock sellingoffs by the U.S. senate committee members before COVID-19 crashed the market. Furthermore, return predictability and price volatility significantly increased following the derived break. The findings suggest that the pandemic crisis was associated with market inefficiency, creating profitable opportunities for traders and speculators. Furthermore, it also induced income and wealth inequality between market participants with plenty of liquidity at hand and those short of funds."	"COVID-19; Stock returns; Structural breaks; US"	"AUTOCORRELATION; RETURNS; TESTS; HETEROSKEDASTICITY; VOLATILITY; PRICES"	"Hong, H; Bian, ZC; Lee, CC"	FINANCIAL INNOVATION	2021	10.1186/s40854-021-00229-1		Article	"Business, Finance; Social Sciences, Mathematical Methods"	"Business & Economics; Mathematical Methods In Social Sciences"	QM0AI	wos_screening_readable_C_screened.csv	include
C_low_priority	13	exclude			Q1	Q1 analytical/modeling	analytical/modeling context	"market; volatility; COVID; analytical/modeling; target region"	Firm-level business uncertainty and the predictability of the aggregate US stock market volatility during the COVID-19 pandemic	In this paper, we analyze the predictive role of firm-level business expectations and uncertainties derived from a panel survey of U.S. 1750 business executives from 50 states for the realized variance (sum of daily squared log-returns over a month) of the S&P500 index over the monthly period of September 2016 to July 2021. Unlike standard models, our predictive framework adopts a time-varying approach due to the existence of multiple structural breaks in the relationship between volatility and the predictors in the model, which in turn leads to statistically insignificant causal effects in a constant parameter set-up. Our timevarying results suggest that the predictive power of firm-level business uncertainty is concentrated during the early part of the sample associated with the U.S.-China trade war and towards the end of our data coverage in the wake of the outbreak of the COVID-19 pandemic. Since in-sample predictability does not guarantee the same over an out-sample, we also conducted a full-fledged forecasting exercise to show that subjective expectations and uncertainties associated with sales growth rates and employment produce statistically significant predictability gains over January 2020 to July 2021, given an in-sample of September 2016 to December 2019. Our results suggest that subjective measures of business uncertainty at the firm level indeed capture predictive information regarding aggregate stock market uncertainty, which has important implications for investors and economic projections at the policy level.(c) 2023 Board of Trustees of the University of Illinois. Published by Elsevier Inc. All rights reserved.	"S& P500 realized variance; Firm -level expectations and uncertainties; Time -varying predictability"	"STATES; RETURN"	"Demirer, R; Gupta, R; Salisu, AA; van Eyden, R"	QUARTERLY REVIEW OF ECONOMICS AND FINANCE	2023	10.1016/j.qref.2023.02.002	1062-9769	Article	Economics	Business & Economics	9N4DC	wos_screening_readable_C_screened.csv	include
C_low_priority	13	exclude			Q1	Q1 analytical/modeling	analytical/modeling context	"market; volatility; COVID; analytical/modeling; target region"	Impact of coronavirus pandemic on stock index: A polynomial regression with time delay	Motivation: Under contemporary market conditions in China, the stock index has been volatile and highly reflect trends in the coronavirus pandemic, but rare scientific research has been conducted to model the possible nonlinear relations between the two indicators. Added, on the advent that covid-related news in one time period impacts the stock market in another period, time delay can be an equally good predictor of the stock index but rarely investigated. Objectives: To contribute to filling the gaps identified in existing research, this study models relationship between the stock market index and coronavirus pandemic by leveraging volatility in the stock market and covid data through time delay and best degree in a polynomial environment. The resultant optimal time delay and best degree model is used to derive a high-accuracy prediction of stock market index. Novelty: In line with the possible relations, the novelty of this study is that it proposes, validates and implements polynomial regression with time delay to model nonlinear relationship between the stock index and covid. Methods: This study utilizes high-frequency data from January 2020 to the first week of July 2022 to model the nonlinear relationship between the stock index, new covid cases and time delay under polynomial regression environment. Findings: The empirical results show that time delay and new covid cases, when modelled in a polynomial environment with optimal degree and delay, do present better representation of the nonlinear relationship such predictors have with stock index for China. Relative to results from the polynomial regression without delay, the empirical evidence from the model with delay show that an optimal time delay of 17 weeks makes it possible to predict the stock index at high accuracy and record improvements of 16-fold or higher. The representative delay model is used to project for up to 17 weeks for future trends in the stock index. Implication: The implication of the findings herein is that the prowess of the time delay polynomial regression is heavily dependent on instability in covid-related time trends and that researchers and decision-makers should consider modeling to cover for the unsteadiness in coronavirus cases to achieve better results.	"Coronavirus pandemic; High-frequency data; Stock index; Polynomial regression; Time delay; Forecasting"	"MARKET EVIDENCE; COVID-19"	Bowen, D	HELIYON	2024	10.1016/j.heliyon.2024.e28850		Article	Multidisciplinary Sciences	Science & Technology - Other Topics	RJ4J8	wos_screening_readable_C_screened.csv	include
A_screen_first	21	include		possibly weak link to covid 	"Q1; Q3"	"Q1 analytical/modeling; Q3 AI/ML/DL"	"AI/ML/DL; analytical/modeling context"	"market; volatility; COVID; AI/ML/DL; analytical/modeling; target region"	A Comparative Analysis of Traditional and Machine Learning Methods in Forecasting the Stock Markets of China and the US	In the volatile and uncertain financial markets of the post-COVID-19 era, our study conducts a comparative analysis of traditional econometric models-specifically, the AutoRegressive Integrated Moving Average (ARIMA) and Holt's Linear Exponential Smoothing (Holt's LES)-against advanced machine learning techniques, including Support Vector Regression (SVR), Long Short-Term Memory (LSTM) networks, and Gated Recurrent Units (GRU). Focused on the daily stock prices of the S&P 500 and SSE Index, the study utilizes a suite of metrics such as R-squared, RMSE, MAPE, and MAE to evaluate the forecasting accuracy of these methodologies. This approach allows us to explore how each model fares in capturing the complex dynamics of stock market movements in major economies like the U.S. and China amidst ongoing market fluctuations instigated by the pandemic. The findings reveal that while traditional models like ARIMA demonstrate strong predictive accuracy over short-term horizons, LSTM networks excel in capturing complex, non-linear patterns in the data, showcasing superior performance over longer forecast horizons. This nuanced comparison highlights the strengths and limitations of each model, with LSTM emerging as the most effective in navigating the unpredictable dynamics of post-pandemic financial markets. Our results offer crucial insights into optimizing forecasting methodologies for stock price predictions, aiding investors, policymakers, and scholars in making informed decisions amidst ongoing market challenges.	"Machine learning; Holt's LES; SVR; LSTM; GRU"		Jin, SS	INTERNATIONAL JOURNAL OF ADVANCED COMPUTER SCIENCE AND APPLICATIONS	2024		2158-107X	Article	Computer Science, Theory & Methods	Computer Science	G6C3U	wos_screening_readable_A_screened.csv	include
