priority_group	priority_score	manual_decision	exclusion_reason	screening_notes	matched_queries	query_group	method_focus	screening_rationale	title	abstract	author_keywords	keywords_plus	authors	source_title	publication_year	doi	issn	document_type	wos_categories	research_areas	wos_identifier
C_low_priority	13	include			Q1	Q1 analytical/modeling	analytical/modeling context	"market; volatility; COVID; analytical/modeling; target region"	Sentiment analysis of financial news on Bloomberg and its impact on the Euro Stoxx 50	Purpose - In an environment where real-time information flows increasingly shape financial markets, this study investigates the impact of financial news sentiment on the daily returns of the Euro Stoxx 50 index from January 2022 to March 2024. The aim of this study is to examine whether sentiment derived from Bloomberg articles can predict stock returns and how this relationship is conditioned by market volatility and lagged performance. Design/methodology/approach - Sentiment scores were computed using the Loughran-McDonald Lexicon applied to Bloomberg news headlines. These sentiment metrics were matched with daily Euro Stoxx 50 returns and market volatility indicators (VIX). A panel data framework was adopted using both fixed and random effects estimators, with the Hausman test guiding model selection. Additionally, year-by-year ordinary least squares regressions were conducted to capture temporal variation in sentiment effects across the post-COVID period. Findings - The results indicate that financial news sentiment exerted a significant positive influence on Euro Stoxx 50 returns, particularly in periods of heightened market volatility. The predictive power of sentiment appears stronger during uncertain conditions, highlighting the role of investor psychology in shaping short-term market movements. However, the effect is not uniform over time, suggesting it is sensitive to prevailing market conditions. Practical implications - From a managerial perspective, findings carry important implications for corporate communication practices. In fact, the measurable effect of news tone on market valuation underscores the power of language in shaping investor perception. Firms may be tempted to use optimistic wording in press releases or earnings announcements to elicit favorable short-term market reactions, even when underlying fundamentals are unchanged. Originality/value - This study contributes to the growing literature on behavioral finance by offering new evidence on the conditional impact of sentiment on equity returns in a post-pandemic context. It highlights the limitations of traditional asset pricing models in explaining price formation under uncertainty and supports the integration of sentiment analytics into investment decision-making and risk assessment.	"Investor sentiment; Stock market; Market efficiency; Behavioral finance"	"INVESTOR SENTIMENT; TEXTUAL ANALYSIS; PROSPECT-THEORY; SOCIAL MEDIA; MARKET; RETURNS; NOISE; MODEL"	"Vieira, PR; Matos, PV; Shingirayi, BS; Korompli, S"	REVIEW OF ACCOUNTING AND FINANCE	2026	10.1108/RAF-05-2025-0188	1475-7702	Article	Business, Finance	Business & Economics	JA7NP
C_low_priority	13	include			Q1	Q1 analytical/modeling	analytical/modeling context	"market; volatility; COVID; analytical/modeling; target region"	A News Sentiment Index and Its Asymmetric Effect on Market Liquidity for the Chinese Stock Market	This paper measured investor sentiment using the News Sentiment Index (NSI) and examined its asymmetric impact on market liquidity, particularly focusing on how these effects changed during the COVID-19 pandemic in the Chinese stock market. Constructed from comprehensive news data sourced from the Global Database on Events, Location, and Tone (GDELT), the NSI encapsulates the sentiment dynamics relevant to the Chinese stock market. We applied the unit root and cointegration tests with time-varying volatilities, which showed that sentiment follows a random walk with time-varying volatility and is cointegrated (co-moved) with liquidity. While the relationship between sentiment and market liquidity has been extensively studied, the asymmetric effects of sentiment on liquidity have remained largely unexplored. Our study fills this gap by applying the vector error correction model (VECM), which revealed that liquidity's response to sentiment is more pronounced under pessimistic conditions (7.04%) compared to optimistic ones (6.13%). However, this asymmetry appears to have been moderated during the COVID-19 pandemic, indicating a shift in sentiment's influence on liquidity amid heightened uncertainty. By capturing the dynamics of investor sentiment and its asymmetric effects under different market conditions, this study deepens our understanding of investor sentiment and its relationship with liquidity.	"News sentiment; random walk with time-varying volatility; co-movement; market liquidity; asymmetric effect; G10; G14"	"INVESTOR SENTIMENT; TIME-SERIES; RETURNS; COINTEGRATION; VOLATILITY; OPTIMISM; PRICE"	"Wang, ZX; Gao, D; Wang, XY; Wang, SP"	EMERGING MARKETS FINANCE AND TRADE	2025	10.1080/1540496X.2025.2474720	1540-496X	Article	"Business; Economics; International Relations"	"Business & Economics; International Relations"	3DF3P
C_low_priority	13	exclude		unrelated	Q1	Q1 analytical/modeling	analytical/modeling context	"market; volatility; COVID; analytical/modeling; target region"	Spreading the fear: The central role of CBOE VIX in global stock market uncertainty	"Construction of efficient portfolios is reliant on understanding the correlation between assets. If correlations change markedly during times of economic turmoil then investors are exposed to greater risk at the most inopportune time. We examine the linkages between global stock markets using measures of market uncertainty (implied volatility). Using a sample of daily changes in G7 and BRIC implied volatility measures, over a 20-year sample period, we demonstrate that uncertainty in U.S. markets plays a pivotal role in global stock market uncertainty. Fear is spread across markets, as heightened uncertainty in U.S. markets is transmitted across global markets. Conversely, changes in global market uncertainty do not explain changes in U.S. market uncertainty. While there is a clear increase in connectedness during crisis periods, we observe a disparity in the way that inter-dependencies change during the two major economic crises in our sample period; the GFC (2007-2009) and COVID-pandemic (2020). The additional importance of US news largely drives our results during the GFC, while the effect is spread among several countries (particularly within European markets) during COVID."	"Market uncertainty; Implied volatility; VIX; Investor fear; Linkages; COVID"	"VOLATILITY; TRANSMISSION; CONTAGION; LINKAGES"	Smales, LA	GLOBAL FINANCE JOURNAL	2022	10.1016/j.gfj.2021.100679	1044-0283	Article	Business, Finance	Business & Economics	ZJ1XL
C_low_priority	13	exclude		weak covid link	Q1	Q1 analytical/modeling	analytical/modeling context	"market; volatility; COVID; analytical/modeling; target region"	Volatility Connectedness of Chinese Financial Institutions: Evidence from a Frequency Dynamics Perspective	Accurately measuring systemic financial risk and analyzing its sources are important issues. This study focuses on the frequency dynamics of volatility connectedness in Chinese financial institutions using a spectral representation framework of generalized forecast error variance decomposition with the least absolute shrinkage and selection operator vector autoregression. It assesses the volatility connectedness network using complex network analysis techniques. The data are derived from 31 publicly traded Chinese financial institutions between 4 January 2011 and 31 August 2023, encompassing the Chinese stock market crash in 2015 and the COVID-19 pandemic. The frequency dynamics of the volatility connectedness results indicate that long-term connectedness peaks and cross-sectoral connectedness rises during periods of financial instability, especially in the recent bull market (2014-2015) and the 2015 Chinese stock market crash. The volatility connectedness of Chinese financial institutions declined during the COVID-19 pandemic but rose during the post-COVID-19 pandemic period. Network estimation results show that securities triggered the 2015 bull market, whereas banks were the main risk transmitters during the 2015 market crash. These results have important practical implications for supervisory authorities.	"frequency volatility connectedness; Chinese financial institutions; financial regulation; LASSO-VAR; network estimation"	"IMPULSE-RESPONSE ANALYSIS; NETWORK; SPILLOVERS; RETURN"	"Li, YS; Ni, YP; Zheng, HX; Zhou, LY"	SYSTEMS	2023	10.3390/systems11100502		Article	Social Sciences, Interdisciplinary	Social Sciences - Other Topics	W5EJ9
C_low_priority	13	include			Q1	Q1 analytical/modeling	analytical/modeling context	"market; volatility; COVID; analytical/modeling; target region"	COVID-19 and instability of stock market performance: evidence from the US	"The effect of COVID-19 on stock market performance has important implications for both financial theory and practice. This paper examines the relationship between COVID-19 and the instability of both stock return predictability and price volatility in the U.S over the period January 1st, 2019 to June 30th, 2020 by using the methodologies of Bai and Perron (Econometrica 66:47-78, 1998. https://doi.org/10.2307/2998540; J Appl Econo 18:1-22, 2003. https://doi.org/10.1002/jae.659), Elliot and Muller (Optimal testing general breaking processes in linear time series models. University of California at San Diego Economic Working Paper, 2004), and Xu (J Econ 173:126-142, 2013. https://doi.org/10.1016/j.jeconom.2012.11.001). The results highlight a single break in return predictability and price volatility of both S&P 500 and DJIA. The timing of the break is consistent with the COVID-19 outbreak, or more specifically the stock sellingoffs by the U.S. senate committee members before COVID-19 crashed the market. Furthermore, return predictability and price volatility significantly increased following the derived break. The findings suggest that the pandemic crisis was associated with market inefficiency, creating profitable opportunities for traders and speculators. Furthermore, it also induced income and wealth inequality between market participants with plenty of liquidity at hand and those short of funds."	"COVID-19; Stock returns; Structural breaks; US"	"AUTOCORRELATION; RETURNS; TESTS; HETEROSKEDASTICITY; VOLATILITY; PRICES"	"Hong, H; Bian, ZC; Lee, CC"	FINANCIAL INNOVATION	2021	10.1186/s40854-021-00229-1		Article	"Business, Finance; Social Sciences, Mathematical Methods"	"Business & Economics; Mathematical Methods In Social Sciences"	QM0AI
C_low_priority	13	exclude		unrelated	Q1	Q1 analytical/modeling	analytical/modeling context	"market; volatility; COVID; analytical/modeling; target region"	Risk contagion in global REITs markets based on volatility spillover networks	In the context of financial globalization, the issue of risk spillovers between financial markets in different regions of the world has become increasingly important. This paper examines the risk spillover effects among REIT markets in 17 countries and regions in the context of significant crisis events. We first compute the variance decomposition spillover index based on the time-varying parameter method (TVP-VAR model), and then analyze the time-varying risk contagion effects among global REITs markets by examining the network topology over different time periods. We prove that the overall volatility spillover effect in the global REITs market shows a significant increase with the emergence of the epidemic, while there is a more pronounced decrease during Brexit and the US-China trade war. Developed REITs markets, expect the UK, have greater risk spillovers and risk tolerance, and tend to be net spillovers, especially before the outbreak of the pandemic. However, for some developing countries and regions, the risk spillover effect increased significantly after the outbreak of the pandemic.	"REITs; Volatility spillovers; Global epidemic; Complex networks; Risk contagion"	CONNECTEDNESS	"Liu, J; Chen, CQ; Sun, L; Yin, HT; Chang, CP"	RISK MANAGEMENT-AN INTERNATIONAL JOURNAL	2026	10.1057/s41283-026-00193-z	1460-3799	Article	Social Sciences, Interdisciplinary	Social Sciences - Other Topics	DZ9PY
C_low_priority	13	maybe		framework	Q1	Q1 analytical/modeling	analytical/modeling context	"market; volatility; COVID; analytical/modeling; target region"	Using Bell violations as an indicator for financial market crisis	The failure to identify and measure financial risk carries significant social and economic consequences. This paper introduces a novel framework for analyzing financial stress and crises, based on the Bell inequalities, a foundational framework in causal analysis, originally developed in quantum mechanics. Traditional approaches to crisis analysis do not, in general, adequately represent event-based dependencies and the distribution of tail risks inherent in complex financial systems. The proposed approach is underwritten by a generic causal framework, which we think is suitable for financial analysis: we offer an index for financial stress and we explore its value in detecting extreme market co-movements, which may serve as an early crisis warning signal. Our analyses employ a rolling-window approach to analyze financial time series data. We utilize S&P 500 and STOXX Europe 600 stocks and consider three historical crises, namely the 2008 financial crisis, the EU debt crisis and the COVID-19 pandemic, which mark some of the largest downturns of financial markets in the last two decades. The findings demonstrate the framework's ability to align the number of observed Bell inequalities violations with observed peaks in market stress. In particular, the framework shows good performance against CDS spreads as a crisis indicator and is less erratic than the traditional Pearson correlation of price returns. It aligns well with implied equity option volatility as measured by VIX. Overall, we think the present causal framework has promising properties and merits further examination.	"Bell inequalities; Financial crisis; Causal model; Market stress indicatord; Event-based correlation"	INEQUALITY	"Zarifian, A; Gallus, C; Overbeck, L; Pothos, EM; Blasiak, P"	JOURNAL OF FINANCE AND DATA SCIENCE	2025	10.1016/j.jfds.2025.100164		Article	"Business, Finance; Economics"	Business & Economics	EP0UF
C_low_priority	13	exclude			Q1	Q1 analytical/modeling	analytical/modeling context	"market; volatility; COVID; analytical/modeling; target region"	Stock price index prediction based on SSA-BiGRU-GSCV model from the perspective of long memory	PurposeBecause the dynamic characteristics of the stock market are nonlinear, it is unclear whether stock prices can be predicted. This paper aims to explore the predictability of the stock price index from a long-memory perspective. The authors propose hybrid models to predict the next-day closing price index and explore the policy effects behind stock prices. The paper aims to discuss the aforementioned ideas.Design/methodology/approachThe authors found a long memory in the stock price index series using modified R/S and GPH tests, and propose an improved bi-directional gated recurrent units (BiGRU) hybrid network framework to predict the next-day stock price index. The proposed framework integrates (1) A de-noising module-Singular Spectrum Analysis (SSA) algorithm, (2) a predictive module-BiGRU model, and (3) an optimization module-Grid Search Cross-validation (GSCV) algorithm.FindingsThree critical findings are long memory, fit effectiveness and model optimization. There is long memory (predictability) in the stock price index series. The proposed framework yields predictions of optimum fit. Data de-noising and parameter optimization can improve the model fit.Practical implicationsThe empirical data are obtained from the financial data of listed companies in the Wind Financial Terminal. The model can accurately predict stock price index series, guide investors to make reasonable investment decisions, and provide a basis for establishing individual industry stock investment strategies.Social implicationsIf the index series in the stock market exhibits long-memory characteristics, the policy implication is that fractal markets, even in the nonlinear case, allow for a corresponding distribution pattern in the value of portfolio assets. The risk of stock price volatility in various sectors has expanded due to the effects of the COVID-19 pandemic and the R-U conflict on the stock market. Predicting future trends by forecasting stock prices is critical for minimizing financial risk. The ability to mitigate the epidemic's impact and stop losses promptly is relevant to market regulators, companies and other relevant stakeholders.Originality/valueAlthough long memory exists, the stock price index series can be predicted. However, price fluctuations are unstable and chaotic, and traditional mathematical and statistical methods cannot provide precise predictions. The network framework proposed in this paper has robust horizontal connections between units, strong memory capability and stronger generalization ability than traditional network structures. The authors demonstrate significant performance improvements of SSA-BiGRU-GSCV over comparison models on Chinese stocks.	"Stock price index prediction; Long memory; Bi-directional gated recurrent unit; Singular spectrum analysis; Grid search cross-validation"	"VOLATILITY; SPECTRUM"	"Mao, ZL; Wu, C"	KYBERNETES	2024	10.1108/K-02-2023-0286	0368-492X	Article	Computer Science, Cybernetics	Computer Science	U4I0F
C_low_priority	13	include			Q1	Q1 analytical/modeling	analytical/modeling context	"market; volatility; COVID; analytical/modeling; target region"	Firm-level business uncertainty and the predictability of the aggregate US stock market volatility during the COVID-19 pandemic	In this paper, we analyze the predictive role of firm-level business expectations and uncertainties derived from a panel survey of U.S. 1750 business executives from 50 states for the realized variance (sum of daily squared log-returns over a month) of the S&P500 index over the monthly period of September 2016 to July 2021. Unlike standard models, our predictive framework adopts a time-varying approach due to the existence of multiple structural breaks in the relationship between volatility and the predictors in the model, which in turn leads to statistically insignificant causal effects in a constant parameter set-up. Our timevarying results suggest that the predictive power of firm-level business uncertainty is concentrated during the early part of the sample associated with the U.S.-China trade war and towards the end of our data coverage in the wake of the outbreak of the COVID-19 pandemic. Since in-sample predictability does not guarantee the same over an out-sample, we also conducted a full-fledged forecasting exercise to show that subjective expectations and uncertainties associated with sales growth rates and employment produce statistically significant predictability gains over January 2020 to July 2021, given an in-sample of September 2016 to December 2019. Our results suggest that subjective measures of business uncertainty at the firm level indeed capture predictive information regarding aggregate stock market uncertainty, which has important implications for investors and economic projections at the policy level.(c) 2023 Board of Trustees of the University of Illinois. Published by Elsevier Inc. All rights reserved.	"S& P500 realized variance; Firm -level expectations and uncertainties; Time -varying predictability"	"STATES; RETURN"	"Demirer, R; Gupta, R; Salisu, AA; van Eyden, R"	QUARTERLY REVIEW OF ECONOMICS AND FINANCE	2023	10.1016/j.qref.2023.02.002	1062-9769	Article	Economics	Business & Economics	9N4DC
C_low_priority	13	exclude		weak covid link	Q1	Q1 analytical/modeling	analytical/modeling context	"market; volatility; COVID; analytical/modeling; target region"	Network Analysis of Volatility Spillovers Between Environmental, Social, and Governance (ESG) Rating Stocks: Evidence from China	In the globalized economic system, environmental, social, and governance (ESG) factors have emerged as critical dimensions for assessing non-financial performance and ensuring the long-term sustainable development of businesses, influencing corporate behavior, investor expectations, and regulatory landscapes. This article applies the VAR-DY network analysis method to construct a large-scale financial volatility spillover network covering all Chinese stocks. It explores the risk transmission paths among different ESG-rated groups and analyzes the patterns and impacts of risk transmission during extreme market volatility. The study finds that as ESG ratings decrease from AAA to C, the network's average shortest path length and average connectedness strength decreases, indicating that highly rated companies play a central role in the network and maintain their ESG ratings through close connections, positively affecting market stability. However, analyses of the 2015 Chinese stock market crash and the COVID-19 pandemic show a general increase in volatility spillover effects. Notably, the direction of risk spillover in relation to ESG ratings was opposite in these two events, reflecting differences in the underlying drivers of market volatility. This suggests that under extreme market conditions, traditional risk management tools need to be optimized by incorporating ESG factors to better address risk contagion.	"volatility spillover; ESG; VAR-DY; network analysis; topology measure"	"INVESTOR SENTIMENT; MARKET; CONTAGION; CRISIS"	"Tian, M; Li, SH; Cao, XH; Wang, GZ"	MATHEMATICS	2025	10.3390/math13101586		Article	Mathematics	Mathematics	3BN0D
C_low_priority	13	exclude		weak covid link	Q1	Q1 analytical/modeling	analytical/modeling context	"market; volatility; COVID; analytical/modeling; target region"	Contagion among European financial indices, evidence from a quantile VAR approach	The aim of this paper is to analyze the dynamic relationships binding European financial market indices over the decade 2013-2022. In particular, we estimate a quantile VAR to study spillovers in different volatility scenarios using a measure of realised volatility robust to jumps and microstructural noise. Our results reveal that, especially for low quantiles, the degree of implied interconnectedness between the indices is affected negatively by the Brexit and the outbreak of the Russia -Ukraine conflict, while it augments after the Covid-19 pandemic occurrence. We also found that the EU central markets (Belgian, Dutch, French, and German) are important for the stability of the Eurozone system when uncertainty increases. On the other hand, the Italian and Portuguese markets transmit spillovers when volatility is high, whereas when the volatility is moderate or reduced, they absorb spillovers. The role of Scandinavian markets is mixed since the Finnish and Swedish markets are spillover emitters, while the Danish and the Norwegian emit only when the volatility is high. Our empirical analysis provides valuable information to policymakers, practitioners, and financial institutions.	"Volatility spillovers; Realised volatility; Quantile regression; Network analysis; Financial uncertainty"	"IMPULSE-RESPONSE ANALYSIS; VOLATILITY SPILLOVERS; EXCHANGE-RATE; MARKETS; BREXIT; CONNECTEDNESS; RISK; US"	"Palomba, G; Tedeschi, M"	ECONOMIC SYSTEMS	2024	10.1016/j.ecosys.2024.101183	0939-3625	Article	Economics	Business & Economics	XS3V6
C_low_priority	13	exclude		unrelated	Q1	Q1 analytical/modeling	analytical/modeling context	"market; volatility; COVID; analytical/modeling; target region"	Financial Spillover in Emerging Asia: A Tale of Three Crises	By measuring time-varying financial spillovers of five asset classes, we analyze the propagation of shocks originating in the United States and Japan into countries of emerging Asia (EA). We compare the scale and nature of spillovers during the 2008-09 global financial crisis (GFC), the 2013 taper tantrum(TT), and the ongoing COVID-19 pandemic (C-19). Based on the direct and indirect spillovers, the intensity of the spillover effect was largest during C-19 due to its global and multidimensional nature, and the United States was a net transmitter of spillovers particularly in bonds and equity markets. TT was an important episode for EA as it marked the beginning of the region's financial volatility and increased spillovers especially in bonds market. The impulse responses reveal that most spillovers were transmitted rapidly, in a matter of days. In times of recession whereby financial stability is in danger of being affected by spillovers, a concrete financial cooperation remains absent in EA although formal institutions designed to deal with the contagion have been put in place.		VOLATILITY SPILLOVERS	"Azis, IJ; Virananda, IGS; Estiko, FI"	ASIAN ECONOMIC PAPERS	2021	10.1162/asep_a_00806	1535-3516	Article	Economics	Business & Economics	SU8DS
C_low_priority	13	exclude		unrelated	Q1	Q1 analytical/modeling	analytical/modeling context	"market; volatility; COVID; analytical/modeling; target region"	Volatility Spillovers and Market Decoupling: Evidence from BRICS and China's Green Sector	The global economic importance of green tech is rising. Yet the role of the green financial sector in the propagation of volatility is still unclear. Although the existing literature often characterizes green assets as stable, the new risks, particularly US-China trade tensions that target the green sector directly, may uncover potential vulnerabilities. As China's green sector has attained global leadership, its interconnections with other major economies require a closer examination, especially within the BRICS block. Applying the Bayesian VAR with Minnesota Ridge prior and a TVP-VAR model-based connectedness approach on a dataset of 1880 observations spanning from 2016 to 2025, we identified that volatility in China's green sector peaked during the COVID-19 pandemic and resurged in early 2025 amid trade tensions. Uniquely, this study also finds that, despite the intensification of political and economic relations between BRICS members, the interconnectedness of their financial markets has been weakening, suggesting their long-term decoupling and regionalization. From 2016 to 2024, green indices remained historically peripheral, with limited, stable ties to the Nasdaq and SSE. In 2025, short shock-driven transmitter episodes have emerged and indicate an incipient integration rather than a permanent regime change.	"volatility spillovers; sustainable development; BRICS; BVAR; TVP-VAR"	"DYNAMICS; UNION"	"Vukovic, DB; Fefelov, DL; Frömmel, M; Rogova, EM"	RISKS	2025	10.3390/risks13110222		Article	Business, Finance	Business & Economics	G4819
C_low_priority	13	exclude		too specific	Q1	Q1 analytical/modeling	analytical/modeling context	"market; volatility; COVID; analytical/modeling; target region"	The Impact of ESG Ratings on the Systemic Risk of European Blue-Chip Firms	There are diverging results in the literature on whether engaging in ESG related activities increases or decreases the financial and systemic risks of firms. In this study, we explore whether maintaining higher ESG ratings reduces the systemic risks of firms in a stock market context. For this purpose we analyse the systemic risk indicators of the constituent stocks of S&P Europe 350 for the period of January 2016-September 2020, which also partly covers the COVID-19 period. We apply a VAR-MGARCH model to extract the volatilities and correlations of the return shocks of these stocks. Then, we obtain the systemic risk indicators by applying a principle components approach to the estimated volatilities and correlations. Our focus is on the impact of ESG ratings on systemic risk indicators, while we consider network centralities, volatilities and financial performance ratios as control variables. We use fixed effects and OLS methods for our regressions. Our results indicate that (1) the volatility of a stock's returns and its centrality measures in the stock network are the main sources contributing to the systemic risk measure, (2) firms with higher ESG ratings face up to 7.3% less systemic risk contribution and exposure compared to firms with lower ESG ratings and (3) COVID-19 augmented the partial effects of volatility, centrality measures and some financial performance ratios. When considering only the COVID-19 period, we find that social and governance factors have statistically significant impacts on systemic risk.	"systemic risk; network centrality; sustainable; ESG; volatility; principal components; COVID-19"	"CORPORATE SOCIAL-RESPONSIBILITY; NETWORK; MODELS; MARKET; CONNECTEDNESS; PERFORMANCE; US"	"Eratalay, MH; Angel, APC"	JOURNAL OF RISK AND FINANCIAL MANAGEMENT	2022	10.3390/jrfm15040153	1911-8066	Article	Business, Finance	Business & Economics	0R3AX
C_low_priority	13	exclude		unrelated	Q1	Q1 analytical/modeling	analytical/modeling context	"market; volatility; COVID; analytical/modeling; target region"	Performance analysis of metaheuristic and risk-averse optimization techniques for portfolio management under volatile markets	Investment management uses portfolio optimization to strategically allocate financial assets in order to maximize return and minimize risk. In markets characterized by volatility, investors are increasingly keen on finding newer ways that strike a proper balance between risk and returns. This article gives a brief literature review on portfolio optimization techniques for return enhancement and risk minimization with a very selective sample of high-performing stocks from the S&P 500 index. In particular, a combination of technical and fundamental studies was used to pick 51 out of the 98 equities for the sample. To find the best investment strategies with different risk-return profiles, this study examines the application of advanced methodologies such as Bacterial Foraging Optimization (BFO), Fireworks Optimization (FWA), Cat Swarm Optimization (CSO), Bat Optimization, and a mean-Conditional Value at Risk (mean-CVaR). We used transaction costs and out-of-sample validations to ensure that these methods are realistic and that the results hold up under different conditions. The VIX index was used to measure market condition, while CVaR, cumulative returns, volatility, and the Sharpe ratio were used to measure portfolio performance. The mean-CVaR approach emphasizes Conditional Value at Risk with evaluation based on portfolio return, risk, and Sharpe ratio. Results suggest that CSO performed best in balancing between risk and return: it had the highest risk-adjusted return and at the same time a good balance. On the other hand, the mean-CVaR model is especially suitable for prudential investment strategies because it minimizes risk and loss. The article hence contributes to the existing literature by highlighting and comparing rarely used metaheuristic methods of optimization in portfolio optimization. Additionally, CSO and BFO rank among the best for their efficiency and simplicity, allowing asset managers and investors to use them. Results reveal that during market interruptions like the ones caused by COVID-19, the mean-CVaR model behaves consistently. This lends credence to the idea that it could be useful for risk-averse investor education and trial-support portfolios. The study demonstrates intervals in which different optimization strategies are effective, allowing investors to make more prudent and educated decisions.	"Portfolio optimization; Metaheuristic algorithms; Economic indicators; Downside risk; Mean-Variance model; Financial market; Cumulative return analysis"	"TECHNICAL ANALYSIS; MODEL; VARIANCE; SELECTION; PREDICTION; ALGORITHM; MACHINE"	"Jaiswal, R; Srivastava, N; Jha, M; Albahooth, B; Gadekallu, TR"	PEERJ COMPUTER SCIENCE	2026	10.7717/peerj-cs.3499		Article	"Computer Science, Artificial Intelligence; Computer Science, Information Systems; Computer Science, Theory & Methods"	Computer Science	GL2ZW
C_low_priority	13	exclude		weak covid link	Q1	Q1 analytical/modeling	analytical/modeling context	"market; volatility; COVID; analytical/modeling; target region"	Evolution of temporal fluctuation scaling exponent in nonstationary time series using supersymmetric theory of stochastic dynamics	"Temporal fluctuation scaling (TFS) is an emergent property of complex systems that relates the variance (E-32) and the mean (M1) from an empirical data set in the form E-32 similar to M1 alpha TFS, where the dispersion (fluctuation) of the data has been described in terms of E-32. At present, it has been shown that this law of complex systems has different multidisciplinary applications such as characterizing the market rate based on its exponent, explaining the spatial spread of a pandemic or measuring dispersion in a counting process, among others, if it is known how the average value M1 of a representative quantity in a system changes. Then, using the path integral formalism and Parisi-Sourlas method, we propose an extension of path integral formalism to understand the origin of the temporal fluctuation scaling and the evolution of its exponent over time in nonstationary time series. To this end, we first show how the probability of transition between two states of a stochastic variable x(t) can be expressed once it is known its cumulant generating function. Also, we introduce a nonlinear term in a cumulant generating function of the form H(n)(p, t; gamma ) pn to obtain a model where the nth moment of the probability distribution evolves arbitrarily. Subsequently, in order to reproduce the temporal fluctuation scaling, a linear combination of H(n)(p, t; gamma ) with n is an element of {1, 2} is used. Therefore this allows describing how the mean M1(t) and the variance E-32(t) of empirical time series evolve. Thence, an analytical expression is deduced for the evolution of the temporal evolution of the temporal fluctuation scaling exponent alpha TFS(t). Likewise, the validity of the expression found for alpha TFS(t) is verified with a toy model based on white noise. Finally, this approach is verified in two stock indices (Dow Jones and Sao Paulo stock index) and two currencies (GBP-USD and EUR-USD) with daily data. It is found that this approach accurately captures the evolution of the mean and variance of these four financial derivatives after contrasting the results with a coefficient of determination that depends on H(n)(p, t; gamma ). Also, it is shown that the temporal fluctuation scaling exponent is a measure of uncertainty or volatility in financial time series."		"LAW; DISTRIBUTIONS; SYSTEMS; MODEL"	"Abril, FS; Quimbay, CJ"	PHYSICAL REVIEW E	2024	10.1103/PhysRevE.109.024112	2470-0045	Article	"Physics, Fluids & Plasmas; Physics, Mathematical"	Physics	JD7M3
C_low_priority	13	include			Q1	Q1 analytical/modeling	analytical/modeling context	"market; volatility; COVID; analytical/modeling; target region"	Impact of coronavirus pandemic on stock index: A polynomial regression with time delay	Motivation: Under contemporary market conditions in China, the stock index has been volatile and highly reflect trends in the coronavirus pandemic, but rare scientific research has been conducted to model the possible nonlinear relations between the two indicators. Added, on the advent that covid-related news in one time period impacts the stock market in another period, time delay can be an equally good predictor of the stock index but rarely investigated. Objectives: To contribute to filling the gaps identified in existing research, this study models relationship between the stock market index and coronavirus pandemic by leveraging volatility in the stock market and covid data through time delay and best degree in a polynomial environment. The resultant optimal time delay and best degree model is used to derive a high-accuracy prediction of stock market index. Novelty: In line with the possible relations, the novelty of this study is that it proposes, validates and implements polynomial regression with time delay to model nonlinear relationship between the stock index and covid. Methods: This study utilizes high-frequency data from January 2020 to the first week of July 2022 to model the nonlinear relationship between the stock index, new covid cases and time delay under polynomial regression environment. Findings: The empirical results show that time delay and new covid cases, when modelled in a polynomial environment with optimal degree and delay, do present better representation of the nonlinear relationship such predictors have with stock index for China. Relative to results from the polynomial regression without delay, the empirical evidence from the model with delay show that an optimal time delay of 17 weeks makes it possible to predict the stock index at high accuracy and record improvements of 16-fold or higher. The representative delay model is used to project for up to 17 weeks for future trends in the stock index. Implication: The implication of the findings herein is that the prowess of the time delay polynomial regression is heavily dependent on instability in covid-related time trends and that researchers and decision-makers should consider modeling to cover for the unsteadiness in coronavirus cases to achieve better results.	"Coronavirus pandemic; High-frequency data; Stock index; Polynomial regression; Time delay; Forecasting"	"MARKET EVIDENCE; COVID-19"	Bowen, D	HELIYON	2024	10.1016/j.heliyon.2024.e28850		Article	Multidisciplinary Sciences	Science & Technology - Other Topics	RJ4J8
C_low_priority	13	exclude		unrelated	Q1	Q1 analytical/modeling	analytical/modeling context	"market; volatility; COVID; analytical/modeling; target region"	Twitter-based market uncertainty and global stock volatility predictability	This study integrates Twitter-based market uncertainty (TMU) into the predictive framework of daily volatility in twenty international equity markets. The study reveals that TMU has a strong predictive ability for stock volatility from both in- and out-of-sample perspectives. Interestingly, despite Twitter being inaccessible in China, the interconnectedness of global financial markets allows it to indirectly impact China's stock market volatility. The research also highlights that TMU plays a particularly significant role in forecasting stock market volatility during turbulent periods, such as the COVID-19 epidemic. Furthermore, integrating TMU into the volatility prediction framework leads to an improvement in economic value. These findings are essential for policymakers to develop effective market-stabilizing policies and for investors to enhance the management of their investment portfolios.	"Volatility forecast; Uncertainty; Twitter; Out-of-sample; Predictive regression"	"REALIZED VOLATILITY; PERFORMANCE; SAMPLE; TESTS"	"Ma, Y; Li, SB; Zhou, MT"	NORTH AMERICAN JOURNAL OF ECONOMICS AND FINANCE	2025	10.1016/j.najef.2024.102256	1062-9408	Article	"Business, Finance; Economics"	Business & Economics	D9H5B
C_low_priority	13	exclude		vietnam	Q1	Q1 analytical/modeling	analytical/modeling context	"market; volatility; COVID; analytical/modeling; target region"	Assessing Financial Risk Spillover and Panic Impact of Covid-19 on European and Vietnam Stock market	This study examined the influence of tail risks on global financial markets, which aids in better understanding of the emergence of COVID-19. This study looks at the global and Vietnamese stock markets impacted by the COVID-19 pandemic to identify systemic emergencies. Risk dependent value (CoVaR) and Delta link VaR are two important tail-related risk indicators used in Conditional Bivariate Dynamic Correlation (DCC) (CoVaR). The empirical findings demonstrate that when COVID-19's worldwide spread widens, the volatility transmission of systemic risks across the global stock market and multiple exchanges shifts and becomes more relevant over time. At the time of COVID-19, the world industrial market was larger than the Vietnamese stock market, and the Vietnamese stock market posed a lesser danger to the global market. A closer examination of the link between the Vietnam value-at-risk (VaR) range index sample and the world stock index indicates a significant degree of downside risk integration in key monetary systems, particularly during the COVID-19 era. Our study findings may help regulators, politicians, and portfolio risk managers in Vietnam and worldwide during the unique moment of uncertainty created by the COVID-19 epidemic.	"COVID-19; Vietnam and global; Stock; Markets; Systemic; Risk; CoVaR; Delta CoVaR; Connectedness"		"Moslehpour, M; Al-Fadly, A; Ehsanullah, S; Chong, KW; Xuyen, NTM; Tan, LP"	ENVIRONMENTAL SCIENCE AND POLLUTION RESEARCH	2022	10.1007/s11356-021-18170-2	0944-1344	Article	Environmental Sciences	Environmental Sciences & Ecology	0L6YU
C_low_priority	13	maybe		could be too specific	Q1	Q1 analytical/modeling	analytical/modeling context	"market; volatility; COVID; analytical/modeling; target region"	Asymmetric Volatility Connectedness Among G7 Stock Markets	This paper investigates the asymmetries in volatility connectedness among the G7 stock markets. We provide ample evidence for asymmetric volatility connectedness based on daily realized semi -volatility indices obtained from intra-day data. We find that the impact of bad volatility strictly dominates that of good volatility in generating connectedness across financial markets. The global financial crisis, the European debt crisis, and the COVID-19 pandemic have witnessed the most influential episodes of volatility connectedness. We also discuss that the effect of the US stock market on other countries has been caused primarily by bad volatility.	"asymmetric connectedness; realized semi-volatility; G7 stock markets"	"SPILLOVERS; BAD; RETURN"	"Lee, WS; Lee, HS"	ECONOMIC COMPUTATION AND ECONOMIC CYBERNETICS STUDIES AND RESEARCH	2024	10.24818/18423264/58.1.24.06	0424-267X	Article	"Economics; Mathematics, Interdisciplinary Applications"	"Business & Economics; Mathematics"	MZ2V5
C_low_priority	13	maybe		weak method connection	Q1	Q1 analytical/modeling	analytical/modeling context	"market; volatility; COVID; analytical/modeling; target region"	Intraday Volatility Spillovers among European Financial Markets during COVID-19	During crises, stock market volatility generally rises sharply, and as consequence, spillovers are identified across markets. This study estimates the volatility spillover among twelve European stock markets representing all four regions of Europe. The data consists of 10,990 intraday observations from 2 December 2019 to 29 May 2020. Using the methodology of Diebold and Yilmaz, we use static and rolling windows to characterize five-minute volatility spillovers. Our results show that 77.80% of intraday volatility forecast error variance in twelve European markets comes from spillovers. Furthermore, the highest gross directional volatility spillovers are found in Sweden and the Netherlands, while the minimum spillovers to other stock markets are observed in the stock markets of Poland and Ireland. However, German and Dutch markets transmit the highest net directional volatility spillovers. Splitting the whole sample in pre- and post-pandemic declaration (11 March 2020) we find more stable spillovers in the latter. The findings reveal important information about European stock market interdependence during COVID-19, which will be beneficial to both policy-makers and practitioners.	"COVID-19; European Union; high frequency data; spillovers; stock markets"		"Aslam, F; Ferreira, P; Mughal, KS; Bashir, B"	INTERNATIONAL JOURNAL OF FINANCIAL STUDIES	2021	10.3390/ijfs9010005	2227-7072	Article	Business, Finance	Business & Economics	RC9KD
C_low_priority	13	exclude		unrelated	Q1	Q1 analytical/modeling	analytical/modeling context	"market; volatility; COVID; analytical/modeling; target region"	A trans-national comparison of stock market movements and related social media chatter during the COVID-19 pandemic	"The outbreak of the SARS-CoV-2 (COVID-19) pandemic first identified in 2019 has had long-term ramifications across global financial markets. We have seen stock markets across countries falling to historical lows and then recovering back during the pandemic. Prior research has established that human emotions can significantly influence financial markets. In particular, social media discussions or online Word-of-mouth (OWoM) minutely reflect public emotions and opinions associated with global market volatility. In this study, we use a quantitative approach to explore the relationship between discussions in twitter, a popular micro-blogging online platform and stock market performance across different countries, in order to understand the disaster-triggered behavioural responses of common investors across the globe. We analyse the association of national stock-indices, sentiment polarity and discussion subjectivity in Covid-19-related tweets originating in India, US, Italy, UK, Australia, Nigeria and South Africa during February 2020- January 2021 period. Using a combination of multiple analytics methods, our study examines: (i) linear and lagged association between OWoM and market performance; and (ii) heterogeneity in the OWoM-market relationship across the seven countries. Our results show weak but statistically significant correlation between OWoM subjectivity and polarity and stock market returns across countries. Our findings also show differential temporal association of OWoM and market returns across countries. Our study shows stock market connectedness between pairs of countries, some simultaneously varying while others varying with a time lag, and the strength of such connectedness increases during global disasters such as the COVID-19 pandemic."	"Natural language processing; polarity; content subjectivity; market indices; stock return predictability; market performance during disasters"	SENTIMENT	"Chauhan, SS; Srinivasan, K; Sharma, T"	JOURNAL OF BUSINESS ANALYTICS	2023	10.1080/2573234X.2022.2155257	2573-234X	Article	"Computer Science, Information Systems; Operations Research & Management Science"	"Computer Science; Operations Research & Management Science"	CL7Y9
C_low_priority	13	exclude		unrelated	Q1	Q1 analytical/modeling	analytical/modeling context	"market; volatility; COVID; analytical/modeling; target region"	Contagion, interdependence and global crisis: Evidence from equity markets	This paper examines the transmission of shocks between 55 global equity markets over the major crisis episodes, such as the 2007-2009 global financial crisis and the COVID-19 pandemic. Employing a factor model incorporating U.S., global, and domestic market factors, we find five dominant transmission channels: domestic banking sector exposure, banking system default risk, external exposure, domestic market fundamentals, and global equity market volatility. Our results show an increase in market co-movement during crises, largely explained by the U.S. factor, followed by the global factor. Some evidence for non-fundamental contagion is also present in certain markets. Though risk transmission channels differ by region and factor, the findings suggest that external exposures through international banking linkages and financial integration are the major conduits for contagion. Global equity market volatility and current account imbalances also figure prominently as sources of spillovers, particularly within European markets. Overall, our analysis highlights the predominant role of external factors and the strength of domestic macroeconomic fundamentals in determining shock transmission during crises. These results provide important guidance to investors for effective portfolio strategies and policymakers for mitigating contagion risks, highlighting the role of macroeconomic stability and cautious financial integration in minimizing vulnerability during turbulent times.	"Contagion; Interdependence; Risk premia; Equity markets; Crisis transmission"	"FINANCIAL CRISIS; STOCK-MARKET; VOLATILITY; RISK; PURE"	"Urom, C; Abid, I; Guesmi, K; Saadi, S"	JOURNAL OF FINANCIAL STABILITY	2026	10.1016/j.jfs.2026.101508	1572-3089	Article	"Business, Finance; Economics"	Business & Economics	DM1GG
C_low_priority	13	exclude		unrelated	Q1	Q1 analytical/modeling	analytical/modeling context	"market; volatility; COVID; analytical/modeling; target region"	Network measurement and influence mechanism of dynamic risk contagion among global stock markets: Based on time-varying spillover index and complex network method	From a global and dynamic perspective, this paper conducts the network measurement of risk contagion among global stock markets by employing time-varying spillover index and complex network method. Furthermore, this paper investigates the influence mechanism of dynamic risk contagion, combining multiple factors such as financial opening, international trade, and crossborder capital flow. The results show that: (1) There exists a strong risk contagion effect among global stock markets, especially for developed countries, which have obvious time-varying characteristics in both direction and intensity. (2) The risk contagion effect is also highly eventdependent, which shows a rapid upward trend during extreme risk events such as the financial crisis and the COVID-19 epidemic. (3) Different economic and financial development situations lead to different risk contagion effects, and the ranking of countries with stronger risk effects remains at a stable level, which can prompt important risk events. (4) International trade, crossborder capital flow, financial market volatility, investor sentiment, and the US monetary policy are key influence mechanisms of dynamic risk contagion. However, financial opening and economic fundamentals are not statistically significant, which is contrary to our intuition.	"Global stock markets; Dynamic risk contagion; Time-varying spillover index; Complex network method; Influence mechanism"	"FINANCIAL STRESS SPILLOVERS; SYSTEMIC RISK; CONNECTEDNESS; STABILITY; CHANNELS; BANKING"	"Yu, B; Ouyang, HQ; Guan, C; Lin, BZ"	NORTH AMERICAN JOURNAL OF ECONOMICS AND FINANCE	2024	10.1016/j.najef.2024.102258	1062-9408	Article	"Business, Finance; Economics"	Business & Economics	D1P8M
C_low_priority	13	maybe			Q1	Q1 analytical/modeling	analytical/modeling context	"market; volatility; COVID; analytical/modeling; target region"	VOLATILITY SPILLOVER BETWEEN GERMANY, FRANCE, AND CEE STOCK MARKETS	The CEE stock markets are more and more integrated in the European financial markets. The growth of the integration of financial markets favours the volatility and return spillover between them. The current study analyses the volatility spillover among the stock markets in the countries from Central and East Europe (CEE) and Germany and France with the aim to identify the pos-sibilities of reduction of a portfolio risk. A special attention is granted to the analysis during the pandemic caused by COVID-19. The time-varying parameter vector autoregressive (TVP-VAR) model on which is based the methodology proposed by Antonakakis and Gabauer (2017) is used to estimate the evolution in time of volatility spillover. The empirical results obtained for the period January 2001 - September 2021 highlight the increase in volatility spillover between the countries analysed when the pandemic caused by COVID-19 was confirmed. The lack of volatility integration of the markets analysed enables the making of arbitrages in order to reduce the risk of a portfolio. The results obtained are important in the management of financial asset portfolios.	"stock markets; emerging markets; risk; volatility transmission; TVP-VAR; spillover index"	"IMPULSE-RESPONSE ANALYSIS; TIME-SERIES; UNIT-ROOT; TRANSMISSION; RETURN"	"Chirila, V; Chirila, C"	JOURNAL OF BUSINESS ECONOMICS AND MANAGEMENT	2022	10.3846/jbem.2022.18194	1611-1699	Article	"Business; Economics"	Business & Economics	7K3IJ
C_low_priority	13	exclude		unrelated	Q1	Q1 analytical/modeling	analytical/modeling context	"market; volatility; COVID; analytical/modeling; target region"	Emotions, moods and hyperreality: social media and the stock market during the first phase of COVID-19 pandemic	Purpose This paper aims to expand the emerging literature on COVID-19 and the financial markets by searching for a relationship between the uncertainty of the first phase of the COVID-19 pandemic experienced through social media and the extreme volatility of the Italian stock market. Design/methodology/approach The authors analyze the relationship between social media and stock market trends during the first phase of the COVID-19 pandemic through the lens of social theory and Baudrillard's simulacra and hyperreality theory. The authors conducted the data analysis in two phases: the emotional and Granger correlation analysis by using the KPI6 software to analyze 3,275,588 tweets for the predominant emotion on each day and observe its relationship with the stock market. Findings The research results show a significant Granger causality relation between tweets on a particular day and the closing price of the FTSE MIB during the first phase of the COVID-19 epidemic. The results highlight a strong relationship between social media hyperreality and the real world. The study confirms the role of social media in predicting stock market volatility. Research limitations/implications The findings have theoretical and practical implications as they reveal the relevance of social media in our society and its relationship with businesses and economies. In an emergency, social media, as an expression of users' feelings and emotions, can generate a state of hyperreality that is strong correlated with reality. Since social media allows users to publish and share messages without any filter and mediation, the hyperreality generated is affected by highly subjective elements. Originality/value This research is different from the previous ones on the same topic because unlike previous studies, conducted under normal or simulated scenarios, this study is focused on the first phase of an unpredictable and unforeseen emergency event: the COVID-19 pandemic. This research adopts a multidisciplinary approach and integrates previous studies on the economic and financial effects generated by social media by applying well-known theories to a new and unexplored context. The study reveals the significant impact generated by social media on stock markets during a global pandemic.	"Social media; Stock market; Social theory; Baudrillard; Behavioral economics"	"SENTIMENT; TWITTER; REPRESENTATION; IMPACT; NEWS"	"Lazzini, A; Lazzini, S; Balluchi, F; Mazza, M"	ACCOUNTING AUDITING & ACCOUNTABILITY JOURNAL	2022	10.1108/AAAJ-08-2020-4786	0951-3574	Article	Business, Finance	Business & Economics	YB7NH
C_low_priority	13	exclude		unrelated	Q1	Q1 analytical/modeling	analytical/modeling context	"market; volatility; COVID; analytical/modeling; target region"	Combination forecast based on financial stress categories for global equity market volatility: the evidence during the COVID-19 and the global financial crisis periods	The 2008 global financial crisis and the COVID-19 pandemic both decrease economic growth and lead to high uncertainty in global stock markets, and financial stress information is closely linked to financial crises. To improve the predictability of the realized volatility of the global equity indices during crises, we examine the predictive role of the Global Financial Stress Index (GFSI) and its categories. We find that the combination predictions based on GFSI's five incorporated categories and three region-based categories outperform the predictions based on the raw GFSI for most indices. Specifically, the DMSPE combination model with a low discount factor has accurate forecasts for 5- and 22-day-ahead realized volatility, and it also performs better than the equal-weighted and the trimmed mean combination methods. In this study, we present a comprehensive analysis of the predictive role of financial stress information in stock market volatility during crises, and the empirical evidence provides a positive case against the 'forecast combination puzzle'. Our findings are very instructive for policymakers and investors to make their own short-term and long-term plans in crisis.	"Financial stress; forecast combination; global stock markets; COVID-19; global financial crisis"	"SAMPLE; PRICE; LINK"	"Li, Y; Liang, C; Huynh, TLD"	APPLIED ECONOMICS	2024	10.1080/00036846.2023.2211342	0003-6846	Article	Economics	Business & Economics	SX2V8
C_low_priority	13	exclude			Q1	Q1 analytical/modeling	analytical/modeling context	"market; volatility; COVID; analytical/modeling; target region"	Effects of the COVID-19 pandemic on the US stock market and uncertainty: A comparative assessment between the first and second waves	This paper makes the first comparative assessment of the impacts of the first and second waves of the ongoing COVID-19 pandemic for the US stock market and its uncertainty. To this end, we investigate the dynamic conditional correlation and the asymmetric impacts of shocks on the correlation between the US and Chinese stock markets before and during the COVID-19 crisis. Furthermore, we analyze and compare the relationship between the COVID-19 pandemic and US returns and uncertainty during the first and second waves of the pandemic. First, we find that the dynamic correlation approach supports the presence of volatility spillovers (contagion effects) between the two stock markets, especially during the rapid spread phase of COVID-19 in the US. Second, the analysis of news impact correlation surfaces shows that the shocks to the US and Chinese markets have asymmetric effects on the correlation between the two markets. Finally, we find a persistent link between US returns, uncertainty, and the COVID-19 pandemic during the first and second waves of the outbreak. Our results prove that the pandemic has shown harmful consequences for financial markets in general and the US economy in particular.	"COVID-19 pandemic; Comparative assessment; First wave; Second wave; US stock market; Economic uncertainty"		"Yousfi, M; Ben Zaied, Y; Ben Cheikh, N; Ben Lahouel, B; Bouzgarrou, H"	TECHNOLOGICAL FORECASTING AND SOCIAL CHANGE	2021	10.1016/j.techfore.2021.120710	0040-1625	Article	"Business; Regional & Urban Planning"	"Business & Economics; Public Administration"	RJ7IZ
C_low_priority	13	exclude			Q1	Q1 analytical/modeling	analytical/modeling context	"market; volatility; COVID; analytical/modeling; target region"	Assessing systemic risk in financial markets using dynamic topic networks	Systemic risk in financial markets refers to the breakdown of a financial system due to global events, catastrophes, or extreme incidents, leading to huge financial instability and losses. This study proposes a dynamic topic network (DTN) approach that combines topic modelling and network analysis to assess systemic risk in financial markets. We make use of Latent Dirichlet Allocation (LDA) to semantically analyse news articles, and the extracted topics then serve as input to construct topic similarity networks over time. Our results indicate how connected the topics are so that we can correlate any abnormal behaviours with volatility in the financial markets. With the 2015-2016 stock market selloff and COVID-19 as use cases, our results also suggest that the proposed DTN approach can provide an indication of (a) abnormal movement in the Dow Jones Industrial Average and (b) when the market would gradually begin to recover from such an event. From a practical risk management point of view, this analysis can be carried out on a daily basis when new data come in so that we can make use of the calculated metrics to predict real-time systemic risk in financial markets.		"CONNECTEDNESS; COVID-19"	"So, MKP; Mak, ASW; Chu, AMY"	SCIENTIFIC REPORTS	2022	10.1038/s41598-022-06399-x	2045-2322	Article	Multidisciplinary Sciences	Science & Technology - Other Topics	ZC5CC
C_low_priority	13	exclude			Q1	Q1 analytical/modeling	analytical/modeling context	"market; volatility; COVID; analytical/modeling; target region"	An asymmetric spillover between China and Pakistan' stock markets: a comparative analysis before and during COVID-19 crisis	Novel Coronavirus (COVID-19) has prominently exaggerated the stock markets of the world. It has distraught the financial and economic constancy of the globe. The study scrutinized the non-linear behavior of well-known Chinese and Pakistani stock markets, i.e. the Shanghai Composite Index (SSEC) and the Karachi Stock Exchange (KSE-100 index). The analysis utilized the VAR-DCC-MEGARCH model to determine the returns transmission and volatility spillover pattern of these markets during the standard and COVID-19 era. These results inveterate, during normal circumstances, returns generated in the financial markets of Pakistan expressively control the return movements of SSEC. However, control of Chinese stock markets on Pakistan's stock markets in terms of returns remained insignificant. The research evaluated that volatility spillover between the KSE-100 index and SSEC was insignificant during the stable periods. Nonetheless, the statistics of volatility spillovers during the pandemic era confirmed that instability in the SSEC portentously upsurges the uncertainty of the KSE-100 index. Besides, the study reported a significant leverage effect for both markets during the pandemic era. The study revealed that SSEC is the best resort for Pakistani investors to diversify financial risk.	"COVID-19; financial stability; sustainable development; KSE-100 index; Shanghai Composite index; volatility spillover; VAR-DCC-MEGARCH model"		"Shehzad, K; Liu, XX; Kazouz, H; Balsalobre-Lorente, D; Zeraibi, A; Rauf, A"	JOURNAL OF SUSTAINABLE FINANCE & INVESTMENT	2022	10.1080/20430795.2020.1870203	2043-0795	Article	"Business, Finance; Green & Sustainable Science & Technology"	"Business & Economics; Science & Technology - Other Topics"	5E8NQ
C_low_priority	13	exclude			Q1	Q1 analytical/modeling	analytical/modeling context	"market; volatility; COVID; analytical/modeling; target region"	Stock market co-integration and error-correction of global capital markets: a study of ADR issuing Asian countries	The study examines the significance of cross-listing assets as an opportunity to diversify portfolios for retail investors from developing nations as a result of the global financial markets' partial integration. Recently, the global stock markets experienced extreme volatility due to the COVID-19 pandemic. The importance of assessing the extent of interconnectedness across major global stock markets is emphasised by this fact. Investors are inclined to find the most exogenous stock market with the sole objective of maximising wealth through portfolio diversification. The Johansen co-integration test is being used to determine the degree of interdependence between the stock markets of selected countries. Furthermore, the VEC model is applied for examining the effect of one market on another and also shows the speed of adjustment among the stock market indices. The US market shows the better speed of adjustment and has statistical significance throughout the sample period.	"Asian stock market; variance decomposition analysis; VECM; impulse response function; Johansen co-integration test"	"VOLATILITY; COVID-19; CRISIS"	"Keshari, A; Gautam, A"	INTERNATIONAL JOURNAL OF INDIAN CULTURE AND BUSINESS MANAGEMENT	2024	10.1504/IJICBM.2024.136590	1753-0806	Article	Business	Business & Economics	HP3O5
C_low_priority	13	exclude			Q1	Q1 analytical/modeling	analytical/modeling context	"market; volatility; COVID; analytical/modeling; target region"	Stock Market Volatility Spillovers in G7 and BRIC	With the global integration development, the linkage between countries is strengthened in the dynamic spillover effects between BRIC and G7 from 2009 to 2020. We find that G7 is the exporter of risk, and BRIC is the receiver of the risk. We build the spillover model from the DAG-SVAR model. In the static spillover analysis, the net spillover of G7 is higher than that of BRIC. In the dynamic spillover analysis, the total systemic spillover is highly consistent with the world's risk events. We also consider the directional spillover between G7 and BRIC, and find the volatility spillover of G7 to other markets is higher than that of BRIC. Furthermore, we use the European Debt Crisis, the China-US Trade War, and the Covid-19 Pandemic to study the spillover network's dynamic evolution. We find that the global financial market's spillover network is enhanced, and the volatility net spillover increased rapidly after the corresponding events. Specifically, after the Wuhan lockdown, China's net spillover increased sharply to 264%, ranked first globally, and the net volatility spillover connectedness increased substantially after the Covid-19 Pandemic.	"Volatility spillover; stock market; BRIC; DAG-SVAR"		"Zhang, P; Sha, YZ; Xu, YF"	EMERGING MARKETS FINANCE AND TRADE	2021	10.1080/1540496X.2021.1908256	1540-496X	Article	"Business; Economics; International Relations"	"Business & Economics; International Relations"	SJ8JW
C_low_priority	13	exclude			Q1	Q1 analytical/modeling	analytical/modeling context	"market; volatility; COVID; analytical/modeling; target region"	Return and volatility connectedness and net directional patterns in spillover transmissions: East and Southeast Asian equity markets	In this article, we investigate the pattern and dynamics of return and volatility connectedness across East and Southeast Asian markets (referred to as the ASEAN5 + 5 group) by utilizing forecast-error variance decompositions in a generalized VAR framework in conjunction with the Bai-Perron procedure to control for structural breaks. Our analysis of the dynamics of return spillovers in static and time-varying settings identifies that the stock markets of Singapore, Hong Kong and South Korea act as constant and largest net transmitters of shocks throughout the period from January 2003 to July 2021. The Chinese stock market is found to have the lowest return connectedness with other regional markets, which could be due to the local foreign ownership regulations. Visualization of the net pairwise return spillover network shows that Singapore is the sole net transmitter of shocks to all other markets in the ASEAN5 + 5 group, whereas, China, despite its market size is the sole net recipient. Two other markets in the regional group are identified as the net receivers, Japan and the Philippines, with the former becoming a net recipient from 2007. Our analysis of structural breaks shows that return spillovers across the markets intensify during periods of economic turmoil, financial shocks and the health crisis (COVID-19), however, return to the pre-shock levels during stable market periods. Further analysis of time-varying patterns revealed that the dynamic connectedness across the region is not symmetrical and the influence of negative returns is more pronounced. The investigation of volatility spillovers shows no substantial differences. The stock markets generally retain their roles. Importantly, the time-varying volatility connectedness exhibits similar patterns and tends to reach peak levels during turbulent episodes.	"Asian markets; contagion; COVID-19; directional return spillovers; financial crisis; market integration; market linkage; return connectedness; vector autoregression"	"IMPULSE-RESPONSE ANALYSIS; STOCK MARKETS; FINANCIAL CRISIS; CHINA; RISK; US; CONTAGION"	"Mateus, C; Bagirov, M; Mateus, I"	INTERNATIONAL REVIEW OF FINANCE	2024	10.1111/irfi.12435	1369-412X	Article	Business, Finance	Business & Economics	JS5Q0
C_low_priority	13	exclude			Q1	Q1 analytical/modeling	analytical/modeling context	"market; volatility; COVID; analytical/modeling; target region"	Effects of the first wave of COVID-19 pandemic on implied stock market volatility: International evidence using a google trend measure	This paper investigates the relationship between investors' attention, as measured by Google search queries, and equity implied volatility during the COVID-19 outbreak. Recent studies show that search investors' behavior data is an extremely abundant repository of predictive data, and investor-limited attention increases when the uncertainty level is high. Our study using data from thirteen countries across the globe during the first wave of the COVID-19 pandemic (January-April 2020) examines whether the search topic and terms for the pandemic affect market participants' expectations about future realized volatility. With the panic and uncertainty about COVID-19, our empirical findings show that increased internet searches during the pandemic caused the information to flow into the financial markets at a faster rate and thus resulting in higher implied volatility directly and via the stock return-risk relation. More specifically for the latter, the leverage effect in the VIX becomes stronger as Google search queries intensify. Both the direct and indirect effects on implied volatility, highlight a risk-aversion channel that operates during the pandemic. We also find that these effects are stronger in Europe than in the rest of the world. Moreover, in a panel vector autoregression framework, we show that a positive shock on stock returns may soothe COVID-related Google searches in Europe. Our findings suggest that Google-based attention to COVID-19 leads to elevated risk aversion in stock markets.	"COVID-19 pandemic; Google trends; Implied volatility; Stock returns; Panel analysis"	"INVESTOR ATTENTION; MONETARY-POLICY; SEARCH; RISK; SENTIMENT; RETURNS; IMPACT; MEDIA; US"	"Papadamou, S; Fassas, AP; Kenourgios, D; Dimitriou, D"	JOURNAL OF ECONOMIC ASYMMETRIES	2023	10.1016/j.jeca.2023.e00317	1703-4949	Article	Economics	Business & Economics	M3402
C_low_priority	13	exclude			Q1	Q1 analytical/modeling	analytical/modeling context	"market; volatility; COVID; analytical/modeling; target region"	The implications of non-synchronous trading in G-7 financial markets	We investigate the effects of non-synchronous trading on volatility spillover for the G-7 equity markets during the Eurozone sovereign debt crisis (ESDC) and the Covid-19 pandemic crisis. For data synchronisation we utilise M Alpha(1) adjusted return series to estimate the Baba-Engle-Kraft-Kroner (BEKK) and the dynamic conditional correlation (DCC) models. We also consider the use of realised kernels as explanatory variables in the variance equation. In this set up, the contagion effects during crises periods are more perceptible, as the spikes are easier to interpret. We also check the robustness of our main results by applying, wavelet coherence analysis to G-7 major equity indices with realised kernels, as well as local Gaussian correlations (LGC). Our findings suggest the empirical significance of the synchronisation effects for the US and the other G-7 equity markets. We also conclude that realised kernels is an effective tool for mitigating non-synchronous effects. These results underline the significance of quantifying the synchronisation effects in equity markets as well as international portfolio diversification strategies.	"dynamic conditional correlation; local gaussian correlation; realised kernels; synchronisation effect; volatility spillover; wavelet coherence analysis"	"LOCAL GAUSSIAN CORRELATION; VOLATILITY; DYNAMICS; MODEL"	"Dimitriou, D; Kenourgios, D; Simos, T; Tsioutsios, A"	INTERNATIONAL JOURNAL OF FINANCE & ECONOMICS	2025	10.1002/ijfe.2936	1076-9307	Article	Business, Finance	Business & Economics	R4H4A
C_low_priority	13	exclude			Q1	Q1 analytical/modeling	analytical/modeling context	"market; volatility; COVID; analytical/modeling; target region"	Comparing the impact of Chinese and US economic policy uncertainty on the volatility of major global stock markets	This study compares the impact of Chinese and U.S. economic policy uncertainty (EPU) (proxied by the EPU index) on the volatility of 11 major stock markets. Unlike previous research that only utilizes monthly EPU for such a comparison, this study uses both daily and monthly data to examine the impact within a month as well as over months. In order to provide a detailed analysis, EPU shocks are investigated from a two-sided viewpoint: one considering the effects of EPU indices as exogenous shocks, and the other examining the spillovers from EPU indices as endogenous variables. Meanwhile, the role of global turmoil, such as the 2007-2008 global financial crisis (GFC) and the COVID-19 pandemic, in influencing the impact of Chinese (or U.S.) EPU is highlighted. The results show that the impact of U.S. EPU is reinforced at both daily and monthly frequencies during the GFC, with a greater effect on the European stock markets. After the GFC, the rising influence of Chinese EPU is observed at a monthly frequency in several markets in Asia and elsewhere. Overall, the dynamic spillovers from the EPU indices to stock volatility suggest the dominant role of U.S. EPU in most markets at a daily frequency, while the extent of the spillovers is driven by turbulent events, including the GFC and the COVID-19 pandemic.	"Economic policy uncertainty; Spillovers; Global financial crisis; Stock market volatility; COVID-19 pandemic"	"IMPULSE-RESPONSE ANALYSIS; HONG-KONG; INFORMATION-TRANSMISSION; EQUITY MARKETS; SPILLOVERS; RISK; RETURNS; DETERMINANTS; INTEGRATION; LEADERSHIP"	"Shi, YJ; Wang, LM"	GLOBAL FINANCE JOURNAL	2023	10.1016/j.gfj.2023.100860	1044-0283	Article	Business, Finance	Business & Economics	Q2SR4
C_low_priority	13	exclude			Q1	Q1 analytical/modeling	analytical/modeling context	"market; volatility; COVID; analytical/modeling; target region"	Contagion or interdependence? Evidence from Asian emerging stock markets in times of COVID-19 pandemic	This study examines the presence of contagion effect along with interdependency between the stock markets of Asian emerging economies like China, India, South Korea, Indonesia, Hong Kong, and Thailand that are caused due to COVID-19 pandemic. The study employs an adjusted correlation coefficient along with the DCC-MGARCH model to capture the contagion effect or interdependency between Shanghai Composite and other select stock markets. Mild enhancement of short-run volatility (DCC alpha 1) is found to be significant under the DCC framework during COVID-19 period only, although long-run volatility is insignificant in both periods. Contagion effect can be slightly traced in BSE Sensex, KOSPI, and SET 100 while market co-movement remains same for Hang Seng and JKSE Composite and thus they are interdependent with Shanghai Composite. Interestingly, adjusted correlation coefficients between Shanghai Composite and other stock markets increased substantially during COVID-19 period indicating the presence of high contagion effect amongst the markets.	"COVID-19; stock markets; Asian economies; DCC-MGARCH model; contagion"	"FINANCIAL CRISIS; EUROZONE CRISIS; DCC; INTEGRATION"	"Bagchi, B; Ghosh, R; Kanrar, A"	GLOBAL BUSINESS AND ECONOMICS REVIEW	2023	10.1504/GBER.2023.128855	1097-4954	Article	"Business; Economics"	Business & Economics	6HP3W
C_low_priority	13	exclude			Q1	Q1 analytical/modeling	analytical/modeling context	"market; volatility; COVID; analytical/modeling; target region"	Dynamics lead-lag relationship of jumps among Chinese stock index and futures market during the Covid-19 epidemic	This paper introduces thermal optimal path method to investigate the dynamics lead-lag relationship of jumps among Chinese stock index and futures market under the background of the Covid-19 epidemic. Based on three representative stock indexes and their index futures in China, we find the lead-lag structure changes significantly before and after the outbreak of COVID-19. Before the epidemic, there is mutual effect between different markets jumps. However, CSI 300 futures and SSE 50 futures significantly lead other markets for the after-epidemic period. For the volatility forecasting based on cross-market jumps, the lagged jumps of CSI 300 and SSE 50 index futures have significantly impacts on the volatility forecast of other markets.	"Jumps; Thermal optimal path; Dynamics lead-lag relationship; Covid-19 epidemic; Stock index and futures"	"2 TIME-SERIES; NONPARAMETRIC DETERMINATION; VOLATILITY SPILLOVERS; PRICES; RETURN; SPOT"	"Liu, WW; Gui, YM; Qiao, GX"	RESEARCH IN INTERNATIONAL BUSINESS AND FINANCE	2022	10.1016/j.ribaf.2022.101669	0275-5319	Article	Business, Finance	Business & Economics	1U5EI
C_low_priority	13	exclude			Q1	Q1 analytical/modeling	analytical/modeling context	"market; volatility; COVID; analytical/modeling; target region"	Stock Market Response to Quantitative Easing: Evidence from the Novel Rolling Windows Nonparametric Causality-in-Quantiles Approach	"The US Federal Reserve has been using quantitative easing as an unconventional monetary policy tool for providing liquidity and credit-market facilities to banks, and undertaking large-scale asset purchases in periods of crisis. This study carefully examines whether the US stock market has been responsive to the use of quantitative easing over time. A major contribution of this study to the extant literature is the introduction of the novel rolling windows nonparametric causality-in-quantiles approach to studying the reaction of the stock market to quantitative easing. This approach provides a means of investigating the time-varying causality between the variables across quantiles. The standard nonparametric causality-in-quantiles test results show that stock market performance is significantly predicted by quantitative easing, except at very low and very high levels of stock returns (volatility). The rolling windows nonparametric causality-in-quantiles test results indicate that the causal effect of quantitative easing on stock market volatility and returns becomes pronounced during periods of crisis. The reactions are most significant in periods corresponding to the Asian financial crisis, the global financial crisis and the COVID-19 pandemic outbreak. Overall, the causal effect of quantitative easing on both stock market returns and volatility changes through time; the effect on stock market returns is also greater than on stock market volatility."	"Quantitative easing; Stock market; Rolling windows; Nonparametric causality-in-quantiles; USA"	"MONETARY-POLICY; TIME-SERIES; TRANSMISSION CHANNELS; UNITED-STATES; US; BANK; UK; IMPACT; RETURNS; JAPAN"	"Olasehinde-Williams, G; Olanipekun, I; Özkan, O"	COMPUTATIONAL ECONOMICS	2024	10.1007/s10614-023-10450-y	0927-7099	Article	"Economics; Management; Mathematics, Interdisciplinary Applications"	"Business & Economics; Mathematics"	G2O2U
C_low_priority	13	exclude			Q1	Q1 analytical/modeling	analytical/modeling context	"market; volatility; COVID; analytical/modeling; target region"	Network Granger Causality Linkages in Nigeria and Developed Stock Markets: Bayesian Graphical Analysis	This study investigates the interdependent structure between Nigeria and developed stock market using directed acyclic graph with Bayesian estimation techniques for the period of March 11, 2020 to July 31, 2021. The dynamic Granger causal test of both the contemporaneous and autoregressive estimation were done using the Markov Chain Monte Carlo (MCMC) simulation method with Metropolis-Hasting (MH) sampling technique. The graphical structure of the instantaneous and autoregressive results shows returns correlation for Nigeria's stock market and both China and India's stock market while absence of return correlation are found for both US and UK stock market. The result implies that Nigeria's stock market has potential diversification benefit for the US and UK investors during pandemic crises. In addition, US stock market returns is found to depend on China stock market returns while volatility spill over runs from the US stock market to China's stock market. Last, UK stock market tends to depend on India's stock market. The implication of the study is that Nigeria's stock market is integrated with China and India's stock market while China's stock market is linked to the US stock market such that any financial shock from the lead stock markets is transmitted to the lagged stock markets.	"Returns; Spillover; Bayesian graphical network; Nigeria; Developed market; COVID-19"	"TIME-SERIES; CONTAGION; US; VOLATILITY; SPILLOVER; MODELS; SHOCKS; INTERDEPENDENCE; CHINA; UK"	"Olayungbo, DO; Al-Faryan, MAS; Zhuparova, A"	JOURNAL OF AFRICAN BUSINESS	2024	10.1080/15228916.2023.2172990	1522-8916	Article	Business	Business & Economics	XJ0Z5
C_low_priority	13	exclude			Q1	Q1 analytical/modeling	analytical/modeling context	"market; volatility; COVID; analytical/modeling; target region"	Feverish sentiment and global equity markets during the COVID-19 pandemic	This paper proposes a new approach to estimating investor sentiments and their implications for the global financial markets. Contextualising the COVID-19 pandemic, we draw on the six behavioural indicators (media coverage, fake news, panic, sentiment, media hype and infodemic) of the 17 largest economies and data from 1 st January 2020 to 3 rd February 2021. Our key findings, obtained using a time-varying parameter-vector auto-regression (TVP-VAR) model, indicate the total and net connectedness for the new index, entitled 'feverish sentiment'. This index provides us insight into economies that send or receive the sentiment shocks. The construction of the network structures indicates that the United Kingdom, China, the United States and Germany became the epicentres of the sentimental shocks that were transmitted to other economies. Furthermore, we also explore the predictive power of the newly constructed index on stock returns and volatility. It turns out that investor sentiment positively (negatively) predicts the stock volatility (return) at the onset of COVID-19. This is the first study of its kind to assess international feverish sentiments by proposing a novel approach and its impacts on the equity market. Based on empirical findings, the study also offers some policy directions to mitigate the fear and panic during the pandemic. (c) 2021 Elsevier B.V. All rights reserved.	"COVID-19; Investor sentiment; Feverish sentiment index; Equity indices"	"IMPULSE-RESPONSE ANALYSIS; INVESTOR SENTIMENT; MEDIA COVERAGE; CROSS-SECTION; RISK; VOLATILITY; EMOTIONS; RETURN; SEASONALITIES; ENDOGENEITY"	"Huynh, TLD; Foglia, M; Nasir, MA; Angelini, E"	JOURNAL OF ECONOMIC BEHAVIOR & ORGANIZATION	2021	10.1016/j.jebo.2021.06.016	0167-2681	Article	Economics	Business & Economics	TZ5YT
C_low_priority	13	exclude			Q1	Q1 analytical/modeling	analytical/modeling context	"market; volatility; COVID; analytical/modeling; target region"	Volatility Spillovers Among the Three Places Across the Taiwan Strait: Evidence from a BEKK-CARR Approach	This study introduces a new BEKK-CARR model to explore the volatility spillover effects among mainland China, Hong Kong, and Taiwan stock markets during the COVID-19 pandemic. We also extend the approach of Diebold and Yilmaz (2009, 2012) to infer a brand-new volatility spillover index to discuss the bi-directional volatility transmission. Our results show that the trading information flow among these three markets has changed significantly as a result of the COVID-19 pandemic. The strength of volatility spillover is increasing during this momentous period. The Hong Kong stock market plays a pivotal role in volatility transmission. The values for half-lives by exogenous shocks keep relatively low during the pandemic period. A reasonable explanation is that the trading information transmissions among stock markets are quicker than in the non-pandemic period.	"BEKK-CARR model; Volatility spillover index; Impulse response; COVID-19; Greater China area; G10; G11; G15"	"STOCK MARKETS; COVID-19"	"Wu, CC; Xu, W"	ASIA-PACIFIC JOURNAL OF FINANCIAL STUDIES	2022	10.1111/ajfs.12405	2041-9945	Article	Business, Finance	Business & Economics	9K9CD
C_low_priority	13	exclude			Q1	Q1 analytical/modeling	analytical/modeling context	"market; volatility; COVID; analytical/modeling; target region"	A Hybrid Particle Swarm Optimization to Forecast Implied Volatility Risk	"The application of optimization methods to prediction issues is a continually exploring field. In line with this, this paper investigates the connectedness between the infected cases of COVID-19 and US fear index from a forecasting perspective. The complex characteristics of implied volatility risk index such as non-linearity structure, time-varying and nonstationarity motivate us to apply a nonlinear polynomial Hammerstein model with known structure and unknown parameters. We use the Hybrid Particle Swarm Optimization (HPSO) tool to identify the model parameters of nonlinear polynomial Hammerstein model. Findings indicate that, following a nonlinear polynomial behaviour cascaded to an autoregressive with exogenous input (ARX) behaviour, the fear index in US financial market is significantly affected by COVID-19-infected cases in the US, COVID-19-infected cases in the world and COVID-19-infected cases in China, respectively. Statistical performance indicators provided by the developed models show that COVID19-infected cases in the US are particularly powerful in predicting the Cboe volatility index compared to COVID-19-infected cases in the world and China (MAPE (2.1013%); R2 (91.78%) and RMSE (0.6363 percentage points)). The proposed approaches have also shown good convergence characteristics and accurate fits of the data."	"Forecasting; Cboe?s volatility index; COVID-19 pandemic; nonlinear polynomial hammerstein model; hybrid particle swarm optimization"	"STOCK-MARKET CONTAGION; FINANCIAL CRISIS; IDENTIFICATION; MODELS; IMPACT"	"Tissaoui, K; Boubaker, S; Alghassab, WS; Zaghdoudi, T; Azibi, J"	CMC-COMPUTERS MATERIALS & CONTINUA	2022	10.32604/cmc.2022.028830	1546-2218	Article	"Computer Science, Information Systems; Materials Science, Multidisciplinary"	"Computer Science; Materials Science"	2O3DP
C_low_priority	13	exclude			Q1	Q1 analytical/modeling	analytical/modeling context	"market; volatility; COVID; analytical/modeling; target region"	Complex-Systems Analysis of the CSI 300 Index: Evolution, Resilience, and Prediction in Stock Correlation Network	With the outbreak and evolution of the pandemic worldwide, the financial market has experienced unprecedented shocks and adjustments, and the volatility and correlation of the stock market, as an important indicator of economic activities, have shown new features and trends during the pandemic. Based on the CSI 300 Index, we construct a three-stage sequential network representing the pre-pandemic, pandemic, and post-relaxation phases. We investigate the evolving dynamics and resilience of the network, forecasting potential future connections, thus offering fresh insights into comprehending market recovery. Our findings unveil that the market adapts dynamically to the pandemic's progression, witnessing an overall augmentation in network interconnectedness. While the financial sector maintains its pivotal role, the influence of non-financial sectors experiences an upsurge. Despite the network demonstrating poor stability and heavy reliance on key nodes, there exists a positive recovery trajectory. Non-financial sectors such as energy and transportation emerge as pivotal catalysts for market rejuvenation. We provide suggestions for government regulators and investors, providing strong support for optimizing the market structure and promoting the long-term healthy development of the market.	"stock market; complex network; resilience; link prediction"	"COVID-19 OUTBREAK; MARKETS; IMPACT; RISK"	"Luo, XY; Yin, J; Wei, DQ"	SYSTEMS	2024	10.3390/systems12080285		Article	Social Sciences, Interdisciplinary	Social Sciences - Other Topics	F1L2I
C_low_priority	13	exclude			Q1	Q1 analytical/modeling	analytical/modeling context	"market; volatility; COVID; analytical/modeling; target region"	Return and volatility connectedness across stock markets: A global perspective	The connectedness of stock markets is inevitable because of the rapid increases in global financialisation, financial liberalisation, and integration of national economies. This study therefore increases the number of stock markets included in the LASSO-VAR model to separately estimate the connectedness of the daily-frequency market returns and volatility of a sample comprising 50 selected stock markets between 2011 and 2021. We observe that the total connectedness index changes substantially over time, exhibiting the highest change during market turbulences, i.e., the beginning of COVID-19. We also show that the transmission of shocks originates from most European markets and then impacting Asian-Pacific markets, although their intensities exhibit significant time variations. Finally, we find that macroeconomic news and uncertainties are drivers of total connectedness, while directional total connectedness is mainly driven by global rather than domestic factors.	"stock market linkages; volatility connectedness; return spillover; COVID-19 pandemic; LASSO-VAR model; G15; G32; C53; F65"	"IMPULSE-RESPONSE ANALYSIS; SPILLOVERS; NETWORK; FINANCE; RISK"	Nong, HF	INVESTMENT ANALYSTS JOURNAL	2024	10.1080/10293523.2023.2240562	1029-3523	Article	Business, Finance	Business & Economics	JQ2W2
C_low_priority	13	exclude			Q1	Q1 analytical/modeling	analytical/modeling context	"market; volatility; COVID; analytical/modeling; target region"	Sectoral risk contagion and quantile network connectedness on Chinese stock sectors after the COVID-19 outbreak	PurposeThis study aims to explore the risk spillover effects among different sectors of the Chinese stock market after the outbreak of COVID-19 from both Internet sentiment and price fluctuations.Design/methodology/approachThe authors develop four indicators used for risk contagion analysis, including Internet investors and news sentiments constructed by the FinBERT model, together with realized and jump volatilities yielded by high-frequency data. The authors also apply the time-varying parameter vector autoregressive (TVP-VAR) model-based and the tail-based connectedness framework to investigate the interdependence of tail risk during catastrophic events.FindingsThe empirical analysis provides meaningful results related to the COVID-19 pandemic, stock market conditions and tail behavior. The results show that after the outbreak of COVID-19, the connectivity between risk spillovers in China's stock market has grown, indicating the increased instability of the connected system and enhanced connectivity in the tail. The changes in network structure during COVID-19 pandemic are not only reflected by the increased spillover connectivity but also by the closer relationships between some industries. The authors also found that major public events could significantly impact total connectedness. In addition, spillovers and network structures vary with market conditions and tend to exhibit a highly connected network structure during extreme market status.Originality/valueThe results confirm the connectivity between sentiments and volatilities spillovers in China's stock market, especially in the tails. The conclusion further expands the practical application and theoretical framework of behavioral finance and also lays a theoretical basis for investors to focus on the practical application of volatility prediction and risk management across stock sectors.	"Industry sectors; Investor sentiment; Quantile network; Risk contagion"	"SENTIMENT; SPILLOVER; ENERGY; TOPOLOGY; DYNAMICS; MARKETS; US"	"Gao, Y; Zheng, WQ; Wang, YJ"	CHINA FINANCE REVIEW INTERNATIONAL	2025	10.1108/CFRI-02-2023-0039	2044-1398	Article	Business, Finance	Business & Economics	Y9G6D
C_low_priority	13	exclude			Q1	Q1 analytical/modeling	analytical/modeling context	"market; volatility; COVID; analytical/modeling; target region"	Do world stock markets jump together? A measure of high-frequency volatility risk spillover networks	We provide a systematic framework for studying high-frequency risk connectedness among world stock markets. Our framework, based on high-frequency realized volatility decompositions, TVPVAR networks, and innovative extensions, shows risk connectedness among 16 world stock markets with respect to seven levels of high-frequency volatility. The findings are as follows. First, all seven levels of risk connectedness are significantly enhanced in response to extreme event shocks. The COVID-19 event led to a peak in total connectedness, and the event changed the structure of the spillover network the most, with markets in Asia-Pacific continent being the most affected by this event. The transmission of information is unique to different levels, with the bad volatility level being the strongest and the jump volatility level being the most sensitive. Second, there is a geographical effect on stock market performance, with the U.S. stock market being the most stable and dominant. The mainland Chinese stock market is the most vulnerable to volatility, being a net receiver of volatility 91.04% of the time. Third, we provide evidence of asymmetric spillovers at the level of good-bad volatility and good-bad jumps. The similarity between these two asymmetric effects is that the negative asymmetry is substantial and more pronounced in response to risky event shocks. The difference is that the asymmetry of good-bad jumps reflects more strongly the impact of crisis event shocks. Seven countries are dominated by pessimism most of the time, with the UK, Canada and Mexico being the main transmitters of pessimism, and their ability to transmit pessimism has increased during the crisis.	"Financial risk spillovers; High -frequency realized volatility; Extreme financial events; Networks of good and bad jumps; Systemic financial risk"	"SYSTEMIC RISK; CAPITAL SHORTFALL; CRISIS; RETURN; CONNECTEDNESS; CONTAGION; MODEL; BAD; INTERDEPENDENCE; PREDICTABILITY"	"Zhou, DH; Liu, XX"	JOURNAL OF INTERNATIONAL FINANCIAL MARKETS INSTITUTIONS & MONEY	2023	10.1016/j.intfin.2023.101843	1042-4431	Article	"Business, Finance; Economics"	Business & Economics	W0KQ0
C_low_priority	13	exclude			Q1	Q1 analytical/modeling	analytical/modeling context	"market; volatility; COVID; analytical/modeling; target region"	Economic policy uncertainty as an indicator of abrupt movements in the US stock market	A two regime switching model is developed in an attempt to relate expected US stock market returns to deviations from fundamentals and to Economic Policy Uncertainty (EPU). The analysis is based on monthly data that cover the period from January 1900 to October 2022 and the EPU index is used as an explanatory variable. The findings suggest that the US stock market spends most of the time in a low -volatility regime, periodically switching to a high -volatility regime during times of financial instability. In an attempt to examine the forecasting ability of the model, out -of -sample probabilities of a crash and a boom are estimated recursively. The results provide evidence that our model is able to depict periods of abrupt movements in the US stock market. Finally, the estimated model and the associated probability of a crash are used to develop and evaluate a proposed trading strategy, in order to analyse the financial usefulness of the model. A simple simulation reveals that our trading rule produces statistically significant abnormal returns and manages to outperform the simple buy -and -hold strategy for the period before the Covid-19 crisis.	"Economic policy uncertainty; Stock market; Regime switching model"	"SPECULATIVE BEHAVIOR; BUBBLES; TESTS; REGIME; PRICES"	"Tzika, P; Pantelidis, T"	QUARTERLY REVIEW OF ECONOMICS AND FINANCE	2024	10.1016/j.qref.2024.01.002	1062-9769	Article	Economics	Business & Economics	JU9N5
C_low_priority	13	exclude			Q1	Q1 analytical/modeling	analytical/modeling context	"market; volatility; COVID; analytical/modeling; target region"	The impact of COVID-19 pandemic on the volatility connectedness network of global stock market	This paper investigates how the COVID-19 pandemic affects the connectedness network of stock market volatility in 19 economies around the world. Our method builds on the Diebold-Yilmaz volatility network model to construct the volatility spillover index, and uses lag sparse group LASSO to accommodate the high-dimensional system. We find that the outbreak of the COVID-19 pandemic strengthens the overall volatility connectedness, and the global connectedness level remains high throughout 2020. In particular, connections across different continents have become stronger during this period. However, China is shown to be disconnected from the global volatility connectedness network until late November 2020. We find evidence that China is not the main source of volatility spillover during the COVID-19 pandemic.	"COVID-19; Network connectedness; Spillover index; Variance decomposition"	IMPULSE-RESPONSE ANALYSIS	"Cheng, TT; Liu, JL; Yao, WY; Zhao, AB"	PACIFIC-BASIN FINANCE JOURNAL	2022	10.1016/j.pacfin.2021.101678	0927-538X	Article	Business, Finance	Business & Economics	XM9IB
C_low_priority	13	exclude			Q1	Q1 analytical/modeling	analytical/modeling context	"market; volatility; COVID; analytical/modeling; target region"	Stock market volatility spillovers from US to China: The pivotal role of Hong Kong	This study investigates the dynamic volatility spillovers among the stock markets of China, Hong Kong, and the U.S., focusing on Hong Kong as the intermediary transmitter. We find that the U.S. emerges as the primary transmitter of returns and volatility, with Hong Kong being the major recipient. By decomposing the Hong Kong volatility into U.S. and non-U.S. related components, we confirm the intermediary role of Hong Kong in transmitting U.S. monetary policy shocks to China. In addition, our results reveal time-varying patterns and high sensitivity of these spillover transmissions to the U.S.-China trade war, COVID-19 pandemic, and financial crises. These findings highlight Hong Kong's critical role as a financial hub and provide key implications for policymakers aiming to enhance financial stability through cross-market regulations. Investors can also benefit from this knowledge when developing strategies to manage risks tied to global market uncertainties.	"Spillover; Realized variance; COVID-19 pandemic; Federal Open Market Committee (FOMC)"	"CONNECTEDNESS; BAD"	"Chen, YL; Yang, JJ; Chang, YT"	PACIFIC-BASIN FINANCE JOURNAL	2025	10.1016/j.pacfin.2025.102670	0927-538X	Article	Business, Finance	Business & Economics	T6B6I
C_low_priority	13	exclude			Q1	Q1 analytical/modeling	analytical/modeling context	"market; volatility; COVID; analytical/modeling; target region"	Spillovers of Stock Markets among the BRICS: New Evidence in Time and Frequency Domains before the Outbreak of COVID-19 Pandemic	"We attempted to comprehensively decode the connectedness among the abbreviation of five emerging market countries (BRICS) stock markets between 1 August 2002 and 31 December 2019 not only in time domain but also in frequency domain. A continuously varying spillover index based on forecasting error variance decomposition within a generalized abbreviation of vector-autoregression (VAR) framework was computed. With the help of spectral representation, heterogeneous frequency responses to shocks were separated into frequency-specific spillovers in five different frequency bands to reveal differentiated linkages among BRICS markets. Rolling sample analyses were introduced to allow for multiple changes during the sample period. It is found that return spillovers dominated by the high frequency band (within 1 week) part declined with the drop of frequencies, while volatility spillovers dominated by the low frequency band (above 1 quarter) part grew with the decline in frequencies; the dynamics of spillovers were influenced by crucial systematic risk events, and some similarities implied in the spillover dynamics in different frequency bands were found. From the perspective of identifying systematic risk sources, China's stock market and Russia's stock market, respectively, played an influential role for return spillover and volatility spillover across BRICS markets."	"return spillovers; volatility spillovers; stock market linkage; the BRICS; frequency domain"	"IMPULSE-RESPONSE ANALYSIS; VOLATILITY SPILLOVERS; INTERNATIONAL TRANSMISSION; RETURN; CONNECTEDNESS; MOVEMENTS; ENERGY"	Shi, K	JOURNAL OF RISK AND FINANCIAL MANAGEMENT	2021	10.3390/jrfm14030112	1911-8066	Article	Business, Finance	Business & Economics	RG0TT
C_low_priority	13	exclude			Q1	Q1 analytical/modeling	analytical/modeling context	"market; volatility; COVID; analytical/modeling; target region"	Sudden shock and stock market network structure characteristics: A comparison of past crisis events	Studying the correlation structure of the stock market is crucial for systemic risk and portfolio optimization. We construct the price volatility network of the Shanghai and Shenzhen 300 index components in China's stock market in the period 2007-2020. We select three representative major emergencies: the global financial crisis in 2008, the stock disaster in 2015, and the COVID-19 epidemic in 2020. First, we find that when the stock market is impacted by the major events, the network shows a cluster phenomenon. The cluster effect of the financial crisis events is smallest, while that of the epidemic events occurs most rapidly. Second, the key nodes in the stock market network have greater risk transmission ability. The manufacturing plays a crucial role during the later stages of events, while the financial industry plays an important role during the epidemic's recovery period. Third, the network structure of the stock market has an indicator effect on the systemic risk contributions. Generally, the greater a stock's eigenvector centrality, the greater its systemic risk contribution, while its closeness centrality and clustering coefficient have opposite effects. The study has important enlightenment significance for market regulators to prevent risk diffusion and reduce portfolio risk for market participants.	"Sudden shock; Stock market network; Topology structure; Systemic risk contribution"	"GLOBAL FINANCIAL CRISIS; SYSTEMIC RISK; CONNECTEDNESS; INSTITUTIONS; VOLATILITY; SPILLOVER; CONTAGION; COVID-19; INFORMATION; STABILITY"	"He, CY; Wen, Z; Huang, K; Ji, XQ"	TECHNOLOGICAL FORECASTING AND SOCIAL CHANGE	2022	10.1016/j.techfore.2022.121732	0040-1625	Article	"Business; Regional & Urban Planning"	"Business & Economics; Public Administration"	1N4FF
C_low_priority	13	exclude			Q1	Q1 analytical/modeling	analytical/modeling context	"market; volatility; COVID; analytical/modeling; target region"	Stock market integration and volatility spillovers: new evidence from Asia-Pacific and European markets	PurposeThis work investigates the volatility spillovers across stock markets and the nature of such spillovers through different periods of crises and tranquility.Design/methodology/approachUsing daily stock return volatility data from June 2003 to June 2021, the generalized forecast error variance decomposition method (based on Diebold and Yilmaz, 2012 approach) is employed to measure the degree of volatility spillovers/connectedness among stock markets of 24 Asia-Pacific and 12 European Union (EU) economies.FindingsThe empirical results from static analysis suggested that about 28.1% (63.7%) of forecast error variance in return volatility for Asia-Pacific (EU) markets is due to spillovers. The evidence from dynamic analysis suggested that during mid of the global financial crisis, European debt crisis (EDC) and Covid-19, the gross volatility spillovers for Asia-Pacific (EU) was around 67% (80%), 65% (80%) and 73% (67%), respectively. The degree of net volatility transmission from Singapore (Denmark) to other Asia-Pacific (EU) markets was found to be highest.Practical implicationsThe findings have crucial implications for the investors and portfolio managers in assessment of risk and optimum allocation of assets and investment decisions.Originality/valueThis study adds to the literature on risk management by systematically examining the impact of global financial crises, EDC and Covid-19 on the market interactions by capturing the magnitude, duration and pattern of the shock-specific market volatilities for a large sample of Asian and European markets using recent and large data set.	"Stock market integration; Volatility spillovers; Diebold-Yilmaz; Forecast error variance decomposition; Asia and European markets; G01; G11; G14; G15"	"AUTOREGRESSIVE TIME-SERIES; IMPULSE-RESPONSE ANALYSIS; INTERNATIONAL TRANSMISSION; FINANCIAL CRISIS; LINKAGES; CONTAGION; RETURN; DIVERSIFICATION; INTERDEPENDENCE; CONNECTEDNESS"	"Guru, BK; Yadav, IS"	JOURNAL OF RISK FINANCE	2023	10.1108/JRF-03-2022-0065	1526-5943	Article	Business, Finance	Business & Economics	9Q7JK
C_low_priority	13	exclude			Q1	Q1 analytical/modeling	analytical/modeling context	"market; volatility; COVID; analytical/modeling; target region"	Using a Mean-Changing Stochastic Processes Exit-Entry Model for Stock Market Long-Short Prediction	This article has a unique application to the study of mean-changing models in stock markets. The idea is to enter and exit stock markets like Apple Computer stock (AAPL) and the broad S&P 500 Index (S&P 500) at good times and prices (long and short). Mean estimation is far more important to portfolio success than the estimation of variance or covariance. The idea in the stochastic-process model is to determine when the mean changes and then reverse the position direction. This was applied to AAPL in 2012 when its stock price rallied dramatically and then had a large fall, and to AAPL and the S&P 500 in the extremely difficult and volatile January to June 2020 period of COVID-19 and through 2021.		"ASSET PRICE BUBBLES; CRASHES; EARTHQUAKES"	"Lleo, S; Zhitlukhin, M; Ziemba, WT"	JOURNAL OF PORTFOLIO MANAGEMENT	2022		0095-4918	Article	Business, Finance	Business & Economics	H2MT3
C_low_priority	13	exclude			Q1	Q1 analytical/modeling	analytical/modeling context	"market; volatility; COVID; analytical/modeling; target region"	Characteristics and dynamic evolution of inter-industry volatility spillovers in China's stock market	This study examines the volatility connectedness across 28 sectors in the Chinese stock market, aiming to discern the risk spillovers and their implications for financial security and economic stability. Employing a network connectedness approach, we analyze the volatility connectedness's characteristics and dynamic evolution among various sectors. The findings indicate that manufacturing industries exhibit a high degree of correlation among themselves and predominantly function as exporters of risk spillovers. Conversely, the financial industry emerges as a primary recipient, characterized by a relatively low correlation to other sectors. During the COVID-19 epidemic, risk correlation within China's stock market sectors experienced an increase, which, however, did not persist as the epidemic progressed. Furthermore, the conflict between Russia and Ukraine exerted a limited contagion effect on China's stock market risks. These insights offer valuable guidance for China in managing economic and financial risks more effectively.		"IMPULSE-RESPONSE ANALYSIS; RISK; CONNECTEDNESS"	"Xie, FS; Wei, HJ"	PLOS ONE	2025	10.1371/journal.pone.0330599		Article	Multidisciplinary Sciences	Science & Technology - Other Topics	7BM5X
C_low_priority	13	exclude			Q1	Q1 analytical/modeling	analytical/modeling context	"market; volatility; COVID; analytical/modeling; target region"	Does the COVID-19 pandemic strengthen the volatility spillovers across global stock markets?	This paper investigates the volatility spillover and connectedness among the stock markets of G7, BRICS countries, and other countries where COVID-19 is more severe. For this investigation, we perform static and rolling-window analysis to measure volatility spillovers using the spillover index approach and LASSO-VAR for estimating high-dimensional VARs. We also examine the network connectedness at different periods. Our findings indicate that the recent COVID-19 pandemic intensifies volatility spillovers, supporting the financial contagion effects. Furthermore, the United States, Spain, and Russia markets are net volatility transmitters for most of the period before and during the COVID-19 pandemic.	"Stock indices; COVID-19; network; volatility spillovers"	"CONNECTEDNESS; TRANSMISSION; VARIANCE; DYNAMICS; EQUITY; BOND"	"Zhou, YQ; Wu, S; Liu, ZH"	INTERNATIONAL JOURNAL OF FINANCIAL ENGINEERING	2024	10.1142/S2424786323500433	2424-7863	Article	Business, Finance	Business & Economics	WD9K9
C_low_priority	13	exclude			Q1	Q1 analytical/modeling	analytical/modeling context	"market; volatility; COVID; analytical/modeling; target region"	Time-varying herding spillover for emerging countries: evidence from BRIC countries and Turkey	Purpose This study aims to investigate herding spillover in BRIC (Brazil, Russia, India and China) countries and Turkey under different regimes by using a time-varying approach. Design/methodology/approach The authors used the structural change model of Bai and Perron (1998). Findings The results indicate that there is an evidence of herding behaviour in the Chinese stock market in two different regimes. These regimes cover the recent global financial crisis and the period of Hong Kong protests. We also report the evidence of herding behaviour in the Turkish stock market in the regime covering the COVID-19 period. Findings of herding spillover show that there is a two-way herding among Russia and China during crises and high volatile regimes. Similarly, there exists a cross-country herding among Brazil and India during crisis regimes. Also, there is herding spillover from Turkey to Russia, China and Brazil during the global financial crisis, post-European debt crisis and COVID-19 periods respectively. Furthermore, it is also evident that there is a herding spillover from Russia and China to India during the period covering COVID-19. Originality/value To the best of the authors' knowledge, this is the first study that uses structural change approach to identify herding behaviour spillovers from the US stock market to BRIC countries and Turkey and to investigate the cross-country herding behaviour among BRIC countries and Turkey.	"Behavioural finance; Herding behaviour; Cross-sectional dispersions; Structural breaks; C22; C58; G01; G15; G41"	"FINANCIAL CRISIS; STOCK; MARKETS; CONTAGION; BEHAVIOR; IMPACT"	"Yasir, M; Önder, AO"	REVIEW OF BEHAVIORAL FINANCE	2023	10.1108/RBF-10-2021-0218	1940-5979	Article	Business, Finance	Business & Economics	P4CP1
C_low_priority	13	exclude			Q1	Q1 analytical/modeling	analytical/modeling context	"market; volatility; COVID; analytical/modeling; target region"	Another Look into Tail Risk Connectedness Using Network Modelling: Evidence from European Stock Markets	This paper proposes an approach for measuring tail risk connectedness in financial networks by leveraging spatial methods, particularly the spatial autoregressive model, applied to Value-at-Risk (VaR) and Expected Shortfall (ES) estimates. Given the definition of the network structure, and departing from traditional methods reliant on volatility spillovers, our approach aims to capture the effect of the nature of the event on the tail dimension of market interconnectedness, offering insights beyond conventional metrics. Our results show that since the nature of the event substantially affects the convergence (divergence) of the response of the agents of the financial network to a shock, accounting for this effect is crucial to correctly measure its transmission. Since not all shocks are similar, events such as the Great Recession or the COVID-19 pandemic do not affect the tail risk of the financial network in a similar way, even when volatility spillovers increase in both cases. The relevance of considering the source of the shock is shown through an empirical analysis of the most important European stock markets, demonstrating the efficacy of the proposed approach in assessing systemic risks, therefore providing a valuable tool for policymakers, investors, and financial regulators.	"tail risk connectedness; Value-at-Risk; Expected Shortfall; spatial dependence; financial networks; C22; C31; C51"	"VALUE-AT-RISK; VOLATILITY-SPILLOVER; SPATIAL DEPENDENCE; EXPECTED SHORTFALL; REAL-ESTATE; MANAGEMENT; BUBBLE"	"Mattera, R; Sanchez-Garcia, J"	STUDIES IN NONLINEAR DYNAMICS AND ECONOMETRICS	2026	10.1515/snde-2024-0128	1081-1826	Article	"Economics; Social Sciences, Mathematical Methods"	"Business & Economics; Mathematical Methods In Social Sciences"	HH6ZJ
C_low_priority	12	exclude			Q1	Q1 analytical/modeling	analytical/modeling context	"market; volatility; COVID; analytical/modeling; target region"	Connecting the stocks of major energy firms in China to identify the systemic risk	"This study mainly identifies systemic risks among energy firm stocks. By using a financial network approach on 198 major energy firms in China, the study finds that energy firms are accompanied with systemic risk due to extensive stock return and stock risk connections. Return connection is less severe and long-lasting than risk connection, but they are all buffeted to varying degrees by economic activities, such as stock market volatility, energy policy, and public event like COVID-19. Structural analysis further finds that heterogeneity and asymmetry exist in energy firms' bidirectional ability of price and risk information processing; relatively extreme asymmetry cases can be observed from risk connection ability. Multiple centrality indicators screen out some systemically important energy firms from exchanges of both return and risk information. All these characteristics could provide implications for policy making, corporate response, and portfolio construction."	"Energy firms; Systemic risk; Financial connection; Centrality indicator"	"IMPULSE-RESPONSE ANALYSIS; CONNECTEDNESS; PRICES"	"Guo, LY; Feng, C; Yu, SQ"	ENERGY ECONOMICS	2023	10.1016/j.eneco.2023.107015	0140-9883	Article	Economics	Business & Economics	T5DJ2
C_low_priority	12	exclude			Q1	Q1 analytical/modeling	"AI/ML/DL; analytical/modeling context"	"market; volatility; COVID; AI/ML/DL; analytical/modeling"	Machine Learning-Driven Portfolio Optimization Using Money Flow Index-Based Sentiment Signals	Market indices serve as a benchmark for performance comparison, guide asset allocation decisions, and reflect overall market sentiment and economic conditions, thereby influencing investment strategies by representing a segment of the market. Unquestionably, investor sentiment impacts price movement. In this paper, the objectives were to study the effectiveness of the Money Flow Index (MFI) in enhancing the performance of predictive analysis by capturing market psychology, developing an investment strategy, and analyzing the performance of the method mentioned. This study applies machine learning algorithms with technical indicators and optimizes portfolio allocation based on three notable market indices in Southeast Asia (SEA): SET50 in Thailand, STI in Singapore, and VN30 in Vietnam. Firstly, we combined technical indicators with machine learning-Support Vector Classifier (SVC), Random Forest (RF), and Extreme Gradient Boosting (XGBoost)-by comparing datasets with and without MFI over the period from 2013 to 2023. The results showed that XGBoost with MFI delivered the best predictive performance across three indices. These findings indicate that MFI significantly enhances prediction accuracy, even during volatile market conditions (COVID-19). Additionally, the predictions were integrated into the Markowitz Mean-Variance (MV) model to construct an optimal portfolio, which was then benchmarked against an equal-weight portfolio (1/N). Ultimately, the findings demonstrate that incorporating the machine learning predictions into the MV framework efficiently generates wealth.	"money flow index; machine learning; market index; portfolio optimization"	"TECHNICAL ANALYSIS; MARKET; PREDICTION; STRATEGY; PRICES; MODEL"	"Singsiri, P; Yokrattanasak, J"	INTERNATIONAL JOURNAL OF FINANCIAL STUDIES	2026	10.3390/ijfs14050112	2227-7072	Article	Business, Finance	Business & Economics	IL8AG
C_low_priority	11	exclude			Q1	Q1 analytical/modeling	analytical/modeling context	"market; volatility; COVID; analytical/modeling; target region"	The role of categorical EPU indices in predicting stock-market returns	This study investigates the predictive ability of categorical economic-policy uncertainty (EPU) indices for stock-market returns. The results indicate that some categorical EPU indices have superior predictive ability for stock returns and even achieve higher realized utility than the original EPU index and popular predictors. Furthermore, the diffusion indices based on EPU categories, especially those that use partial least squares (PLS) to extract the principal compo-nents, more effectively use the forecast information contained in categorical EPU indices, resulting in improved forecast performance, including reduced forecast errors and increased economic value for investors. In addition, the categorical EPU indices show superior forecasting performance during economic-expansion, the China-US trade-war, and COVID-19 pandemic periods.	"EPU index; Categorical EPU index; Stock return predictability; Dimension reduction approach; Forecast combination"	"ECONOMIC-POLICY UNCERTAINTY; COMBINATION FORECASTS; CROSS-SECTION; VOLATILITY; PREMIUM; PREDICTABILITY; SAMPLE; CHINA"	"Chen, J; Ma, F; Qiu, XM; Li, T"	INTERNATIONAL REVIEW OF ECONOMICS & FINANCE	2023	10.1016/j.iref.2023.05.003	1059-0560	Article	"Business, Finance; Economics"	Business & Economics	J4RL8
C_low_priority	11	exclude			Q1	Q1 analytical/modeling	analytical/modeling context	"market; volatility; COVID; analytical/modeling; target region"	Quantifying the volatility spillover dynamics between financial stress and US financial sectors: Evidence from QVAR connectedness	This study uses quantile vector-autoregressive to examine volatility connectedness among a global financial stress index (including five categories: credit, equity valuation, funding, safe assets, and volatility) and US financial sectors under low, moderate, and extreme volatility conditions. The dataset includes the special periods covering the global financial crisis, China crisis, COVID-19 pandemic, Russian-Ukrainian war, Silicon Valley Bank failure, and Credit Suisse bank crisis. The findings imply that spillover effects among the series are higher during extreme volatility than during low and moderate volatility periods. During periods of low volatility, the credit category of the financial stress index and the US financial sector indices are net shock transmitters, but during extreme volatility periods, the US financial sectors become net shock receivers alongside the credit and funding categories of the financial stress indices. US financial sectors also exhibit net shock recipient roles at extreme volatility levels during those special periods.	"Global financial stress; Quantile connectedness; Volatility spillovers"	"ECONOMIC-POLICY UNCERTAINTY; IMPULSE-RESPONSE ANALYSIS; NETWORK TOPOLOGY; STOCK MARKETS; SYSTEMIC RISK; TRANSMISSION; BANKING; INDEX"	"Hoque, ME; Billah, M; Kapar, B; Naeem, MA"	INTERNATIONAL REVIEW OF FINANCIAL ANALYSIS	2024	10.1016/j.irfa.2024.103434	1057-5219	Article	Business, Finance	Business & Economics	K7N5N
C_low_priority	11	exclude			Q1	Q1 analytical/modeling	analytical/modeling context	"market; volatility; COVID; analytical/modeling; target region"	Performances of Islamic and conventional equities during the global health crisis: Time-frequency analysis of BRICS+T markets	This study investigates the dynamic linkages and spillover effect between emerging economies (BRICS and Turkey), focusing on global crises, notably the COVID-19 pandemic. The study uses daily frequency data covering the period from 2002M5 to 2021M03. For the methodology, the paper employs Wavelet Coherence for multiresolution time-frequency analysis in addition to the frameworks of Diebold-Yilmaz Connectedness Index (DY12) and Barunik-Krehlik Frequency Connectedness Index (BK18). The empirical results reveal that the stock market comovements among sample markets are non-monotonous and depend on the time and frequency of returns. Significant correlations among the sample countries and a spike in overall spillover are also evident at the outbreak of the COVID-19 pandemic or the Global Health Crisis (GHC). China, Brazil, Russia, and Turkey with all the other markets, experienced the weakest links during the GHC. Brazil, Russia, and South Africa act consistently (across different horizons) as net transmitters, whereas India, China, and Turkey perform as net receivers. Islamic equities are more likely to give and less prone to receive than conventional equities. Compared to the Global Financial Crisis (GFC), the GHC effect is more severe but short-lived. The findings of this study are helpful to policymakers and diverse investors when making portfolio diversification decisions.	"BRICS; COVID-19; interconnectedness; Islamic finance; spillovers; Turkey"	"IMPULSE-RESPONSE ANALYSIS; FINANCIAL CRISIS; VOLATILITY SPILLOVERS; STOCK MARKETS; CONNECTEDNESS; COMOVEMENTS; INVESTMENT; DYNAMICS; RETURN; FUNDS"	"Smolo, E; Jahangir, R; Nagayev, R; Tarazi, CSC"	REVIEW OF FINANCIAL ECONOMICS	2022	10.1002/rfe.1152	1058-3300	Article	Business, Finance	Business & Economics	2T9HZ
C_low_priority	11	exclude			Q1	Q1 analytical/modeling	analytical/modeling context	"market; volatility; COVID; analytical/modeling; target region"	The impact of COVID-19 on the volatility connectedness of the Chinese tourism sector	This paper investigates the dynamic behaviour of the volatility connectedness of COVID-19-related stock indices on Chinese tourism sub-sectors using a novel TVP-VAR frequency approach of Chatziantoniou et al. (2021). Our empirical results show that COVID-19 affects all six examined tourism sub-sectors, but the volatility transmissions between COVID-19 and each tourism sector are not uniform. Different waves of COVID-19 have contributed to time-varying changes of volatility connectedness to all tourism sectors. Our results will be of great interest and importance to policymakers and investors, who will better understand developments in China's tourism sectors under extreme financial shocks and learn how to better manage risk considering potential future epidemics and pandemics.	"COVID-19; China; Tourism; TVP-VAR; Stock markets"	"CRISIS MANAGEMENT; SPILLOVERS; RESILIENCE"	"Hu, Y; Lang, CL; Corbet, S; Wang, JC"	RESEARCH IN INTERNATIONAL BUSINESS AND FINANCE	2024	10.1016/j.ribaf.2023.102192	0275-5319	Article	Business, Finance	Business & Economics	DR7F6
C_low_priority	11	exclude			Q1	Q1 analytical/modeling	analytical/modeling context	"market; volatility; COVID; analytical/modeling; target region"	Research on Chinese Stock Market during COVID-19-Based on Random Matrix Theory	This paper focuses on the three industries that are greatly impacted by COVID-19, including the consumption industry, the pharmaceutical industry, and the financial industry. The daily returns of 98 stocks in the consumption industry, the pharmaceutical industry, and the financial industry in the 100 trading days from January 2, 2020, to June 3, 2020, are selected. Based on the random matrix theory, it first analyzes whether the stock market conforms to the efficient market hypothesis during the epidemic period, and second it further studies the linkage between the three industries. The results show that (1) the correlation coefficient is approximately a normal distribution, but the mean value is greater than 0, which is greater than that of the more mature markets such as the United States. (2) There are three eigenvalues greater than the prediction value, of which the maximum eigenvalue is about 11.18 times larger than the largest eigenvalue of the RMT. (3) There is a significant positive relationship between the maximum eigenvalue and the correlation coefficient. The specific market performance is that the stock price fluctuations show a high degree of consistency. (4) In the sample interval, the financial industry has a restraining effect on the consumption industry in the short term, and the pharmaceutical industry has a promoting and then restraining effect on the consumption industry in the short term. The consumption industry has a promoting effect on the financial industry in the short term, and the pharmaceutical industry has a promoting and then restraining effect on the financial industry in the short term. The consumption industry has a promoting and then restraining effect on the pharmaceutical industry in the short term, and the financial industry has a promoting and then restraining effect on the pharmaceutical industry in the short term. (5) In the sample interval, the consumption industry is mainly affected by itself, while the role of the pharmaceutical industry and the financial industry is very small. The pharmaceutical industry is mainly affected by itself and the consumption industry, while the role of the financial industry is very small. The financial industry is mainly affected by itself and the consumption industry, while the role of the pharmaceutical industry is very small. This situation has consequences for individual investors and institutional investors, since some stock returns can be expected, creating opportunities for arbitrage and for abnormal returns, contrary to the assumptions of random walk and information efficiency. The research on the correlation between asset returns will help to accurately price assets and avoid losses caused by price fluctuations during the epidemic.		"PORTFOLIO OPTIMIZATION; CROSS-CORRELATIONS; CAPITAL-MARKETS; RANDOM-WALKS; VOLATILITY; STABILITY"	"Yaojie, W; Tianhui, F"	COMPLEXITY	2023	10.1155/2023/5404229	1076-2787	Article	"Mathematics, Interdisciplinary Applications; Multidisciplinary Sciences"	"Mathematics; Science & Technology - Other Topics"	A1BJ8
C_low_priority	11	exclude			Q1	Q1 analytical/modeling	analytical/modeling context	"market; volatility; COVID; analytical/modeling; target region"	Asymmetric causality and dynamic spillovers between biodiversity index and US equity sectors	This paper employs an empirical framework that combines the quantile-on-quantile Granger causality test with the TVP-VAR connectedness model to systematically examine the quantile impact and spillover effects of the S&P 500 Biodiversity Index (USBIO) on US stock sector returns. The QQGC analysis reveals that USBIO exhibits widespread yet heterogeneous forecasting capability across sectors, displaying pronounced quantile dependence and asymmetric characteristics. When biodiversity assets are positioned at lower levels, they demonstrate strong forecasting functionality for markets during boom periods. The TVP-VAR connectedness analysis further confirms that USBIO serves as a significant net spillover transmitter within the system. The total connectedness index of 82.04% indicates that biodiversity factors have become deeply embedded in the systematic pricing structure of equity markets, particularly exhibiting strong directional spillover effects towards information technology, telecommunication services, and consumer discretionary sectors. The time-varying analysis reveals that system connectedness surged during COVID-19 and has maintained structurally elevated levels in the post-COVID-19 era, whilst technology sector exposure to USBIO has intensified consistently since 2022. Our research provides time-varying signals for sector rotation in portfolio management.	"Biodiversity; Quantile-on-Quantile; Causality; Connectedness; S & P 500; Stock sectors"	VOLATILITY	"Zeng, HJ; Abedin, MZ"	FINANCE RESEARCH LETTERS	2026	10.1016/j.frl.2026.109666	1544-6123	Article	Business, Finance	Business & Economics	EH6XP
C_low_priority	11	exclude			Q1	Q1 analytical/modeling	analytical/modeling context	"market; volatility; COVID; analytical/modeling; target region"	A Nonlinear Autoregressive Distributed Lag (NARDL) Analysis of the FTSE and S&P500 Indexes	The paper features an examination of the link between the behaviour of the FTSE 100 and S & P500 Indexes in both an autoregressive distributed lag ARDL, plus a nonlinear autoregressive distributed lag NARDL framework. The attraction of NARDL is that it represents the simplest method available of modelling combined short- and long-run asymmetries. The bounds testing framework adopted means that it can be applied to stationary and non-stationary time series vectors, or combinations of both. The data comprise a daily FTSE adjusted price series, commencing in April 2009 and terminating in March 2021, and a corresponding daily S & P500 Index adjusted-price series obtained from Yahoo Finance. The data period includes all the gyrations caused by the Brexit vote in the UK, beginning with the vote to leave in 2016 and culminating in the actual agreement to withdraw in January 2020. It was then followed by the impact of the global spread of COVID-19 from the beginning of 2020. The results of the analysis suggest that movements in the contemporaneous levels of daily S & P500 Index levels have very significant effects on the behaviour of the levels of the daily FTSE 100 Index. They also suggest that negative movements have larger impacts than do positive movements in S & P500 levels, and that long-term multiplier impacts take about 10 days to take effect. These effects are supported by the results of quantile regression analysis. A key result is that weak form market efficiency does not apply in the second period.	"NARDL; bounds tests; ARDL; FTSE; asymmetries; multiplier effects; S&P500"	"ERROR-CORRECTION; STOCK MARKETS; TIME-SERIES; UNIT-ROOT; COINTEGRATION; VOLATILITY; COMMON; BEHAVIOR; PRICES"	"Allen, D; McAleer, M"	RISKS	2021	10.3390/risks9110195		Article	Business, Finance	Business & Economics	XI0PD
C_low_priority	11	exclude			Q1	Q1 analytical/modeling	analytical/modeling context	"market; volatility; COVID; analytical/modeling; target region"	Dependence dynamics of stock markets during COVID-19	Stock markets have exhibited increased returns connectedness during the COVID-19 period. We examine the returns dependence among 42 stock markets classified under various emerging and developed groupings. We apply several dependence measures to examine the returns connectedness among the markets. Our results show that stock markets from the G-7 and Emerging Frontier and Asian (EFA) region exhibit high connectedness with other international markets, while Middle East and North African (MENA) and Latin American (LA) stock markets offer high diversification opportunities through low returns connectedness. The returns coherence of Central and East European (CEE) and G-7 markets increase significantly during the COVID-19 period which supports the hypothesis of contagion. However, during the pandemic MENA stock markets (excluding Greece) and most EFA markets (excluding China, Singapore and Korea) remain less cointegrated with other international equity markets. Our results have implications for individual and institutional investors, fund managers and other financial market stakeholders.	"Stock markets; Connectedness; Dependence; COVID-19; Developed; Emerging"	"LATIN-AMERICAN; VOLATILITY TRANSMISSION; FINANCIAL CRISES; CAPITAL-MARKETS; INTEGRATION; SPILLOVERS; CONTAGION; LINKAGES; DIVERSIFICATION; US"	"Rehman, MU; Ahmad, N; Shahzad, SJH; Vo, XV"	EMERGING MARKETS REVIEW	2022	10.1016/j.ememar.2022.100894	1566-0141	Article	"Business, Finance; Economics"	Business & Economics	3O0LO
C_low_priority	11	exclude			Q1	Q1 analytical/modeling	analytical/modeling context	"market; volatility; COVID; analytical/modeling; target region"	Tail-event driven NETwork dependence in emerging markets	This paper employs the Tail Event NETwork (TENET) to identify financial markets with greater potential risk, and simultaneously investigate the interdependence between them. We find strong time-varying connectedness across 23 emerging markets during the main crisis episodes, including the most recent COVID-19 pandemic, using data from January 1995 to May 2021. The network analysis revealed that emerging European markets are top risk transmitters, whereas emerging Asian markets are top risk receivers. China showed disconnection from the network, reflecting its diversification potential for investors. Our findings offer several policy and regu-latory implications.	"COVID-19; Emerging markets; Global financial crisis; Systemic risk network; TENET"	"GLOBAL FINANCIAL CRISIS; VOLATILITY SPILLOVERS; STOCK MARKETS; SYSTEMIC RISK; INTERNATIONAL DIVERSIFICATION; EQUITY MARKETS; RETURN; UNCERTAINTY; CHINA; ECONOMIES"	"Naeem, MA; Yousaf, I; Karim, S; Yarovaya, L; Ali, S"	EMERGING MARKETS REVIEW	2023	10.1016/j.ememar.2022.100971	1566-0141	Article	"Business, Finance; Economics"	Business & Economics	J9KF1
C_low_priority	11	exclude			Q1	Q1 analytical/modeling	analytical/modeling context	"market; volatility; COVID; analytical/modeling; target region"	Markets Dependence in Times of Turmoil: Evidence from US and Asia-Pacific Stock Markets	The US stock market collapse of 2020 was caused by the COVID-19 shock, exerting profound impacts on global stock markets. In this article, we analyze the downside and upside contagion and the tail dependence risks of the US stock market index on China, Hong Kong, Japan, and South Korea. We establish our empirical findings through a robust modelization of a conditional VaR (CoVaR), CoVaR, and copula models. The empirical results reveal wide spillover effects from the US to East Asian stock markets. These spillover effects are aggravated in the COVID-19 period when compared to the full sample period. This impact deluges to the Chinese market only via Hong Kong. The findings show that indirect spillovers on the Chinese stock market are heavier than direct spillovers. The study highlights different features of the US and Chinese spillovers. These findings provide useful support for policymakers and risk managers involved in the East Asian stock markets.	"Risk spillover; stock markets; volatility; copula quantile regression"	"VOLATILITY SPILLOVERS; SYSTEMIC RISK; COPULA; CONTAGION"	Zehri, C	MONTENEGRIN JOURNAL OF ECONOMICS	2022	10.14254/1800-5845/2022.18-2.15	1800-5845	Article	Economics	Business & Economics	2P1BQ
C_low_priority	11	exclude			Q1	Q1 analytical/modeling	analytical/modeling context	"market; volatility; COVID; analytical/modeling; target region"	What influences stock market co-movements between China and its Asia-Pacific trading partners after the Global Financial Crisis?	This paper investigates the stock market co-movements between China and its 12 trading partners in the Asia-Pacific region after the Global Financial Crisis. The Dynamic Conditional Correlation (DCC) - Mixed Data Sampling (MIDAS) model is adopted to extract short and long-run correlations. The author utilizes the weekly conditional correlations to detect contagion and explores transmission mechanisms by regressing the monthly economic and financial variables on the monthly conditional correlations. The empirical results show that recent events (specifically, the Shanghai stock market crash, the US-China tariff war, and the COVID-19 pandemic) have increased the contagion incidences across the stock markets in China and its trading partners. Moreover, bilateral trade and market similarities are major drivers of stock market co-movements between China and developed partners as well as between China and emerging partners. Apart from country-pair-specific factors, common factors (such as the Chinese illiquidity pressure) also affect the co-movements between Chinese and its partners' stock markets during the whole and turmoil periods. Besides, the regression results for contagion episodes are mixed. On the one hand, stock market co-movements are irrelevant to most economic fundamentals, indicating pure contagion. On the other hand, differences in industrial production growth and market size affect stock market co-movements between China and its emerging partners.	"Stock market co-movement; Contagion; Transmission mechanism; Shanghai stock market crash; US-China tariff war; COVID-19 pandemic"	"VOLATILITY SPILLOVERS; EQUITY MARKETS; US; CONTAGION; INTERDEPENDENCE; INTEGRATION; DETERMINANTS; RETURNS; LINKAGES; PURE"	Shi, YJ	PACIFIC-BASIN FINANCE JOURNAL	2022	10.1016/j.pacfin.2022.101722	0927-538X	Article	Business, Finance	Business & Economics	3E0CJ
C_low_priority	11	exclude			Q1	Q1 analytical/modeling	analytical/modeling context	"market; volatility; COVID; analytical/modeling; target region"	Time-varying causality impact of economic policy uncertainty on stock market returns: Global evidence from developed and emerging countries	In this study, we examine the causal relationship between economic policy uncertainty (EPU) and stock indices in the Group of Seven and Emerging Market Seven nations from 1997 to 2022, using a novel time-varying Granger causality test based on the lag-augmented vector autoregressive model. The main findings are as follows. First, the results of the linear and non-linear Granger tests for the whole sample period show that either the global or national EPU has a causal impact on the stock market in less than half of the 14 countries, while the stock market is more likely to affect EPU. Second, the time-varying Granger causality tests show that the period in which the EPU affects the stock market is often accompanied by a major international crisis or national event. Global EPU has a relatively significant impact on developed market equity markets compared to domestic EPU. Resource exporting emerging nations tend to be significantly affected by global EPU, but developing countries with complete industrial systems or unstable political situations are more likely to be affected by local EPU. Finally, multi-scale, time-varying Granger causality tests show that both global and domestic EPUs have a significant causal impact on equity markets in the long run, although the impact of global EPUs is concentrated in the short term, whereas the impact of domestic EPUs appears to be longer-term. The new coronavirus (COVID-19) has dramatically amplified the short-term impact of global EPU. Our findings support political implications for the development of government policies and investors' global asset allocation.	"Economic policy uncertainty; Stock market; Linear and nonlinear Granger tests; Time-varying Granger causality test; Wavelet decomposition"	"POLITICAL UNCERTAINTY; GRANGER CAUSALITY; STRUCTURAL-CHANGE; US; CHINA; MONEY; RISK; INSTABILITY; VOLATILITY; DEPENDENCE"	"Hong, Y; Zhang, RS; Zhang, FP"	INTERNATIONAL REVIEW OF FINANCIAL ANALYSIS	2024	10.1016/j.irfa.2023.102991	1057-5219	Article	Business, Finance	Business & Economics	Z2OL5
C_low_priority	11	exclude			Q1	Q1 analytical/modeling	analytical/modeling context	"market; volatility; COVID; analytical/modeling; target region"	Market return spillover from the US to the Asia-Pacific Countries: The Role of Geopolitical Risk and the Information & Communication Technologies	This study examines the market return spillovers from the US market to 10 Asia-Pacific stock markets, accounting for approximately 91 per cent of the region's GDP from 1991 to 2022. Our findings indicate an increased return spillover from the US stock market to the Asia-Pacific stock market over time, particularly after major global events such as the 1997 Asian and the 2008 global financial crises, the 2015 China stock market crash, and the COVID-19 pandemic. The 2008 global financial crisis had the most substantial impact on these events. In addition, the findings also indicate that US economic policy uncertainty and US geopolitical risk significantly affect spillovers from the US to the Asia-Pacific markets. In contrast, the geopolitical risk of Asia-Pacific countries reduces these spillovers. The study also highlights the significant impact of information and communication technologies (ICT) on these spillovers. Given the increasing integration of global financial markets, the findings of this research are expected to provide valuable policy implications for investors and policymakers.		"IMPULSE-RESPONSE ANALYSIS; FINANCIAL CRISIS; EMERGING MARKETS; STOCK MARKETS; VOLATILITY; PRICE; EXCHANGE; IMPACT; POLICY"	"Tran, MPB; Vo, DH"	PLOS ONE	2023	10.1371/journal.pone.0290680		Article	Multidisciplinary Sciences	Science & Technology - Other Topics	EY8P3
C_low_priority	11	exclude			Q1	Q1 analytical/modeling	analytical/modeling context	"market; volatility; COVID; analytical/modeling; target region"	NARRATIVE CYCLES: WHAT DROVE POSTWAR STOCK MARKET DYNAMIC?	Accepted Abstract. The United States is considered the world's leading center of economic power, which, in particular, is determined by the role played by the U.S. stock market in the world economy. Largely due to the capacity of this market, the U.S. dollar plays the role of the dominant world currency. The state of the U.S. financial market is important for global financial stability. This determines the importance of finding the factors that determine the dynamics of the U.S. stock market. In this article, the author offers his chronology of post-war financial cycles in the United States and analyses them in light of the changing social narratives that accompanied these cycles. Reviewing the literature on financial cyclicality and financial bubbles, the author argues that the efficient market hypothesis can be enriched by research from behavioral finance. As the author suggests, stock prices may reflect not only economic and financial information, but also a broader set of information signals. The author proposes to consider narratives as such information signals that can be used by investors in the decision-making process. In conditions of mass influx of retail investors into the market, the importance of narratives as information signals increases and their connection with market dynamics becomes even clearer. The author sets the boundaries of three long-term periods of market development (1949-1974, 1974-2003, 2003-2021) and then analyses these periods to identify distinct phases of market growth and decline. In order to identify such phases, the author uses a simple rule of decreasing minima: in the case of a general growth trend of the stock index, interrupted by its short-term falls (corrections), its minimum value after each correction is greater than the minimum value of the previous correction. The moment when the index falls below the previous minimum value can be considered as the end of the upward phase of the market. According to the chronology of financial cycles proposed by the author, in the entire post-war period there is an alternation of long-term and shortterm periods of growth of stock market quotations. By analyzing their variability, the author concludes that there are relatively stable market patterns that can be repeated in the future. At the same time, the author notes that the influence of non-economic events, in particular geopolitical conflicts and crises, sudden shocks such as a pandemic, weakens the predictive nature of historical cyclicality. In the author's opinion, under these conditions, the importance of analyzing narratives as information signals increases significantly, as they usually reflect all the key events and phenomena that attract people's attention.	"financial market; financial bubble; economic cycle; narratives; investor sentiment; narrative investment; economics; financial crises; stock indices"	"VOLATILITY; INFLATION; RETURNS"	Milovidov, VD	MIROVAYA EKONOMIKA I MEZHDUNARODNYE OTNOSHENIYA	2024	10.20542/0131-2227-2024-68-8-17-27	0131-2227	Article	International Relations	International Relations	M2H6Y
C_low_priority	11	exclude			Q1	Q1 analytical/modeling	analytical/modeling context	"market; volatility; COVID; analytical/modeling; target region"	Connectedness and economic policy uncertainty spillovers to the ASEAN stock markets	Uncertainty regarding Chinese and American economic policies impacts major investable asset classes in politically contestable geographic regions such as Southeast Asia. Our objective is to examine the dependence structure of Chinese and American Economic Policy Uncertainty (EPU) and returns on six Association of Southeast Asian Nations (ASEAN) stock indices and to assess the impact of a significant statecraft consideration, the One Belt One Road (OBOR) Initiative, and an exogenous shock, the COVID-19 crisis, on the connectedness between EPU and ASEAN stock returns. We do so by employing novel connectedness and copula approaches. We find that American and Chinese EPU influence ASEAN equity indices differently across countries, with the connectedness of US EPU and ASEAN stock markets exceeding that of Chinese EPU post-2002. Further, we find that the introduction of the OBOR Initiative by China in 2013 coincided with a slight change in the dependence structure for several individual ASEAN stock indices, and show that the impact of the COVID-19 pandemic on the relationship between American and Chinese EPU and individual ASEAN stock index returns was not homogenous across countries. In doing so, we shed new light on the vulnerability of ASEAN member capital markets to statecraft considerations and exogenous shocks, as well as to economic policy decision-making in China and the United States.	"Economic policy uncertainty; China; United States; ASEAN stock markets"	"VOLATILITY; MATTER; CHINA; RISK; INTEGRATION; RETURNS; PRICES"	"Lean, HH; Alkhazali, OM; Gleason, K; Yeap, XW"	INTERNATIONAL REVIEW OF ECONOMICS & FINANCE	2024	10.1016/j.iref.2023.11.004	1059-0560	Article	"Business, Finance; Economics"	Business & Economics	EA3J2
C_low_priority	11	exclude			Q1	Q1 analytical/modeling	analytical/modeling context	"market; volatility; COVID; analytical/modeling; target region"	A comprehensive investigation on the predictive power of economic policy uncertainty from non-US countries for US stock market returns	This study uses economic policy uncertainty (EPU) indices for ten developed countries, three diffusion models, and five combination methods to forecast excess returns in the U.S. stock market. It shows empirically that, over the period January 1997 to January 2022, non-U.S. EPU indices have better predictive power for U.S. equity market excess returns than the U.S. EPU index itself. This illustrates how economic information from interna-tional markets can affect the U.S. stock market. This finding challenges the extensively recognized view that the U.S. is where important market signals are initially transmitted to other markets, suggesting that this belief is incomplete. Our outcomes are robust to a battery of tests covering model selection, model specification, forecast horizons, and the pandemic period, and their economic values are assessed. The findings are essential for the financial field to confront future fierce situations and crises.	"Stock return; Predictability; International EPU indices; Diffusion models"	"EQUITY PREMIUM; INVESTOR ATTENTION; CROSS-SECTION; RISK; PREDICTABILITY; VOLATILITY; PRICES; IMPACT; SAMPLE"	"Huang, YS; Ma, F; Bouri, E; Huang, DS"	INTERNATIONAL REVIEW OF FINANCIAL ANALYSIS	2023	10.1016/j.irfa.2023.102656	1057-5219	Article	Business, Finance	Business & Economics	F4IJ8
C_low_priority	11	exclude			Q1	Q1 analytical/modeling	analytical/modeling context	"market; volatility; COVID; analytical/modeling; target region"	Spillovers and connectedness between Chinese and ASEAN stock markets during bearish and bullish market statuses	PurposeThis study aims to examine the tail connectedness between the Chinese and Association of Southeast Asian Nations (ASEAN) stock markets. More specifically, the authors measure the return spillovers at three quantile levels: median (t = 0.5), lower extreme (t = 0.05) and upper extreme (t = 0.95). The connectedness at extreme upper and lower quantiles provides insightful information to investors regarding tail risk propagation, which ultimately suggests that investors adjust their portfolios according to the extreme bullish and bearish market conditions.Design/methodology/approachThe authors employ the quantile connectedness approach of Ando et al. (2022) to examine the quantile transmission mechanism among the ASEAN and Chinese stock markets.FindingsThe results show significant evidence of a higher level of connectedness between Chinese and ASEAN stock markets at extreme upper and lower quantiles compared to the median quantiles, which suggests the use of a quantile-based connectedness approach instead of an average-measure-based one. Furthermore, the time-varying connectedness analysis shows that the total spillovers reach the highest peaks during the global financial crisis, the Chinese stock market crash and the COVID-19 pandemic at the upper, lower and median quantiles. Finally, the static and dynamic pairwise spillovers between the Chinese and ASEAN markets vary over quantiles as well.Originality/valueThis study is the first attempt to examine quantile vector autoregression (VAR)-based return spillovers between China and ASEAN stock markets during different market statuses. Besides, the COVID-19 has intensified the uncertainty in Asian countries, mainly China and ASEAN economies.	"Quantile spillovers; Tail connectedness; ASEAN stocks; Asymmetry; COVID-19 pandemic; C40; F36; G14"	"GLOBAL FINANCIAL CRISIS; IMPULSE-RESPONSE ANALYSIS; VOLATILITY SPILLOVERS; TAIL DEPENDENCE; TIME-SERIES; REGIONAL-INTEGRATION; RISK SPILLOVERS; CO-MOVEMENTS; UNIT-ROOT; US"	"Yousaf, I; Mensi, W; Vo, XV; Kang, SH"	INTERNATIONAL JOURNAL OF EMERGING MARKETS	2024	10.1108/IJOEM-07-2022-1194	1746-8809	Article	"Business; Economics; Management"	Business & Economics	K4P0P
C_low_priority	11	exclude			Q1	Q1 analytical/modeling	analytical/modeling context	"market; volatility; COVID; analytical/modeling; target region"	What impacts foreign capital flows to China?s stock markets? Evidence from financial risk spillover networks	"This study investigates the spillover effects between foreign capital in China's stock market and 11 other financial assets (e.g., major stock markets, financial products, and interest rates). Employing the Diebold-Yilmaz framework (VAR- and QVAR based) and a complex network approach, we found that China's stock market foreign capital is significantly connected to in-ternational markets; the U.S., Hong Kong, and the U.K. were the top net risk transmitters. Moreover, money flows were subject to global instability and emergencies, including Brexit, the Sino-US trade war, and the COVID-19 pandemic. The operation of the Northward Fund is sometimes ahead of many developed markets, indicating that capital movement was somehow Smart Money. Our study provides a new idea for risk warning and systematic risk prevention."	"Capital flow; Spillover analysis; Financial network; Tail risk"	"CONTAGION; VOLATILITY; SHANGHAI; LIBERALIZATION; INTEGRATION; INVESTMENT; CRISIS; CONNECTEDNESS; FUNDAMENTALS; DYNAMICS"	"Xu, H; Li, SS"	INTERNATIONAL REVIEW OF ECONOMICS & FINANCE	2023	10.1016/j.iref.2023.02.010	1059-0560	Article	"Business, Finance; Economics"	Business & Economics	C6AE6
C_low_priority	11	exclude			Q1	Q1 analytical/modeling	analytical/modeling context	"market; volatility; COVID; analytical/modeling; target region"	COVID-19 crisis and risk spillovers to developing economies: Evidence from Africa	This study provides new evidence on how risk spillovers occur from the United States to developing economies in Africa during the COVID-19 pandemic. The results show that downside risk exposures of African markets, financial firms and banks particularly increased during Phase I (30 January to 30 April 2020). The nature and magnitude of downside risk exposures of African financial markets were similar to those of the United States. Our results also reveal that the United States is a net transmitter of risk spillovers while Nigeria, South Africa, Egypt and Morocco are net recipients. Our conclusions offer guidance to risk managers, policymakers and investors.	"Africa; COVID-19; developing economies; risk spillovers; spectral risk measure; value at risk"	"STOCK-MARKET CONTAGION; VALUE-AT-RISK; FINANCIAL CONTAGION; VOLATILITY SPILLOVERS; EXPECTED SHORTFALL; US; CURRENCY; TRANSMISSION; RETURN; EXPECTATIONS"	"Akhtaruzzaman, M; Benkraiem, R; Boubaker, S; Zopounidis, C"	JOURNAL OF INTERNATIONAL DEVELOPMENT	2022	10.1002/jid.3634	0954-1748	Article	Development Studies	Development Studies	1L4JR
C_low_priority	11	exclude			Q1	Q1 analytical/modeling	analytical/modeling context	"market; volatility; COVID; analytical/modeling; target region"	Research on the dynamic spillover of stock markets under COVID-19-Taking the stock markets of China, Japan, and South Korea as an example	Examining stock market interactions between China (mainland China and Hong Kong), Japan, and South Korea, this study employs a framework that includes 239 economic variables to identify the spillover effects among these three countries, and empirically simulates the dynamic time-varying non-linear relationship between the stock markets of different countries. The findings are that in recent decades, China's stock market relied on Hong Kong's as a window to the exchange of price information with Japan and South Korea. More recently, the China stock market's spillover effect on East Asia has expanded. The spread of the crisis has strengthened co-movement between the stock markets of China, Japan, and South Korea.	"spillover effects; stock market; financial integration; SV-TVP-FAVAR; COVID-19"	"VOLATILITY SPILLOVERS; INTEGRATION; EQUITY; COINTEGRATION; NETWORK; RETURN; ASIA"	"Zhou, BC; Yin, QS; Wang, S; Li, TY"	FRONTIERS IN PUBLIC HEALTH	2022	10.3389/fpubh.2022.1008348		Article	Public, Environmental & Occupational Health	Public, Environmental & Occupational Health	6N7MB
C_low_priority	11	exclude			Q1	Q1 analytical/modeling	analytical/modeling context	"market; volatility; COVID; analytical/modeling; target region"	Risk Connectedness among International Stock Markets: Fresh Findings from a Network Approach	"In this study, we analyze the upside and downside risk connectedness among international stock markets. We characterize the connectedness among international stock returns using the Diebold and Yilmaz spillover index approach and compute the upside and downside value-at-risk. We document that the connectedness level of the downside risk is higher than that of the upside risk and stock markets are more sensitive when the stock market declines. We also find that specific periods (e.g., the global financial crisis, the European debt crisis, and the COVID-19 turmoil) intensified the spillover effects across international stock markets. Our results demonstrate that DE, UK, EU, and US acted as net transmitters of dynamic connectedness; however, Japan, China, India, and Hong Kong acted as net receivers of dynamic connectedness during the sample period. These findings provide significant new information to policymakers and market participants."	"risk connectedness; value-at-risk; international stock market; extreme risk"	"IMPULSE-RESPONSE ANALYSIS; VOLATILITY SPILLOVERS; DYNAMICS; CHINESE; MODELS; RETURN; BAD"	"Choi, KH; Yoon, SM"	SYSTEMS	2023	10.3390/systems11040207		Article	Social Sciences, Interdisciplinary	Social Sciences - Other Topics	E8TX8
C_low_priority	11	exclude			Q1	Q1 analytical/modeling	analytical/modeling context	"market; volatility; COVID; analytical/modeling; target region"	Pre- and Post-COVID-19: The Impact of US, UK, and European Stock Markets on ASEAN-5 Stock Markets	This study investigates the relationship between closing-opening prices of stocks in the US, UK, and European markets and the prices of stocks in the five Association of Southeast Asian Nations (ASEAN-5) markets, a group consisting of five founding members, namely, Indonesia, Malaysia, the Philippines, Singapore, and Thailand. In particular, this study examines the impact of US, UK, and European stock market movements on ASEAN-5 stock markets before and during the COVID-19 pandemic. An autoregressive distributed lag (ARDL) bounds testing approach was employed on two independent data sets, representing prices of stocks before and during the COVID-19 pandemic. The results reveal that among the ASEAN-5 markets, only the Philippines had a cointegration relationship with the US, UK, and European markets before the crisis. However, almost all ASEAN-5 markets moved in tandem with the US, UK, and European markets during COVID-19, except for Thailand. These empirical findings also indicate that the stock markets in the two regions tended to co-move during the COVID-19 pandemic, implying a contagion effect. Further, the causality results also provide substantial evidence of contagion between markets during the pandemic. These results imply that the stock markets in ASEAN-5 are susceptible at the opening bell to the behaviour of US, UK, and European stocks. Therefore, investors or traders in ASEAN-5 should participate in foreign markets (other than the US, UK, and Europe) that do not exhibit cointegration relationships to better mitigate and manage risk at the opening bell, especially during a global crisis.	"COVID-19; stock markets; closing-opening prices; ARDL; ASEAN-5; US; UK; European"	"UNITED-STATES; INTERNATIONAL TRANSMISSION; OCTOBER 1987; TIME-SERIES; COINTEGRATION; INTERDEPENDENCE; VOLATILITY; WORLD; RISK"	"Jamil, I; Kogid, M; Lim, TS; Lily, J"	INTERNATIONAL JOURNAL OF FINANCIAL STUDIES	2023	10.3390/ijfs11020054	2227-7072	Article	Business, Finance	Business & Economics	K3CB7
C_low_priority	11	exclude			Q1	Q1 analytical/modeling	analytical/modeling context	"market; volatility; COVID; analytical/modeling; target region"	Does foreign equity investment impact the spillover effect of industries in China?	"This study aims to systematically investigate the impact of foreign equity investment on the spillover across industries in China, both in terms of the contagion path and persistence of shocks and the performance during the COVID-19 pandemic. We use daily data on returns covering 2014 to 2022 and apply linear and non-linear causality tests and spillover framework. Our findings show that the two proxies of foreign investment, net buying and & UDelta; Net Buying, significantly shock the spillover across 11 industry indexes of China's stock market, particularly the spillover output and long-term spillover received of sectors. During the COVID-19 pandemic, international investors are bullish on China's economy reflected in the continuous inflow of northbound trading, and the short-run influence on China's stock market is weakened, while the long-run impact remains. Moreover, financial networks suggest that the path of movement international capital movement to accomplish overall contagion through shock in certain specific industries. Overall, this study evidence that the northbound trading generally overlooked by researchers is indeed an important channel of financial contagion to China's stock market."	"Financial contagion; Foreign equity investment; China's industries; Spillover effects; Causality test"	"SHANGHAI-HONG KONG; STOCK-MARKET; FINANCIAL LIBERALIZATION; CONTAGION; INTEGRATION; US; VOLATILITY; INTERDEPENDENCE; CONNECTEDNESS; DYNAMICS"	"Xu, H; Li, SS; Tian, ZH"	NORTH AMERICAN JOURNAL OF ECONOMICS AND FINANCE	2023	10.1016/j.najef.2023.101955	1062-9408	Article	"Business, Finance; Economics"	Business & Economics	K3HO8
C_low_priority	11	exclude			Q1	Q1 analytical/modeling	analytical/modeling context	"market; volatility; COVID; analytical/modeling; target region"	Dynamic connectedness between stock markets in the presence of the COVID-19 pandemic: does economic policy uncertainty matter?	This study investigates the dynamic connectedness between stock indices and the effect of economic policy uncertainty (EPU) in eight countries where COVID-19 was most widespread (China, Italy, France, Germany, Spain, Russia, the US, and the UK) by implementing the time-varying VAR (TVP-VAR) model for daily data over the period spanning from 01/01/2015 to 05/18/2020. Results showed that stock markets were highly connected during the entire period, but the dynamic spillovers reached unprecedented heights during the COVID-19 pandemic in the first quarter of 2020. Moreover, we found that the European stock markets (except Italy) transmitted more spillovers to all other stock markets than they received, primarily during the COVID-19 outbreak. Further analysis using a nonlinear framework showed that the dynamic connectedness was more pronounced for negative than for positive returns. Also, findings showed that the direction of the EPU effect on net connectedness changed during the pandemic onset, indicating that information spillovers from a given market may signal either good or bad news for other markets, depending on the prevailing economic situation. These results have important implications for individual investors, portfolio managers, policymakers, investment banks, and central banks.	"Stock markets; Dynamic connectedness; COVID-19 pandemic; Economic policy uncertainty; TVP-VAR model"	"VOLATILITY SPILLOVERS; CONTAGION; RETURNS"	"Youssef, M; Mokni, K; Ajmi, AN"	FINANCIAL INNOVATION	2021	10.1186/s40854-021-00227-3		Article	"Business, Finance; Social Sciences, Mathematical Methods"	"Business & Economics; Mathematical Methods In Social Sciences"	QO3KL
C_low_priority	11	exclude			Q1	Q1 analytical/modeling	analytical/modeling context	"market; volatility; COVID; analytical/modeling; target region"	Chinese stock market integration with developed world: A portfolio diversification analysis	This study investigates integration dynamics between the Chinese stock market and major developed counterparts - Australia, Germany, Japan, the UK, and the US - focusing on portfolio diversification. Using a comprehensive analytical approach from 2012 to 2022, encompassing events like the Belt and Road Initiative, the Shanghai market crash, US -China trade tensions, and the COVID-19 pandemic, the research employs descriptive statistics, unit root tests, cointegration analysis, and VECM-based Granger Causality Tests. Findings indicate modest integration, endorsing diversified portfolios for developed country investors due to higher returns in China with acceptable risk. Unit root analysis confirms cointegration with developed indices, indicating relatively low integration. Granger Causality Tests reveal bidirectional causality, emphasizing mutual influence. Notably, no causal link exists between the US and China, possibly due to regulatory disparities and the trade war. The study enhances understanding of Chinese stock market dynamics, supporting global economic intertwining and urging further openness of China ' s domestic shares for economic growth.	"Cointegration; Portfolio diversification; Major trading partners; Stock market integration; VECM-based granger causality test; Short-run granger causality"	"FINANCIAL INTEGRATION; VOLATILITY SPILLOVERS; US; BENEFITS; RISK; CONTAGION; CAUSALITY; LINKAGES; CRISIS; TRADE"	"Sher, A; An, HZ; Khan, MK; Sagi, J"	HELIYON	2024	10.1016/j.heliyon.2024.e29413		Article	Multidisciplinary Sciences	Science & Technology - Other Topics	SP2U5
C_low_priority	11	exclude			Q1	Q1 analytical/modeling	analytical/modeling context	"market; volatility; COVID; analytical/modeling; target region"	Risk contagion of global stock markets under COVID-19:A network connectedness method	COVID-19 spread throughout the world during 2020, bringing an increase in global financial risk. We use connectedness network to investigate the risk contagion among global stock markets during the COVID-19 pandemic and analyse its source. Furthermore, we use spectrum analysis to explore the risk contagion effects on different frequency bands, which allows us to explore its speed and channels. We find that the United Kingdom and Italy are core transmitters of risks, and connectedness is mainly driven by low-frequency components, which demonstrates that the risks are spread by affecting supply chains in global markets and investors' long-term expectations for the economy.	"COVID-19; Risk contagion; Connectedness network; Spectral analysis; COVID-19; Risk contagion; Connectedness network; Spectral analysis"	"VOLATILITY SPILLOVERS; FREQUENCY DYNAMICS"	"Yu, HH; Chu, WY; Ding, Y; Zhao, XZ"	ACCOUNTING AND FINANCE	2021	10.1111/acfi.12775	0810-5391	Article	Business, Finance	Business & Economics	XL5MY
C_low_priority	11	exclude			Q1	Q1 analytical/modeling	analytical/modeling context	"market; volatility; COVID; analytical/modeling; target region"	COVID-19 and overconfidence bias: the case of developed, emerging and frontier markets	Purpose The main purpose of the present study is to delve into the overconfidence bias in global stock markets during both pre COVID-19 and COVID-19 phases. Design/methodology/approach The present study makes use of daily adjusted closing prices and volume of the broad market indices of 46 global stock markets over a period ranging from July 2015 till June 2020. The sample period is split into pre COVID-19 and COVID-19 phases. In order to test the overconfidence fallacy in the chosen stock markets, bivariate market-wide vector auto regression (VAR) models and impulse response functions (IRFs) have been employed in both phases. Findings A highly significant contemporaneous relationship between market return and volume appears to be more pronounced in the Japanese, US, Chinese and Vietnamese stock markets in the pre COVID-19 era for the relevant coefficients are positive and highly significant for most lags. Coming to the period of turbulence, the present study discovers strong overconfident behavior in the Chinese, Taiwanese, Turkish, Jordanian and Vietnamese stock markets during COVID-19 phase. Practical implications A stark finding is that none of the developed stock markets reveal strong overconfidence bias during pandemic, suggesting a loss or decline in the investors' confidence. Therefore, the regulators should try to regain the investors' trust and confidence in the markets by ensuring honest, fair and transparent practices. The money managers should reduce the transaction cost to encourage trading and educate investors to hold a well-diversified portfolio to mitigate risk in the long run. The governments may launch recovery packages focusing on sustaining and improving economic activities. Finally, a better investment culture may be built by the corporate houses through good corporate governance practices to regain lost trust. Originality/value The present study appears to be the very first attempt to gauge overconfidence bias in the wake of a recent COVID-19 pandemic.	"Overconfidence; COVID-19; Vector auto regression; Impulse response function"	"STOCK-MARKET; FINANCIAL LITERACY; VOLATILITY; UNCERTAINTY; INVESTORS; BEHAVIOR; VOLUME; LIQUIDITY; DYNAMICS; PRICE"	"Shrotryia, VK; Kalra, H"	INTERNATIONAL JOURNAL OF EMERGING MARKETS	2023	10.1108/IJOEM-09-2020-1019	1746-8809	Article	"Business; Economics; Management"	Business & Economics	9M9DJ
C_low_priority	11	exclude			Q1	Q1 analytical/modeling	analytical/modeling context	"market; volatility; COVID; analytical/modeling; target region"	The nexus of conventional, religious and ethical indexes during crisis	This study examines the interconnectedness between conventional and ethical indexes. Using a Bayesian graphical vector autoregressive model, we derive the contemporaneous and temporal interdependencies among these stock index returns before and during the Covid-19 pandemic. Our model specification strategy combines vector autoregressive models with networks. The findings provide empirical evidence of increased interconnectedness during the Covid-19 period across all networks. Notably, the religious and FTSE Islamic networks exhibited greater resilience during the pandemic. This could be attributed to the rigorous screening processes for religious portfolios, which focus on lower-leveraged equity stocks, contributing to their stability. Additionally, our results show that the Covid-19 crisis affected network density and the roles of key player shock transmitter entities, as indicated by changes in hub and authority scores, with new key players emerging during the crisis.	"Covid-19; Conventional; Ethical; Islamic; Stock index; Networks; VAR"	"CORPORATE SOCIAL-RESPONSIBILITY; VOLATILITY SPILLOVER; PERFORMANCE; SIN; CONNECTEDNESS; MARKETS; RISK; TRANSMISSION; FINANCE; IMPACT"	"Abdelsalam, O; Ahelegbey, DF; Essanaani, Y"	JOURNAL OF INTERNATIONAL FINANCIAL MARKETS INSTITUTIONS & MONEY	2024	10.1016/j.intfin.2024.102027	1042-4431	Article	"Business, Finance; Economics"	Business & Economics	D0W8X
C_low_priority	11	exclude			Q1	Q1 analytical/modeling	analytical/modeling context	"market; volatility; COVID; analytical/modeling; target region"	Sovereign contagion risk measure across financial markets in the eurozone: a bivariate copulas and Markov Regime Switching ARMA based approaches	This paper analyzes sovereign risk contagion across financial markets in the eurozone during and after the European debt crisis. A particular focus is made on the causal impact of pre-Brexit and Covid-19 pandemic on the dependence between European markets. We use data set from 28 February 2008 to 11 March 2021 and combine copulas and MRS-ARMA techniques to measure dependence across financial markets and assessing asymmetric dependence structure and regime switching process. We develop a dynamic Kendall's tau correlation and provide evidence of time-varying dependence structure between several pairwise markets. The dependence structure shows a sharp rise on 23 June 2016, day of the referendum on Brexit. Results indicates that Covid-19 pandemic has intensified dependence and sovereign risk spillovers between sovereign CDS European markets. Significant time-varying characteristics of dynamic dependence structures suggests that fund managers and investors should consider in their investment strategies to manage systemic risk and high-risk investment. The identification of dependence structure regime between global financial markets would enhance response to major crises by investors and policy makers.	"Pre-brexit; Covid-19 pandemic; Sovereign risk contagion; Copula's approach; Markov switching regime; ARMA models"	"CONDITIONAL HETEROSKEDASTICITY; VOLATILITY; EQUITY; TRANSMISSION; SPILLOVERS; BANKING; INTERDEPENDENCE; VARIANCE; RETURNS; SPREADS"	"Bouker, S; Mansouri, F"	REVIEW OF WORLD ECONOMICS	2022	10.1007/s10290-021-00440-3	1610-2878	Article	"Economics; International Relations"	"Business & Economics; International Relations"	0S7BS
C_low_priority	10	exclude			Q1	Q1 analytical/modeling	analytical/modeling context	"market; volatility; COVID; analytical/modeling"	Covid-19 and heuristic biases: evidence from India	Stock markets worldwide have witnessed high volatility during the year 2020 owing to the eruption of Covid-19. Due to the world's unprecedented economic challenges, this study could potentially guide financial advisors and individual investors in dealing with pandemics. An association between investors' perception toward the intensity of Covid-19 and heuristic biases is analyzed using the responses of 290 stock investors of National Capital Region (NCR), India. The data are validated through Cronbach's alpha, and the model fit is analyzed using EFA. Confirmatory factor analysis (CFA) is employed to investigate the relationship between Covid-19 and heuristic biases. Covid-19 does not have any influence on the overconfidence of investors. A significant positive relationship is found between Covid-19 and the remaining three heuristics, i.e., availability, anchoring, and representativeness. The present study analyzes the association between Covid-19 and specific investors' bias only and should not be interpreted for causality. The study has the potential to guide investors in understanding the errors they are making while investing during the pandemic and the ways to deal with them. The study could provide insights to the financial advisors in understanding their customers. The implications of the study may include inputs of the errors committed by them during the pandemic. Despite the fact that an enormous amount of literature exists in the field of investors' sentiment, a scarcity of literature is available that measures the relationship between heuristic biases and the perceived impact of the pandemic. The current study attempts to fill this gap in the literature.	"Availability; Anchoring; Representativeness; Overconfidence; Covid-19"	"INVESTMENT DECISION-MAKING; BEHAVIORAL BIASES; STOCK-MARKET; INVESTORS; INFORMATION; PERFORMANCE; OVERCONFIDENCE; UNDERREACTION; IMPACT"	"Kathpal, S; Akhtar, A; Zaheer, A; Khan, MN"	JOURNAL OF FINANCIAL SERVICES MARKETING	2021	10.1057/s41264-021-00116-x	1363-0539	Article	Business	Business & Economics	WW5UW
C_low_priority	10	exclude			Q1	Q1 analytical/modeling	analytical/modeling context	"market; volatility; COVID; analytical/modeling"	Sectorial Connectivity Behavior in Times of Turmoil: A Comparison of a Geopolitical and Health Crises	This research investigates the network connectivity of Qatar's stock market during periods of volatility. It shows how connectivity between sectors altered prior to, during, and after the lockdown, as well as after the peak of the COVID-19 pandemic. To do this, we employed a Bayesian Time-Varying Parameter Vector Autoregressive (TVP-VAR) connectedness approach, which permits us to display stock market contagion over time. We also employ a quantile analysis, allowing for the capture of the dynamic connectedness among sectors under heterogeneous market conditions and checking the robustness of the TVP-VAR findings. The analysis of daily sector index data from April 1, 2007, to October 20, 2021, reveals that the geopolitical crisis significantly increased sectoral connectedness more than the health crisis, shifting network patterns during periods of high market volatility. This paper contributes to the literature by being the first to specifically compare the influence of these two crisis types on the connectedness patterns of Qatar's market, employing innovative methodologies to offer deeper insights into the time-varying nature of market contagions. The findings provide substantial implications for policymakers and investors regarding crisis management and investment strategies.	"Sectoral connectedness; COVID-19 pandemic; geopolitical crisis; financial crises; G14; J15"	"IMPULSE-RESPONSE ANALYSIS; FINANCIAL CRISIS; SYSTEMIC RISK; NETWORK; VOLATILITY; CONNECTEDNESS; SPILLOVERS; CONTAGION; IMPACT; GROWTH"	"El Omari, S; Benlagha, N; Basha, STA"	EMERGING MARKETS FINANCE AND TRADE	2025	10.1080/1540496X.2025.2482731	1540-496X	Article	"Business; Economics; International Relations"	"Business & Economics; International Relations"	7PG0M
C_low_priority	10	exclude			Q1	Q1 analytical/modeling	analytical/modeling context	"market; volatility; COVID; analytical/modeling"	US Climate Shocks: The Double Risk for the Global Financial Stability	The persistent uncertainty surrounding the Trump administration's commitment to addressing climate change raises concerns that global financial stability could be compromised through spillovers from US climate-related risks. This study examines this hypothesis by analyzing the dynamic interactions between global financial instability and US climate risks using nonlinear time-varying connectedness based on a TVP-VAR framework and VAR-based local projection causality methods. It distinguishes between physical and transition risks and considers various forms of systemic financial stress at the global level, including banking and funding stress, equity market stress, safe asset stress, and market volatility, in order to inform the prediction of future global financial instability. Our findings highlight that global financial instability reacts differently depending on the nature of US climate risks. We show that transition risks have stronger predictive relationships than physical risks on global financial stability, especially after major events such as the Paris Agreement and the COVID-19 pandemic. Whereas US physical risks tend to propagate instability via safe asset markets, transition risks exert more direct pressure on credit and equity markets. In particular, safe asset markets, which absorb shocks under US physical risks, can also transmit these shocks to credit and equity markets under transition risks. This suggests the presence of flight-to-safety versus flight-to-quality behaviors among global investors, depending on the specific type of US climate risks. Overall, these findings show how climate-based financial mechanisms can strengthen early-warning signals that inform the forecasting of systemic financial risk.	"climate risks; dynamic connectedness; early-warning indicators; financial stability; physical risks; transition risks; VAR local projections"		"Gaies, B; Bruna, M"	JOURNAL OF FORECASTING	2026	10.1002/for.70117	0277-6693	Article	"Economics; Management"	Business & Economics	IZ6YP
C_low_priority	10	exclude			Q1	Q1 analytical/modeling	analytical/modeling context	"market; volatility; COVID; analytical/modeling"	Unit roots in lower-bounded series with outliers	"This study examines a unit root process in lower-bounded time series with additive outliers. A standard unbounded unit root test may be unsuitable when applied to nonnegative or lower-bounded data; therefore, lower-bounded unit root tests that handle outliers are proposed. The results demonstrate that these tests reject less frequently the null hypothesis of unit root because of a nuisance parameter associated with the lower bound, either in homoskedastic or heteroskedastic settings. The empirical study of inflation and stock market volatility in South America reveals the presence of outliers related to the hyperinflation crisis and stock markets owing to multiple shocks, such as the recent COVID-19 pandemic. Moreover, these series cannot reject the unit root hypothesis if the lower bound is considered."	"Lower-bounded process; Unit root tests; Outliers; Inflation; Volatility"	"TIME-SERIES; ADDITIVE OUTLIERS; TESTS; VOLATILITY; PARAMETERS; SELECTION; MODELS; BREAKS; CRASH"	Alanya-Beltran, W	ECONOMIC MODELLING	2022	10.1016/j.econmod.2022.105984	0264-9993	Article	Economics	Business & Economics	5A8YB
C_low_priority	10	exclude			Q1	Q1 analytical/modeling	analytical/modeling context	"market; volatility; COVID; analytical/modeling"	Quantile-based spillover connectedness among stochastic volatilities of ESG equities, Islamic and conventional stocks with implications for portfolio management	PurposeThis study aims to investigate the relationship between stock markets, environmental, social and governance (ESG) factors and Shariah-compliant in an integrated framework.Design/methodology/approachThe authors employ the multivariate factor stochastic volatility (mvFSV) framework to extract the volatility of the different sectoral indices. Based on this evidence, the authors employ the quantile vector autoregressive (QVAR) approach to examine the dynamic spillover connectedness among the aforementioned indices.FindingsThe study emphasizes the following major findings: (1) significant time-varying spillover connectedness across quantiles, (2) bidirectional and asymmetric spillover effect among the ESG index and the other sectoral indices, (3) the strength of spillover connectedness is time-varying across quantiles, (4) based on the perspective of portfolio optimization, ESG market is a significant strong forecasting contributor to conventional and Shariah-compliant markets, (5) overall, the findings point out serious quantile pass-through effect among ESG index and the other sectoral indices during the COVID-19 health crisis.Originality/valueThis study extends the previous literature in the following ways. First, to the best of the researchers' knowledge, none of the existing studies have investigated the relationship between stock markets, ESG factors and Shariah-compliant in an integrated framework. Second, this study extends the previous scholarships by applying the mvFSV. Third, the authors propose a new rolling version to estimate dynamic spillovers, namely the rolling-window quantile VAR method. This approach provides a great advantage in computing the dynamics of return and variance spillover between variables in terms not only of the overall factor but also of the net (pairwise) aspect.	"Volatility; Spillover connectedness; ESG index; Shariah-compliant; Portfolio diversification"	"SOCIALLY RESPONSIBLE INVESTMENT; SRI FUNDS; RISK; PERFORMANCE; DEBT; FIRMS; COST; INVESTORS; BANKING; CRISIS"	"Asl, MG; Khalfaoui, R; Tavakkoli, HR; Ben Jabeur, S"	INTERNATIONAL JOURNAL OF EMERGING MARKETS	2024	10.1108/IJOEM-03-2022-0362	1746-8809	Article	"Business; Economics; Management"	Business & Economics	N1I9G
C_low_priority	10	exclude			Q1	Q1 analytical/modeling	analytical/modeling context	"market; volatility; COVID; analytical/modeling"	Structural Breaks as Investment Signals: BFAST vs. CUSUM in Quitos Stock Market During COVID-19 Pandemic	This study investigates the potential of structural break detection in stock price time series as a tool for investment decision-making in emerging markets. Operating under the hypothesis that structural breaks reflect shifts in underlying price trends, we conduct an empirical analysis of investment performance in the Quito Stock Exchange (QSE) using monthly average prices from 2013 to 2022 for the ten most actively traded companies, selected for their transaction volume and sectoral representativeness. Importantly, this period coincided with the COVID-19 pandemic, providing a natural context to explore how structural breaks behave under heightened market volatility. Two algorithmsCUSUM and BFASTare applied and compared in terms of their ability to identify actionable breakpoints and generate profitable buy/sell signals. Results show that BFAST, originally developed for remote sensing applications, consistently outperforms CUSUM: it detects a higher proportion of successful signals, yields stronger average returns over a six-month evaluation window (+17% in the financial sector and+18.75% in the productive/commercial sector), and achieves superior risk-adjusted performance as measured by Sharperatios. Statistical validation using the Wilcoxon signed-rank test confirms the significance of BFASTs advantage (p = 0.004).Taken together, these findings position BFAST as a robust and economically relevant tool for financial time-series analysis, extending its utility beyond traditional domains and offering investors a methodologically sound framework for decision-making in volatile market environments.	"Market research; Investment; Companies; Time series analysis; COVID-19; Pandemics; Economics; Stock markets; Decision making; Standards; BFAST; CUSUM; Time Series Analysis; Structural Break; Stock Markets"	"TESTS; PARAMETER; VOLATILITY; LANDSAT"	"Quintero, C; Andrade, A; Mu?oz, E"	IEEE LATIN AMERICA TRANSACTIONS	2026	10.1109/TLA.2026.11435565	1548-0992	Article	"Computer Science, Information Systems; Engineering, Electrical & Electronic"	"Computer Science; Engineering"	FH0ID
C_low_priority	10	exclude			Q1	Q1 analytical/modeling	analytical/modeling context	"market; volatility; COVID; analytical/modeling"	Temporal Theil scaling in diffusive trajectory time series	Temporal fluctuation scaling (TFS) is a power-law relation between the variance (Xi) and the mean (Upsilon) which is present in cumulative time series Taking into account that Theil index (T) can be assumed as a measure of dispersion and considering diffusive trajectory time series, we find a power-law relation between T and Upsilon of the form T similar to (1 - c Upsilon)(beta), which we call temporal Theil scaling (TTS). Specifically, by analyzing data of volatility and absolute log-return for 24 nonstationary time series of financial markets, meteorology, and COVID-19 spread, we find that TTS is present in diffusive trajectory time series, while TFS is not present. Furthermore, we show that the power-law relation of TTS has a form that is similar to the relation between order parameter and temperature, which is found in the Ginzburg-Landau theory when the nontrivial critical points of an energy functional F-eta,F-delta containing arbitrary powers eta and delta of the order parameter are calculated.		"INEQUALITY; FLUCTUATIONS; LAW"	"Abril, FS; Quimbay, CJ"	PHYSICAL REVIEW E	2022	10.1103/PhysRevE.106.014117	2470-0045	Article	"Physics, Fluids & Plasmas; Physics, Mathematical"	Physics	3F2NZ
C_low_priority	10	exclude			Q1	Q1 analytical/modeling	analytical/modeling context	"market; volatility; COVID; analytical/modeling"	Volatility Spillovers and Network Connectedness Among Saudi Stock Market Sectors	"Despite the growing importance of the Saudi capital market, sectoral-level volatility connectedness within Tadawul remains largely unexplored. This study contributes to the literature by applying the Diebold-Y & imath;lmaz framework to examine volatility connectedness across 16 Tadawul sectors over the period January 2017 to December 2024. Total, directional, and net pairwise volatility spillovers are quantified from daily closing prices using a VAR(4) model combined with generalized forecast error variance decomposition. The static analysis reveals a high overall connectedness of 80.49%, indicating that cross-sectoral spillovers account for the majority of volatility fluctuations. Materials, Transportation, and Real Estate Management and Development are identified as the dominant net transmitters of volatility, while Utilities and Telecommunication Services are persistent net receivers. The dynamic analysis shows that sectoral connectedness is highly time-varying, peaking at 93.70% during the COVID-19 period, with additional episodes of elevated spillovers during 2022-2023. The network analysis reveals that the strongest pairwise linkages exist among Materials, Transportation, Real Estate Management and Development, and Banks, forming the core of the spillover network. While block-bootstrap results reinforce the identification of dominant net transmitters and receivers, they reveal substantial uncertainty in the rank-order of intermediate sectors, necessitating a more nuanced interpretation. The results are robust to alternative rolling window sizes and forecast horizons. These findings have important implications for portfolio diversification, sectoral risk monitoring, and macroprudential policy in the Saudi capital market."	"volatility spillovers; sectoral connectedness; Diebold-Y & imath;lmaz approach; Saudi stock market; Tadawul; Vision 2030; emerging markets; financial connectedness; rolling window; network analysis"	IMPULSE-RESPONSE ANALYSIS	Bin Ateeq, YA	ECONOMIES	2026	10.3390/economies14050191		Article	Economics	Business & Economics	IL2SL
C_low_priority	10	exclude			Q1	Q1 analytical/modeling	analytical/modeling context	"market; volatility; COVID; analytical/modeling"	Rare Disaster Events, Growth Volatility, and Financial Liberalization: International Evidence	Purpose - This paper elucidates a nexus between the occurrence of rare disaster events and the volatility of economic growth by distinguishing the likelihood of rare events from stochastic volatility. We provide new empirical facts based on a quarterly time series. In particular, we focus on the role of financial liberalization in spreading the economic crisis in developing countries. Design/methodology - We use quarterly data on consumption expenditure (real per capita consump-tion) from 44 countries, including advanced and developing countries, ending in the fourth quarter of 2020. We estimate the likelihood of rare event occurrences and stochastic volatility for countries using the Bayesian Markov chain Monte Carlo (MCMC) method developed by Barro and Jin (2021). We present our estimation results for the relationship between rare disaster events, stochastic volatility, and growth volatility. Findings - We find the global common disaster event, the COVID-19 pandemic, and thirteen country-specific disaster events. Consumption falls by about 7% on average in the first quarter of a disaster and by 4% in the long run. The occurrence of rare disaster events and the volatility of gross domestic product (GDP) growth are positively correlated (4.8%), whereas the rare events and GDP growth rate are negatively correlated (-12.1%). In particular, financial liberalization has played an important role in exacerbating the adverse impact of both rare disasters and financial market instability on growth volatility. Several case studies, including the case of South Korea, provide insights into the cause of major financial crises in small open developing countries, including the Asian currency crisis of 1998. Originality/value - This paper presents new empirical facts on the relationship between the occurrence of rare disaster events (or stochastic volatility) and growth volatility. Increasing data frequency allows for greater accuracy in assessing a country's specific risk. Our findings suggest that financial market and institutional stability can be vital for buffering against rare disaster shocks. It is necessary to preemptively strengthen the foundation for financial stability in developing countries and increase the quality of the information provided to markets.	"Bayesian MCMC; Financial Liberalization; Growth Volatility; Rare Disaster Events; Stochastic Volatility"	"LONG-RUN; CRISES; RISK"	Choi, B	JOURNAL OF KOREA TRADE	2023	10.35611/jkt.2023.27.2.96		Article	Economics	Business & Economics	G3TX2
C_low_priority	10	exclude			Q1	Q1 analytical/modeling	analytical/modeling context	"market; volatility; COVID; analytical/modeling"	Permanent and Transitory Volatility Spillovers Between Conventional and Islamic Stock Indices During the SARS-CoV-2 Pandemic	This study examines the existence and nature of volatility spillovers between conventional and Islamic stocks indices in the context of the SARS-CoV-2 pandemic. By augmenting the Hafner and Herwartz methodology with the integration of Fourier terms in the test equations, we identify both unidirectional and bidirectional volatility spillovers, predominantly of a permanent nature, across these indices. The results suggest that the SARS-CoV-2 pandemic has challenged the traditional perception of Islamic stocks as safe havens. The robustness tests, incorporating the traditional Hafner and Herwartz and frequency domain causality tests, confirm the validity of our main findings by demonstrating that volatility spillovers between Islamic and conventional stock markets are persistent across 27 out of 38 countries, with the Fourier-augmented Hafner and Herwartz test providing superior detection of spillovers compared to traditional methods. The study has significant implications for individual investors, market professionals and policymakers, underscoring the need for caution when considering safe havens during periods of market instability.	"augmented Hafner and Herwartz causality-in-variance test; conventional stock indices; Islamic stock indices; SARS-CoV-2; volatility spillovers"	"FINANCIAL CRISIS EVIDENCE; MARKETS; RISK; CAUSALITY; TRANSMISSION; CONTAGION; INDUSTRY; IMPACT; RETURN"	"Özer, M; Frömmel, M; Vukovic, DB; Kamisli, M"	INTERNATIONAL JOURNAL OF FINANCE & ECONOMICS	2025	10.1002/ijfe.70081	1076-9307	"Article; Early Access"	Business, Finance	Business & Economics	8XO5Z
C_low_priority	10	exclude			Q1	Q1 analytical/modeling	analytical/modeling context	"market; volatility; COVID; analytical/modeling"	Default risk transmission in the travel and leisure industry	Default risk in the Travel and Leisure (T & L) industry remains understudied despite its implications for the industry's health and stability. This paper investigates the transmission of default risk among US T & L firms over various credit horizons from July 22, 2008 to December 9, 2022, paying special attention to the impact of COVID-19. The short-, medium-, and long-term default risk factors are extracted from the Credit Default Spread (CDS) curve of the US T & L industry then used within a connectedness approach. The results reveal considerable default risk transmission, particularly in the long-term. Default risk transmission has spiked across all horizons since the pandemic, reflecting the deterioration in credit quality of T & L firms under the pandemic. Analysis of the drivers of default risk transmission shows that several macro-financial variables, especially news market sentiment and stock market volatility induced by the pandemic, have an important explanatory role.	"Default risk transmission; COVID-19; Credit Default Spread (CDS) curve; Connectedness approach; US Travel and Leisure industry"	"ECONOMIC-POLICY UNCERTAINTY; IMPULSE-RESPONSE ANALYSIS; SOVEREIGN CONTAGION; TERM STRUCTURE; CDS; IMPACTS; STOCK"	"Shahzad, SJH; Bouri, E; Ferrer, R"	INTERNATIONAL JOURNAL OF HOSPITALITY MANAGEMENT	2023	10.1016/j.ijhm.2023.103525	0278-4319	Article	Hospitality, Leisure, Sport & Tourism	Social Sciences - Other Topics	K0PA4
C_low_priority	10	exclude			Q1	Q1 analytical/modeling	analytical/modeling context	"market; volatility; COVID; analytical/modeling"	Quantile connectedness between social network sentiment and sustainability index volatility: Evidence from the Moroccan financial market	The goal of this paper is to investigate the connectedness between investor sentiment and volatility on the environmental, social, and governance index (ESG) in Morocco. Therefore, on the basis of an investor sentiment index constructed from the X platform, and using quantile and frequency connectedness approaches, the findings reveal a significant connectedness between sentiment and ESG volatility, particularly during turbulent events. Although sentiment acts most of the time as a net receiver of shocks, notably during the COVID-19 pandemic and geopolitical crises, it sometimes becomes a net sender of shocks. Furthermore, the spillovers between sentiment and ESG volatility are determined mainly by the long-term component, especially during extreme events, implying the persistence of shock transmission due to high uncertainty. The results also illustrate the impact of market conditions on the spillovers between sentiment and ESG volatility. The conclusions of this study provide useful guidance for pro-ESG investors, policymakers, and companies.	"COVID-19; ESG; frequency spillovers; quantile connectedness; sustainability"	"IMPULSE-RESPONSE ANALYSIS; PERFORMANCE; UNCERTAINTY; SEARCH"	El Oubani, A	ECONOMICS AND BUSINESS REVIEW	2024	10.18559/ebr.2024.3.1200	2392-1641	Article	Economics	Business & Economics	I3H5C
C_low_priority	10	exclude			Q1	Q1 analytical/modeling	analytical/modeling context	"market; volatility; COVID; analytical/modeling"	COVID-19's Impact on the Travel & Leisure Indices: Volatility Spillover Analysis	The travel and leisure sector is extremely sensitive to fluctuations in economic circumstances, consumer demand, and market volatility. This sector has been greatly affected by the COVID-19 pandemic due to both travel restrictions and social distancing measures that have limited demand. This study aims to examine the impact of COVID-19 on the volatility spillovers of travel and leisure indices in nine significant markets. It examines the differences in spillover effects pre- and during COVID-19, employing comparative analysis. The results show that the pandemic has led to an increase in volatility spillover between travel and leisure indices. Moreover, significant changes are evident in the spillover effects between periods, reflecting the dynamic nature of volatility transmission. The results show that changes in consumer spending and restrictions on international travel in the travel and leisure industry have a bigger impact on volatility spillovers in this sector than on stock exchange indices. These outcomes hold significant implications for sector participants, underscoring the need for resilient strategies to mitigate the impact of global crises on market volatility spillovers.	"Travel and leisure sector; Travel and leisure index; COVID-19; Volatility spillover"	"GLOBAL FINANCIAL CRISIS; STOCK-MARKET; TOURISM; BRICS; INFORMATION; VARIANCE; INDUSTRY; RETURNS; PRICE"	"Sevil, G; Sevil, T; Polat, A; Sevinç, D"	TOURISM ANALYSIS	2025	10.3727/108354224X17271909534517	1083-5423	Article	Hospitality, Leisure, Sport & Tourism	Social Sciences - Other Topics	2SK7C
C_low_priority	10	exclude			Q1	Q1 analytical/modeling	analytical/modeling context	"market; volatility; COVID; analytical/modeling"	Predictability of Stock Price Fluctuations Based on Business Relationships: A Comparison of Normal and the COVID-19 Pandemic Periods in Japan	The stock prices of a company are significantly influenced by changes of its business relationships. However, the effectiveness of stock price prediction based on such inter-firm business relationships has been partially confirmed in limited region and/or timeframe cases. In particular, it has not been verified under highly volatile market conditions such as those caused by the COVID-19 pandemic. To address these issues, we analyzed the impact of supplier-customer relationships on stock prices in the case of the Japanese stock market using The Fama-French three-factor model and publicly available information of business relationships. The subjects were classified into two conditions-normal and COVID-19-and the stock price predictability associated with changes of stock prices of related companies for both short and long holding periods. As a result, the significance of stock price predictability was confirmed on a daily and monthly basis in the given region. In addition, specific factors including a volatile event caused by a customer company, a stock price downturn, and the company size of a customer particularly improved stock price predictability in the pandemic.	"return predictability; stock price fluctuation; customer-supplier relationship; interfirm relationship; COVID-19; risk management"		"Sakamoto, S; Sengoku, S"	SUSTAINABILITY	2021	10.3390/su131810146		Article	"Green & Sustainable Science & Technology; Environmental Sciences; Environmental Studies"	"Science & Technology - Other Topics; Environmental Sciences & Ecology"	UY4EO
C_low_priority	10	exclude			Q1	Q1 analytical/modeling	analytical/modeling context	"market; volatility; COVID; analytical/modeling"	From fears to recession? Time-frequency risk contagion among stock and credit default swap markets during the COVID pandemic	This study uses a high-dimensional time-frequency volatility spillover model to examine risk interactions across 32 global stock and credit default swap (CDS) markets during the coronavirus (COVID-19) pandemic. Our empirical results mainly show that cross-market risk spillovers between these two types of markets are rare over the whole crisis period. Adding CDS assets to the stock portfolio would significantly decrease the overall risk spillovers in the mixed portfolio. Then, the time-frequency spillover and rolling window analyses confirm this finding and provide further evidence of frequency heterogeneity of risk spillovers during the pandemic. The outbreak of the COVID pandemic only sharply increases short-term risk spillovers between the stock and sovereign CDS market but exerts insignificant impacts on the medium and long-term cross-market risk spillovers. Moreover, our results show that developed countries are net transmitters in the stock markets. In contrast, the emerging markets account for the most risk spillovers in sovereign CDS markets over the sample period, emphasizing the heterogenous adverse impacts of the pandemic across various countries and markets. Finally, we find that bailouts implemented by the US and EU central banks, though with heterogeneous impacts across frequencies, gradually enhance the confidence and resilience of investors in these markets.	"CDS markets; connectedness; COVID-19; risk spillover"	"IMPULSE-RESPONSE ANALYSIS; CONNECTEDNESS"	"Zhai, PX; Wu, F; Ji, Q; Nguyen, DK"	INTERNATIONAL JOURNAL OF FINANCE & ECONOMICS	2024	10.1002/ijfe.2698	1076-9307	Article	Business, Finance	Business & Economics	EY4U8
C_low_priority	10	exclude			Q1	Q1 analytical/modeling	analytical/modeling context	"market; volatility; COVID; analytical/modeling"	Retail traders and co-movement: Evidence from Robinhood trading activity	We find evidence that retail trading activity by Robinhood traders is associated with lower levels of return comovement and liquidity co-movement. We demonstrate the significance of these relationships primarily employing a two-way fixed effects panel data regression model covering cross-sectional and time-series observations of US stock trades from May 2018 to July 2020. The findings hold true across various cross-sectional subsamples and across subperiods before and after March 2020, coinciding with the stock market crash induced by heightened risks of the COVID-19 pandemic. With regard to returns, our analysis identifies three comovement channels: 1) increased correlated trading by retail traders, 2) extended delay in incorporating marketwide information, and 3) a direct effect influenced by the integration of firm-specific information into prices. In contrast, for liquidity co-movement, we fail to identify evidence of plausible channels relating to either volatility or correlated trading. However, it appears that the significant direct effects that we document stem from a broadened array of trading strategies when retail traders contribute to the market. Collectively, these findings have important implications as return co-movement limits investors' ability to diversify investments and manage risks, while liquidity co-movement heightens market vulnerability to crashes.	"Retail traders; Individual investors; Co-movement; Liquidity; Commonality in return"	"LIQUIDITY COMMONALITY; INDIVIDUAL INVESTORS; CROSS-SECTION; MARKET LIQUIDITY; STOCK; PRICE; COMOVEMENT; ATTENTION; PERFORMANCE; MEDIATION"	"Haghighi, A; Faff, R; Oliver, B"	INTERNATIONAL REVIEW OF FINANCIAL ANALYSIS	2024	10.1016/j.irfa.2024.103431	1057-5219	Article	Business, Finance	Business & Economics	K6W4R
C_low_priority	10	exclude			Q1	Q1 analytical/modeling	analytical/modeling context	"market; volatility; COVID; analytical/modeling"	Decision-making model to predict auto-rejection: An implementation of ARIMA for accurate forecasting of stock price volatility during the Covid-19	"This study aims to determine an accurate forecasting model, especially an error rate of around 0, and to examine how the automatic rejection system reacts to stock price as a result of the pandemic. The statistical clustering method is used for the dataset in form of daily observations, while the sample covers the period of cases before and after COVID-19 pandemic from 02 January 2019 to 20 June 2020 at the Trinitan Minerals and Metal Company. Furthermore, the data used in the estimation are the opening and closing price of returns, which are later processed using SAS analysis tools. It is shown that the most appropriate decision-making processes are those proven to be most effective. Therefore, predicting future events based on a suitable time series model will help policymakers and strategists make decisions and develop appropriate strategic plans regarding the stock market. Meanwhile, 98% of the ARIMA (1,1,1) is a forecasting model which can be applied to predict stock prices. The new approach of this study is an integrated autoregressive moving average used as an attempt to accurately predict stock prices during a pandemic. (c) 2023 by the authors; licensee Growing Science, Canada."	"Decision making; Stock price; Auto-rejection; Covid-19; Forecasting"	"TIME-SERIES; MARKET; LIMITS; PERFORMANCE; IMPACT; DETERMINANTS; INVESTMENT; BANKING; VOLUME; RETURN"	Suripto	DECISION SCIENCE LETTERS	2023	10.5267/dsl.2022.10.002	1929-5804	Article	Operations Research & Management Science	Operations Research & Management Science	6H5LN
C_low_priority	10	exclude			Q1	Q1 analytical/modeling	analytical/modeling context	"market; volatility; COVID; analytical/modeling"	Dynamic Linkages Between Profitability and Its Determinants: Empirical Evidence from Jordanian Commercial Banks	This paper employed the panel Unit root tests, co-integration, and panel Autoregressive Distributed Lag (ARDL) model to examine the link between banks' profitability and its determinants for 13 Jordanian commercial banks between 2000 and 2018. Pooled mean group (PMG) and dynamic fixed effect (DFE) models were applied. Hausman test result confirmed that DFE was preferred to PMG. The results confirmed the existence of a long-run equilibrium relationship between commercial banks' profitability and their determinants. In the short-run, banks' profitability in Jordan is positively related to return volatility. However, this is negatively related to credit risk and market concentration. In the long run, profitability is positively related to credit risk and negatively related to operational risk, bank size, stock market volatility, and market concentration. Credit risk and capital have bi-direction causality with banks' profitability, while GDP and market concentration have uni-direction causality. At present, the Jordanian economy during the Covid-19 pandemic triggered the banking sector's impact on the economy as the sector contributed to 20.8% GDP in 2019. The findings can help stakeholders such as bank managers, investors, shareholders, and policymakers make better decisions on banks' performance, thereby contributing to their economies.	"Profitability; Commercial Banks; Pooled Mean Group; Dynamic Fixed Effect; Jordan"	"FINANCIAL DEVELOPMENT; PERFORMANCE; MALAYSIA; GROWTH; MIDDLE; RISK"	"Bekhet, HA; Alsmadi, AM; Khudari, M"	JOURNAL OF ASIAN FINANCE ECONOMICS AND BUSINESS	2021	10.13106/jafeb.2021.vol8.no6.0687	2288-4637	Article	Business	Business & Economics	SS3XV
C_low_priority	10	exclude			Q1	Q1 analytical/modeling	analytical/modeling context	"market; volatility; COVID; analytical/modeling"	Nonlinear evidence of investor heterogeneity: retail cash flows as drivers of market dynamics	"We quantify long memory in investor-segregated cash flows in the Korean equity market from 2015 to 2024. Using detrended fluctuation analysis on BUY, SELL, and NET aggregates, we estimate the Hurst exponent both as a full-sample measure and in a 250 day rolling window. All series are heavy-tailed, with complementary cumulative distribution exponents roughly between two and three. Time-shuffled controls return Hurst exponents near one-half, indicating that persistence arises from temporal correlations rather than marginal distributions. For BUY and SELL flows, persistence ranks highest for retail investors, intermediate for institutions, and lowest for foreign investors. For NET flows, long-range dependence is lower for all three groups than in their own BUY/SELL baselines. Rolling estimates exhibit clear regime sensitivity, with level shifts around the 2018--2019 tariff episode, the COVID-19 pandemic, and the disinflation period from November 2022 through October 2024. Regressions of daily volatility on the rolling Hurst exponent yield positive and statistically significant coefficients for most groups; notably, the retail NET Hurst exponent shows predictive power for future volatility, whereas the institutional NET Hurst exponent does not. The findings provide a model-light, replicable diagnostic of investor-specific temporal correlations and their regime dependence, challenging a simple noise-trader versus informed-trader."	"Econophysics; Heterogeneity; Retail investor; Market efficiency"	"STOCK; EFFICIENCY; MEMORY"	Oh, G	JOURNAL OF THE KOREAN PHYSICAL SOCIETY	2026	10.1007/s40042-025-01517-0	0374-4884	Article	Physics, Multidisciplinary	Physics	DK3KY
C_low_priority	10	exclude			Q1	Q1 analytical/modeling	analytical/modeling context	"market; volatility; COVID; analytical/modeling"	Leveraging LLMs for Financial News Analysis and Macroeconomic Indicator Nowcasting	Approximating macroeconomic indicators is challenging due to the complex interaction of various factors, including global and national economic trends, political decisions, and unpredictable events like pandemics and natural disasters. These complexities, combined with the volatility of economies and the limitations of available data, make accurate modeling difficult. Sentiment analysis of economic news offers a novel approach to this challenge by providing instantaneous insights into public mood and market trends, capturing psychological and behavioral aspects that traditional models may miss. This method can enhance understanding of consumer confidence, investment trends, and stock market performance, for instance. In this study, we developed a dictionary and transformer-based sentiment model applied to over two decades of Hungarian economic news. To improve the model's accuracy, we utilized large language models (LLMs) with active learning to efficiently augment the manually labeled sentiment dataset. We then compared the resulting sentiment-based time series with macroeconomic indicators such as GDP (Gross Domestic Product), PMI (Purchasing Managers' Index), and unemployment rate. Our results show that integrating LLMs significantly enhances the accuracy of the sentiment models, and the sentiment-based indicators can serve as effective nowcasting tools for the inspected macroeconomic indicators.	"Biological system modeling; Macroeconomics; Economics; Transformers; Analytical models; Data models; Sentiment analysis; Predictive models; Market research; Encoding; GDP; large language model (LLM); macroeconomic indicator; natural language processing (NLP); PMI; sentiment analysis; unemployment rate"	"SENTIMENT; CONSUMPTION"	"Onozó, LR; Arthur, FV; Gyires-Tóth, B"	IEEE ACCESS	2024	10.1109/ACCESS.2024.3488363	2169-3536	Article	"Computer Science, Information Systems; Engineering, Electrical & Electronic; Telecommunications"	"Computer Science; Engineering; Telecommunications"	L3J8P
C_low_priority	10	exclude			Q1	Q1 analytical/modeling	analytical/modeling context	"market; volatility; COVID; analytical/modeling"	Conformal Inference for Online Prediction with Arbitrary Distribution Shifts	We consider the problem of forming prediction sets in an online setting where the distribution generating the data is allowed to vary over time. Previous approaches to this problem suffer from over -weighting historical data and thus may fail to quickly react to the underlying dynamics. Here, we correct this issue and develop a novel procedure with provably small regret over all local time intervals of a given width. We achieve this by modifying the adaptive conformal inference (ACI) algorithm of Gibbs and Candes (2021) to contain an additional step in which the step -size parameter of ACI's gradient descent update is tuned over time. Crucially, this means that unlike ACI, which requires knowledge of the rate of change of the data -generating mechanism, our new procedure is adaptive to both the size and type of the distribution shift. Our methods are highly flexible and can be used in combination with any baseline predictive algorithm that produces point estimates or estimated quantiles of the target without the need for distributional assumptions. We test our techniques on two real -world datasets aimed at predicting stock market volatility and COVID-19 case counts and find that they are robust and adaptive to real -world distribution shifts.	"Conformal inference; online prediction; distribution shift; prediction set; online convex optimization"		"Gibbs, I; Cand?s, E"	JOURNAL OF MACHINE LEARNING RESEARCH	2024	10.48550/arXiv.2208.08401	1532-4435	Article	"Automation & Control Systems; Computer Science, Artificial Intelligence"	"Automation & Control Systems; Computer Science"	F7B7N
C_low_priority	10	exclude			Q1	Q1 analytical/modeling	analytical/modeling context	"market; volatility; COVID; analytical/modeling"	Monetary policy and financial stability: Evidence from a new macroeconomic environment	This research investigates the impact of a tighter monetary policy on financial stability within a novel macroeconomic environment, with a particular focus on the banking sector. The study uses a Vector Autoregressive (VAR) model to analyze the dynamic and contemporaneous relationships among various economic variables, incorporating time series data up to January 2024. The research is contextualized within the post-pandemic economic landscape, where significant monetary interventions by the Federal Reserve were necessitated by pandemic-induced economic disruptions. These interventions included lowering the federal funds rate and purchasing large quantities of government and mortgage-backed securities, which injected substantial liquidity into the economy. However, the pandemic also altered consumer spending patterns, leading to supply-demand mismatches and a subsequent inflation surge. This paper shows that, despite the unprecedented economic conditions, conventional monetary policy tools, specifically changes in the federal funds rate, remain effective in cooling inflation. The results indicate that, while inflation rates decrease following a contractionary monetary policy shock, the labor market is unresponsive to the Fed's tightening as the unemployment rate decreases. The contractionary shock also leads to increased financial market risk and volatility, tighter credit conditions, and reduced stock returns. Furthermore, the banking sector experiences a decrease in loan volumes and an increase in non-performing loans. Banks' balance sheets are adversely affected, with declines in the capital adequacy ratio, liquidity ratio, and tier 1 leverage ratio. Our research highlights the importance of considering the economic context when assessing monetary policy effectiveness and its implications for financial stability.	"Monetary policy; Financial stability; Banking; VAR model"	"CHANNEL; IMPACT"	"Barone, S; Oggero, N; Damilano, M"	RESEARCH IN INTERNATIONAL BUSINESS AND FINANCE	2025	10.1016/j.ribaf.2025.102992	0275-5319	Article	Business, Finance	Business & Economics	3HM3L
C_low_priority	10	exclude			Q1	Q1 analytical/modeling	analytical/modeling context	"market; volatility; COVID; analytical/modeling"	Ambiguity and market returns: A composite index perspective	This research investigates ambiguity, uncertainty arising from doubts about predictive models, and its impact on market returns. Traditional asset-pricing frameworks treat uncertainty as quantifiable risk with known probabilities, whereas ambiguity represents a deeper challenge because investors cannot fully trust the models that generate forecasts. A composite ambiguity measure is constructed using principal component analysis of three established proxies: the CBOE Volatility Index (VIX), the Economic Policy Uncertainty (EPU) Index, and the RavenPack News Sentiment (SENT) Index. The resulting measure captures belief dispersion across financial, policy, and informational domains within a single interpretable factor. Weekly U.S. data from September 2005 to January 2025 are analyzed to assess whether ambiguity helps explain variation in aggregate market returns. The study findings indicate that higher ambiguity is consistently associated with lower market returns, reflecting investor ambiguity aversion and reduced confidence in predictive models. The revealed pattern suggests that ambiguity amplifies return fluctuations in a state-dependent manner, with effects strengthening during periods of financial stress, such as the global financial crisis, the COVID-19 shock, and the 2022 monetary-tightening cycle. Overall, ambiguity emerges as persistent and state-dependent component of the U.S. equity market, with important implications for theory, policy, and portfolio design. Robustness across selected controls, PCA designs, and sample periods shows that the composite ambiguity factor (CAF) models uncertainty rather than transitory sentiment.	"Ambiguity; Market returns; Belief dispersion; Principal component analysis; Markov regime switching; News-based sentiment"	"RARE DISASTERS; ASSET RETURNS; RISK; MODEL"	Abdullazade, Z	FINANCE RESEARCH LETTERS	2026	10.1016/j.frl.2025.109388	1544-6123	Article	Business, Finance	Business & Economics	AE1WE
C_low_priority	10	exclude			Q1	Q1 analytical/modeling	analytical/modeling context	"market; volatility; COVID; analytical/modeling"	Beware of Extreme Investor Sentiments! Indian Evidence on the Performance of Neuro-specific Options Volatility Trading Strategies on the Facets of COVID-19	This study investigates the dynamic relationship between noise trader sentiment and excessive volatility in the Indian financial market during the COVID-19 outbreak. It proposes novel options trading strategies to ensure profitability in times of irrational exuberance and to satisfy diverse investment requirements of volatility traders, which arise from the varying levels of stimulating neurotransmitters, namely dopamine and serotonin in the human body. Empirical results show that the incremental information content of sentiment measures is vital in forecasting future volatility and the proposed options trading strategies effectively accomplish the neuro-specific intentions of the traders during extreme volatility in the Indian equity market. JEL Codes: G12, G13	"Volatility; investor sentiment; NSE NIFTY 50 index; options volatility trading strategies; neurofinance; neuro-specific volatility trading strategies"	"STOCK-MARKET; SPILLOVER"	"Royit, A; Jose, B; Varghese, J"	JOURNAL OF EMERGING MARKET FINANCE	2023	10.1177/09726527231165820	0972-6527	Article	Business, Finance	Business & Economics	Q1GM8
C_low_priority	10	exclude			Q1	Q1 analytical/modeling	analytical/modeling context	"market; volatility; COVID; analytical/modeling"	Covid-19 pandemic and spillover effects in stock markets: A financial network approach	This paper examines the impact of the COVID-19 pandemic on 51 major stock markets, both emerging and developed. We isolated the countries susceptible to shock transmissions, and evaluated countries with immunity, during the lockdown. Specifically, using dependence dynamics and network analysis on a bivariate basis, we identify volatility and contagion risk among stock markets during the COVID-19 pandemic. The empirical findings add to the existing body of literature, given that previous work has not placed emphasis on network topologic metrics when it comes to financial networks, specifically during the COVID-19. The evidence shows instant financial contagion a result of the lockdown and the spread of the novel coronavirus. The methodological framework outlines important information for investors and policymakers on using financial networks to improve portfolio selection, by placing an emphasis on assets according to centrality.	"COVID-19; Spillover effect; Dependence dynamics; Social network; Centralities"	"HIERARCHICAL STRUCTURE; EQUITY MARKETS; EXCHANGE-RATES; CONTAGION; INTERDEPENDENCE; VOLATILITY; EVOLUTION; DYNAMICS; CRISIS; RISK"	"Samitas, A; Kampouris, E; Polyzos, S"	INTERNATIONAL REVIEW OF FINANCIAL ANALYSIS	2022	10.1016/j.irfa.2021.102005	1057-5219	Article	Business, Finance	Business & Economics	YD2CN
C_low_priority	10	exclude			Q1	Q1 analytical/modeling	analytical/modeling context	"market; volatility; COVID; analytical/modeling"	Stock market connectedness during an energy crisis: Evidence from South Africa	This study examines the within-industry and global volatility connectivity of the South African equity market during a major domestic energy crisis (load-shedding) and the COVID-19 pandemic. Using a time-varying parameter vector autoregressive model, we identify distinct patterns in volatility spillovers across periods of global and domestic crises. The onset of the COVID-19 pandemic increased interconnectedness between South Africa and global equity markets. In contrast, during domestic load-shedding, the Johannesburg Stock Exchange (JSE) became detached from international markets, highlighting the localized impact of this crisis. We find that the financial and energy industries are consistently net receivers and transmitters of shocks during both crises which demonstrate their systemic importance to South Africa. Our findings provide insights into the dynamic nature of volatility connectedness, with implications for risk management and policy formulation in Africa.	"Load-shedding; Connectedness; Africa equity markets; Spillovers; Stages of load-shedding."	"IMPULSE-RESPONSE ANALYSIS; VOLATILITY SPILLOVERS; EQUITY; CONTAGION; RETURN"	"Lawrence, B; Obalade, AA; Tita, AF; French, JJ"	EMERGING MARKETS REVIEW	2024	10.1016/j.ememar.2024.101194	1566-0141	Article	"Business, Finance; Economics"	Business & Economics	G1U4O
C_low_priority	10	exclude			Q1	Q1 analytical/modeling	analytical/modeling context	"market; volatility; COVID; analytical/modeling"	Entropy of Volatility Changes: Novel Method for Assessment of Regularity in Volatility Time Series	The goal of this research is to introduce and thoroughly investigate a new methodology for the assessment of sequential regularity in volatility time series. Three volatility estimators based on daily range data are analyzed: (1) the Parkinson estimator, (2) the Garman-Klass estimator, and (3) the Rogers-Satchell estimator. To measure the level of complexity of time series, the modified Shannon entropy based on symbol-sequence histograms is utilized. Discretization of the time series of volatility changes into a sequence of symbols is performed using a novel encoding procedure with two thresholds. Five main stock market indexes are analyzed. The whole sample covers the period from January 2017 to December 2023 (seven years). To check the robustness of our empirical findings, two sub-samples of equal length are investigated: (1) the pre-COVID-19 period from January 2017 to February 2020 and (2) the COVID-19 pandemic period from March 2020 to April 2023. An additional formal statistical analysis of the symbol-sequence histograms is conducted. The empirical results for all volatility estimators and stock market indexes are homogeneous and confirm that the level of regularity (in terms of sequential patterns) in the time series of daily volatility changes is high, independently of the choice of sample period. These results are important for academics and practitioners since the existence of regularity in the time series of volatility changes implies the possibility of volatility prediction.	"entropy; volatility; range-based daily data; symbolic time series analysis (STSA); stock market; information content; complexity; regularity"	"EFFICIENCY; VARIANCE; PRICES"	Olbrys, J	ENTROPY	2025	10.3390/e27030318		Article	Physics, Multidisciplinary	Physics	0RA3T
C_low_priority	10	exclude			Q1	Q1 analytical/modeling	analytical/modeling context	"market; volatility; COVID; analytical/modeling"	Time-frequency volatility spillovers between major international financial markets during the COVID-19 pandemic	"We examine volatility spillovers and their time-frequency dynamics among major global financial markets from the outbreak of COVID-19 to present. Results show that total spillovers, driven by low frequency components, peaks at the end of March 2020 and then decline, which is not consistent with the upward trend of COVID-19; Stock markets of US and UK are net spillover transmitters, while other markets are net spillover receivers. The findings suggest that markets rally in the short term, but investors need to beware of bubbles and liquidity tightening expectations, and policymakers can gradually start to resume conventional monetary policy."	"COVID-19; Financial markets; Volatility spillover; Time-frequency dynamics"	"IMPULSE-RESPONSE ANALYSIS; CONNECTEDNESS"	"Wang, D; Li, P; Huang, LX"	FINANCE RESEARCH LETTERS	2022	10.1016/j.frl.2021.102244	1544-6123	Article	Business, Finance	Business & Economics	2L3LZ
C_low_priority	10	exclude			Q1	Q1 analytical/modeling	analytical/modeling context	"market; volatility; COVID; analytical/modeling; target region"	The impact of covid-19 vaccination on stock markets: a comparative analysis of the USA and China	This study aimed to reveal the emergence of the vaccine against COVID-19 and its influence on the stock markets. In line with this purpose, this study seeks answers to some questions, whether vaccination supports the recovery of financial markets or not, and in which direction the effect is similar in the context of developed and developing countries, considering the United States and China samples. Fourier-based cointegration and causality tests were used to reveal the effect of COVID-19 vaccination on stock markets in the paper, which used daily data between March-2021 and September-2022. According to the results vaccination rates triggered the stock market prices in the U.S.A.. Moreover obtained findings show that the Chinese stock market and COVID-19 vaccination act together in the long term during the data range examined. Finally, it seems possible to state that it would be beneficial for investors investing in both the U.S.A. and China markets.	"Covid-19 Vaccination; Stock Returns; Fourier Quantile Causality; RALS Fourier ADL Cointegration; USA; China"	"RETURN VOLATILITY EVIDENCE; INFORMATION ARRIVAL; COINTEGRATION; TESTS; NEWS; MODELS"	"Zeren, F; Kevser, M; Gürsoy, S"	JOURNAL OF CHINESE ECONOMIC AND BUSINESS STUDIES	2023	10.1080/14765284.2023.2245275	1476-5284	Article	Economics	Business & Economics	Y0QH1
C_low_priority	10	exclude			Q1	Q1 analytical/modeling	analytical/modeling context	"market; volatility; COVID; analytical/modeling"	Does uncertainty matter for US financial market volatility spillovers? Empirical evidence from a nonlinear Granger causality network	We investigate the role of uncertainty in US financial market volatility spillovers by using a directional financial network determined by the nonlinear Granger causality test. We find that uncertainty is an essential volatility transmission channel for financial market volatility spillovers. Financial uncertainty is the most central node in the financial market network. A subsample analysis, excluding the pandemic period, confirms the robustness of our results.	"Uncertainty; volatility spillovers; financial market network; nonlinear Granger causality"		"Fang, T; Su, Z"	APPLIED ECONOMICS LETTERS	2021	10.1080/13504851.2020.1854656	1350-4851	Article	Economics	Business & Economics	WT0CP
C_low_priority	10	exclude			Q1	Q1 analytical/modeling	analytical/modeling context	"market; volatility; COVID; analytical/modeling"	Stock Market Interconnection and Contagion During the COVID-19 Pandemic: A Network Perspective	This paper investigates global equity market interdependence and contagion during the COVID-19 pandemic using a high-dimensional vector autoregressive (VAR) framework with LASSO regularization. We estimate dynamic structural interconnections among 19 G20 markets by applying a rolling-window sparse VAR model to equity returns purged of global factors. Connectedness is then quantified using generalized forecast error variance decomposition. To detect excess co-movement beyond structural transmission, we conduct residual-based contagion tests comparing pre- and post-pandemic dependence across multiple co-moment channels, including correlation, co-skewness, co-kurtosis, and co-volatility. The results reveal a sharp increase in market interdependence during early 2020, with advanced economies such as the US becoming key sources of return spillovers. Contagion tests uncover significant rises in higher-order dependencies - particularly in asymmetric and tail-related metrics - indicating not only a rise in the intensity of market co-movements, but also a transformation in their structure. These findings highlight the importance of disentangling structural linkages from crisis-induced contagion to better understand systemic risk in global equity markets.	"contagion test; COVID-19; network interconnection; G12; G15; C51"	"TESTS; SELECTION"	"Hsiao, CYL; Ko, SIM"	STUDIES IN NONLINEAR DYNAMICS AND ECONOMETRICS	2026	10.1515/snde-2024-0057	1081-1826	"Article; Early Access"	"Economics; Social Sciences, Mathematical Methods"	"Business & Economics; Mathematical Methods In Social Sciences"	AM9SD
C_low_priority	10	exclude			Q1	Q1 analytical/modeling	analytical/modeling context	"market; volatility; COVID; analytical/modeling"	Volatility Spillover Effects in the Moroccan Interbank Sector before and during the COVID-19 Crisis	The objective of this paper is to analyze the volatility spillover effects in the Moroccan interbank sector before and during the COVID-19 pandemic crisis using the DY model. Specifically, this study assesses the impact of the recent COVID-19 outbreak on the transmission of volatility among Moroccan banks listed in the Moroccan stock market. The data sample frequency is daily and extends from 1 January 2012 to 31 December 2021, excluding holidays. The empirical results indicate that the volatility spillover index increased during the pandemic crisis. We also found varying degrees of interdependence and spillover effects between the six publicly traded Moroccan banks and the Moroccan banking sector stock index before and during the COVID-19 pandemic crisis.	"systemic risk; financial contagion; systemically important financial institutions; volatility; vector autoregression model; variance decomposition"	"CONTAGION; VARIANCE; RETURN"	"Beraich, M; El Main, SE"	RISKS	2022	10.3390/risks10060125		Article	Business, Finance	Business & Economics	2N1VH
C_low_priority	10	exclude			Q1	Q1 analytical/modeling	analytical/modeling context	"market; volatility; COVID; analytical/modeling"	Fluctuation Analysis of Volatility in South African Stock Market Indices	The COVID-19 pandemic in 2020 had a significant impact on the global economy, leading to a sharp decline in stock index values. This study examines major stock market indices listed on the Johannesburg Stock Exchange from 2012 to 2024, analyzing their realized volatility time series and its distinctive characteristics before, during, and after the pandemic. We apply multifractal detrended fluctuation analysis (Mf-DFA) and the microstructure noise index (MNI) approach to evaluate the multifractality of the realised volatility of these South African stock indices. Results indicate that (log) volatility is anti-persistent or rough, both before and after the pandemic, with the Hurst parameter H ranging from 0.2 to 0.3. Furthermore, we observe that volatility is multifractal, characterised by a nonconstant generalised Hurst exponent h(q). The multifractality deviation indices for both shuffled time series and Iterated Amplitude Adjusted Fourier Transform (IAAFT) surrogates range between 0.7 and 1.6, suggesting that multifractality originates largely from temporal correlations in both small and large fluctuations. In addition, the variability indices are low, around 0.01 to 0.02, indicating that multifractality is primarily due to nonlinear correlations. An exception was noted in the realised volatility of the JSE Financials and Industrials Index during the pandemic, influenced further by economic uncertainty due to geopolitical tensions.	"Realised volatility; Multifractal detrended fluctuation analysis; Microstructure noise index; Generalised hurst exponent; Multifractality; Multifractality deviation index; Variability index"	"MULTIFRACTAL ANALYSIS; COMPONENTS"	"Mpanda, MM; Gorjao, LR"	COMPUTATIONAL ECONOMICS	2026	10.1007/s10614-025-11027-7	0927-7099	Article	"Economics; Management; Mathematics, Interdisciplinary Applications"	"Business & Economics; Mathematics"	IS9WR
C_low_priority	10	exclude			Q1	Q1 analytical/modeling	analytical/modeling context	"market; volatility; COVID; analytical/modeling"	Predicting stock market crashes on the African stock markets: evidence from log-periodic power law model	PurposeThis study aims to predict stock market crashes identified by the CMAX approach (current index level relative to historical maximum) during periods of global and local events, namely the subprime crisis of 2008, the political and social instability of 2011 and the COVID-19 pandemic.Design/methodology/approachOver the period 2004-2020, a log-periodic power law model (LPPL) has been employed which describes the price dynamics preceding the beginning dates of the crisis. In order to adjust the LPPL model, the Global Search algorithm was developed using the fmincon function.FindingsBy minimizing the sum of square errors between the observed logarithmic indices and the LPPL predicted values, the authors find that the estimated parameters satisfy all the constraints imposed in the literature. Moreover, the adjustment line of the LPPL models to the logarithms of the indices closely corresponds to the observed trend of the logarithms of the indices, which was overall bullish before the crashes. The most predicted dates correspond to the start dates of the stock market crashes identified by the CMAX approach. Therefore, the forecasted stock market crashes are the results of the bursting of speculative bubbles and, consequently, of the price deviation from their fundamental values.Practical implicationsThe adoption of the LPPL model might be very beneficial for financial market participants in reducing their financial crash risk exposure and managing their equity portfolio risk.Originality/valueThis study differs from previous research in several ways. First of all, to the best of the authors' knowledge, the authors' paper is among the first to show stock market crises detection and prediction, specifically in African countries, since they generate recessionary economic and social dynamics on a large extent and on multiple regional and global scales. Second, in this manuscript, the authors employ the LPPL model, which can expect the most probable day of the beginning of the crash by analyzing excessive stock price volatility.	"Stock market crashes; CMAX; LPPL; Speculative bubbles"	"FINANCIAL BUBBLES; TESTS"	"Ben Yaala, S; Henchiri, JE"	AFRICAN JOURNAL OF ECONOMIC AND MANAGEMENT STUDIES	2024	10.1108/AJEMS-03-2023-0113	2040-0705	Article	Economics	Business & Economics	ZZ0L7
C_low_priority	10	exclude			Q1	Q1 analytical/modeling	analytical/modeling context	"market; volatility; COVID; analytical/modeling"	Predicting stock market returns in turbulence through the adaptive neuro-fuzzy inference system	Purpose Accurate stock market forecasting impacts the decision-making of firms, investors and macroeconomic policies. This study analyzes the performance of the neuro-fuzzy technique for estimating the stock market in turbulent and normal states for firms listed on the Pakistan Stock Exchange (PSX). This study aims to evaluate the accuracy of the forecasting of neuro-fuzzy. It further considers the ex ante uncertainty and information asymmetry theories. Design/methodology/approach To determine one-day-ahead forecasting, we consider the dataset of 15 nonfinancial firms for two volatile market periods (2017 market fluctuations and COVID-19) and one stable market period (2018-2019). The methodology employs two adaptive neuro-fuzzy inference systems (ANFIS): the controller and the stock market process. Results suggest an accurate prediction of stock market trends using the proposed system in all three market periods. We evaluated the results based on hit rate percentage, root mean square error (RMSE) and graphical representation. Findings Results from the controller model were used to drive the stock market process model. In contrast, results from the process model indicate that stock market volatility, changes in stock prices and previous-day stock returns can effectively predict following-day stock returns using ANFIS. Practical implications The findings would be helpful for investors in yielding higher returns during stable and turbulent market periods. Furthermore, it would aid managers, policymakers and analysts in decision-making and target-setting. Originality/value This study uses the ANFIS to predict the stock market return in turbulent phases.	"Stock market prediction; Neuro-fuzzy-based forecasting; ANFIS; Stock market crisis"	INFORMATION	"Hashmi, M; Mumtaz, MZ"	JOURNAL OF ECONOMIC AND ADMINISTRATIVE SCIENCES	2026	10.1108/JEAS-04-2024-0119	1026-4116	"Article; Early Access"	Economics	Business & Economics	EY0WY
C_low_priority	10	exclude			Q1	Q1 analytical/modeling	analytical/modeling context	"market; volatility; COVID; analytical/modeling"	Market-wide shocks and the predictive power for the real economy in the Korean stock market	We examine the predictive power of the stock market return for real economic growth corresponding to market-wide shocks in Korea. The periods of large market-wide shocks, such as the COVID-19 pandemic, are characterized by the stock return synchronicity and volatility that can measure price informativeness. We find that the predictive power of the stock market return disappears when stock returns show high synchronicity and volatility, and the deteriorated predictive power is associated with an increase in individual investors' net buying shares. Our finding suggests that, even if the stock market shows outstanding performance following market-wide shocks, this signal should be interpreted with caution because the stock market return may become less informative about fundamentals and lose the predictive power for the real economy.	"market-wide shocks; predictive power; real economy; stock market return"	"PRICE INFORMATIVENESS; INFLATION; RETURNS"	"Kim, J; Kim, Y"	PACIFIC ECONOMIC REVIEW	2022	10.1111/1468-0106.12405	1361-374X	Article	Economics	Business & Economics	5M9XJ
C_low_priority	10	exclude			Q1	Q1 analytical/modeling	analytical/modeling context	"market; volatility; COVID; analytical/modeling"	Identifying extreme events in the stock market: A topological data analysis	"This paper employs Topological Data Analysis (TDA) to detect extreme events (EEs) in the stock market at a continental level. Previous approaches, which analyzed stock indices separately, could not detect EEs for multiple time series in one go. TDA provides a robust framework for such analysis and identifies the EEs during the crashes for different indices. The TDA analysis shows that L-1, L-2 norms and Wasserstein distance (W-D) of the world leading indices rise abruptly during the crashes, surpassing a threshold of mu + 4 & lowast; sigma, where mu and sigma are the mean and the standard deviation of norm or W-D, respectively. Our study identified the stock index crashes of the 2008 financial crisis and the COVID-19 pandemic across continents as EEs. Given that different sectors in an index behave differently, a sector-wise analysis was conducted during the COVID-19 pandemic for the Indian stock market. The sector-wise results show that after the occurrence of EE, we have observed strong crashes surpassing mu + 2 & lowast; sigma for an extended period for the banking, automobile, IT, realty, energy, and metal sectors. While for the pharmaceutical and FMCG sectors, no significant spikes were noted. Hence, TDA also proves successful in identifying the duration of shocks after the occurrence of EEs. This also indicates that the banking sector continued to face stress and remained volatile even after the crash. This study gives us the applicability of TDA as a powerful analytical tool to study EEs in various fields."		CRASH	"Rai, A; Sharma, BN; Luwang, SR; Nurujjaman, M; Majhi, S"	CHAOS	2024	10.1063/5.0220424	1054-1500	Article	"Mathematics, Applied; Physics, Mathematical"	"Mathematics; Physics"	H8T9F
C_low_priority	10	exclude			Q1	Q1 analytical/modeling	analytical/modeling context	"market; volatility; COVID; analytical/modeling"	Transfer Entropy Granger Causality between News Indices and Stock Markets in US and Latin America during the COVID-19 Pandemic	The relationship between three different groups of COVID-19 news series and stock market volatility for several Latin American countries and the U.S. are analyzed. To confirm the relationship between these series, a maximal overlap discrete wavelet transform (MODWT) was applied to determine the specific periods wherein each pair of series is significantly correlated. To determine if the news series cause Latin American stock markets' volatility, a one-sided Granger causality test based on transfer entropy (GC-TE) was applied. The results confirm that the U.S. and Latin American stock markets react differently to COVID-19 news. Some of the most statistically significant results were obtained from the reporting case index (RCI), A-COVID index, and uncertainty index, in that order, which are statistically significant for the majority of Latin American stock markets. Altogether, the results suggest these COVID-19 news indices could be used to forecast stock market volatility in the U.S. and Latin America.	"MODWT; Granger causality; transfer entropy"		"Coronado, S; Martinez, JN; Gualajara, V; Rojas, O"	ENTROPY	2022	10.3390/e24101420		Article	Physics, Multidisciplinary	Physics	5O4YZ
C_low_priority	10	exclude			Q1	Q1 analytical/modeling	analytical/modeling context	"market; volatility; COVID; analytical/modeling"	RETRACTED: Does stock market development and COVID-19 pandemic lead to financial crisis: the case of largest Islamic stock exchange market? (Retracted Article)	This research investigates the short- and long-term effect of COVID-19 pandemic period and the largest Islamic stock market development (SMD) in term of size and market activity (turnover) on financial crises (FCs) indicator and identifies the Granger-causality relationship exist between them. We apply an autoregressive distributed lag technique analysis method in estimating short- and long-run models of this relationship, using 34 monthly observations, from 2018M1 to 2020M10 Islamic stock market of Kingdom of Saudi Arabia (KSA). The short-term result implies that the FC indicator had significant positively affected by the COVID-19 pandemic. However, the long-run model result shows that market size indicator leads to a major FC, while market trade value indicator has negative impact on FC indicator in KSA Tadawul market. In addition, the results show that the only market capital indicator Granger-causes FCs. We concluded that the Saudi policymakers should make new regulations to avoid the negative effect of FC, in order for the growth of its stock market size and trade, for the stability of financial economic in Saudi Arabia. They should add more support to stock market trading to eliminate the potential threat of FC. We believe this is the first empirical study that investigates the short- and long-term effect of SMD, in terms of size and activity development on the FCs volatility in largest Islamic stock exchange market without ignoring the potential effect of COVID-19 pandemic. Also, this research is novel in terms of studying a market that was previously closed to outsiders and has implemented various financial sector reforms in recent years.	"Financial market; crisis; trade value; market capital; ARDL; causality; COVID-19 pandemic"		"Gherbi, EAH; Alsedrah, IT"	JOURNAL OF SUSTAINABLE FINANCE & INVESTMENT	2023	10.1080/20430795.2021.1896987	2043-0795	"Article; Retracted Publication"	"Business, Finance; Green & Sustainable Science & Technology"	"Business & Economics; Science & Technology - Other Topics"	7T3BH
C_low_priority	10	exclude			Q1	Q1 analytical/modeling	analytical/modeling context	"market; volatility; COVID; analytical/modeling"	Time-frequency extreme risk spillovers between COVID-19 news-based panic sentiment and stock market volatility in the multi-layer network: Evidence from the RCEP countries	This study extends extant discussions on regional integration by exploring risk spillovers between news -based panic sentiment and stock market volatility among Regional Comprehensive Economic Partnership (RCEP) members during the COVID-19 pandemic. We innovatively estimate quantile-based spillover indices in both time and frequency domains and construct the multi -layer network. Both static and dynamic risk spillover patterns in the RCEP panic -stock network are outlined. It is found that risk spillovers are predominantly transmitted from the panic -layer network towards the volatility -layer network. Besides, regression analyses are employed to investigate whether general features of COVID-19 media reporting affect the spillovers of panic sentiment at the country level. The results show that the magnitude of panic spillovers tend to be positively associated with overall media coverage and negatively with overall media sentiment, especially at the middle and lower quantiles.	"Spillovers; Panic sentiment; RCEP; COVID-19; Multi-layer network"	"IMPULSE-RESPONSE ANALYSIS; EQUITY MARKETS; DETERMINANTS; CONNECTEDNESS; DISTRACTION; VARIANCE; TPP"	"Li, YS; Shi, YJ; Shi, YD; Xiong, X; Yi, SK"	INTERNATIONAL REVIEW OF FINANCIAL ANALYSIS	2024	10.1016/j.irfa.2024.103339	1057-5219	Article	Business, Finance	Business & Economics	SY0C4
C_low_priority	10	exclude			Q1	Q1 analytical/modeling	analytical/modeling context	"market; volatility; COVID; analytical/modeling"	Constructing an optimal portfolio on the bulgarian stock market using hybrid genetic algorithm for pre- and post-covid-19 periods	In the aftermath of the COVID-19 pandemic, global financial markets have seen growing uncertainty and volatility and as a consequence, precise prediction of stock price trend has emerged to be extremely challenging. In this background, we propose two time frameworks wherein the Hybrid genetic algorithm (RIGA) is used to set up an optimal portfolio included ten stocks traded in Bulgarian stock market during pre and post COVID-19 periods. The fitness function values of constructed HG A during pre- and post-COVID-19 periods were -7.194e(-04) and -7.014e(-04), respectively. The estimated nonzero portfolio weights during pre-COVID-19 period were ALCM (0.025), HNVK (0.253), HVAR (0.378), MSH (0.204), NEOH (0.038), and SFT (0.102) while during post-COVID-19 period were AGH (0.003), ALCM (0.015), HNVK (0.272), HVAR (0.460), MSH (0.142), NEOH (0.057), SFT (0.031), and SPH (0.021). The corresponding expected portfolio return and portfolio risk during pre-COVID-19 period were 9.825e(-03) and 7.163e(-04) while during past-COVID-19 period were 9.656e(-03) and 6.895e(-04), respectively.	"hybrid genetic algorithm; portfolio optimization; stocks; COVID-19; Bulgaria"		"Ivanova, M; Dospatliev, L"	ASIAN-EUROPEAN JOURNAL OF MATHEMATICS	2022	10.1142/S1793557122502461	1793-5571	Article	Mathematics	Mathematics	4W0BM
C_low_priority	10	exclude			Q1	Q1 analytical/modeling	analytical/modeling context	"market; volatility; COVID; analytical/modeling"	Market responses to geopolitical risk and economic policy uncertainty: Evidence from Vietnam	The Vietnamese stock market has traditionally been affected by local factors. However, little attention has been given to the role of external shocks, such as the geopolitical risk (GPR) and economic policy uncertainty (EPU), from Vietnam's major trade partners. Existing literature suggests that while local factors are well understood, the impact of external shocks on emerging markets such as Vietnam remains underexplored. This study investigates the effects of GPR and EPU from Vietnam's key trade partners on its stock market returns and volatility from 2000 to 2023, using the novel time-varying parameter vector autoregressive (TVP-VAR) frequency connectedness approach. Our findings reveal that EPU has a more significant effect on market volatility than GPR (42.45 per cent versus 18.80 per cent), with a long-term transmission effect for both EPU and GPR on stock returns. However, stock volatility is mainly driven by short-term transmissions. Notably, foreign EPU had a profound impact on Vietnam's stock market during the COVID-19 pandemic, whereas foreign GPR was more influential during the Russo-Ukrainian conflict. These results underscore the importance of considering external shocks when assessing stock market dynamics in Vietnam, offering valuable insights for policymakers and investors on managing risks associated with global uncertainty.	"Stock return and volatility; Geopolitical risk; Economic policy uncertainty; Trade partners; TVP-VAR frequency approach; Vietnam"	"STOCK RETURNS; IMPACT; VOLATILITY"	"Cao, PTH; Vo, DH"	HELIYON	2025	10.1016/j.heliyon.2025.e42703		Article	Multidisciplinary Sciences	Science & Technology - Other Topics	II8UL
C_low_priority	10	exclude			Q1	Q1 analytical/modeling	analytical/modeling context	"market; volatility; COVID; analytical/modeling"	The contagion of fake news concern and extreme stock market risks during the COVID-19 period	"We investigate the spillover between fake news concern and extreme stock market risks during the COVID-19 period in six hard-hit developed and developing countries. Our results of employing the TVP-VAR connectedness approach suggest that total connectedness surged and peaked during the more uncertain period; fake news concern impacted the extreme stock market risk both domestically and abroad. Additionally, fake news concern in developed countries, especially the US, is more influential than that in developing countries. We also find that the impact of fake news concern on stock market extreme volatility decreases after the inclusion of legitimate news, and local fake news concern appears to have a greater impact than legitimate news concern in developing countries. Our research shows the importance of verifying the authenticity of information during a crisis."	"Fake news concern; Extreme stock market risk; Contagion; TVP-VAR model"	UNCERTAINTY	"Hong, Y; Qu, B; Yang, ZH; Jiang, YH"	FINANCE RESEARCH LETTERS	2023	10.1016/j.frl.2023.104258	1544-6123	Article	Business, Finance	Business & Economics	R5LT6
C_low_priority	10	exclude			Q1	Q1 analytical/modeling	analytical/modeling context	"market; volatility; COVID; analytical/modeling"	Spillover of fear among the US and BRICS equity markets during the COVID-19 crisis and the Russo-Ukrainian conflict	This study examines volatility contagion between the US and five BRICS stock markets during the COVID-19 pandemic and the Russo-Ukrainian crisis. We first use the Markov-switching dynamic regression method to endogenously identify various phases of market evolution. Then, we employ a dynamic conditional correlation process to uncover time-varying volatility spillovers relying on the implied volatility induced by daily changes in the investigated markets. Empirical results indicate that market spillover during the two crises presents quite different scenarios. The US has a more significant and persistent contagion effect on the BRICS markets during COVID-19. However, only a short-lived and pulse-like market response is detected in the initial stage of the Russo-Ukrainian crisis, and the volatility interdependency structures do not follow a specific pattern across all implied volatility pairs.	"Market spillovers; Implied volatility index; BRICS; COVID-19 crisis; Russo-Ukrainian crisis"	"GLOBAL FINANCIAL CRISIS; VOLATILITY; CONTAGION; UNCERTAINTY; MOVEMENTS; STRESS; INDEX"	"Zhang, Y; Zhou, L; Liu, ZD; Wu, BX"	NORTH AMERICAN JOURNAL OF ECONOMICS AND FINANCE	2025	10.1016/j.najef.2024.102308	1062-9408	Article	"Business, Finance; Economics"	Business & Economics	L6H8B
C_low_priority	10	exclude			Q1	Q1 analytical/modeling	analytical/modeling context	"market; volatility; COVID; analytical/modeling"	The impact of COVID-19 pandemic news on stock market volatility: International evidence	"Non-fundamental information, such as pandemic level indicators, might be perceived by investors as signals concerning lockdown extension or draw-out, which might drive investors' expectations and stock market dynamics. Since investors' beliefs may be susceptible to pandemic news, it may influence them to adjust their portfolios. literature on stock market reaction to news. This study complete the hurried literature on stock market reaction to news. Specifically, this study investigates the relationship between news concerning the pandemic level of COVID-19 and stock price volatility for seven countries where the largest clusters have occurred. We use increase rates of the number of new patients and deaths as pandemic level measures. We decompose the realized volatility into its continuous and jump components and control for asymmetric market reaction. More specifically, we distinguish between intraday good and bad volatilities. Our analysis reveals four main findings. First, we show a positive relationship between the pandemic level and realized volatility. Second, we find that pandemic news impacts the jump component significantly and the continuous component moderately. Third, we show that an increased pandemic level generates negative jumps, leading to an increase in bad volatility; however, decreased pandemic levels do not impact the positive semi-variance and positive jumps. Fourth, we highlight that the health news related to COVID-19 improves the predictive power of volatility forecasting."	"COVID-19; Pandemic level news; Realized volatility; Good volatility; Bad volatility; Signed jump; Volatility forecasting; Intraday data; G14; G15; G17"	"TIME PRICE DISCOVERY; MACROECONOMIC NEWS; ECONOMIC-NEWS; GLOBAL STOCK; JUMPS; MODEL; RISK; RETURN; LIQUIDITY; FORECASTS"	"Louhichi, W; Ameur, HB; Ftiti, Z; Prigent, JL"	REVIEW OF QUANTITATIVE FINANCE AND ACCOUNTING	2026	10.1007/s11156-025-01479-1	0924-865X	"Article; Early Access"	Business, Finance	Business & Economics	EE3UU
C_low_priority	10	exclude			Q1	Q1 analytical/modeling	analytical/modeling context	"market; volatility; COVID; analytical/modeling"	The effect of COVID-19 on Indian stock market volatility: can economic package control the uncertainty?	Purpose The stock market has shown fluctuating degrees of volatility because of the recent COVID-19 pandemic in India. The present research aims to investigate the effect of the COVID-19 on the stock market volatility, and whether the economic package can control the market volatility or not, measured by a set of certain sector-level economic features and factors such as resilience variables. Design/methodology/approach We examine the correlation matrix, basic volatility model and robustness tests to determine the sector-level economic features and macroeconomic factors helpful in diminishing the volatility rising because of the COVID-19. Findings The outcomes of this study are significant as policymakers and financial analysts can apply these economic factors to set policy replies to handle the unexpected fluctuation in the stock market in sequence to circumvent any thinkable future financial crisis. Originality/value The originality of the paper is to measure the variables affecting the stock market volatility due to COVID-19, and understand the impact of capital market macroeconomic variables and dummy variables to theoretically explain the COVID-19 impact on stock market volatility.	"Resilience; Capital market; Stock market volatility; Macroeconomic variables; COVID-19; D53; E22; E31; E32; F62"	"SPILLOVERS; TRANSMISSION; CONNECTEDNESS; CONTAGION; BUSINESS; RETURNS; US"	"Sreenu, N; Pradhan, AK"	JOURNAL OF FACILITIES MANAGEMENT	2023	10.1108/JFM-12-2021-0162	1472-5967	Article	Management	Business & Economics	Z1BC5
C_low_priority	10	exclude			Q1	Q1 analytical/modeling	analytical/modeling context	"market; volatility; COVID; analytical/modeling"	Optimizing Stock Market Returns during Global Pandemic Using Regression in the Context of Indian Stock Market	Stock markets around the world experienced a massive collapse during the first wave of COVID-19. Roughly in the month of January 2021, the second wave of COVID-19 struck in India, reaching its peak in May, and by the end of May, the active cases started to decline. A third wave is again predicted by the end of 2021, and as such, the COVID-19 pandemic seems to have become a periodic phenomenon over the last couple of years. Therefore, the study of the behavior of the stock market as well as that of the investors becomes very interesting and crucial in this highly volatile and vulnerable market trend. Motivated by these facts, in the present paper, the researcher develops a model for portfolio management, using curve-fitting techniques and shows that this model can encounter the market volatility efficiently in the context of the Indian stock market. The portfolio is designed based on data taken from the National Stock Exchange (NSE), India, during 1 January 2020 to 31 December 2020. The performance of the portfolio in real-life situation during 1 January 2021 to 21 May 2021 is examined, assuming investments are made according to the proposed model.	"stock prediction; regression; method of least squares; COVID-19; mutual fund; portfolio management"	SYSTEM	"Debnath, P; Srivastava, HM"	JOURNAL OF RISK AND FINANCIAL MANAGEMENT	2021	10.3390/jrfm14080386	1911-8066	Article	Business, Finance	Business & Economics	UG9LD
C_low_priority	10	exclude			Q1	Q1 analytical/modeling	analytical/modeling context	"market; volatility; COVID; analytical/modeling"	COVID-19 vaccinations and risk spillovers: Evidence from Asia-Pacific stock markets	This study investigates the impact of COVID-19 vaccinations on volatility (risk) spillovers among major Asia-Pacific stock markets. Utilizing both mean-based and quantile-based connectedness approaches, we examine the evolving patterns and network structure of risk spillovers not only on average but also in the extreme left and right tails. Risk spillovers are typically stronger under extreme shocks. A common regularity observed in the dynamics of standard (average) and extreme risk spillovers is that there are fewer risk spillovers after the launch of the COVID-19 vaccines. We also conduct a series of regression analyses to investigate the association between spillover levels and vaccination rates. The regression results support that an increase in vacci-nations is associated with an decrease in standard risk spillovers. Besides, it is observed that vaccinations have an asymmetric impact on the extreme downside-tail and upside-tail risk spillovers. Further, panic sentiment is identified as a potential channel through which vaccina-tions affect spillovers. Our findings point to the role of COVID-19 vaccinations in stabilizing the Asia-Pacific stock markets by reducing risk spillovers.	"COVID-19 vaccinations; Asia-Pacific stock markets; Volatility spillovers; Extreme risk spillovers; Complex network; Panic sentiment"	"IMPULSE-RESPONSE ANALYSIS; VOLATILITY SPILLOVERS; NETWORK; CONNECTEDNESS; RETURN; US"	"Li, YS; Shi, YJ; Shi, YD; Yi, SK; Zhang, WP"	PACIFIC-BASIN FINANCE JOURNAL	2023	10.1016/j.pacfin.2023.102004	0927-538X	Article	Business, Finance	Business & Economics	C1DB6
C_low_priority	10	exclude			Q1	Q1 analytical/modeling	analytical/modeling context	"market; volatility; COVID; analytical/modeling"	Volatility spillovers among major tourism stock indices during Covid-19 pandemic	This paper examines the dynamics of volatility spillovers among five major tourism stock indices during the Covid-19 period. Our paper enriches the current literature as it is the first paper to investigate the volatility spillovers among major global tourism stock indices by adopting Diebold and Yilmaz (2012. Better to give than to receive: Predictive directional measurement of volatility spillovers. International Journal of Forecasting, 28(1), 57-66. ), and Barunik and Krehlik (2018. Measuring the Frequency Dynamics of Financial Connectedness and Systemic Risk. Journal of Financial Econometrics, 16(2), 271-296.) time and frequency domain methods. Results suggest that total spillovers of the tourism stock indices rose significantly during the pandemic. Turkey and Italy are net volatility spillover transmitters, and others are net volatility spillover receivers. Findings of this study also indicates that the effect of volatility transmission among tourism stock markets is temporary (short-lasting). The results suggest that short-term investors and portfolio managers should avoid investing in the tourism indices in the short term.	"Volatility spillovers; stock market; Covid-19"	"IMPULSE-RESPONSE ANALYSIS; CONNECTEDNESS"	"El Rifai, O; Ozatac, N; Taspinar, N"	CURRENT ISSUES IN TOURISM	2023	10.1080/13683500.2022.2153015	1368-3500	Article	Hospitality, Leisure, Sport & Tourism	Social Sciences - Other Topics	I1ZX0
C_low_priority	10	exclude			Q1	Q1 analytical/modeling	analytical/modeling context	"market; volatility; COVID; analytical/modeling"	The effect of rare events on information-leading role: evidence from real estate investment trusts and overall stock markets	"The information relationship between real estate investment trusts and stock markets has garnered significant interest in finance; however, the time-varying information flow between the two can vary due to different market conditions. This study scrutinizes the information-leading roles between the real estate investment trust sector and overall stock markets under various market conditions. Shannonian transfer entropy, used for identifying information-leading roles, can reveal nonlinear interactions between two markets; however, the results can be hindered by rare events, such as sporadically occurring episodes. Therefore, this study introduces R & eacute;nyian transfer entropy to examine the role of rare events in the information flow between the two markets. This conjecture is confirmed using the COVID-19 pandemic as a natural experiment setting of rare events. The results reveal notable findings. (i) R & eacute;nyian transfer entropy can accurately capture the impact of rare events regardless of the sample period, including the changes in information-leading roles when volatility clustering strengthens. Furthermore, (ii) the significance of liquidity and market efficiency produces different information flows depending on market status. The findings suggest that investors can use R & eacute;nyian transfer entropy to accurately identify information-leading roles between assets under various market conditions, facilitating optimal portfolio allocation. Moreover, policymakers can benchmark this approach to identify financial risk contagion paths, enabling regulators to implement timely policy actions to mitigate market risks."		"GRANGER CAUSALITY; CAPITAL-MARKETS; RANDOM-WALKS; REITS; EFFICIENCY; LIQUIDITY; FLOW; COEFFICIENT; SPILLOVERS; RETURNS"	"An, S; Kim, J; Choi, G; Jang, H; Ahn, K"	HUMANITIES & SOCIAL SCIENCES COMMUNICATIONS	2024	10.1057/s41599-024-04146-3		Article	"Humanities, Multidisciplinary; Social Sciences, Interdisciplinary"	"Arts & Humanities - Other Topics; Social Sciences - Other Topics"	N8P3S
C_low_priority	10	exclude			Q1	Q1 analytical/modeling	analytical/modeling context	"market; volatility; COVID; analytical/modeling"	Spillover nexus of financial stress during black Swan events	This research investigates the dynamic volatility spillover among the financial market stress of the US, Other Advanced Economies (OAE), and Emerging Markets (EM) during the two Black Swan events -the ongoing COVID-19 pandemic and Global Financial Crisis (GFC). We conduct the spillover analyses on short, medium, and long runs. The findings suggest that during the GFC, the US financial market received the highest spillovers from OAE in the medium run. During the COVID-19 pandemic, financial stress in the US has induced maximum spillovers to the EM market in the long run.	"Volatility spillover; Financial stress; Global financial crisis; COVID-19 Pandemic; Volatility spillover; Financial stress; Global financial crisis; COVID-19 Pandemic"		"Jana, RK; Ghosh, I; Goyal, V"	FINANCE RESEARCH LETTERS	2022	10.1016/j.frl.2022.102892	1544-6123	Article	Business, Finance	Business & Economics	1M2AS
C_low_priority	10	exclude			Q1	Q1 analytical/modeling	analytical/modeling context	"market; volatility; COVID; analytical/modeling"	Fear sentiment spillovers and G7 market dynamics: evidence from a global crisis	PurposeThe paper aims to examine the return spillover effects between G7 stock markets, investors' FEAR and pandemic-related CORONA FEAR while analyzing their correlation, volatility influence and dynamic interconnections.Design/methodology/approachThe study uses daily data from January 2, 2019, to April 2021. Two novel sentiment indices (FEAR and CORONA FEAR) are constructed from Google Trends following Da et al. (2015). The analysis relies on the dynamic conditional correlation generalized autoregressive conditional heteroskedasticity model to capture dynamic correlations and the time-varying parameter vector autoregression (TVP-VAR) framework to assess time-varying connectedness across markets and fear indices.FindingsBoth FEAR and CORONA FEAR show long-run dynamic correlations with G7 stock markets. Uncertainty and pandemic fear gradually affect asset prices. TVP-VAR results reveal synchronization between fear sentiment and volatility across G7 markets. Both indices act as net volatility receivers, indicating stock markets are the main triggers of fear. Findings highlight the psychological impact of crises on investors and provide policy insights to reduce fear-driven reactions and enhance financial stability.Originality/valueThe paper introduces two new fear sentiment indices, FEAR and CORONA FEAR, derived from Google Trends data, and integrates them into financial spillover analysis, highlighting their role in shaping market volatility and investor behavior during crises.	"Spillover; FEAR sentiment; Dynamic spillovers; TVP-VAR; C32; C5; F3; G15"	"IMPULSE-RESPONSE ANALYSIS; INVESTOR SENTIMENT; STOCK MARKETS; PROSPECT-THEORY; CONNECTEDNESS; INTERDEPENDENCE; CONTAGION; RETURNS; MODEL; INDEX"	Letaief, H	JOURNAL OF RISK FINANCE	2026	10.1108/JRF-09-2025-0440	1526-5943	Article	Business, Finance	Business & Economics	HP3KK
C_low_priority	10	exclude			Q1	Q1 analytical/modeling	analytical/modeling context	"market; volatility; COVID; analytical/modeling"	Equity Market Description under High and Low Volatility Regimes Using Maximum Entropy Pairwise Distribution	The financial market is a complex system in which the assets influence each other, causing, among other factors, price interactions and co-movement of returns. Using the Maximum Entropy Principle approach, we analyze the interactions between a selected set of stock assets and equity indices under different high and low return volatility episodes at the 2008 Subprime Crisis and the 2020 COVID-19 outbreak. We carry out an inference process to identify the interactions, in which we implement the a pairwise Ising distribution model describing the first and second moments of the distribution of the discretized returns of each asset. Our results indicate that second-order interactions explain more than 80% of the entropy in the system during the Subprime Crisis and slightly higher than 50% during the COVID-19 outbreak independently of the period of high or low volatility analyzed. The evidence shows that during these periods, slight changes in the second-order interactions are enough to induce large changes in assets correlations but the proportion of positive and negative interactions remains virtually unchanged. Although some interactions change signs, the proportion of these changes are the same period to period, which keeps the system in a ferromagnetic state. These results are similar even when analyzing triadic structures in the signed network of couplings.	"return volatilities; maximum entropy principle; financial crisis; pairwise interactions; frustration; Kullback-Leibler divergence"	"INVERSE ISING PROBLEM; INFORMATION-THEORY; SPIN-GLASSES; TIME-SERIES; SYNCHRONIZATION"	"Valle, MA; Lavin, JF; Magner, NS"	ENTROPY	2021	10.3390/e23101307		Article	Physics, Multidisciplinary	Physics	WQ9JK
C_low_priority	10	exclude			Q1	Q1 analytical/modeling	analytical/modeling context	"market; volatility; COVID; analytical/modeling"	Covid-19 fiscal support and its effectiveness	"This paper uses a threshold-augmented Global VAR model to quantify the macroeconomic effects of countries' discretionary fiscal actions in response to the Covid-19 pandemic and its fallout. Our results are threefold: (1) fiscal policy is playing a key role in mitigating the effects of the pandemic; (2) all else equal, countries that implemented larger fiscal support are expected to experience less output contractions; (3) emerging markets are also benefiting from the synchronized fiscal actions globally through the spillover channel and reduced financial market volatility. (C) 2021 Elsevier B.V. All rights reserved."	"TGVAR; Covid-19; Threshold effects; Fiscal policy"		"Chudik, A; Mohaddes, K; Raissi, M"	ECONOMICS LETTERS	2021	10.1016/j.econlet.2021.109939	0165-1765	Article	Economics	Business & Economics	TL0ZH
C_low_priority	9	exclude			Q1	Q1 analytical/modeling	analytical/modeling context	"market; volatility; COVID; analytical/modeling; target region"	The impact of COVID-19 on sovereign contagion	In the midst of the unprecedented COVID-19 pandemic crisis, the scope of the current study is to outline the channels of shock propagation across sovereigns under these unprecedent conditions. We use a sample of Eu-ropean countries for a period of twelve years that encompasses the COVID-19 as well as the turbulent period of the European debt crisis. We apply Bayesian Vector Autoregressive techniques to show a dramatic increase in sovereign contagion during the outbreak of the COVID-19 pandemic, even higher than the increase recorded during the European Debt crisis. The result works through government response and containment measures. Extensive and severe detachment from any financial fundamentals is evident. The announcements of fiscal and monetary easing measures have eliminated the tension in the markets. When focusing on the period of the pandemic the impact of the national culture emerges through the channel of collectivism.	"COVID-19; Contagion; Sovereign risk; Dynamic panel analysis; Spillover matrix"	"CREDIT DEFAULT SWAP; EMPIRICAL-ANALYSIS; NATIONAL CULTURE; STOCK MARKETS; DEBT; RISK; CDS; VOLATILITY; SPILLOVERS; LIQUIDITY"	"Drakos, A; Moratis, G"	JOURNAL OF FINANCIAL STABILITY	2024	10.1016/j.jfs.2023.101189	1572-3089	Article	"Business, Finance; Economics"	Business & Economics	CT8M4
C_low_priority	9	exclude			Q1	Q1 analytical/modeling	analytical/modeling context	"market; volatility; COVID; analytical/modeling; target region"	On systemic risk contagion in the euro area: Evidence from frequency connectedness and the DY approaches	This study analyzes systemic risk contagion across the euro area by employing the Diebold-Yilmaz and the frequency connectedness methodologies with data from January 1, 1999, to January 25, 2021. We use the daily Composite Indicator of Systemic Stress (CISS) series for 11 countries in the euro area developed by Hollo = et al. (2012) and calculate the overall connectedness between the series by employing two pioneering approaches. Additionally, we estimate the short-, medium-, and long-cycle connectedness of systemic risk over the study period that covers three financial burst periods: the global financial crisis (GFC), the European sovereign debt crisis (ESDC), and the COVID-19 pandemic. Overall, spillover indexes notably rise around well-known financial/geopolitical events over the study period. Finally, we examine the network connectedness of systemic risk spillovers during the GFC, the ESDC, and COVID-19 periods and thereby compare them. Our results highlight an efficient regulatory mechanism to control systemic risk contagion. Copyright (c) 2021, Borsa _Istanbul Anonim S , irketi. Production and hosting by Elsevier B.V.	"Connectedness network; Financial connectedness; Frequency connectedness; Spillovers; Systemic risk"	"GLOBAL FINANCIAL CRISIS; VOLATILITY SPILLOVERS; CO-MOVEMENT; STOCK MARKETS; ASIA-PACIFIC; US; RETURN; INTEGRATION; INTERDEPENDENCE; DYNAMICS"	Polat, O	BORSA ISTANBUL REVIEW	2022	10.1016/j.bir.2021.06.011	2214-8450	Article	"Business, Finance; Economics"	Business & Economics	1V8VL
C_low_priority	9	exclude			Q1	Q1 analytical/modeling	analytical/modeling context	"market; volatility; COVID; analytical/modeling"	The importance of cash during an economic shock	"This paper investigates how firm-level measures of financial distress risk are associated with both long-run event returns and options market implied volatility skew following the COVID-19 economic shock. We find that the current ratio and cash to current liabilities ratio from bankruptcy literature are important, but are dominated by cash holdings. Importantly, the effects of cash holdings are most pronounced in non-high-technology firms. We also examine an earlier event date tied to a potential leak of a confidential US Senate committee briefing information; we find that even at this earlier date cash holdings have a significant impact on abnormal stock returns. Additionally, at this earlier event date (but not at the normal event date), cash holdings are associated with lower implied volatility skew, an indication that the options market traders view higher cash holdings as reducing risk of financial distress prior to the official COVID-19 US announcement. Overall, our findings suggest that corporate cash holdings, especially of non-high-technology firms, are informative to both stock market investors and options market traders during an economic shock."	"Economic shock; COVID-19; stock returns; cash holdings; financial distress; G11; G14; G32"	"FINANCIAL DISTRESS; INFORMATION; EQUITY; SIZE; PROFITABILITY; INVESTMENT; PREDICTION; BANKRUPTCY; HOLDINGS; CRISIS"	"Fricke, E; Fung, S"	APPLIED ECONOMICS	2026	10.1080/00036846.2025.2503489	0003-6846	Article	Economics	Business & Economics	IX5ST
C_low_priority	9	exclude			Q1	Q1 analytical/modeling	analytical/modeling context	"market; volatility; COVID; analytical/modeling"	Portfolio management for insurers and pension funds and COVID-19: targeting volatility for equity, balanced, and target-date funds with leverage constraints	Insurers and pension funds face the challenges of historically low-interest rates and high volatility in equity markets, that have been accentuated due to the COVID-19 pandemic. Recent advances in equity portfolio management with a target volatility have been shown to deliver improved on average risk-adjusted return, after transaction costs. This paper studies these targeted volatility portfolios in applications to equity, balanced, and target-date funds with varying constraints on leverage. Conservative leverage constraints are particularly relevant to pension funds and insurance companies, with more aggressive leverage levels appropriate for alternative investments. We show substantial improvements in fund performance for differing leverage levels, and of most interest to insurers and pension funds, we show that the highest Sharpe ratios and smallest drawdowns are in targeted volatility-balanced portfolios with equity and bond allocations. Furthermore, we demonstrate the outperformance of targeted volatility portfolios during major stock market crashes, including the crash from the COVID-19 pandemic.	"COVID-19 pandemic; equity investment; portfolio management; target-date funds; volatility forecasting"	ECONOMIC VALUE	"Doan, B; Reeves, JJ; Sherris, M"	ANNALS OF ACTUARIAL SCIENCE	2024	10.1017/S1748499523000143	1748-4995	Article	"Business, Finance; Economics; Mathematics, Interdisciplinary Applications; Social Sciences, Mathematical Methods; Statistics & Probability"	"Business & Economics; Mathematics; Mathematical Methods In Social Sciences"	MJ6U4
C_low_priority	9	exclude			Q1	Q1 analytical/modeling	analytical/modeling context	"market; volatility; COVID; analytical/modeling; target region"	The historical transition of return transmission, volatility spillovers, and dynamic conditional correlations: A fresh perspective and new evidence from the US, UK, and Japanese stock markets	This paper quantitatively investigated the historical transition of return transmission, volatility spillovers, and correlations between the US, UK, and Japanese stock markets. Applying a vector autoregressive (VAR) -dynamic conditional correlation (DCC)-multivariate exponential generalized autoregressive conditional heteroscedasticity (MEGARCH) model, we derived new evidence for four historical periods between 1984 and 2024. First, we found that the return transmission from the US to the other markets has historically become stronger, whereas recently, the return transmission from the UK to the US has disappeared. Second, we clarified that volatility spillovers from the US to the other markets have historically become stronger, whereas recently, volatility spillovers from the UK to the US have also disappeared. Third, our analyses of the historical constant correlations and DCCs revealed that stock market connectedness has gradually tightened between the US and Japan and between the UK and Japan, whereas recently, the connectedness between the US and UK has weakened. Fourth, our VAR-DCC analyses also revealed that volatility spillovers between the US, UK, and Japanese stock markets have been asymmetric. Fifth, we further showed that the skew - t errors incorporated into our VAR-DCC model are effective in estimating the dynamic stock return linkages between the US, the UK, and Japan. Finally, based on our findings, we derived many significant and beneficial interpretations and implications for historically and deeply considering return transmission, volatility spillovers, and DCCs between international stock markets.	"Brexit; COVID-19; DCC; European debt crisis; historical transition; MEGARCH; return transmission; VAR; volatility spillover"	"INTEGRATION; CONNECTEDNESS; PRICES; ENERGY; EUROPE"	Tsuji, C	QUANTITATIVE FINANCE AND ECONOMICS	2024	10.3934/QFE.2024016	2573-0134	Article	Business, Finance	Business & Economics	WU1J1
C_low_priority	9	exclude			Q1	Q1 analytical/modeling	analytical/modeling context	"market; volatility; COVID; analytical/modeling"	How resilient are the Asia Pacific financial markets against a global pandemic?	This paper examines (i) the effects of the COVID-19 outbreak and subsequent government policy responses, and (ii) their firm-level determinants in the context of Asia Pacific financial markets. The study is built on 3278 companies from 7 countries. It is found that the declaration of the COVID-19 outbreak as a pandemic resulted in a significant negative impact on the stock returns (the cumulative average abnormal returns range from 7.35% to 26.21% for a [ 5, 5] window period) with few exceptions. The results further indicate that although government stimulus packages somewhat calmed the markets, these policy responses, in general, failed to rebuild investors' confidence. The cross-sectional regression reveals that low leverage, low volatility, cash-rich, growth and good corporate governance firms were less vulnerable to the pandemic. However, firms' stock price responses to the crisis were invariant to their CSR engagement, features of the corporate board, and executive compensation structure.	"Coronavirus; COVID-19; Asia Pacific financial markets; Abnormal returns"	"CORPORATE; PERFORMANCE; SPILLOVERS; IMPACT; LAW"	"Rahman, ML; Al Mamun, MA"	PACIFIC-BASIN FINANCE JOURNAL	2021	10.1016/j.pacfin.2021.101656	0927-538X	Article	Business, Finance	Business & Economics	WG3HG
C_low_priority	8	exclude			Q1	Q1 analytical/modeling	analytical/modeling context	"market; volatility; COVID; analytical/modeling"	Connectedness analysis of price return index among Malaysian economic sectors	PurposeThis study aims to explore the connectedness of price return index spillovers across eight economic sectors in the Malaysian stock market (Bursa Malaysia). Design/methodology/approachThe analysis uses daily data of sectoral price index from 10 May 2005 to 24 February 2021. The study uses Bayesian time-varying parameter vector autoregressive. FindingsThe degree of price return index spillovers varies over time, reaching unprecedented heights during the COVID-19 pandemic in 2020. The industrial economic sector is the main transmitter of price index return shock, whereas the utilities economic sector is the dominant receiver of index return spillovers. Originality/valueThe findings are critical for investors, market participants, businesses and policymakers in developing action plans for the vulnerable sectors. It further enhances investors' confidence in making investment decisions.	"Connectedness; Business sector; COVID-19; Price index; G11; G17"	"IMPULSE-RESPONSE ANALYSIS; STOCK-MARKET; VOLATILITY SPILLOVERS; SYSTEMIC RISK; COVID-19; UNCERTAINTY; EFFICIENCY; CONTAGION; IMPACT; MODEL"	"Ahmad, N; Shahiri, H; Nor, SM; Aziz, MIA"	INTERNATIONAL JOURNAL OF ISLAMIC AND MIDDLE EASTERN FINANCE AND MANAGEMENT	2023	10.1108/IMEFM-11-2021-0454	1753-8394	Article	"Business, Finance; Management"	Business & Economics	H6EX8
C_low_priority	8	exclude			Q1	Q1 analytical/modeling	analytical/modeling context	"market; volatility; COVID; analytical/modeling"	Assessing asymmetric connectedness and spillover in Islamic equity markets: a non-linear perspective for investors	We measure the asymmetric connectedness between a sample of 26 developed and emerging Islamic equity markets from November 2008 to February 2022 based on daily data. We employ an asymmetric quantile cross-spectral approach to measure returns coherence during short-, medium- and long-run periods for the complete sample and COVID-19 period. Our results highlight that Canada and France act as transmitters, whereas Germany and the United Kingdom appear as major recipients of changes during both samples. Middle Eastern markets (Jordan, Lebanon, Oman) shifted their role from receiving changes to the transmitter during the COVID-19 period. Japan stands apart with minimal return co-movements. Overall, our results demonstrate that like conventional equities, Shariah-compliant stocks also remain vulnerable during the COVID-19 period. Our study carries useful implications for investors and policymakers.	"COVID-19; Islamic equities; cross-spectral; connectedness; returns coherence; I18; G23; C32; G15"	"GLOBAL FINANCIAL CRISIS; VOLATILITY SPILLOVER; STOCK; RETURNS; INDEXES; COMOVEMENT"	"Rehman, MU; Nautiyal, N; Zeitun, R; Vo, XV; Aleesa, N"	APPLIED ECONOMICS	2026	10.1080/00036846.2026.2622558	0003-6846	"Article; Early Access"	Economics	Business & Economics	DV6WX
C_low_priority	8	exclude			Q1	Q1 analytical/modeling	analytical/modeling context	"market; volatility; COVID; analytical/modeling"	Sectoral integration on an emerging stock market: a multi-scale approach	The purpose of this study is to examine the connectedness of industry sectors on the Johannesburg Stock Exchange in a time-frequency domain. We use econophysics-based methods like the wavelet multiple correlation and wavelet scalogram difference to identify the evolution of the connectedness of the sectors over time and at different frequencies. The findings show that the sectors on the Johannesburg Stock Exchange are especially integrated at lower frequencies. Wavelet multiple correlation peaks in response to local and global shocks like the black-swan COVID-19 pandemic in 2020 and the downgrading of South African debt by Fitch in 2013. Though there are opportunities for sectoral diversification on the JSE, this fails when it is most needed, during crisis periods. Investors should therefore consider other asset classes that could serve as a haven in times of crisis. Though extant literature has examined sectoral dependencies on the stock markets of developed and developing countries, to the best of our knowledge, this is the first study to examine this connectedness in a South African context using multiple nonparametric methods that are robust to non-normality, presence of outliers as well as non-stationary data.	"South Africa; Sectoral contagion; Connectedness; Spillovers; Integration; C58; G01; G11"	VOLATILITY	"Nyakurukwa, K; Seetharam, Y"	JOURNAL OF ECONOMIC INTERACTION AND COORDINATION	2023	10.1007/s11403-023-00383-y	1860-711X	Article	Economics	Business & Economics	W1CT1
C_low_priority	8	exclude			Q1	Q1 analytical/modeling	analytical/modeling context	"market; volatility; COVID; analytical/modeling"	COVID-19 media coverage and ESG leader indices	This study examines the dynamic connectedness between COVID-19 media coverage index (MCI) and ESG leader indices. Our findings provide evidence that MCI plays a role in facilitating the transmission of contagion to advanced and emerging equity markets during the pandemic. The connectedness between MCI and ESG leader indices is more pronounced around March and April 2020 at the peak of the pandemic. The US is a net receiver of shocks reaffirming that it was the most affected country during the pandemic. Our results provide implications for investors, portfolio managers, and policymakers in mitigating financial risks during the pandemic.	"COVID-19; ESG leaders; Financial contagion; Media coverage index; TVP-VAR"	"IMPULSE-RESPONSE ANALYSIS; VOLATILITY SPILLOVERS; STOCK; CONNECTEDNESS; SENTIMENT; NETWORKS"	"Akhtaruzzaman, M; Boubaker, S; Umar, Z"	FINANCE RESEARCH LETTERS	2022	10.1016/j.frl.2021.102170	1544-6123	Article	Business, Finance	Business & Economics	ZH8FS
C_low_priority	8	exclude			Q1	Q1 analytical/modeling	analytical/modeling context	"market; volatility; COVID; analytical/modeling"	Shock transmissions and business linkages among US sectors	This paper examines the shock spillovers between US sectors and their dependence on the intersectoral business linkages. Our forecast error variance decompositions reveal significant shock transmissions among trading sectors, especially in turbulent periods such as the financial crisis and the COVID-19 pandemic. The dymamics of shock spillovers reflect the impacts of the pandemic on economic sectors. Shock spillovers are shown to be influenced by the strength of the intersectoral trading relationships. Shocks to a sector's important supplier have a strong impact on the forecast error variance of the sector's stock return. The total directional spillovers from/ to a sector are linked with the number of close commercial linkages between that sector and other sectors.	"Asset pricing; Stock market; Shock transmission; Variance decomposition; Connectedness; Input-output linkage"	"IMPULSE-RESPONSE ANALYSIS; VOLATILITY SPILLOVERS; CROSS-PREDICTABILITY; CONNECTEDNESS; RETURN; DYNAMICS; RISK"	"Nguyen, LXD; Chevapatrakul, T; Mateut, S"	ANNALS OF OPERATIONS RESEARCH	2023	10.1007/s10479-022-04979-8	0254-5330	Article	Operations Research & Management Science	Operations Research & Management Science	GU8A6
C_low_priority	8	exclude			Q1	Q1 analytical/modeling	analytical/modeling context	"market; volatility; COVID; analytical/modeling"	Dividend policy, its asymmetric behavior and stock liquidity	Purpose This paper examines the impact of dividend policy on stock market liquidity, and whether the dividend payouts has an asymmetric effect on stock liquidity. Design/methodology/approach A multivariate panel-data regression analysis is conducted for a sample of the largest 411 nonfinancial US firms. Three main hypothesis are tested: (1) whether dividend payouts impact affect stock liquidity, (2) whether low and high dividend payments can asymmetrically effect on stock liquidity and (3) whether the presence of the GFC has an impact the relationship between dividend payments and stock liquidity. Findings The study finds that dividend policy is adversely associated with stock liquidity. This supports the prediction of the liquidity-dividend hypothesis. The authors also report that stock liquidity asymmetrically responds to changes in dividend payouts, confirming the prediction of the dividend-signaling approach. More specifically, higher dividend payments decrease stock liquidity by a lower magnitude than the increase in stock liquidity resulting from lower dividend payments. Finally, the presence of the GFC weakened the relationship between dividend payments and stock liquidity. Research limitations/implications The paper can help in performing future research by using different dataset covering the COVID-19 crisis. Practical implications The paper allows market participants to better understand the impact of dividend policy and its asymmetric effects on stock liquidity. The authors' analyses can direct investors and regulators to adopt new supervisory devices to create an appropriate level of dividend payouts that helps to effectively support the level of stock liquidity. Social implications The paper intends to support the business community and to make strong contributions to the economic development and the welfare of the community. Originality/value The originality comes from its new evidence as it can help in assessing the importance of dividend policy and its asymmetric impact on stock liquidity in the full sample and during the GFC. The paper is helpful in performing future analyses using a new sample period for another set of data as well as accounting for COVID-19 pandemic crisis.	"Payout policy; Asymmetric behavior; Financial crisis; Stock market liquidity; D82; G01; G35; G14; G12"	"UNIT-ROOT TESTS; TIME-SERIES; MARKET LIQUIDITY; VOLATILITY; RETURNS; INFORMATION; EARNINGS; SHOCKS; IMPACT; COSTS"	"Taher, FAN; Al-Shboul, M"	JOURNAL OF ECONOMIC STUDIES	2023	10.1108/JES-10-2021-0513	0144-3585	Article	Economics	Business & Economics	E2BT5
C_low_priority	8	exclude			Q1	Q1 analytical/modeling	analytical/modeling context	"market; volatility; COVID; analytical/modeling"	THE RETREAT FROM BIST: INSIGHTS INTO FOREIGN PORTFOLIO INVESTMENT MOVEMENTS	The need for rapid growth and development in developing countries increases the demand for capital. As a result, foreign portfolio investments are of great importance, especially in emerging markets, as they help meet capital needs. However, their ability to move quickly also introduces high volatility to financial markets. This study examines changes in the share of foreign portfolio investors in Borsa Istanbul from 2004 to 2023, aiming to provide long-term insights to market participants. Initially, changes in the foreign portfolio investor ratio over time are graphically analyzed alongside the BIST 100 index and the average interest rate of deposits with a maturity of up to 3 months. These changes are evaluated in the context of both global and local developments. The study then investigates the causal relationship between the foreign portfolio investor ratio and the BIST 100 index using a cointegration test and a causality test based on the VECM model. The findings show a one-way causality from the BIST 100 index to the foreign portfolio investor ratio, indicating that foreign investors' market movements are largely influenced by the performance of the BIST 100, and local market dynamics significantly affect foreign capital inflows.	"Foreign Portfolio Investment; Borsa & Idot;stanbul; Causality Analysis"	"CAPITAL FLOWS; VOLATILITY; COVID-19; RETURN; RATES; RISK"	"Alp, ÖS; Hazar, A; Babuscu, S"	EKONOMI POLITIKA & FINANS ARASTIRMALARI DERGISI	2024	10.30784/epfad.1501376		Article	"Business, Finance; Economics"	Business & Economics	K4F9Y
C_low_priority	8	exclude			Q1	Q1 analytical/modeling	analytical/modeling context	"market; volatility; COVID; analytical/modeling"	Does Market Fear Forecast US Economic Activity During the COVID-19 Crisis? Evidence from Time-Varying Asymmetric Causality and Wavelet Quantile Correlation Models	This study examines whether past values of the Chicago Board Options Exchange's (CBOE)'s volatility/investor fear index (VIX), can forecast the future values of US weekly economic activity (WEA) index over the initial 59 weeks of the COVID-19 pandemic, beginning on 20 January 2020. Using Hatemi-J time-varying, symmetric and asymmetric causality tests together with wavelet quantile correlations (WQC), we assess both short- and long-horizon predictive dynamics. The Hatemi-J symmetric and time-varying causality test shows a potential predictive link from VIX to future WEA, whereas the asymmetric and time-varying causality tests show that changes in investor fear did not predict subsequent economic disruptions or recoveries. By applying the wavelet Granger causality on the daily data of VIX and financial stress index (FSI), we find evidence that VIX did not have causal impacts on FSI for any frequency except the long-run. Furthermore, the results from the WQC show both quantile-varying and time-varying correlations, with short-run (2-4 and 4-8 week) correlations contradicting the conventional theory linking uncertainty to economic activity. Overall, the findings indicate that VIX offered limited real-time forecasting value during the early pandemic period, highlighting the need for caution when using fear indices as leading indicators under extreme uncertainty.	"COVID-19 shocks; Economic dislocations; Stock market dislocations; Bayesian VAR; Time-varying causality; Asymmetric causality; C14; C32; E17; O4"	"VOLATILITY; VIX"	Bakry, W	JOURNAL OF STATISTICAL THEORY AND APPLICATIONS	2026	10.1007/s44199-025-00149-4		Article	Statistics & Probability	Mathematics	AZ3FK
C_low_priority	8	exclude			Q1	Q1 analytical/modeling	analytical/modeling context	"market; volatility; COVID; analytical/modeling"	Forecasting value-at-risk and expected shortfall in emerging market: does forecast combination help?	PurposeThis paper investigates how various strategies for combining forecasts, both simple and optimised approaches, are compared with popular individual risk models in estimating value-at-risk (VaR) and expected shortfall (ES) in emerging market at alternative risk levels.Design/methodology/approachUsing the case study of the Vietnamese stock market, the author produced one-day-ahead VaR and ES forecast from seven individual risk models and ten alternative forecast combinations. Next, the author employed a battery of backtesting procedures and alternative loss functions to evaluate the global predictive accuracy of the different methods. Finally, the author investigated the relative performance over time of VaR and ES forecasts using fluctuation test.FindingsThe empirical results indicate that, although combined forecasts have reasonable predictive abilities, they are often outperformed by one individual risk model. Furthermore, the author showed that the complex combining methods with optimised weighting functions do not perform better than simple combining methods. The fluctuation test suggests that the poor performance of combined forecasts is mainly due to their inability to cope with periods of instability.Research limitations/implicationsThis study reveals the limitation of combining strategies in the one-day-ahead VaR and ES forecasts in emerging markets. A possible direction for further research is to investigate whether this finding holds for multi-day ahead forecasts. Moreover, the inferior performance of combined forecasts during periods of instability motivates further research on the combining strategies that take into account for potential structure breaks in the performance of individual risk models. A potential approach is to improve the individual risk models with macroeconomic variables using a mixed-data sampling approach.Originality/valueFirst, the authors contribute to the literature on the forecasting combinations for VaR and ES measures. Second, the author explored a wide range of alternative risk models to forecast both VaR and ES with recent data including periods of the COVID-19 pandemic. Although forecast combination strategies have been providing several good results in several fields, the literature of forecast combination in the VaR and ES context is surprisingly limited, especially for emerging market returns. To the best of the author's knowledge, this is the first study investigating predictive power of combining methods for VaR and ES in an emerging market.	"Value at risk; Expected shortfall; Forecast combination; C22; E47; G17"	"MODELS; VOLATILITY; ELICITABILITY; RETURNS; CAVIAR"	Le, TH	JOURNAL OF RISK FINANCE	2024	10.1108/JRF-06-2023-0137	1526-5943	Article	Business, Finance	Business & Economics	ES9R3
C_low_priority	8	exclude			Q1	Q1 analytical/modeling	analytical/modeling context	"market; volatility; COVID; analytical/modeling"	Resilience amidst turmoil: a multi-resolution analysis of portfolio diversification in emerging markets during global financial and health crises	Using Wavelet Coherence, Frequency Interconnectedness and Spillover methodologies, this study investigates the dynamic comovements and spillover effects between emerging markets (BRICS and Turkiye) with a specific emphasis on the effects of the GFC and COVID-19 pandemic. It aims to compare the impact of these events on portfolio diversification in the equity markets from the perspective of international equity investors. The results indicate that the stock markets are positively interlinked and depend on the time and frequency of returns. Significant correlations among the equity markets and a spike in overall spillover are also evident in the recent period due to the COVID-19 pandemic. These findings can be useful for policymakers and investors in their decision making.	"Capital markets; Equities; Wavelet coherence; Interconnectedness; BRICS; Turkey; C40; C58; F15; F21; F36; G11; G15"	"IMPULSE-RESPONSE ANALYSIS; VOLATILITY SPILLOVERS; STOCK MARKETS; WAVELET COHERENCE; BRICS; CONTAGION; CONNECTEDNESS; COMOVEMENTS; DYNAMICS; RETURN"	"Smolo, E; Nagayev, R; Jahangir, R; Tarazi, CSC"	JOURNAL OF ASSET MANAGEMENT	2024	10.1057/s41260-023-00332-1	1470-8272	Article	Business, Finance	Business & Economics	JC0T4
C_low_priority	8	exclude			Q1	Q1 analytical/modeling	analytical/modeling context	"market; volatility; COVID; analytical/modeling"	A revised approach to testing for asymmetric intermarket spillover effects	This paper applies a modified DCC framework to test for asymmetric intermarket spillover effects from the US to a sample of G7 stock markets following the outbreak of the COVID-19 pandemic. The adjustment proposed in this research article addresses the shortcomings associated with the methodologies developed by, inter alia, Forbes and Rigobon (2002). The results demonstrate that spillover is less likely to propagate across highly developed and firmly integrated financial markets. IMPACT STATEMENT This study deals with the economic impact of stock markets and produces rigorous evidence regarding this impact on theoretical and empirical literature. We hope this study will significantly illuminate the theoretical and empirical research discussions on the links between stock markets and significant economic variables.	"DCC; VAR; asymmetric volatility spillovers; heteroskedasticy; shock transmission mechanism; interdependence; COVID-19 pandemic"	"DYNAMIC CORRELATION-ANALYSIS; FINANCIAL CONTAGION; STOCK MARKETS; INTERDEPENDENCE; DETERMINANTS; CONTEXT"	"Shrydeh, N; Shahateet, M; Mohammad, S; Sumadi, M"	COGENT ECONOMICS & FINANCE	2025	10.1080/23322039.2024.2440440	2332-2039	Article	Economics	Business & Economics	S7H7B
C_low_priority	8	exclude			Q1	Q1 analytical/modeling	analytical/modeling context	"market; volatility; COVID; analytical/modeling"	Multifractal analysis of social media use in financial markets	We analyze the nonlinear properties of social media activity(SMA) using the multifractal detrended fluctuation analysis (MF-DFA) method. Social media data related to the stock market are gathered from social media platforms. Using data on over 2000 firms in the Korean stock market for 2018-2020, we study social media activity and its differences to evaluate associated nonlinear and statistical properties. We find that the cumulative distribution function of SMA follows a stretched exponential distribution with beta = 0.85. The Hurst exponent of SMA for three datasets (2018, 2019, 2020 year) is larger than 0.9, whereas the Hurst exponents of shuffled time series have values of approximately 0.5. In particular, we find a multifractal structure in both SMA and SMA difference results irrespective of the period and degree of multifractality defined as alpha(max )- alpha(min), which reaches a maximum value during the COVID-19 pandemic as a financial crisis.	"Econophysics; Multifractal; Social media"	"DETRENDED FLUCTUATION ANALYSIS; INVESTOR SENTIMENT; VOLATILITY; BEHAVIOR"	Oh, G	JOURNAL OF THE KOREAN PHYSICAL SOCIETY	2022	10.1007/s40042-022-00448-4	0374-4884	Article	Physics, Multidisciplinary	Physics	ZU6ZL
C_low_priority	8	exclude			Q1	Q1 analytical/modeling	analytical/modeling context	"market; volatility; COVID; analytical/modeling"	Rethinking financial contagion: Information transmission mechanism during the COVID-19 pandemic	"Rapidly growing numbers of empirical papers assessing the financial effects of COVID-19 pandemic triggered an urgent need for a study summarising the existing knowledge of contagion phenomenon. This paper provides a review of conceptual approaches to studying financial contagion at four levels of information transmission: (i) Catalyst of contagion; (ii) Media attention; (iii) Spillover effect at financial markets; (iv) Macroeconomic fundamentals. We discuss the unique characteristics of COVID-19 crisis and demonstrate how this shock differs from previous crises and to what extent the COVID-19 pandemic can be considered a 'black swan' event. We also review the main concepts, definitions and methodologies that are frequently, but inconsistently, used in contagion literature to unveil the existing problems and ambiguities in this popular area of research. This paper will help researchers to conduct coherent and methodologically rigorous research on the impact of COVID-19 on financial markets during the pandemic and its aftermath."	"Contagion; COVID-19; Return and volatility transmission; Spillovers effect; Coronavirus; Black swan"	"STOCK-MARKET CONTAGION; ASSET FIRE SALES; VOLATILITY SPILLOVERS; BLACK SWAN; INDEX FUTURES; INTERNATIONAL TRANSMISSION; INTRADAILY VOLATILITY; WORLD MARKET; INTEGRATION; CRISIS"	"Yarovaya, L; Brzeszczy, J; Goodell, JW; Lucey, B; Lau, CKM"	JOURNAL OF INTERNATIONAL FINANCIAL MARKETS INSTITUTIONS & MONEY	2022	10.1016/j.intfin.2022.101589	1042-4431	Article	"Business, Finance; Economics"	Business & Economics	3H0LL
C_low_priority	8	exclude			Q1	Q1 analytical/modeling	analytical/modeling context	"market; volatility; COVID; analytical/modeling"	Interconnectedness and Risk Spillovers among Selected Indian Stocks During the COVID-19 Pandemic	This paper examines the connectedness and spillovers of volatilities among ten selected BSE indexes during the COVID-19 pandemic. Daily data covering the periods from January 2015 to December 2020 has been utilized. We employed the Diebold and Yilmaz procedure to investigate directional and total volatility spillovers. The results reveal a significant overall pairwise connectedness of 56.8%, indicating a high degree of inter-stock dependency. Additionally, we computed an aggregate spillover index, and its graphical representation shows a substantial upsurge beginning at the end of 2019, eventually peaking on March 12, 2020. Finally, we divided the dataset into two samples: the period before and the period during the pandemic. The results confirm that COVID-19 has triggered a significant volatility spillover within the Indian market. The policy implications of these findings are also discussed.	"Stock Market Volatility; Risk's Spillover; Interconnectedness; Financial Market"	IMPULSE-RESPONSE ANALYSIS	"Baranidharan, S; Rathod, HS; Abdu, M"	INTERDISCIPLINARY JOURNAL OF MANAGEMENT STUDIES	2024	10.22059/ijms.2023.336640.674885		Article	Management	Business & Economics	DC7R8
C_low_priority	8	exclude			Q1	Q1 analytical/modeling	analytical/modeling context	"market; volatility; COVID; analytical/modeling"	Risk aversion connectedness in developed and emerging equity markets before and after the COVID-19 pandemic	This study investigates the dynamic connectedness across the variance risk premium in international developed and emerging equity markets based on a Bayesian time-varying parameter vector autoregressive methodology. The empirical results indicate that the total spillover index is on average 65.6%, indicating a high, albeit declining, level of interconnectedness across the investor sentiment in the three markets under review until early 2020. Following the COVID-19 outbreak though, the total investors' risk aversion connectedness - as expected - strengthens, but more importantly, its dynamics alter, indicating that the risk aversion of emerging markets is an important contributor to the connectedness of international markets.	"Variance risk premium; Diebold and Yilmaz; Spillovers; Emerging markets; Risk aversion; TVP-VAR; Covid; Financial crisis; Financial market; International finance; Behavioral economics; Econometrics"	"GLOBAL FINANCIAL CRISIS; IMPLIED VOLATILITY; INVESTOR SENTIMENT; MONETARY-POLICY; FEAR INDEX; STOCK; CONTAGION; BRICS; US; SPILLOVERS"	Fassas, AP	HELIYON	2020	10.1016/j.heliyon.2020.e05715		Article	Multidisciplinary Sciences	Science & Technology - Other Topics	PP1RI
C_low_priority	8	exclude			Q1	Q1 analytical/modeling	analytical/modeling context	"market; volatility; COVID; analytical/modeling"	Multifractal analysis of Fintech market	In this paper, we delve into the intricate nonlinear dynamics of the FinTech market by clearly quantifying its multifractal characteristics, with a particular emphasis on the disruptions caused by the COVID-19 pandemic. We examined the return time series data of four pivotal FinTech indices: the Alternative Finance Index, the Democratized Banking Index, the Distributed Ledger Index, and the Future Payments Index, each representing a fundamental aspect of the FinTech ecosystem. Our analysis uncovers pronounced multifractal spectrum features within these indices, indicating a complex interplay of factors influencing their market behaviors. To assess the impact of the COVID-19 crisis, we conducted a comparative analysis of the multifractality in these time series before and after the onset of the pandemic. This methodical comparison reveals a significant intensification of multifractal behaviors across all FinTech indices under study during the period influenced by COVID-19. Our findings underscore the significant impact of the COVID-19 crisis on the complex nonlinear characteristics of financial markets, particularly highlighting its pronounced effects on the rapidly evolving FinTech sector.	"Econophysics; Multifractal; Fintech market"	"DETRENDED FLUCTUATION ANALYSIS; STATISTICAL PROPERTIES; STOCK MARKETS; VOLATILITY; BEHAVIOR; EFFICIENCY"	Oh, G	JOURNAL OF THE KOREAN PHYSICAL SOCIETY	2024	10.1007/s40042-024-01066-y	0374-4884	Article	Physics, Multidisciplinary	Physics	SP4L8
C_low_priority	8	exclude			Q1	Q1 analytical/modeling	analytical/modeling context	"market; volatility; COVID; analytical/modeling"	Category-specific EPU indices, macroeconomic variables and stock market return predictability	This paper mainly investigates whether the category-specific EPU indices have predictability for stock market returns. Empirical results show that the content of category-specific EPU can significantly predict the stock market return, no matter the individual category-specific EPU index or the principal component of category -specific EPU indices. In addition, the information of category-specific EPU indices can also have higher eco-nomic gains than traditional macroeconomic variables, even considering the trading cost and different investor risk aversion coefficients. During different forecasting windows, multi-period forecast horizons and the COVID-19 pandemic, we find the information contained in category-specific EPU indices can have better performances than that of the macroeconomic variables. Our paper tries to provide new evidence for stock market returns based on category-specific EPU indices.	"Category -specific EPU indices; Macroeconomic variables; Stock market return predictability; Principal component method; COVID-19 pandemic"	"ECONOMIC-POLICY UNCERTAINTY; PREMIUM; RISK; G7; VOLATILITY; INFLATION; PRICES; OUTPUT; SAMPLE"	"Zeng, Q; Lu, XJ; Dong, DY; Li, P"	INTERNATIONAL REVIEW OF FINANCIAL ANALYSIS	2022	10.1016/j.irfa.2022.102353	1057-5219	Article	Business, Finance	Business & Economics	4R1RK
C_low_priority	8	exclude			Q1	Q1 analytical/modeling	analytical/modeling context	"market; volatility; COVID; analytical/modeling"	Dynamic Connectedness among Vaccine Companies' Stock Prices: Before and after Vaccines Released	This study investigates the interconnectedness among the stocks of the publicly listed vaccine-producing companies before and after vaccine releases in 2020/21. In doing so, the study utilizes the daily frequency equity returns of the major vaccine producers, including Moderna, Pfizer, Johnson & Johnson, Sinopharm and AstraZeneca. First, the investigation applies the TVP-VAR Dynamic Connectedness approach to explore the time-frequency connectedness between the stocks of those vaccine producers. The empirical findings demonstrate that Moderna performs as the most prominent net volatility contributor, whereas Sinopharm is the highest net volatility receiver. Interestingly, the vaccine release significantly increases the stock market connectedness among our sampled vaccine companies. Second, the cross-quantile dependency framework allows for the observation of the interconnectedness under the bearish and bullish stock market conditions by splitting any paired variables into 19 quantiles when considering short-, medium- and long-memories. The results also show that a high level of connectivity among the vaccine producers exists under bullish stock market conditions. Notably, Moderna transmits significant volatility spillovers to Sinopharm, Johnson & Johnson and AstraZeneca under both the bearish and bullish conditions, though the volatility transmission from Moderna to Pfizer is less pronounced. The policy implication proposes that the vaccine release allows companies to increase their stock returns and induce substantial volatility spillovers from company to company.	"vaccine release; vaccine producer; stock market; connectedness; cross-quantilogram; TVP-VAR"	"IMPULSE-RESPONSE ANALYSIS; TIME-VARYING COMOVEMENT; FINANCIAL CRISIS; MARKET COMOVEMENTS; DETERMINANTS; CONTAGION; MODEL; US; CHANNELS; COVID-19"	"Sohag, K; Gainetdinova, A; Hammoudeh, S; Shams, R"	MATHEMATICS	2022	10.3390/math10152812		Article	Mathematics	Mathematics	3S7NC
C_low_priority	8	exclude			Q1	Q1 analytical/modeling	analytical/modeling context	"market; volatility; COVID; analytical/modeling"	Has the COVID-19 pandemic shock transmitted to the u.s. stock market: Evidence using bootstrap (A)symmetric fourier granger causality test in quantiles	This study investigates whether the COVID-19 shocks transmitted to the U.S. stock market were symmetric or asymmetric using bootstrap quantile asymmetric Granger causality tests with or without the Fourier functions. The results indicate that while low quantiles of stock returns do not respond to COVID-19 shocks, the latter is a powerful predictor of high quantiles of stock returns. Besides, only positive COVID-19 shocks are potent predictors of high quantiles of stock market return. In contrast, adverse shocks adequately predict low quantiles of stock return. These findings have important policy implications for investors and policymakers who implement strategies for market stabilization.	"Stock market; COVID-19; Granger non -causality; Asymmetric causality; Quantile regression method"	"IMPLIED VOLATILITY; NATURAL DISASTERS; IMPACT; INVESTORS; WAR"	"Peng, YT; Chang, TY; Ranjbar, O; Xiang, FY"	NORTH AMERICAN JOURNAL OF ECONOMICS AND FINANCE	2024	10.1016/j.najef.2024.102156	1062-9408	Article	"Business, Finance; Economics"	Business & Economics	QR1D5
C_low_priority	8	exclude			Q1	Q1 analytical/modeling	analytical/modeling context	"market; volatility; COVID; analytical/modeling"	Fractality of Borsa Istanbul during the COVID-19 Pandemic	Forecasting price changes is very important for the process of estimating and managing market risk in financial markets. Price changes in financial markets may also depend on non-market factors. Considering this situation, the study investigates the effect of the COVID-19 pandemic on Borsa Istanbul. It tackles changes in the fractal dimensions of the time series obtained with the daily closing prices of stocks traded on Borsa Istanbul (BIST). According to the results of the sector-based analysis, we found that fractal dimension changes were quite effective in price estimation.	"fractal dimension; time series analysis; financial markets"	"STOCHASTIC VOLATILITY; TIME-SERIES; DIMENSION; TURBULENCE; DYNAMICS; PERFORMANCE; ESTIMATORS; EFFICIENCY; ENTROPY; MARKETS"	"Balci, MA; Batrancea, LM; Akgüller, O; Gaban, L; Rus, MI; Tulai, H"	MATHEMATICS	2022	10.3390/math10142503		Article	Mathematics	Mathematics	3J4RL
C_low_priority	8	exclude			Q1	Q1 analytical/modeling	analytical/modeling context	"market; volatility; COVID; analytical/modeling"	Similarity and Granger Causality in Polish and Spanish Stock Market Sectors During the COVID-19 Pandemic	Capital markets react almost immediately to crises. Such relationships can be both international and local. The research focuses on the stock markets of two countries: Spain and Poland. These countries are often compared in terms of various economic and social criteria. The research covers the period from March 3, 2019, to March 31, 2021. The aim is to identify sectors and indices similar to each other at the local level and to identify, among pairs of similar indices, those that provide a boost to another sector. The research uses the hierarchical cluster analysis method (Ward's method) and the Granger causality test. This work presents a novel approach to sectoral comparison at the local level.	"coronavirus; economic sectors; financial volatility; similarity"	"AUTOREGRESSIVE TIME-SERIES; PRICE"	"Zebrowska-Suchodolska, D; Piekunko-Mantiuk, I"	COMPARATIVE ECONOMIC RESEARCH-CENTRAL AND EASTERN EUROPE	2022	10.18778/1508-2008.25.23	1508-2008	Article	Economics	Business & Economics	5K4KW
C_low_priority	8	exclude			Q1	Q1 analytical/modeling	analytical/modeling context	"market; volatility; COVID; analytical/modeling"	Two decades of contagion effect on stock markets: Which events are more contagious?	This study aims to investigate the impact of a wide range of economic and non-economic events on stock market spillover effects in a group of 16 major developed and emerging countries over the 2000-2020 period. We analyse the size and structure of contagion to verify how different events spread contagion across borders and sectors. We applied the methodology proposed by Diebold and Yilmaz (2009, 2012, 2014) to a wide range of stock market indices using a quantile regression framework. Our findings show that the sectoral and countryspecific indices usually range below the overall market contagion levels, while their density functions differ structurally from those of overall market contagion. Among non-economic events, viruses - notably, the COVID19 pandemic - are the most widespread sources of contagion, while terrorism events affect the widest range of sectors with the greatest magnitude. Among economic events, the strongest negative impact is found for prudential ones. Quantitative easing (QE) and liquidity support reduce overall market contagion, while QE unwinding has a more substantial role than its introduction or expansion, exemplifying its asymmetric impact. We also investigate how investors may benefit from using contagion information in developing trading strategies, highlighting the positive impact of spillover-based weightings on portfolio returns.	"Contagion effect; Cross-border spillover; Cross-sector spillover; Events"	"GLOBAL FINANCIAL CRISIS; IMPULSE-RESPONSE ANALYSIS; VOLATILITY SPILLOVERS; INTERNATIONAL TRANSMISSION; MONETARY-POLICY; INTRADAILY VOLATILITY; TERRORIST ATTACKS; EMERGING MARKETS; EXCHANGE-RATES; US"	"Iwanicz-Drozdowska, M; Rogowicz, K; Kurowski, L; Smaga, P"	JOURNAL OF FINANCIAL STABILITY	2021	10.1016/j.jfs.2021.100907	1572-3089	Article	"Business, Finance; Economics"	Business & Economics	WQ3DI
C_low_priority	7	exclude			Q1	Q1 analytical/modeling	analytical/modeling context	"market; volatility; COVID; analytical/modeling"	An exploration of the mathematical structure and behavioural biases of 21st century financial crises	In this paper we contrast the dynamics of the 2022 Ukraine invasion financial crisis with notable financial crises of the 21st century - the dot-com bubble, global financial crisis and COVID-19. We study the similarity in market dynamics and associated implications for equity investors between various financial market crises and we introduce new mathematical techniques to do so. First, we study the strength of collective dynamics during different market crises, and compare suitable portfolio diversification strategies with respect to the unique number of sectors and stocks for optimal systematic risk reduction. Next, we introduce a new linear operator method to quantify distributional distance between equity returns during various crises. Our method allows us to fairly compare underlying stock and sector performance during different time periods, normalising for those collective dynamics driven by the overall market. Finally, we introduce a new combinatorial portfolio optimisation framework driven by random sampling to investigate whether particular equities and equity sectors are more effective in maximising investor risk-adjusted returns during market crises.	"Financial market crises; Nonlinear time series analysis; Portfolio optimisation"	"METEOROLOGICAL NORMALIZATION; PORTFOLIO OPTIMIZATION; CROSS-CORRELATIONS; AIR-QUALITY; TIME-SERIES; MODELS; VOLATILITY; WORLD"	"James, N; Menzies, M"	PHYSICA A-STATISTICAL MECHANICS AND ITS APPLICATIONS	2023	10.1016/j.physa.2023.129256	0378-4371	Article	Physics, Multidisciplinary	Physics	X4QL0
C_low_priority	6	exclude			Q1	Q1 analytical/modeling	analytical/modeling context	"market; volatility; COVID; analytical/modeling"	Quantile connectedness between Sukuk bonds and the impact of COVID-19	The purpose of this study is to investigate the return connectedness in the median, left, and right tail, using the novel methodology of quantile-based connectedness proposed by Ando et al. (2018). We use daily data covering the period from 1 January 2013 to 27 October 2020, which includes different financial crises occurring in GCC, Turkey, Malaysia, and Indonesia. Furthermore, analysing the dynamic connectedness, the Sukuk market was significantly influenced by the COVID-19 pandemic. Our findings reveal that the spillover structures in both upper and lower tails differ from those observed in the middle quantile. Finally, we find that Bahrain, Malaysia, Oman, and Qatar transmitted more spillovers than they admitted during the COVID-19 outbreak. These findings offer vital implications for regulators and policymakers, investors, traders, and portfolio managers regarding whether diversification across Sukuk indices is achievable during turbulent periods like COVID-19.	"COVID-19; Sukuk bonds; quantile connectedness; extreme return spillovers"	"VOLATILITY SPILLOVERS; RISK SPILLOVERS; STOCK MARKETS; TRANSMISSION; CRISIS; RETURN"	"Naeem, MA; Billah, M; Marei, M; Balli, F"	APPLIED ECONOMICS LETTERS	2022	10.1080/13504851.2021.1934384	1350-4851	Article	Economics	Business & Economics	3K1NH
C_low_priority	6	exclude			Q1	Q1 analytical/modeling	analytical/modeling context	"market; volatility; COVID; analytical/modeling"	Insights Into Financial Contagion: A Bibliometric Study	Research on financial contagion has witnessed an exponential growth over the last two decades due to increase of interdependence among financial markets of various countries. In the present study, bibliometric analysis has been employed to summarize the present status and to identify significant gaps in the prevalent literature on financial contagion. The Scopus database has been used to retrieve information pertaining to 456 research papers on financial contagion via keyword searching approach over the period of more than two decades ranging from 1997 to 2021. Performance analysis techniques have provided valuable insights into the most influential authors, countries, organizations and journals that play active role in enriching the literature on the selected theme. Scientific mapping technique, namely bibliographic coupling has also been used to establish the linkage among those published papers that cite the same document. As a result, a thorough examination of the financial contagion documents not only examines current research characteristics and trends but also assists the researchers in determining the best research entrance point and in conducting in-depth research.	"Financial contagion; bibliometric analysis; financial crisis; financial markets; COVID-19"	"STOCK-MARKET CONTAGION; CRISIS; INTERDEPENDENCE; VOLATILITY; RISK; DCC; CONNECTEDNESS; SPILLOVERS; STABILITY; CHANNELS"	Kaur, H	FIIB BUSINESS REVIEW	2025	10.1177/23197145221150956	2319-7145	Article	"Business; Management"	Business & Economics	1CY3P
