priority_group	priority_score	manual_decision	exclusion_reason	screening_notes	matched_queries	query_group	method_focus	screening_rationale	title	abstract	author_keywords	keywords_plus	authors	source_title	publication_year	doi	issn	document_type	wos_categories	research_areas	wos_identifier
B_backup	18	exclude		raw methodology	"Q1; Q2"	"Q1 analytical/modeling; Q2 GARCH/HAR"	"econometric: GARCH/HAR; analytical/modeling context"	"market; volatility; COVID; GARCH/HAR; analytical/modeling"	Financial volatility modeling with option-implied information and important macro-factors	The research debate on the informational content embedded in option prices mostly approves the incremental predictive power of implied volatility estimates for financial volatility forecasting beyond that contained in GARCH and realized variance models. Contributing to this ongoing debate, we introduce the novel AIM-HEAVY model, a tetravariate system with asymmetries, option-implied volatility, and economic uncertainty variables beyond daily and intra-daily dispersion measures included in the benchmark HEAVY specification. We associate financial with macroeconomic uncertainties to explore the macro-financial linkages in the high-frequency domain. In this vein, we further focus on economic factors that exacerbate stock market volatility and represent major threats to financial stability. Hence, our findings are directly connected to the current world-wide Coronavirus outbreak. Financial volatilities are already close to their crisis-peaks amid the generalized fear about controversial economic policies to support societies and the financial system, especially in the case of the heavily criticized UK authorities' delayed and limited response.	"Economic policy uncertainty; high-frequency data; implied volatility; macro-financial linkages; realized variance; risk management"	"STOCK-MARKET VOLATILITY; ECONOMIC-POLICY UNCERTAINTY; REALIZED VOLATILITY; ASYMPTOTIC THEORY; RETURN VARIANCE; GARCH; EXCHANGE; RISK; INFERENCE; PRICES"	"Yfanti, S; Karanasos, M"	JOURNAL OF THE OPERATIONAL RESEARCH SOCIETY	2022	10.1080/01605682.2021.1966327	0160-5682	Article	"Management; Operations Research & Management Science"	"Business & Economics; Operations Research & Management Science"	5W4AA
B_backup	18	include			"Q1; Q2"	"Q1 analytical/modeling; Q2 GARCH/HAR"	"econometric: GARCH/HAR; analytical/modeling context"	"market; volatility; COVID; GARCH/HAR; analytical/modeling"	Optimization in volatility estimation for imperfect financial markets: a GARCH modeling analysis	This study aims to enhance the accuracy of volatility estimation in imperfect financial markets, particularly during the COVID-19 pandemic and non-pandemic periods. It also examines the dynamic behavior of volatility, focusing on how market imperfections influence volatility, particularly during periods of crisis like COVID-19. The study investigates the extent to which COVID-19 triggers changes in information content, which, in turn, affects volatility. The research proposes a GARCH-X framework that incorporates various market imperfections as exogenous variables (Model 1), the interaction between COVID-19 and asymmetric information (Model 2), and the degree of imperfection as an exogenous variable (Model 3). A refined contribution of this study is the use of entropy to measure market imperfections and the degree of imperfection. All models yield significant results, signifying that market imperfections influence volatility behavior. An empirical finding nominating that the proposed model is superior to conventional GARCH models in both in-sample and out-of-sample periods.	"Volatility estimation; market imperfections; GARCH modeling; shannon entropy; G10-General; G12-Asset pricing; Trading Volume; Bond Interest Rates; G19-Other; G15-International Financial Markets"	"INFORMATION; RETURNS; RISK"	"Sattar, MA; Shenjunxin; Naeem, M; Zaman, MF; Waseem, M"	JOURNAL OF APPLIED ECONOMICS	2026	10.1080/15140326.2026.2656018	1514-0326	Article	Economics	Business & Economics	GL1BN
B_backup	18	maybe		unclear market selection	"Q1; Q2"	"Q1 analytical/modeling; Q2 GARCH/HAR"	"econometric: GARCH/HAR; analytical/modeling context"	"market; volatility; COVID; GARCH/HAR; analytical/modeling"	Volatility in International Stock Markets: An Empirical Study during COVID-19	Predicting volatility is a must in the finance domain. Estimations of volatility, along with the central tendency, permit us to evaluate the chances of getting a particular result. Financial analysts are frequently challenged with the assignment of diversifying assets in order to form efficient portfolios with a higher risk to reward ratio. The objective of this research is to analyze the influence of COVID-19 on the return and volatility of the stock market indices of the top 10 countries based on GDP using a widely applied econometric model-generalized autoregressive conditional heteroscedasticity (GARCH). For this purpose, the daily returns of market indices from January 2019 to June 2020 were taken into consideration. The results reveal daily negative mean returns for all market indices during the COVID period (January 2020 to June 2020). Though the second quarter of the COVID period reflects a bounce back for all market indices with altered strengths, the volatility remains higher than in normal periods, signaling a bearish tendency in the market. The COVID variable, as an exogenous variance regressor in GARCH modeling, is found to be positive and significant for all market indices. Furthermore, the results confirmed the mean-reverting process for all market indices.	"volatility; GARCH; stock market; risk; crisis; coronavirus; GDP"	"SKEWNESS; MODELS; RETURN; RISK; CAPM"	"Chaudhary, R; Bakhshi, P; Gupta, H"	JOURNAL OF RISK AND FINANCIAL MANAGEMENT	2020	10.3390/jrfm13090208	1911-8066	Article	Business, Finance	Business & Economics	OB1EU
B_backup	18	exclude			"Q1; Q3"	"Q1 analytical/modeling; Q3 AI/ML/DL"	"AI/ML/DL; analytical/modeling context"	"market; volatility; COVID; AI/ML/DL; analytical/modeling"	Portfolio optimization in the stock market under disruptions: Real case studies of COVID-19 pandemic and currency risk	The connection between risk and return is a critical concept in finance. Investors who take on more risk can earn higher returns. Disruptions are part of market risks, also known as systematic risks. Due to political and macroeconomic risks, their effects on the entire economic market, or a significant portion of its sectors, are not negligible. Among these sectors, the stock market is essential as a basis of the economy. The point is that the consequences of all disruptions are not merely unpleasant for companies. They may affect corporate profitability both negatively and positively. Hence, investors who trace companies' news and fundamental conditions react, and the closing price probably encounters volatility. Therefore, the common trend of several stocks may fluctuate. This research investigates how investors in the stock market should form their investment portfolio to see the minor losses when disruptions occur and take advantage of the potential provided profitability by turning threats into opportunities. A three-step framework is presented to achieve this goal. A prerequisite for this framework is the collection of relevant data. Ten stocks from distinct industries of the Securities and Exchange Organization of Iran are chosen for the examination. In the first step, multi-variate regression analysis categorizes selected stocks into the most and the least affected groups. At the same time, a comprehensive technical analysis is involved in this step. Then, in the second step, three well-known machine learning techniques, namely, stacked long short-term memory (Stacked LSTM), autoregressive integrated moving average (ARIMA), and Prophet, are compared from the point of view of predicting future closed prices of selected stocks. The method with the most minor statistical error in forecasting, i.e., root mean squared error (RMSE) and validation loss, estimates the next month's closed prices. Finally, based on the predicted closed prices, the third step empowers the investor to optimize their portfolio in different scenarios, containing various investment weights on the two obtained groups of the first step, using the Markowitz Modern Portfolio Theory. The COVID-19 pandemic and currency risk are the two examined real case studies to validate the proposed methodology. Numerical results based on the Sharp Ratio show the superiority of investing 75 percent of an asset in the most affected stocks and the rest in the least affected stocks in the case of a pandemic and vice versa for the case of currency risk, which reveals that according to the unique features of disruptions investors can benefit from both categories of stocks.	"Disruption; Stock market; Regression analysis; Machine learning; Portfolio optimization"	"FRENCH; SHOCKS; FAMA"	"Kamali, AH; Iranmanesh, SH; Goodarzian, F"	ENGINEERING APPLICATIONS OF ARTIFICIAL INTELLIGENCE	2024	10.1016/j.engappai.2024.108973	0952-1976	Article	"Automation & Control Systems; Computer Science, Artificial Intelligence; Engineering, Multidisciplinary; Engineering, Electrical & Electronic"	"Automation & Control Systems; Computer Science; Engineering"	A6L2H
B_backup	18	exclude		covid lack of	"Q1; Q2"	"Q1 analytical/modeling; Q2 GARCH/HAR"	"econometric: GARCH/HAR; analytical/modeling context"	"market; volatility; COVID; GARCH/HAR; analytical/modeling"	Improving Quantile Forecasts via Realized Double Hysteretic GARCH Model in Stock Markets	This research introduces a realized double hysteretic GARCH (R-dhGARCH) model with a skew Student's t distribution designed to improve quantile forecasts by allowing regime-switching in both volatility and measurement equations. The nonlinear model is flexible, accommodating both explosive persistence and high volatility in the first regime and effectively capturing extreme values within the volatility and measurement equations. Bayesian methods are proposed for estimating the unknown parameters of a target model while also forecasting value-at-risk (VaR) and expected shortfall (ES) simultaneously. An adaptive MCMC algorithm serves to sample from nonstandard posterior distributions. Illustrations of the proposed methods occur through a simulation study as well as from real examples. In the simulation study, parameter estimates and tail forecasts undergo evaluation. Daily data from four stock markets form the VaR and ES forecasts for a four-year out-of-sample period, including the COVID-19 pandemic period. Backtests, scoring functions, and Murphy diagrams help assess the models' forecasts. The results show that the R-dhGARCH model outperforms other models in the U.S., Japan, and South Korea markets.	"Nonlinear model; Hysteretic effect; Markov chain Monte Carlo method; Value-at-risk; Expected shortfall; Skew Student's t distribution; Murphy diagrams"	"VALUE-AT-RISK; CONDITIONAL HETEROSCEDASTICITY; VOLATILITY; VARIANCE; POST"	"Chen, CWS; Chien, CTH"	COMPUTATIONAL ECONOMICS	2024	10.1007/s10614-024-10563-y	0927-7099	Article	"Economics; Management; Mathematics, Interdisciplinary Applications"	"Business & Economics; Mathematics"	N6M9E
B_backup	18	exclude		india	"Q1; Q2"	"Q1 analytical/modeling; Q2 GARCH/HAR"	"econometric: GARCH/HAR; analytical/modeling context"	"market; volatility; COVID; GARCH/HAR; analytical/modeling"	The outbreak of COVID-19 pandemic and its impact on volatility of Indian stock market: evidence from top ten stocks of Bombay Stock Exchange	This study estimates the influence of COVID-19 on the volatility of the top ten companies of the Indian stock market. For the purpose of estimation, daily return series of these companies have been examined for a period of five years from May 2016 to May 2021. COVID-19 as variance exogenous in the GARCH (1, 1) model was employed. The time period is divided into three phases, pre-COVID (2016-2019), first phase of COVID (2020), and the second phase (2021). The results reveal that there has been a significant impact of COVID-19 on the volatility of the companies. HDFC Bank has considered being the most volatile of all, whereas, Infosys is considered the least volatile of all, taking only three days to die out the change. The study can be of most relevant to portfolio managers and financial analyst to make an informed decision regarding the diversification of their portfolio.	"COVID-19; volatility; capitalisation; GARCH; stock exchange"		"Vikram; Mohanty, D; Agrawal, A"	AFRICAN JOURNAL OF ACCOUNTING AUDITING AND FINANCE	2022		2046-8083	Article	Business, Finance	Business & Economics	2R5YF
B_backup	18	exclude		vietnam	"Q1; Q2"	"Q1 analytical/modeling; Q2 GARCH/HAR"	"econometric: GARCH/HAR; analytical/modeling context"	"market; volatility; COVID; GARCH/HAR; analytical/modeling"	TIME-VARYING WEEKDAY EFFECTS IN THE VIETNAMESE STOCK MARKET: PRE-AND DURING-COVID-19 EVIDENCE	"This study investigates the weekday effects in the Vietnamese stock market by using the data across two distinct periods, before and during the COVID-19 pandemic. The data series spans from January 2018 to March 2022 with five major indices: VN-Index, Largecap, Midcap, Smallcap, and VN30. We employ both OLS and GARCH (1,1) models with weekday dummies to capture mean and volatility dynamics. Our results show that weekday effects were weak and index-specific in the pre-pandemic period; only Largecap and Smallcap indices were observed with significant anomalies. However, a consistent and statistically significant Friday effect was presented across all indices during the pandemic. It indicates reduced market efficiency and provides empirical support for the Adaptive Market Hypothesis. In addition, volatility persistence decreased during the COVID-19 crisis, which means that volatility shocks became more intense but less persistent. These findings make some contributions to the literature. First, they offer multi-index, time-varying evidence of calendar anomalies in a frontier market. Second, they highlight how exogenous shocks can temporarily distort market efficiency."	"Calendar Anomalies; COVID-19 Pandemic; Manufacturing Firms; The day-of-the-week Effect; Weekday Effects"		"Du, HT; Can, VV; Thao, NBH; Huong, NTL; Trang, PTK"	VEREDAS DO DIREITO	2025	10.18623/rvd.v22.n73924	1806-3845	Article	Law	Government & Law	CN2MU
B_backup	18	exclude		india	"Q1; Q3"	"Q1 analytical/modeling; Q3 AI/ML/DL"	"AI/ML/DL; analytical/modeling context"	"market; volatility; COVID; AI/ML/DL; analytical/modeling"	Market Regime Identification and Variable Annuity Pricing: Analysis of COVID-19-Induced Regime Shifts in the Indian Stock Market	Understanding how crises like the COVID-19 pandemic affect variable annuity pricing is crucial, especially in emerging markets like India. The motivation is that financial stability and risk management in these markets depend heavily on accurate pricing models. While prior research has primarily focused on Western markets, there is a significant gap in analyzing the impact of extreme volatility and regime-dependent dynamics on variable annuities in emerging economies. This study investigates how regime shifts during the COVID-19 pandemic influence variable annuity pricing in the Indian stock market, specifically using the Nifty 50 Index data from 7 September 2017 until 7 September 2023. Advanced methodologies, including regime-switching hidden Markov models, artificial neural networks, and Monte Carlo simulations, were applied to analyze pre- and post-COVID-19 market behavior. The regime-switching hidden Markov models effectively capture latent market regimes and their transitions, which traditional models often overlook, while neural networks provide flexible functional approximations that enhance pricing accuracy in highly non-linear environments. The Expectation-Maximization (EM) algorithm was employed to achieve robust calibration and enhance pricing accuracy. The analysis showed significant pricing variations across market regimes, with heightened volatility observed during the pandemic. The findings highlight the effectiveness of regime-switching models in capturing market dynamics, particularly during periods of economic uncertainty and turbulence. This research contributes to the understanding of variable annuity pricing under regime-dependent dynamics in emerging markets and offers practical implications for improved risk management and policy formulation.	"variable annuity pricing; hidden Markov model; regime switching; Monte Carlo; calibration; EM algorithm; Nifty 50 Index data; neural networks; emerging markets; C13; C32; C45; G22; N25"	"GUARANTEES; VALUATION; OPTIONS; MODELS"	"Sarfraz, M; D'Amico, G; Selvamuthu, D"	MATHEMATICAL AND COMPUTATIONAL APPLICATIONS	2025	10.3390/mca30020023	1300-686X	Article	Mathematics, Interdisciplinary Applications	Mathematics	1WM3I
B_backup	18	exclude		india	"Q1; Q2"	"Q1 analytical/modeling; Q2 GARCH/HAR"	"econometric: GARCH/HAR; analytical/modeling context"	"market; volatility; COVID; GARCH/HAR; analytical/modeling"	Modelling asymmetric sovereign bond yield volatility with univariate GARCH models: Evidence from India	Does Indian sovereign yield volatility reflect economic fundamentals, or whether it is a self-generated force flowing through markets with little connection to such fundamentals? To answer the question, this research explores the volatility dynamics and measures the persistence of shocks to the sovereign bond yield volatility in India from 1 January 2016, to 18 May 2022, using a family of GARCH models. The empirical results indicate the high volatility persistence across the maturity spectrum in the sample period. However, upon decomposing the markets into bull and bear phases, our results support the existence of weak volatility persistence and rapid mean reversion in the bear market. This shows that the economic response policies implemented by the government during the pandemic, including fiscal measures, have a restraining effect on sovereign yield volatility. For a positive gamma, the results suggest the possibility of a leverage effect that is markedly different from that frequently seen in stock markets. Results further indicate that the fluctuations in Indian sovereign yields cannot be dissociated from inflation and money market volatility. Our findings herein provide valuable information and implications for policymakers and financial investors worldwide.	"sovereign bond yield; volatility; leverage; symmetric GARCH; COVID-19; mean reversion"	"UNCERTAINTY SHOCKS; RETURN RELATION; MEAN-REVERSION; STOCK MARKETS; RISK; DETERMINANTS; CONTAGION; PRICES; SPREADS; CRISIS"	"Lithin, BM; Chakraborty, S; Iyer, V; Nikhil, NM; Ledwani, S"	COGENT ECONOMICS & FINANCE	2023	10.1080/23322039.2023.2189589	2332-2039	Article	Economics	Business & Economics	9W4BP
B_backup	18	exclude		airlines	"Q1; Q2"	"Q1 analytical/modeling; Q2 GARCH/HAR"	"econometric: GARCH/HAR; analytical/modeling context"	"market; volatility; COVID; GARCH/HAR; analytical/modeling"	Analyzing airlines stock price volatility during COVID-19 pandemic through internet search data	Recent Coronavirus pandemic has prompted many regulations which are affecting the stock market. Especially because of lockdown policies across the world, the airlines industry is suffering. We analyse the stock price movements of three major airlines companies using a new approach which leverages a measure of internet concern on different topics. In this approach, Twitter data and Google Trends are used to create a set of predictors which then leads to an appropriately modified GARCH model. In the analysis, first we show that the ongoing pandemic has an unprecedented severe effect. Then, the proposed model is used to analyse and forecast stock price volatility of the airlines companies. The findings establish that our approach can successfully use the effects of internet concern for different topics on the movement of stock price index and provide good forecasting accuracy. Model confidence set (MCS) procedure further shows that the short-term volatility forecasts are more accurate for this method than other candidate models. Thus, it can be used to understand the stock market during a pandemic in a better way. Further, the proposed approach is attractive and flexible, and can be extended to other related problems as well.	"American Airlines; COVID-19; Delta Airlines; Google Trends; Twitter data; United Airlines"	MODEL	Deb, S	INTERNATIONAL JOURNAL OF FINANCE & ECONOMICS	2023	10.1002/ijfe.2490	1076-9307	Article	Business, Finance	Business & Economics	D6AG4
B_backup	18	exclude		saudi arabia	"Q1; Q2"	"Q1 analytical/modeling; Q2 GARCH/HAR"	"econometric: GARCH/HAR; analytical/modeling context"	"market; volatility; COVID; GARCH/HAR; analytical/modeling"	Impact of COVID-19 on the Saudi stock market: analysis of return, volatility and trading volume	The aim of this study is to investigate the effect of the coronavirus health crisis (COVID-19) on the performance of the Saudi stock market, the Tadawul. Prices of the Tadawul All-Shares Index (TASI) and all sector indices are collected from December 2019 to end of July 2020. Analysis of the pandemic on the return and volatility is carried out using the GARCH (1, 1) model. The results show that the pandemic has a positive impact on the mean returns of all indices except for the REITS sector, but the impact is mostly insignificant. Analysis of the pandemic on the volatility shows that the TASI itself experienced lower volatility during the pandemic period but the impact is insignificant, while out of 21 sectors only 9 experienced significant impacts on volatility. Out of the 9 sectors, 5 experienced significantly increased volatility, while 4 experienced significantly lower volatility. Analysis of the impact of trading volume on the volatility shows stronger investor sentiment influencing volatility for the sectors that experienced higher volatility only. This study provides further understanding of how various market participants around the world react to the COVID-19 pandemic and the need for portfolio diversification to reduce risk during crisis periods.	"COVID-19; GARCH model; Volatility; Market returns; Sentiments"	"INVESTOR SENTIMENT; TERRORIST ATTACKS; NEWS; NOISE"	Wasiuzzaman, S	JOURNAL OF ASSET MANAGEMENT	2022	10.1057/s41260-022-00269-x	1470-8272	Article	Business, Finance	Business & Economics	2H9TU
B_backup	18	exclude		turkey	"Q1; Q2"	"Q1 analytical/modeling; Q2 GARCH/HAR"	"econometric: GARCH/HAR; analytical/modeling context"	"market; volatility; COVID; GARCH/HAR; analytical/modeling"	Cross-Country Analysis of the Impact of Covid-19 on Share Markets	The negative effects on the macroeconomic indicators of the countries during the pandemic process that started with the Covid 19 epidemic made it necessary for individuals, investors, institutions, and governments to create a new policy. To determine the right policies, the effects of Covid 19 on the country's economy have been the subject of research by scientists. This study, it is aimed to investigate the effect of the pandemic on the stock market together with its sub-sectors. For this reason, in this study, the volatility of BIST100, known as the Turkish Stock Exchange, and its sub- indices, finance, service, and industry indices during the pandemic process were investigated. Working day data obtained from the Central Bank of the Republic of Turkey between 1/02/2020 10/11/2020 periods were used in the study. First, logarithmic transformation of the data was provided. Then, it was converted into a return series and included in the analysis.In order to obtain a consistent estimate, the series should not contain unit-roots. For this purpose, using the ADF unit root test, it was investigated whether the series contain unit root or not. According to the findings obtained from the study, it was determined that the most suitable variance model for BIST100 and Industrial indexes was the GARCH (1,1) model. It was found that the most suitable variance model in financial and services indices was the TARCH (1,1) model. In addition, while it is estimated that there is symmetrical volatility in BIST100 and Industrial indices, it is concluded that there are asymmetric and leverage effects in financial and services indices.	"Stock Market; Pandemia; GARCH; TARCH"		"Aydin, R; Alpagut, S; Polat, IH; Lögün, A"	JOURNAL OF APPLIED ECONOMICS AND BUSINESS RESEARCH	2021		1927-033X	Article	Economics	Business & Economics	WT3DU
B_backup	18	maybe		unclear region	"Q1; Q3"	"Q1 analytical/modeling; Q3 AI/ML/DL"	"AI/ML/DL; analytical/modeling context"	"market; volatility; COVID; AI/ML/DL; analytical/modeling"	Bayesian neural networks for stock price forecasting before and during COVID-19 pandemic	"Recently, there has been much attention in the use of machine learning methods, particularly deep learning for stock price prediction. A major limitation of conventional deep learning is uncertainty quantification in predictions which affect investor confidence. Bayesian neural networks feature Bayesian inference for providing inference (training) of model parameters that provides a rigorous methodology for uncertainty quantification in predictions. Markov Chain Monte Carlo (MCMC) sampling methods have been prominent in implementing inference of Bayesian neural networks; however certain limitations existed due to a large number of parameters and the need for better computational resources. Recently, there has been much progress in the area of Bayesian neural networks given the use of Langevin gradients with parallel tempering MCMC that can be implemented in a parallel computing environment. The COVID-19 pandemic had a drastic impact in the world economy and stock markets given different levels of lockdowns due to rise and fall of daily infections. It is important to investigate the performance of related forecasting models during the COVID-19 pandemic given the volatility in stock markets. In this paper, we use novel Bayesian neural networks for multi-step-ahead stock price forecasting before and during COVID-19. We also investigate if the pre-COVID-19 datasets are useful of modelling stock price forecasting during COVID-19. Our results indicate due to high volatility in the stock-price during COVID-19, it is more challenging to provide forecasting. However, we found that Bayesian neural networks could provide reasonable predictions with uncertainty quantification despite high market volatility during the first peak of the COVID-19 pandemic."		"PREDICTION; MARKET"	"Chandra, R; He, YX"	PLOS ONE	2021	10.1371/journal.pone.0253217		Article	Multidisciplinary Sciences	Science & Technology - Other Topics	TC7AG
B_backup	18	exclude		india, sentiment	"Q1; Q2"	"Q1 analytical/modeling; Q2 GARCH/HAR"	"econometric: GARCH/HAR; analytical/modeling context"	"market; volatility; COVID; GARCH/HAR; analytical/modeling"	Does investors' sentiment influence stockmarket volatility? Evidence from Indiaduring pre- and post-Covid-19 periods	This research empirically investigates the impact of investor sentiment on equitymarket volatility during periods of economic turbulence, with a focus on theCovid-19 pandemic. Daily data from the Bombay Stock Exchange Sensitive Indexand proxies for investor sentiment from November 23, 2017 to March 31, 2022 is col-lected and split into pre- and post-Covid-19 periods. To quantify investor sentiment,a comprehensive sentiment index is developed using principal component analy-sis. The study employs generalized autoregressive conditional heteroscedasticity(GARCH), threshold GARCH and exponential GARCH models to evaluate the influ-ence of sentiment on stock market volatility. These models enable the assessment ofhow positive news and negative news affect volatility differently, considering theirasymmetric impacts. The results of the analysis highlight the significant influence ofinvestor sentiment on volatility, particularly during the post-Covid-19 period. Postpandemic, volatility shocks are found to be more persistent and enduring, indicating heightened market instability. Negative news has a more pronounced impact onvolatility than positive news of equivalent magnitude. This disparity can be attributedto the widespread concern, fear and uncertainty prevalent during the post-Covid-19period, which contributed to the increase in market volatility	"sentiment index; principal component analysis; stock market volatility; generalizedautoregressive conditional heteroscedasticity (GARCH); Covid-19"	"MARKET; IMPACT; RETURNS; RISK"	"Patel, V; Amilan, S; Vairasigamani, P"	JOURNAL OF INVESTMENT STRATEGIES	2024	10.21314/JOIS.2024.005	2047-1238	Article	Business, Finance	Business & Economics	E4A8K
B_backup	18	exclude		india	"Q1; Q2"	"Q1 analytical/modeling; Q2 GARCH/HAR"	"econometric: GARCH/HAR; analytical/modeling context"	"market; volatility; COVID; GARCH/HAR; analytical/modeling"	Sub-prime Crisis or COVID-19: A Comparative Analysis of Volatility in Indian Banking Sectoral Indices	Stock market volatility may be a function of company, industry, or world over information made public. The present study has investigated the volatility of Indian banking sectoral indices with the general banking index for two shocking events: the Sub-prime crisis and COVID-19. A comparative analysis of both the shocks leading to these indices' volatility has been conducted using symmetric and asymmetric models. This study's findings show that these indices' volatile behaviour has been strong enough to persist in the market with the leverage effect present during the sub-prime crisis. This effect disappeared for Nifty Bank Indices and Private Sector Bank Indices as compared to Public Sector Undertaking Bank Indices during COVID-19 (probably because the pandemic is not over yet). With GARCH and EGARCH models, the study suggests that the investors may use the diversification approach, in the long run, to safeguard their portfolio values to survive from global shocks.	"Sub-prime; COVID-19; volatility; banking; public; private"	"GLOBAL FINANCIAL CRISIS; STOCK-EXCHANGE; SPILLOVER; MARKET; US; BRICS"	"Bhatia, P; Gupta, P"	FIIB BUSINESS REVIEW	2020	10.1177/2319714520972210	2319-7145	Article	"Business; Management"	Business & Economics	WZ4PM
B_backup	18	exclude		india	"Q1; Q2"	"Q1 analytical/modeling; Q2 GARCH/HAR"	"econometric: GARCH/HAR; analytical/modeling context"	"market; volatility; COVID; GARCH/HAR; analytical/modeling"	An empirical investigation of return spillover and volatility dynamics of Indian sectoral indices	This research delves into the interconnectedness and volatility dynamics within sectoral indices amid the COVID-19 pandemic, to determine the most appropriate model for elucidating these dynamics. It addresses the burgeoning interest among investors in comprehending sectoral dynamics within India's stock markets. Leveraging five years of daily closing price data (April 2017 to December 2021) sourced from the National Stock Exchange's official website for 16 sectoral indices and the Nifty50 index, the study employs the Diebold-Yilmaz Spillover 2012 framework alongside four GARCH models (E-GARCH, T-GARCH, FIE-GARCH, and FE-GARCH). Empirical analysis underscores that the mid-small financial sector is the riskiest sector among others, advocating for the inclusion of the pharmaceutical sector to mitigate portfolio risks. Furthermore, the research underscores the persistence of volatility across sectors and identifies the TGARCH model as the appropriate model to capture the volatility for most sectoral indices.	"volatility spillover; GARCH models; sectoral indices; COVID-19; G01; G10; G11; G19"	MODEL	"Dhingra, B; Saini, M; Fakhfekh, M; Yadav, M"	INVESTMENT ANALYSTS JOURNAL	2024	10.1080/10293523.2024.2344939	1029-3523	Article	Business, Finance	Business & Economics	S0T9N
B_backup	18	exclude		jordan	"Q1; Q2"	"Q1 analytical/modeling; Q2 GARCH/HAR"	"econometric: GARCH/HAR; analytical/modeling context"	"market; volatility; COVID; GARCH/HAR; analytical/modeling"	The Impact of COVID-19 Pandemic on the Jordanian Stock Market Returns Volatility: Evidence from ASE20	This research examines the impact of the COVID-19 pandemic on the volatility behavior of Amman Stock Exchange (ASE) returns using ARMA-GARCH-type models for three sub-periods: pre-COVID-19, during COVID-19, and post-COVID-19. The research finds that volatility persistence is significant across all periods, with the pandemic period showing the highest impact of shocks. Bad news has no statistically significant impact on volatility in the pre-COVID-19 period or during the pandemic, while in the post-pandemic period, good news significantly influences volatility. Additionally, there exist notable changes in the autocorrelation and the shock structure of the AR and MA components. Considering these alterations in the asymmetric effects, the AR and MA components suggest significant shifts in market dynamics, investor sentiments, and economic policies in response to pandemic experiences.	"COVID-19 pandemic; stock returns volatility; ARCH-type model; Amman Stock Exchange; Jordan"	"AUTOREGRESSIVE TIME-SERIES; CRASH"	"Saqfalhait, NI; Alzoubi, OM"	ECONOMIES	2024	10.3390/economies12090238		Article	Economics	Business & Economics	H4G8S
B_backup	18	exclude		methodology, lack of covid	"Q1; Q2"	"Q1 analytical/modeling; Q2 GARCH/HAR"	"econometric: GARCH/HAR; analytical/modeling context"	"market; volatility; COVID; GARCH/HAR; analytical/modeling"	Markov Switching Garch Models: Higher Order Moments, Kurtosis Measures, and Volatility Evaluation in Recessions and Pandemic	In this article, we derive neat matrix formulas in closed form for computing higher order moments and kurtosis of univariate Markov switching GARCH models. Then we provide asymptotic theory for sample estimators of higher order moments and kurtosis which can be used for testing normality. We also check our theory statements numerically via Monte Carlo simulations. Finally, we take advantage of our theoretical results to recognize different periods of high volatility stressing the stock markets, such as financial crisis and pandemic.	"GARCH; Geometric ergodicity; Higher order moments; Kurtosis measures; Markov switching; Stationarity; Testing for normality; Volatility indices"	"TIME-SERIES; CONDITIONAL HETEROSKEDASTICITY"	Cavicchioli, M	JOURNAL OF BUSINESS & ECONOMIC STATISTICS	2022	10.1080/07350015.2021.1974459	0735-0015	Article	"Economics; Social Sciences, Mathematical Methods; Statistics & Probability"	"Business & Economics; Mathematical Methods In Social Sciences; Mathematics"	5B9II
B_backup	18	exclude		india	"Q1; Q2"	"Q1 analytical/modeling; Q2 GARCH/HAR"	"econometric: GARCH/HAR; analytical/modeling context"	"market; volatility; COVID; GARCH/HAR; analytical/modeling"	Feedback Trading and Its Implications for Return Autocorrelations in India During COVID	In emerging capital markets, feedback trading is a widely pursued strategy by investors. Such behavior may potentially lead to volatility and cause negative autocorrelation in market returns, especially during high volatility. In India, such a linkage has not been explored so far, though institutional investors have pursued feedback trading for the last two decades. Also, COVID-19 has led to higher volatility in the markets and might have altered investors' behavior. This article focuses on finding whether feedback trading is still pursued by institutional investors in Indian equity markets post-COVID and also whether the presence of feedback traders exerts any influence on autocorrelations in market returns. Asymmetric GARCH models are employed to explore the linkage. Findings suggest that while foreign institutional investors continue to pursue positive feedback trading, as in the pre-pandemic period, domestic investors pursue negative feedback trading. However, in the post-pandemic period, as other types of trading became weak or perished, positive feedback traders have started dominating, leading to negative autocorrelation in market returns during heightened volatility. Evidence of negative autocorrelation was not present in the pre-pandemic period. Further, negative news leads to more volatility in returns.JEL Codes: F21, F32, G11	"Autocorrelation; institutional investors; trading behavior; post-COVID; volatility"	"INSTITUTIONAL INVESTORS; STOCK RETURNS; INVESTMENT"	"Mukherjee, P; Chatterjee, R"	JOURNAL OF EMERGING MARKET FINANCE	2024	10.1177/09726527231215541	0972-6527	Article	Business, Finance	Business & Economics	PA1Q3
B_backup	18	include			"Q1; Q2"	"Q1 analytical/modeling; Q2 GARCH/HAR"	"econometric: GARCH/HAR; analytical/modeling context"	"market; volatility; COVID; GARCH/HAR; analytical/modeling"	The only certainty is uncertainty: An analysis of the impact of COVID-19 uncertainty on regional stock markets	Uncertainty surrounding COVID-19 is widespread. We investigate the timing and quantify the impact of COVID-19 related uncertainty on returns and volatility for regional market aggregates using ARCH/GARCH models. Drawing upon economic psychology, COVID-19 related uncertainty is measured by searches for information as reflected by Google search trends. Asian markets are more resilient than others. Latin American markets are most impacted in terms of returns and volatility. For most regions, there is evidence of an increasing impact of COVID-19 related uncertainty which dissipates as the crisis evolves. We confirm that Google search trends capture uncertainty by comparing this measure against alternative uncertainty measures.	"COVID-19; pandemic; returns; volatility; regions; structural breaks"		"Szczygielski, JJ; Bwanya, PR; Charteris, A; Brzeszczynski, J"	FINANCE RESEARCH LETTERS	2021	10.1016/j.frl.2021.101945	1544-6123	Article	Business, Finance	Business & Economics	XA7OW
B_backup	18	exclude		indonesia	"Q1; Q2"	"Q1 analytical/modeling; Q2 GARCH/HAR"	"econometric: GARCH/HAR; analytical/modeling context"	"market; volatility; COVID; GARCH/HAR; analytical/modeling"	Evaluating the Impact of Worldwide Market Crises on Indonesia's Financial Sector: A Comparative Examination of the Global Financial Crisis (GFC) and COVID-19 Pandemic	The study examines how the 2007 to 2008 Global Financial Crisis (GFC) and the recent COVID-19 pandemic have affected the risk-return profile of the Indonesian financial sector index (IDXFinance). Using weekly return data from 2005 to 2022 and the GARCH-M model, the analysis evaluates volatility persistence and clustering. The study employs two dummy variables to represent the two crisis situations, and daily and monthly data analyses are used to validate the findings. The research reveals that the GFC crisis had a negative impact on stock returns, causing volatility clustering and increased IDXFinance return volatility. On the other hand, the COVID-19 pandemic had a less centralized influence on stock returns and volatility. The COVID-19 pandemic had a more subdued impact than the GFC, which began in and affected the banking sector. This study is among the first to examine the response of Indonesia's financial sector to two market crises, and it provides investors with insights into how financial crises like the GFC and COVID-19 affect the Financial Sector Index in Indonesia's return and volatility. The study also highlights the risk and financial sector performance, which can be helpful for policymakers and practitioners to anticipate and mitigate future risks.	"financial sector; global financial crisis (GFC); COVID-19 pandemic; market crises; risk-return profile; Indonesian stock market; stock returns"	VOLATILITY	"Modjo, MI; Hidayat, CC; Soepriyanto, G"	SAGE OPEN	2025	10.1177/21582440251344766	2158-2440	Article	Social Sciences, Interdisciplinary	Social Sciences - Other Topics	3ZA7H
B_backup	18	exclude		thailand	"Q1; Q2"	"Q1 analytical/modeling; Q2 GARCH/HAR"	"econometric: GARCH/HAR; analytical/modeling context"	"market; volatility; COVID; GARCH/HAR; analytical/modeling"	The effect of the COVID-19 outbreak on hospitality and tourism stock returns in Thailand	This study examines the volatility transmission effects between stock returns and the growth rate of total confirmed COVID-19 cases by using daily data of the hospitality and tourism industry taken from the Stock Exchange of Thailand (SET) index. Augmented Dicky-Fuller (ADF), Phillips-Perron (PP), Kwiatkowski-Phillips-Schmidt-Shin (KPSS), Elliott-Rothenberg-Stock (ERS) and Ng-Perron (NP) unit root tests were used to test, for both series are stationary. The BEKK-GARCH methodology was employed to formulate conditional variance-covariance equations. The results reveal that the pandemic interacts negatively with stock returns from the hospitality and tourism industry. Stock market returns are significantly negatively associated with daily growth in total confirmed COVID-19 cases.	"COVID-19; the BEKK-GARCH model; stock return market; Thailand"	"TIME-SERIES; UNIT-ROOT; VARIABLES; MODELS; MARKET; TESTS"	"Chancharat, S; Meeprom, S"	ANATOLIA-INTERNATIONAL JOURNAL OF TOURISM AND HOSPITALITY RESEARCH	2022	10.1080/13032917.2021.1982738	1303-2917	Article	Hospitality, Leisure, Sport & Tourism	Social Sciences - Other Topics	6O0MQ
B_backup	18	exclude		weak covid link	"Q1; Q3"	"Q1 analytical/modeling; Q3 AI/ML/DL"	"AI/ML/DL; analytical/modeling context"	"market; volatility; COVID; AI/ML/DL; analytical/modeling"	Application of machine learning algorithm to predict the behavior of stocks marketed in Brazil	"Modern economy offers several investment options, making capital assignments complex, slow and risky. In order to assist investors in the decision-making process, artificial intelligence tools aim at finding patterns hidden in data and providing useful, timely and accurate information. This work analyzes the application of machine learning algorithms in the selection of portfolios in the Brazilian market. Recent research intended to predict the stock market behavior implementing machine learning with conventional methods such as technical or fundamental analysis (Anghel, 2021; Kamara et al., 2022; Nti et al., 2020b); while few combine analyses in emerging and volatile markets like Brazil. Thus, three machine learning models were trained using variables from the technical and/or fundamental analysis. The sample included 40,562 observations from six companies listed on B3, from August 1994 to December 2021. Models trained only with fundamental or technical variables evidenced low accuracy, which was translated into low learning and generalization capacity ofthe algorithm. In contrast, the model includingthe combination of technical and fundamental variables revealed an average accuracy of 70,7 % on 5 folds, which was supported by the literature that indicates that hybrid models can provide greater accuracy and lower volatility. In addition, results exceed the accuracy of previous studies (e.g. Emir et al., 2012; Kim, 2003; Zhang & Zhao, 2009), which indicates that the Support Vector Machine-SVM can also be applied to emerging markets, even in crisis times, such as COVID-19 pandemic."	"machine learning; portfolio selection; technical analysis; fundamental analysis"	"SUPPORT VECTOR MACHINES; SELECTION; HYBRID; ENSEMBLE"	"Costa, GD; Lunkes, RJ"	CONTABILIDAD Y NEGOCIOS	2025	10.18800/contabilidad.2025ESP.002	1992-1896	Article	Business, Finance	Business & Economics	8PQ1E
B_backup	18	exclude		weak covid link	"Q1; Q2"	"Q1 analytical/modeling; Q2 GARCH/HAR"	"econometric: GARCH/HAR; analytical/modeling context"	"market; volatility; COVID; GARCH/HAR; analytical/modeling"	Volatility Dynamics and Mixed Jump-GARCH Model Based Jump Detection in Financial Markets	In this paper, we introduce a novel parametric approach for detecting jumps in daily frequency data. Our jump detection method leverages the characteristics of volatility to distinguish the presence or absence of jumps. By specifying a model in terms of the mixture of GARCH and jump-GARCH, we identify jumps based on the posterior probability of states yielded by the fitted model. The EM algorithm is employed to resolve the parameters in the model. Through Monte Carlo experiments, we evaluate the performance of our parametric jump detection approach, the mixed jump-GARCH model, in comparison to an alternative test. The results indicate that our approach demonstrates superior overall performance of both sensitivity and reliability in jump detection than its benchmark models. Empirical evidence further supports these findings, particularly highlighting the mixed jump-GARCH model's ability to identify several significant jumps associated with key events, such as the 2008 US financial crisis and the 2020 Covid-19 pandemic. Importantly, these jumps are ignored by the benchmark nonparametric test.	"Jumps detection; Gaussian mixture distribution; Jump-GARCH model; EM algorithm; C22; C58; G15; G41"	"EXCHANGE; IMPLICIT; OPTIONS; IMPACT"	"Zhu, M; Song, YP; Zheng, X"	COMPUTATIONAL ECONOMICS	2025	10.1007/s10614-024-10633-1	0927-7099	Article	"Economics; Management; Mathematics, Interdisciplinary Applications"	"Business & Economics; Mathematics"	1RI5X
B_backup	18	maybe		regions unclear	"Q1; Q2"	"Q1 analytical/modeling; Q2 GARCH/HAR"	"econometric: GARCH/HAR; analytical/modeling context"	"market; volatility; COVID; GARCH/HAR; analytical/modeling"	Efficacy of GARCH-EVT Model in Intraday Risk Management: Evidence from Severely Pandemic-affected Countries	Countries around the world have experienced severe-to-moderate economic restrictions during the first two waves of COVID-19 pandemic. The present article captures the time frame of this unprecedented turmoil to test the efficacy of the conditional extreme value theory (EVT) model to forecast value at risk (VaR) and expected shortfall (ES). The article considers the eight most-affected countries and applies the generalized autoregressive conditional heteroskedasticity (GARCH) process in appropriate GARCH-EVT models assuming Student's t distribution to accommodate the fat-tailed behaviour of financial return series. The study confirms that our model is substantially superior in forecasting intraday VaR and ES in comparison to other conditional EVT models with a classical assumption of normal distribution as well as an unconditional EVT model. Contrary to more commonly used 5-minute-frequency data in intraday risk management, we use hourly data, which is much less researched in the context of stock market volatility forecasting. Moreover, our study adds to the reliability of conditional EVT models because of its accuracy in predicting intraday risk during extreme economic uncertainty in severely pandemic-hit countries.	"Value at risk; expected shortfall; conditional EVT; forecasting; intraday risk; pandemic"		Roy, A	GLOBAL BUSINESS REVIEW	2022	10.1177/09721509221104848	0972-1509	"Article; Early Access"	"Business; Management"	Business & Economics	2I7LJ
B_backup	18	exclude		morocco	"Q1; Q2"	"Q1 analytical/modeling; Q2 GARCH/HAR"	"econometric: GARCH/HAR; analytical/modeling context"	"market; volatility; COVID; GARCH/HAR; analytical/modeling"	Impact of COVID-19 pandemic on Moroccan sectoral stocks indices	In this paper, we make an original contribution by identifying the impact of COVID-19 on Moroccan sectoral stocks indices. For this purpose, we collected data of 22 sectors from the Casablanca stock exchange from January 2017 to December 2021 and investigated two regression models that included a dummy variable representing the onset of COVID-19. In addition, we examined performance measures (Sharp ratio and Treynor ratio) and risk measures (CVaR and Beta) of each individual sector before and during COVID-19. Furthermore, a GARCH model is applied to show conditional variance, aiming to emphasize the volatility of the selected stocks indices overall the chosen period. The results allowed us to divide sectors into two samples: the first one, referred to as sample 1, that was negatively impacted, and the second one, referred to as sample 2, that benefited from the pandemic of COVID-19. Further, conditional variance revealed that COVID-19 boosted, significantly but for a short period, the volatility of all sectors, even though the magnitude of the effect on volatility varies by sample and also by sector. Overall, we see COVID-19 as a crisis for some sectors and an opportunity for a new business transformation, as it is a period that results in significant improvement for some specific sectors. Furthermore, our results reflect the behavior of the sectors of an African emerging market during the COVID-19 outbreak, which is relevant for the formulation of strategies to ensure financial sustainability during future sanitary crises of this magnitude, for this type of economy. (C) 2022 The Authors. Published by Elsevier B.V. on behalf of African Institute of Mathematical Sciences / Next Einstein Initiative.	"COVID-19; CAPM; Stock market; GARCH; Performance; Risk"	"VARIANCE; EVENT"	"Ben Hssain, L; Agouram, J; Lakhnati, G"	SCIENTIFIC AFRICAN	2022	10.1016/j.sciaf.2022.e01321	2468-2276	Article	Multidisciplinary Sciences	Science & Technology - Other Topics	5E0TW
B_backup	18	exclude		methodology focus	"Q1; Q2"	"Q1 analytical/modeling; Q2 GARCH/HAR"	"econometric: GARCH/HAR; analytical/modeling context"	"market; volatility; COVID; GARCH/HAR; analytical/modeling"	Bayesian quantile forecasting via the realized hysteretic GARCH model	This research introduces a new model, a realized hysteretic GARCH, that is similar to a three-regime nonlinear framework combined with daily returns and realized volatility. The setup allows the mean and volatility switching in a regime to be delayed when the hysteresis variable lies in a hysteresis zone. This nonlinear model presents explosive persistence and high volatility in Regime 1 in order to capture extreme cases. We employ the Bayesian Markov chain Monte Carlo (MCMC) procedure to estimate model parameters and to forecast volatility, value at risk (VaR), and expected shortfall (ES). A simulation study highlights the properties of the proposed MCMC methods, as well as their accuracy and satisfactory performance as quantile forecasting tools. We also consider two competing models, the realized GARCH and the realized threshold GARCH, for comparison and carry out Bayesian risk forecasting via predictive distributions on four stock markets. The out-of-sample period covers the recent 4 years by a rolling window approach and includes the COVID-19 pandemic period. Among the realized models, the realized hysteretic GARCH model outperforms at the 1% level in terms of violation rates and backtests.	"expected shortfall; hysteretic GARCH model; Markov chain Monte Carlo method; realized volatility; threshold GARCH model; value at risk"	"VALUE-AT-RISK; CONDITIONAL HETEROSCEDASTICITY; VOLATILITY MODELS; VARIANCE; POST"	"Chen, CWS; Lin, EMH; Huang, TFJ"	JOURNAL OF FORECASTING	2022	10.1002/for.2876	0277-6693	Article	"Economics; Management"	Business & Economics	5B3WU
B_backup	18	exclude		thailand	"Q1; Q2"	"Q1 analytical/modeling; Q2 GARCH/HAR"	"econometric: GARCH/HAR; analytical/modeling context"	"market; volatility; COVID; GARCH/HAR; analytical/modeling"	Assessing Financial Stability in Turbulent Times: A Study of Generalized Autoregressive Conditional Heteroskedasticity-Type Value-at-Risk Model Performance in Thailand's Transportation Sector during COVID-19	The Value-at-Risk (VaR) metric serves as a pivotal tool for quantifying market risk, offering an estimation of potential investment losses. Predominantly employed within financial sectors, it aids in adhering to regulatory mandates and in devising capital reserve strategies. Nonetheless, the predictive precision of VaR models frequently faces scrutiny, particularly during crises and heightened uncertainty phases. Phenomena like volatility clustering impinge on the accuracy of these models. To mitigate such constraints, conditional volatility models are integrated to augment the robustness and adaptability of VaR approaches. This study critically evaluates the efficacy of GARCH-type VaR models within the transportation sector amidst the Thai stock market's volatility during the COVID-19 pandemic. The dataset encompasses daily price fluctuations in the Transportation Sector index (TRANS), the Service Industry index (SERVICE), and 17 pertinent stocks within the Stock Exchange of Thailand, spanning from 28 December 2018 to 28 December 2023, thereby encapsulating the pandemic era. The employed GARCH-type VaR models include GARCH (1,1) VaR, ARMA (1,1)-GARCH (1,1) VaR, GARCH (1,1)-M VaR, IGARCH (1,1) VaR, EWMA VaR, and csGARCH (1,1) VaR. These are juxtaposed with more traditional, less computationally intensive models like the Historical Simulation VaR and Delta Normal VaR. The backtesting methodologies encompass Kupiec's POF test, the Independence Test, and Christoffersen's Interval Forecast test. Intriguingly, the findings reveal that the Historical Simulation VaR model surpasses GARCH-type VaR models in failure rate accuracy. Within the GARCH-type category, the EWMA VaR model exhibited superior failure rate accuracy. The csGARCH (1,1) VaR and EWMA VaR models emerged as notably robust. These findings bear significant implications for managerial decision-making in financial risk management.	"VaR Model; risk measures; value at risk; COVID-19; GARCH; transportation; Thailand; backtesting"	"EMERGING MARKETS; RETURNS; CRISIS; IMPACT"	"Likitratcharoen, D; Suwannamalik, L"	RISKS	2024	10.3390/risks12030051		Article	Business, Finance	Business & Economics	MI4Z0
B_backup	18	exclude		india	"Q1; Q2"	"Q1 analytical/modeling; Q2 GARCH/HAR"	"econometric: GARCH/HAR; analytical/modeling context"	"market; volatility; COVID; GARCH/HAR; analytical/modeling"	Sustainable Indices Outperforming Traditional Indices in India: A Comparative Study Pre and During COVID-19	This study aims to compare the performance of sustainable indices with the traditional indices of Indian stock markets, both before and during the COVID-19 pandemic in terms of risk, return, and volatility. The findings indicate that sustainable indices consistently outperform traditional indices regarding risk, returns, and volatility aspects during the COVID-19 crisis. The examination of volatility reveals the presence of significant internal volatility and asymmetric effects within the indices. Further, the Asymmetric VAR-BEKK-GARCH model uncovers a bi-directional volatility spillover between the indices before the COVID-19 period while a unidirectional volatility spillover is observed during the COVID-19 period. The connectedness approach using the TVP-VAR-based Diebold &Yilmaz model shows that sustainable indices are the net transmitters and traditional index is the net receiver of volatility spillover. Moreover, various asset pricing market factors like market premium, Small Minus Big (SMB), High Minus Low (HML), and Winners Minus Losers (WML) are driving the better performances of sustainable indices during the crisis period. Consequently, investors may consider including sustainable indices, funds, ETFs, and stocks as viable alternatives to traditional indices to diversify their portfolios during crisis periods. This analysis supports the Modern Portfolio Theory (MPT), and the 'flight-to-safety' phenomenon during a crisis, and aligns financial goals with Environmental, Social, and Governance (ESG) considerations.	"Sustainable indices; Environmental social and governance (ESG); Risk-return; Asymmetric effect; Volatility spillover; Asset pricing models; C22; C58; G1; G11; G12"	"FINANCIAL PERFORMANCE; MARKET; RETURN; VOLATILITY; INVESTMENT; FUNDS; INVESTORS; VARIANCE; STOCKS"	"Mahanta, A; Sahu, NC; Behera, PK"	ASIA-PACIFIC FINANCIAL MARKETS	2026	10.1007/s10690-024-09506-2	1387-2834	Article	Economics	Business & Economics	DF7OE
B_backup	18	exclude			"Q1; Q2"	"Q1 analytical/modeling; Q2 GARCH/HAR"	"econometric: GARCH/HAR; analytical/modeling context"	"market; volatility; COVID; GARCH/HAR; analytical/modeling"	Analysing volatility patterns in emerging markets: symmetric or asymmetric models?	PurposeInvestors aim for returns when investing in stocks, making return volatility a crucial concern. This study compares symmetric and asymmetric GARCH models to forecast volatility in emerging nations like the G4 countries. Accurate volatility forecasting is vital for investors to make well-informed investment decisions, forming the core purpose of this study.Design/methodology/approachFrom January 1993 to May 2021, the study spans four periods, focusing on the global economic crisis of 2008, the Russian crisis of 2015 and the COVID-19 pandemic. Standard generalized autoregressive conditional heteroscedasticity (GARCH), exponential GARCH (E-GARCH) and Glosten-Jagannathan-Runkle GARCH models were employed to analyse the data. Robustness was assessed using the Akaike information criterion, Schwarz information criterion and maximum log-likelihood criteria.FindingsThe study's findings show that the E-GARCH model is the best model for forecasting volatility in emerging nations. This is because the E-GARCH model is able to capture the asymmetric effects of positive and negative shocks on volatility.Originality/valueThis unique study compares symmetric and asymmetric GARCH models for forecasting volatility in emerging nations, a novel approach not explored in prior research. The insights gained can aid investors in constructing more effective risk-adjusted international portfolios, offering a better understanding of stock market volatility to inform strategic investment decisions.	"Structural break; Volatility; GARCH; Emerging economies; Financial crises; Russian crises"	"STOCK; DETERMINANTS"	Gupta, H	JOURNAL OF ECONOMIC AND ADMINISTRATIVE SCIENCES	2025	10.1108/JEAS-07-2023-0186	1026-4116	Article	Economics	Business & Economics	9LK0A
B_backup	18	exclude		weak covid link	"Q1; Q2"	"Q1 analytical/modeling; Q2 GARCH/HAR"	"econometric: GARCH/HAR; analytical/modeling context"	"market; volatility; COVID; GARCH/HAR; analytical/modeling"	Sustainable Equity Index Dynamic: Connectedness and Information Asymmetry in Emerging Markets	The aim of the study is to investigate the evidence of information asymmetry, dynamic connectedness, and volatility spillover among ESG equity indices of emerging market economies. Using Sign bias test and GARCH family models, the study finds that ESG equity indices have a leverage effect, significantly impacted by bad news over good news shock. The study has used FIGARCH model to measure the persistence of long-memory effects across the emerging market. Further, to ensure the interconnection between ESG equity indices that may arise due to the persistence of long-memory effects, the stusy has examined estimates of TVP-VAR, and finds moderate interconnection between ESG equity indices. To be specific, ESG equity indices of the Philippines, Indonesia, Korea, Singapore, and India are more sensitive to receiving any sustainable innovation shocks from Brazil, South Africa, and Mexican ESG indices. The study finds significant bidirectional relationships between the ESG equity indices of Philippines and Brazil, Indonesia and India, and South Africa and Mexico that may lead to the spreading of market contagion in the presence of more substantial leverage effects with a long memory. This research offers insights for investors to consider sustainable equity assets for efficient portfolio diversification, mitigating environmental, social, and governance risks associated with volatility spillovers and dynamic connectedness. Policymakers may refer the findings of the study to design effective ESG regulations, for reducing risk in global financial system. Since the pandemic has produced more economic and financial instability in emerging markets, investors and regulators may pay more attention to return and volatility connectivity among ESG equity indices and financial markets to safeguard investment and restore market stability.	"asymmetric volatility; dynamic connectedness; equity index; leverage effect; sustainability; TVP-VAR"	"ESG; TIME; SPILLOVERS; GOVERNANCE; ATTENTION; VARIANCE; IMPACT; RETURN; RISK"	"Bhue, R; Gartia, U; Panda, AK; Nanda, S"	BUSINESS STRATEGY AND DEVELOPMENT	2025	10.1002/bsd2.70072		Article	"Business; Environmental Studies"	"Business & Economics; Environmental Sciences & Ecology"	S8W3K
B_backup	18	exclude		india, weak covid link	"Q1; Q3"	"Q1 analytical/modeling; Q3 AI/ML/DL"	"AI/ML/DL; analytical/modeling context"	"market; volatility; COVID; AI/ML/DL; analytical/modeling"	From Time Series to Images: A GAF-ResNet-LSTM Framework for Asset Selection and Portfolio Optimization	Financial market forecasting in portfolio formation has increasingly drawn interest within machine learning due to its complex temporal dynamics and high volatility. While Convolutional Neural Networks (CNN) have demonstrated efficacy in image-based tasks, their direct application to time series data remains limited. To address this, we propose a prediction-based portfolio optimization framework that converts stock price sequences into Gramian Angular Field (GAF) images, enabling spatial feature extraction via a ResNet. Temporal dependencies are captured using a long short term memory (LSTM) encoder, forming a hybrid GAF + ResNet-LSTM model. To be specific, this paper first applies these prediction models for asset preselection before portfolio construction. Then, this paper incorporates their predictive results in advancing nested clustered optimization (NCO) method, which clusters assets based on predictive confidence and allocates weights using intra-cluster optimization. In order to balance calibration and classification, training employs walk-forward validation and a composite loss combining mean squared error and directional accuracy. The empirical study is conducted on a dataset comprising 25 stocks from the National Stock Exchange of India, spanning January 2014 to January 2024, including periods of market disruption such as the COVID-19 crash. Thus the sample makes it possible to catch subtle market shift for model execution. Moreover, we compared the performance of the proposed model against equally weighted and mean-variance portfolios to underscore the advantages of the NCO model. The proposed model achieves a 21.05% annual return with a Sharpe ratio of 1.31, outperforming benchmark architectures. Empirical results demonstrate that the proposed technique significantly outperforms the benchmark portfolios, particularly for investors with a high risk-return preference. Statistical significance is further corroborated by t-tests. Based on these findings, we endorse the integration of our comprehensive portfolio optimization model into investment decision-making processes.	"Portfolios; Optimization; Forecasting; Convolutional neural networks; Time series analysis; Long short term memory; Adaptation models; Feature extraction; Data models; Accuracy; Financial forecasting; GAF; LSTM; NCO; portfolio optimization; residual network"	"PREDICTION; NETWORKS; MODEL"	"Solanki, N; Jha, M"	IEEE ACCESS	2026	10.1109/ACCESS.2025.3648467	2169-3536	Article	"Computer Science, Information Systems; Engineering, Electrical & Electronic; Telecommunications"	"Computer Science; Engineering; Telecommunications"	CT1IC
B_backup	18	exclude		saudi arabia	"Q1; Q2"	"Q1 analytical/modeling; Q2 GARCH/HAR"	"econometric: GARCH/HAR; analytical/modeling context"	"market; volatility; COVID; GARCH/HAR; analytical/modeling"	The performance Islamic verses conventional mutual funds during extreme event: new evidence from Saudi Arabia	PurposeThis paper aims to compare the performance of Islamic and conventional mutual funds in Saudi Arabia, focusing on their behavior during extreme events such as the Global Financial Crisis (GFC) and the COVID-19 pandemic. It analyses risk-adjusted returns, volatility and spillover effects to provide insights into the resilience and performance of these fund types under varying market conditions.Design/methodology/approachThe study uses 22 years of data from 254 funds, covering 1,172 weekly intervals from 2000 to 2022. It uses financial ratios, panel data regression, CAPM, GARCH modeling, and Wavelet Coherence analysis to assess fund performance. The research examines four distinct periods: pre-GFC, during GFC, pre-COVID-19 and during COVID-19, allowing for a comprehensive evaluation across different market environments.FindingsIslamic mutual funds (IMFs) consistently outperformed conventional mutual funds (CMFs) in terms of returns and volatility during both the GFC and COVID-19 pandemic, demonstrating lower systematic risk. While CMFs exhibited slightly higher returns prior to the GFC, IMFs showed greater resilience during economic downturns. The study reveals that IMFs may be a more strategic choice for investors during periods of economic uncertainty due to their diversification benefits and lower risk profile.Research limitations/implicationsThe findings provide valuable insights for investors, fund managers and policymakers in understanding the performance dynamics of Islamic and conventional mutual funds during extreme market events. The research suggests that IMFs offer a potentially more stable investment option during economic crises, which could inform investment strategies and policy decisions in the Saudi Arabian financial market.Originality/valueThis study contributes to the understanding of mutual fund performance in the context of Islamic and conventional funds within Saudi Arabia, offering a comprehensive analysis across various economic cycles. It provides empirical evidence on the comparative resilience of Islamic mutual funds during extreme events, filling a gap in the literature on Islamic fund performance in emerging markets.	"Islamic mutual funds; Conventional mutual funds; Risk-return analysis; Market volatility; CAPM; GARCH; Wavelet coherence"	IMPACT	"Alqahtani, M; Henry, D; Bhatti, MI"	JOURNAL OF ISLAMIC ACCOUNTING AND BUSINESS RESEARCH	2025	10.1108/JIABR-06-2025-0325	1759-0817	"Article; Early Access"	Business, Finance	Business & Economics	8ZT2G
B_backup	18	exclude		tunis	"Q1; Q3"	"Q1 analytical/modeling; Q3 AI/ML/DL"	"AI/ML/DL; analytical/modeling context"	"market; volatility; COVID; AI/ML/DL; analytical/modeling"	Between revolution and COVID-19: a comparative machine learning analysis for Tunisian banking sector	PurposeThis study aims to identify the context-dependent optimal machine learning (ML) model for forecasting Tunisia's bank stock price index during the Revolution and COVID-19 crises, and uses SHapley Additive exPlanations (SHAP) analysis to uncover distinct, crisis-specific price drivers.Design/methodology/approachThe author evaluates eight ML models, including regularization techniques (Lasso, Ridge, Elastic Net), tree-based methods (Random Forest, eXtreme Gradient Boosting), Support Vector Regression and deep learning architectures (Long Short-Term Memory, Gated Recurrent Unit [GRU]), using five standard metrics. Model robustness is validated through statistical, economic and temporal stability tests. Finally, the author apply mean SHAP analysis to top performers to identify key predictors and supplemented by a feature stability analysis.FindingsThe analysis reveals a clear performance hierarchy contingent on crisis typology. Specifically, the GRU model achieved superior predictive accuracy during the high-volatility COVID-19 period, whereas Ridge regression demonstrated greater robustness during the prolonged political instability of the Revolution. SHAP interpretability confirmed that short-term moving averages dominated predictions during the pandemic, reflecting a market driven by momentum, while the Revolution period involved a more balanced reassessment of persistent risks, which Ridge's regularization effectively revealed.Practical implicationsThe findings provide market participants with a decisive, crisis-contingent forecasting rule. Specifically, a GRU model driven by technical indicators is recommended for fast-moving global crises like a pandemic, while a shift to a Ridge regression model is warranted during periods of protracted political instability to leverage its stability.Originality/valueTo the best of the authors' knowledge, this study presents the first comparative ML analysis of the Tunisian banking sector across two fundamentally different crises, the Revolution that sparked the Arab Spring and the COVID-19 pandemic, using SHAP analysis to uncover crisis-specific financial drivers complemented by several robustness checks.	"COVID-19; Tunisian revolution; Machine learning; Stock price prediction; C53; C88; G01; G14; G17"	"ARTIFICIAL NEURAL-NETWORK; STOCK-MARKET; POLITICAL UNCERTAINTY; PREDICTING STOCK; REGRESSION; RISK; SELECTION; MOVEMENT; BEHAVIOR; PRICES"	Dridi, I	JOURNAL OF ISLAMIC ACCOUNTING AND BUSINESS RESEARCH	2026	10.1108/JIABR-06-2025-0329	1759-0817	"Article; Early Access"	Business, Finance	Business & Economics	GL8ZE
B_backup	18	include			"Q1; Q2"	"Q1 analytical/modeling; Q2 GARCH/HAR"	"econometric: GARCH/HAR; analytical/modeling context"	"market; volatility; COVID; GARCH/HAR; analytical/modeling"	Volatility Spillover and Risk Measurement of Southeast Asian Financial Markets	Objective: this study aims to examine volatility transmission in ASEAN-5 financial markets during 2019-2023, covering pre-pandemic, pandemic, and post-pandemic phases, to analyze the impact of COVID-19 and other external factors, such as political crises and geopolitical tensions, on these interconnected markets. Methods: using AR-GARCH and VECM models, the study analyzed aggregated stock index data from the five countries, with a focus on volatility spillovers and value at risk (VaR) levels to assess both short- and long-term interdependencies. Results: the findings reveal substantial volatility transmission among ASEAN-5 markets, indicating significant financial interdependencies that heighten regional risk, especially during periods of global disruption. VaR results further suggest that the Indonesian stock market (JKSE) carries a higher risk profile, reflecting the impact of local economic conditions and regional interconnectivity. Conclusions: the study underscores the need for investors to account for volatility transmission in risk management, especially given the COVID-19 pandemic and geopolitical factors. Strong market interconnectivity within the ASEAN-5 may limit the effectiveness of cross-market diversification, highlighting the importance of regional risk mitigation and coordinated policies.	"volatility spillover; value at risk; GARCH; ASEAN-5 financial market; risk measurement"		"Kesumah, FSD; Azhar, R"	BRAZILIAN ADMINISTRATION REVIEW	2025	10.1590/1807-7692bar2025240148	1807-7692	Article	"Business; Management"	Business & Economics	5CC8G
B_backup	18	exclude			"Q1; Q2"	"Q1 analytical/modeling; Q2 GARCH/HAR"	"econometric: GARCH/HAR; analytical/modeling context"	"market; volatility; COVID; GARCH/HAR; analytical/modeling"	Commonality in BRICS stock markets' reaction to global economic policy uncertainty: Evidence from a panel GARCH model with cross sectional dependence	The rapid growth of BRICS has increasingly integrated their markets into the global economy. Thus, making their financial markets more vulnerable to external shocks. This study examines BRICS stock markets' response to global economic policy uncertainty using a panel GARCH model. The results show that global economic policy uncertainty significantly raises volatility with homogeneous response across the markets. The findings also suggests that COVID-19 has amplified the adverse impact of the uncertainties on prices and volatility. One major implication of the findings is that the BRICS can develop a joint policy for mitigating policy uncertainties spillovers.	"Stock market returns; Economic policy uncertainty; Panel GARCH; Market integration; Homogenous; BRICS; Emerging market"	"GEOPOLITICAL RISKS; G7; RETURNS"	"Mamman, SO; Wang, ZQ; Iliyasu, J"	FINANCE RESEARCH LETTERS	2023	10.1016/j.frl.2023.103877	1544-6123	Article	Business, Finance	Business & Economics	M2SY7
B_backup	18	exclude		islam	"Q1; Q2"	"Q1 analytical/modeling; Q2 GARCH/HAR"	"econometric: GARCH/HAR; analytical/modeling context"	"market; volatility; COVID; GARCH/HAR; analytical/modeling"	COVID-19 and Islamic Stock Index: Evidence of Market Behavior and Volatility Persistence	The aftermath of the COVID-19 pandemic is not limited to human lives and health sectors. It has also changed social and economic aspects of the world. This study investigated the Islamic stock market's reaction and changes in volatility before and during this pandemic. The market model of event study methodology was employed to analyze Islamic stock market reactions in nine different markets around the globe. To examine changes in volatility and persistence of risk, the generalized autoregressive conditional heteroscedasticity (GARCH) method was used. Nine Islamic stock indices were selected for this study from the Thomson Reuters data stream. The results suggest that, in the short run, the Islamic Australian stock index and Islamic GCC stock index remained stable for the first 15 days following news of the pandemic. The Islamic stock indexes of Qatar, UAE, ASEAN, MENA, MENASA, and Bahrain were significantly affected by the outbreak in the short-term. On the other hand, the volatility of Islamic stock indices was substantially amplified after the global health crisis was declared by the WHO. Moreover, volatility shocks tended to persist for a longer period after COVID-19.	"Islamic stocks; COVID-19; abnormal return; volatility"	"SPILLOVERS; MODELS"	"Saleem, A; Barczi, J; Sagi, J"	JOURNAL OF RISK AND FINANCIAL MANAGEMENT	2021	10.3390/jrfm14080389	1911-8066	Article	Business, Finance	Business & Economics	UG8YN
B_backup	18	exclude		australia	"Q1; Q3"	"Q1 analytical/modeling; Q3 AI/ML/DL"	"AI/ML/DL; analytical/modeling context"	"market; volatility; COVID; AI/ML/DL; analytical/modeling"	Forecasting Volatility of Australian Stock Market Applying WTC-DCA-Informer Framework	This article proposed a novel hybrid framework, the WTC-DCA-Informer, for forecasting volatility in the Australian stock market. The findings indicated that (1) through a comprehensive comparison with various machine learning and deep learning models, the proposed WTC-DCA-Informer framework significantly outperformed traditional methods in terms of predictive performance. (2) Across different training set proportions, the WTC-DCA-Informer model demonstrated exceptional forecasting capabilities, achieving a coefficient of determination (R-2) as high as 0.9216 and a mean absolute percentage error (MAPE) as low as 13.6947%. (3) The model exhibited strong adaptability and robustness in responding to significant market fluctuations and structural changes before and after the outbreak of COVID-19. This study offers a new perspective and tool for forecasting financial market volatility, with substantial theoretical and practical implications for enhancing the efficiency and stability of financial markets.	"Australian stock market; hybrid model; volatility forecasting; WTC-DCA-informer"	"ECONOMETRIC-MODELS; LONG MEMORY; HYBRID; BREAKS"	"Zeng, HJ; Wu, R; Abedin, MZ; Ahmed, AD"	JOURNAL OF FORECASTING	2025	10.1002/for.3264	0277-6693	Article	"Economics; Management"	Business & Economics	6GM3H
B_backup	18	exclude		GCC	"Q1; Q3"	"Q1 analytical/modeling; Q3 AI/ML/DL"	"AI/ML/DL; analytical/modeling context"	"market; volatility; COVID; AI/ML/DL; analytical/modeling"	Using machine learning to analyze the impact of coronavirus pandemic news on the stock markets in GCC countries	"COVID-19 has resulted in high volatility in financial markets across the world. The goal of this study is to investigate the impact of COVID-19-related news on the stock markets in Gulf Cooperation Council (GCC) countries. The study utilizes machine learning approaches to assess the role of COVID-19 news in stock return predictability in these markets. The results reveal that the stock markets in the United Arab Emirates (UAE), Qatar, Saudi Arabia, and Oman were impacted by coronavirus-related news; however, this news had no impact on the stocks in Bahrain. Moreover, the results indicate that the impacted markets were influenced differently in terms of the quantities and types of news."	"COVID-19; Machine-learning; STOCK MARKETS; GCC"	"RETURNS; LIQUIDITY; RISK"	"Al-Maadid, A; Alhazbi, S; Al-Thelaya, K"	RESEARCH IN INTERNATIONAL BUSINESS AND FINANCE	2022	10.1016/j.ribaf.2022.101667	0275-5319	Article	Business, Finance	Business & Economics	1U5EI
B_backup	18	exclude		malaysia	"Q1; Q2"	"Q1 analytical/modeling; Q2 GARCH/HAR"	"econometric: GARCH/HAR; analytical/modeling context"	"market; volatility; COVID; GARCH/HAR; analytical/modeling"	THE VAR EVALUATION OF SHARIAH STOCK MARKET IN MALAYSIA DURING COVID-19 PANDEMIC BY USING CONDITIONAL EVT METHOD	In the current financial market, the Islamic stock market faced with a significant challenge to sustain and maintain its stability in intensified market volatility and unexpected extreme events. It can reduce the intensity and occurrence of financial crises by eliminating the primary vulnerabilities of the conventional system. This paper aims to identify the most effective method in risk evaluation by presenting the risk evaluation performance between conventional and Islamic stock market that focusing on extreme events in stock market returns. The data analysis is divided into two periods: normal and crisis COVID-19 periods. The empirical analysis, conducted within the sample employs the conditional extreme value theory (EVT) method that combine the filtered series of GARCH and EGARCH models. This filtered series will be used to generate the threshold by using the peak-over-threshold (POT) method. This threshold then will be used to estimate the generalized Pareto distribution (GPD) distribution to forecast the one-day ahead value-at-risk (VaR). The findings indicate that, in Shariah stock markets, the conditional EVT model demonstrates superior performance in forecasting stock market risk compared to the standard GARCH and EGARCH models.	"Conditional EVT; Heavy-tailed; POT method; Value-at-risk"	TIME	"Aridi, NA; Hooi, TS; Cheong, CW"	INTERNATIONAL JOURNAL OF BUSINESS AND SOCIETY	2023	10.33736/ijbs.6403.2023	1511-6670	Article	Business	Business & Economics	HZ7N8
B_backup	18	exclude		middle east	"Q1; Q2"	"Q1 analytical/modeling; Q2 GARCH/HAR"	"econometric: GARCH/HAR; analytical/modeling context"	"market; volatility; COVID; GARCH/HAR; analytical/modeling"	COVID-19 pandemic and linkage between stock markets in Middle Eastern countries	"PurposeThe purpose of this study is to evaluate the linkage between stock markets in Middle Eastern countries before and during the COVID-19 pandemic by using daily and monthly data sets for the period from 2011 to 2021.Design/methodology/approachThe multivariate BEKK-GARCH model was computed to evaluate the existence of non-linear linkage among Middle Eastern stock markets. A correlation approach was used in this study to determine the type of linear connectivity between Middle Eastern stock markets. The study used monthly and daily data sets covering the years 2011 to 2021 to investigate the linkage between stock returns and the volatility spillover between the stock markets in Palestine, Jordan, Syria and Lebanon, both before and during COVID-19. To understand the types of relationships between markets before and during COVID-19, the daily data set was split into two periods.FindingsResults from the pre-COVID-19 suggest that the Syria stock market is not related to any stock market in the Middle East markets; the Palestine and Lebanon stock markets exhibit a weak relationship, but Jordan and Palestine stock markets are strongly linked. Conversely, results from COVID-19 evince a very strong bidirectional volatility spillover between Middle East stock markets. Overall, the results indicate the existence of increased linkage during the COVID-19.Research limitations/implicationsThe data collection on a daily and monthly basis, both before and during COVID-19, presents certain limitations for the paper. Another limitation is that the data cannot be generalized to all other Middle Eastern countries; rather, the conclusions drawn can only be applied to these four countries. This is especially true if the scholars collected most of the necessary data but were unable to obtain certain data for various reasons.Practical implicationsThese findings have implications for risk management, market regulation and the growth of local stock markets. Facilitating the growth of smaller, more specialized markets to improve integration with other Middle Eastern markets is one of the goals of the domestic stock market development policy. To ensure financial stability, Middle Eastern stock market linking policies should consider spillover risk and take steps to minimize it. Enhancing the range of investment opportunities accessible to shareholders and functioning as confidential risk-sharing mechanisms to facilitate improved risk management in Middle Eastern stock markets will not only significantly influence the mobilization of private capital to promote investment and local economic growth but also lay groundwork for integrated market platforms.Originality/valueThis paper adds to the body of literature by demonstrating the nature of the connections between these small markets and the larger markets in the Middle East region. Information from the smaller markets provides institutional insights that enhance the body of existing research, guide the formulation of evidence-based policies and advance financial literacy in these markets. This study contributes by comparing data from different stock markets to better understand the type and strength of the link and relationship between Middle Eastern stock markets, as well as any underlying or reinforcing factors that might have contributed to the relationship and the specific types of links that these markets shared prior and during COVID-19."	"COVID-19 pandemic; Correlation; Middle East stock markets; Financial markets integration; Stock market linkage; Volatility spillover; F36; G15; G40; I18"	"INTEGRATION; ECONOMIES; AFRICA"	"Al-Khazaleh, S; Badwan, N; Eriqat, I; El Shlmani, Z"	JOURNAL OF CHINESE ECONOMIC AND FOREIGN TRADE STUDIES	2024	10.1108/JCEFTS-01-2024-0010	1754-4408	Article	Economics	Business & Economics	L8S3Z
B_backup	18	exclude		methodology, weak link to covid	"Q1; Q3"	"Q1 analytical/modeling; Q3 AI/ML/DL"	"AI/ML/DL; analytical/modeling context"	"market; volatility; COVID; AI/ML/DL; analytical/modeling"	Forecasting stock market anomalies in emerging markets: An OPTUNA-optimized isolation forest and K-means approach	Forecasting financial anomalies in emerging markets is critical for informed investment and risk management. This study proposes a novel machine learning framework that integrates an OPTUNA-optimized Isolation Forest algorithm with K-Means clustering to detect and classify stock market anomalies in Iran Khodro, one of Iran's largest automotive firms. Leveraging daily stock data from 2001 to 2022, the model enhances anomaly detection accuracy by tuning hyperparameters through Bayesian optimization, significantly reducing false positives compared to standard implementations. The K-Means clustering algorithm further segments the detected anomalies into meaningful behavioral categories based on price and trading volume dynamics. Results reveal distinct periods of market disruption aligned with major political and economic events, including sanctions, currency volatility, and the COVID-19 pandemic. This hybrid approach demonstrates a robust, efficient, and interpretable method for forecasting abnormal market behavior in high-volatility, low-transparency environments. The framework holds promise for broader application in forecasting stock anomalies across other emerging financial markets.	"Financial anomalies; Isolation forest; Hyperparameter optimization; Emerging markets; Stock market forecasting"		"Toufighi, SP; Khani, AM; Rezasoltani, A; Sahebi, IG; Vang, J"	MACHINE LEARNING WITH APPLICATIONS	2025	10.1016/j.mlwa.2025.100770		Article	"Computer Science, Artificial Intelligence; Computer Science, Information Systems; Computer Science, Interdisciplinary Applications"	Computer Science	9WL5C
B_backup	18	exclude		islam	"Q1; Q2"	"Q1 analytical/modeling; Q2 GARCH/HAR"	"econometric: GARCH/HAR; analytical/modeling context"	"market; volatility; COVID; GARCH/HAR; analytical/modeling"	Did the Islamic Stock Index Provide Shelter for Investors during the COVID-19 Crisis? Evidence from an Emerging Stock Market	The economic and financial chaos caused by COVID-19 has been a discussion topic since the beginning of 2020. This study intends to provide a parallel comparison of volatility change and external shock persistence of the Islamic and conventional stock indexes of the Pakistan Stock Exchange. The daily stock index was extracted from Eikon Thomson Reuters for the conventional and Islamic stock index from Jan 2018 to April 2021, which was further divided in three periods, i.e., full, pre-, and post-pandemic period. The data have been analyzed using generalized autoregressive conditional heteroscedasticity (GARCH). An optimally parameterized GARCH (1,1) model is used to measure volatility change for both the pre- to post-pandemic periods. The results suggest that the magnitude of risk in a conventional index is significantly higher than that of the Islamic stock index for the period of study. However, the level of COVID shock persistence is longer in the KSE (conventional) index compared to the KMI (Islamic) index.	"emerging market; Islamic stocks; COVID-19; risk and volatility"	"VOLATILITY; PERCEPTION; MODELS; RISK"	"Ali, K; Ashfaque, M; Saleem, A; Bárczi, J; Sági, J"	RISKS	2022	10.3390/risks10060109		Article	Business, Finance	Business & Economics	2K3UY
B_backup	18	exclude		africa	"Q1; Q2"	"Q1 analytical/modeling; Q2 GARCH/HAR"	"econometric: GARCH/HAR; analytical/modeling context"	"market; volatility; COVID; GARCH/HAR; analytical/modeling"	COVID-19 pandemic and stock market linkages in Southern African Customs Union: a volatility spillover analysis	Despite the numerous implications, extant literature reveals a notable absence of the nature of stock market linkages in the Southern African Customs Union (SACU). This gap provides a motivation to investigate the linkages between SACU markets. Hence, this paper evaluates the linkages between four of the five stock markets in the SACU before and during the COVID-19 pandemic: Botswana, Eswatini, Namibia, and South Africa, using the bivariate Baba-Engle-Kraft-Kroner (BEKK) GARCH model and correlation analysis. The results from the pre-COVID-19 pandemic era suggest the absence of any linkage between small SACU stock markets (Botswana and Eswatini) and the South African stock market, except for the Namibian stock market. In addition, there is a weak relationship among the small markets. Conversely, the COVID-19 era results show evidence of a strong linkage among the SACU stock markets, suggesting the existence of increased linkage during the COVID-19 pandemic era. These findings not only close an important literature gap but are also important for market risk diversification and financial market stability within the Union. They are equally useful to investors in their search to understand the dynamic linkages between stock markets in the SACU during crisis periods.		INTEGRATION	Emenike, KO	HUMANITIES & SOCIAL SCIENCES COMMUNICATIONS	2026	10.1057/s41599-026-06584-7		Article	"Humanities, Multidisciplinary; Social Sciences, Interdisciplinary"	"Arts & Humanities - Other Topics; Social Sciences - Other Topics"	FQ1QN
B_backup	18	maybe		unclear market selection	"Q1; Q2"	"Q1 analytical/modeling; Q2 GARCH/HAR"	"econometric: GARCH/HAR; analytical/modeling context"	"market; volatility; COVID; GARCH/HAR; analytical/modeling"	Predictability of the Realised Volatility of International Stock Markets Amid Uncertainty Related to Infectious Diseases	In the context of the great turmoil in the financial markets caused by the COVID-19 pandemic, the predictability of daily infectious diseases-related uncertainty (EMVID) for international stock markets volatilities is examined using heterogeneous autoregressive realised variance (HAR-RV) models. A recursive estimation approach in the short-, medium- and long-run out-of-sample predictability is considered and the main findings show that the EMVID index plays a significant role in forecasting the volatility of international stock markets. Furthermore, the results suggest that the most vulnerable stock markets to EMVID are those in Singapore, Portugal and The Netherlands. The implications of these results for investors and portfolio managers amid high levels of uncertainty resulting from infectious diseases are discussed.	"uncertainty; infectious diseases; COVID-19; international stock markets; realised volatility; forecasting"	PRECIOUS-METAL	"Shiba, S; Cunado, J; Gupta, R"	JOURNAL OF RISK AND FINANCIAL MANAGEMENT	2022	10.3390/jrfm15010018	1911-8066	Article	Business, Finance	Business & Economics	YQ7WZ
B_backup	18	exclude		saudi arabia	"Q1; Q2"	"Q1 analytical/modeling; Q2 GARCH/HAR"	"econometric: GARCH/HAR; analytical/modeling context"	"market; volatility; COVID; GARCH/HAR; analytical/modeling"	Asymmetric Modelling of COVID-19 related news persistence impact on Saudi Arabia stock market volatility	This paper investigates the persistence impact of the COVID-19 related news on the volatility of the Saudi Arabia stock market based on daily time series data consists of closing prices of 21 industry groups that constitute the Saudi stock market as well as the main market for the period from 4th August 2019 to 21st May 2020 by running the EGARCH model. The empirical findings showed that the Saudi Arabia market was significantly affected during the nine trading days after the first case in Saudi Arabia. Moreover, the EGARCH model estimates supported the existence of asymmetric effect on the Saudi stock market with a 25% negative ( leverage effect) and 14% positive effects. It was discovered that the Saudi stock market showed evidence of volatility persistence for the main market index and the majority of the industry groups. This paper contributes to the existing literature on the impact of COVID-19 related news on stock returns volatility. To our knowledge, similar studies are absent in the literature about Saudi Arabia. This study used the EGARCH model, which is considered the most reliable analysis technique to investigate this cloudy subject.	"Unit root; Leverage effect; ARCH effect; Stock returns; EGARCH model"	BEHAVIOR	"Eledum, H; Sayed, OA"	INTERNATIONAL JOURNAL OF ECOLOGY & DEVELOPMENT	2021		0972-9984	Article	Ecology	Environmental Sciences & Ecology	UC5KY
B_backup	18	exclude		bangladesh	"Q1; Q2"	"Q1 analytical/modeling; Q2 GARCH/HAR"	"econometric: GARCH/HAR; analytical/modeling context"	"market; volatility; COVID; GARCH/HAR; analytical/modeling"	The Impact of COVID-19 on the Volatility of Bangladeshi Stock Market: Evidence from GJR-GARCH Model	The enormous sway of COVID-19 on the international financial market has been felt across the globe. The financial markets of Bangladesh have also been similarly affected by the global epidemic and experienced a significant increase in volatility. To scrutinise the connection between COVID-19 and the Dhaka Stock Exchange (DSE) indices' return and instability, this study uses data of the DSE from February 2014 to September 2021. A comparative examination of the return and instability of the stock indices of the DSE has also been done considering the outbreak of the current COVID-19 situation. After using the GJR-GARCH (1,1) model, this review uncovers that the outbreak of COVID-19 has a statistically positive noteworthy association with the DSE stock indices' instability, which increases the market's volatility. Traders' fear and the rising frequency of COVID-19 reported patients could cause this. Besides, according to this study, COVID-19 shows a substantial positive linkage with stock market returns that increases the market's return. An appealing valuation, lower interest rates in the banking channel, economic rebound following the closure to prevent coronavirus transmission, improved remittance inflows, and a return of export revenues could all have contributed to this outcome. In addition, the findings also reveal that all market indices are in a mean-reverting phase.	"COVLD-19; Dhaka Stock Exchange (DSE); Volatility; GJR-GARCH; Bangladesh"	TIME-SERIES	"Golder, U; Rumaly, N; Shahriar, AHM; Alam, MJ; Biswas, A; Islam, MN"	JOURNAL OF ASIAN FINANCE ECONOMICS AND BUSINESS	2022	10.13106/jafeb.2022.vol9.no4.0029	2288-4637	Article	Business	Business & Economics	0J6TM
B_backup	18	exclude		G20, sentiment	"Q1; Q2"	"Q1 analytical/modeling; Q2 GARCH/HAR"	"econometric: GARCH/HAR; analytical/modeling context"	"market; volatility; COVID; GARCH/HAR; analytical/modeling"	Constructing a positive sentiment index for COVID-19: Evidence from G20 stock markets	The present study investigates the degree of market responses through the scope of investors' sentiment during the COVID-19 pandemic across G20 markets by constructing a novel positive search volume index for COVID-19 (COVID19(+)). Our key findings, obtained using a Panel-GARCH model, indicate that an increased COVID19(+) index suggests that investors decrease their COVID-19 related crisis sentiment by escalating their Google searches for positively associated COVID-19 related keywords. Specifically, we explore the predictive power of the newly constructed index on stock returns and volatility. According to our findings, investor sentiment positively (negatively) predicts the stock return (volatility) during the COVID-19. This is the first study assessing global sentiment by proposing a novel proxy and its impacts on the G20 equity market.	"COVID-19; Sentiment; G20; Stock markets; Panel-GARCH"	"INVESTOR SENTIMENT; PRICE DYNAMICS; POLICY UNCERTAINTY; FEAR INDEX; VOLATILITY; IMPACT; RETURNS; SEARCH; SHOCKS"	"Anastasiou, D; Ballis, A; Drakos, K"	INTERNATIONAL REVIEW OF FINANCIAL ANALYSIS	2022	10.1016/j.irfa.2022.102111	1057-5219	Article	Business, Finance	Business & Economics	0Y4VV
B_backup	18	exclude		GCC	"Q1; Q2"	"Q1 analytical/modeling; Q2 GARCH/HAR"	"econometric: GARCH/HAR; analytical/modeling context"	"market; volatility; COVID; GARCH/HAR; analytical/modeling"	The spillover effects among financial stress, investor sentiment, and GCC stock markets: evidence under the bearish and bullish market states	This study delves into an exploration of volatility spillover between financial stress, investor sentiment, and stock market index returns in the Gulf Cooperation Council (GCC) countries using the DCC-GARCH, wavelet coherence, and BEKK-GARCH models. A robustness check, applying Diebold and Yilmaz's (2012, 2014) methodology, verifies network measures across markets. Significant patterns in financial stress index were observed during crises, with strong co-movement between financial stress, investor sentiment, and stock returns, especially during COVID-19 pandemic. Volatility transmission from stock returns to investor sentiment and the financial stress index was notable in some markets. Additionally, we found a significant volatility transmission from the financial stress index to market returns during periods of bearish stress in Bahrain and Kuwait and bullish stress across all countries. These findings offer insights for investors and fund managers optimizing portfolios and managing risk exposure.	"Financial stress; investor sentiment; GCC market; Markov switching; BEKK-GARCH; Wavelet coherence analysis"	"RETURNS; INDEXES; CONNECTEDNESS"	"Soltani, H; Abbes, MB"	JOURNAL OF CHINESE ECONOMIC AND BUSINESS STUDIES	2025	10.1080/14765284.2024.2404278	1476-5284	Article	Economics	Business & Economics	T2U2X
B_backup	18	include		methodology	"Q1; Q3"	"Q1 analytical/modeling; Q3 AI/ML/DL"	"AI/ML/DL; analytical/modeling context"	"market; volatility; COVID; AI/ML/DL; analytical/modeling"	Analysis of the performance of predictive models during Covid-19 and the Russian-Ukrainian war	In our paper, we investigate how effectively artificial intelligence can be used to predict stock market trends in the world's leading equity markets over the period 01/01/2010 to 09/16/2022. Covid-19 and the Russian-Ukrainian war have had a strong impact on the capital markets and therefore the study was conducted in a highly volatile environment. The analysis was performed on three time intervals, using two machine learning algorithms of different complexity (decision tree, LSTM) and a parametric statistical model (linear regression). The evaluation of the results obtained was based on mean absolute percentage error (MAPE). In our study, we show that predictive models can perform better than linear regression in the period of high volatility. Another important finding is that the predictive models performed better in the post-Russian-Ukrainian war period than after the outbreak of Covid-19. Stock market price forecasting can play an important role in fundamental and technical analysis, can be incorporated into the decision criteria of algorithmic trading, or can be used on its own to automate trading.	"Covid-19; Russian-Ukrainian war; stock market price forecast; cial intelligence; predictive algorithms"	"HYBRID MODEL; VOLATILITY; DIRECTION; NETWORKS; INDEX; LSTM"	"Vancsura, L; Bareith, T"	PUBLIC FINANCE QUARTERLY-HUNGARY	2023	10.35551/PFQ_2023_2_7	0031-496X	Article	Business, Finance	Business & Economics	P6FB1
B_backup	18	exclude		uganda	"Q1; Q2"	"Q1 analytical/modeling; Q2 GARCH/HAR"	"econometric: GARCH/HAR; analytical/modeling context"	"market; volatility; COVID; GARCH/HAR; analytical/modeling"	Prediction of the Stock Prices at Uganda Securities Exchange Using the Exponential Ornstein-Uhlenbeck Model	"We use the exponential Ornstein-Uhlenbeck model to predict the stock price dynamics over some finite time horizon of interest. The predictions are the key to the investors in a financial market because they provide vital reference information for decision making. We estimated all the parameters of the model (mean reversion speed, long-run mean, and the volatility) using the data from Stanbic Uganda Holdings Limited. We used the parameters to forecast the stock price and the associated mean absolute percentage error (MAPE). The predictions were compared against those by the ARMA-GARCH model. We also found the 95% prediction intervals before and during the COVID-19 pandemic. Results indicate that the exponential Ornstein-Uhlenbeck stochastic model gives very accurate and reliable predictions with a MAPE of 0.4941%. All the forecasted stock prices were within the prediction region established. This was not the case during the COVID-19 pandemic; the predicted stock prices are higher than the actual prices, indicating the severe impact COVID-19 inflicted on the stock market."			"Kasozi, J; Nanyonga, E; Mayambala, F"	INTERNATIONAL JOURNAL OF MATHEMATICS AND MATHEMATICAL SCIENCES	2023	10.1155/2023/2377314	0161-1712	Article	"Mathematics, Applied; Mathematics"	Mathematics	N9OH4
B_backup	18	maybe		unclear region	"Q1; Q3"	"Q1 analytical/modeling; Q3 AI/ML/DL"	"AI/ML/DL; analytical/modeling context"	"market; volatility; COVID; AI/ML/DL; analytical/modeling"	An interpretable system for predicting the impact of COVID-19 government interventions on stock market sectors	Evaluating and understanding the financial impacts of COVID-19 has emerged as an urgent research agenda. Nevertheless, the impacts of government interventions on stock markets remain poorly understood. This study explores, for the first time, the impact of COVID-19 related government intervention policies on different stock market sectors using explainable machine learning-based prediction models. The empirical findings suggest that the LightGBM model provides excellent prediction accuracy while preserving computationally efficient and easy explainability of the model. We also find that COVID-19 government interventions are better predictors of stock market volatility than stock market returns. We further show that the observed effects of government intervention on the volatility and returns of ten stock market sectors are heterogeneous and asymmetrical. Our findings have important implications for policymakers and investors in terms of promoting balance and sustaining prosperity across industry sectors through government interventions.	"COVID-19; Government interventions; Stock market; SHapley Additive exPlanations"	PRICES	"Yang, C; Abedin, MZ; Zhang, HW; Weng, FT; Hajek, P"	ANNALS OF OPERATIONS RESEARCH	2025	10.1007/s10479-023-05311-8	0254-5330	Article	Operations Research & Management Science	Operations Research & Management Science	2JT0A
B_backup	18	exclude		broad covid	"Q1; Q2"	"Q1 analytical/modeling; Q2 GARCH/HAR"	"econometric: GARCH/HAR; analytical/modeling context"	"market; volatility; COVID; GARCH/HAR; analytical/modeling"	COVID-19 Pandemic and Financial Contagion	"The original contribution of this paper is to empirically document the contagion of the Covid-19 on financial markets. We merge databases from Johns Hopkins Coronavirus Center, Oxford-Man Institute Realized Library, NYU Volatility Lab, and St-Louis Federal Reserve Board. We deploy three types of models throughout our experiments: (i) the Susceptible-Infective-Removed (SIR) that predicts the infections' peak on 2020-03-27; (ii) volatility (GARCH), correlation (DCC), and risk-management (Value-at-Risk (VaR)) models that relate how bears painted Wall Street red; and, (iii) data-science trees algorithms with forward prunning, mosaic plots, and Pythagorean forests that crunch the data on confirmed, deaths, and recovered Covid-19 cases and then tie them to high-frequency data for 31 stock markets."	"Covid-19; financial contagion; Johns Hopkins repository; Susceptible-Infective-Removed model; tree algorithm; data science"		Chevallier, J	JOURNAL OF RISK AND FINANCIAL MANAGEMENT	2020	10.3390/jrfm13120309	1911-8066	Article	Business, Finance	Business & Economics	PK0GT
B_backup	18	exclude		japan, singapore	"Q1; Q2"	"Q1 analytical/modeling; Q2 GARCH/HAR"	"econometric: GARCH/HAR; analytical/modeling context"	"market; volatility; COVID; GARCH/HAR; analytical/modeling"	MARKET RISK DATA ANALYTICS FOR SELECTED ASIAN STOCK MARKETS DURING THE PANDEMIC COVID-19	This study investigates various conditional mean and variance models to account for the impact of COVID-19 on the selected Asian markets, specifically the Japanese and Singaporean stock markets. The research period (24 August 2012 to 24 August 2022) is split into two periods, from 24 August 2012 to 31 March 2020 and from 24 August 2012 to 24 August 2022, to analyse the effect of COVID-19 on both stock returns. We found that both returns exhibit non -normality. The best -fitted models for the Japanese and Singaporean stock markets are Student -t ARMA(1,1)-EGARCH(1,1) and ARMA(2,1)-GJR(1,1), respectively. The presence of the pandemic period indicates positive shifts in volatility intensity in both the Japanese and Singaporean stock markets. The 5% Value -at -Risk under the GARCH estimations is $3568.20 for Japan and $2050.40 for Singapore. Meanwhile, the 5% expected shortfall based on historical simulation for both countries is $3214.00 for Japan and $2196.26 for Singapore. From the results of Value -at -Risk and expected shortfall, the Japanese stock returns showed more significant maximum losses than Singaporean stock returns, which further indicates that the Japanese stock market was more volatile than the Singaporean stock market before and during the pandemic period.	"conditional variance; volatility analysis; COVID-19"	VOLATILITY	"Teng, LJ; Cheong, CW; Min, LM"	JOURNAL OF QUALITY MEASUREMENT AND ANALYSIS	2023		1823-5670	Article	"Operations Research & Management Science; Mathematics, Interdisciplinary Applications"	"Operations Research & Management Science; Mathematics"	QX3B4
B_backup	18	exclude		sentiment	"Q1; Q3"	"Q1 analytical/modeling; Q3 AI/ML/DL"	"AI/ML/DL; analytical/modeling context"	"market; volatility; COVID; AI/ML/DL; analytical/modeling"	Mining the relationship between COVID-19 sentiment and market performance	In March 2020, the outbreak of COVID-19 precipitated one of the most significant stock market downturns in recent history. This paper explores the relationship between public sentiment related to COVID-19 and stock market fluctuations during the different phases of the pandemic. Utilizing natural language processing and sentiment analysis, we examine Twitter data for pandemic-related keywords to assess whether these sentiments can predict changes in stock market trends. Our analysis extends to additional datasets: one annotated by market experts to integrate professional financial sentiment with market dynamics, and another comprising long-term social media sentiment data to observe changes in public sentiment from the pandemic phase to the endemic phase. Our findings indicate a strong correlation between the sentiments expressed on social media and market volatility, particularly sentiments directly associated with stocks. These insights validate the effectiveness of our Sentiment(S)-LSTM model, which helps to understand the evolving dynamics between public sentiment and stock market trends from 2020 through 2023, as the situation shifts from pandemic to endemic and approaches new normalcy.		"STOCK-MARKET; BEHAVIOR; MEDIA"	"Xia, ZY; Chen, JF; Sun, AC"	PLOS ONE	2024	10.1371/journal.pone.0306520	1932-6203	Article	Multidisciplinary Sciences	Science & Technology - Other Topics	XX2C1
B_backup	18	exclude		retracted	"Q1; Q2"	"Q1 analytical/modeling; Q2 GARCH/HAR"	"econometric: GARCH/HAR; analytical/modeling context"	"market; volatility; COVID; GARCH/HAR; analytical/modeling"	RETRACTED: The effects of the COVID-19 pandemic period on stock market return and volatility. Evidence from the Pakistan Stock Exchange (Retracted article. See vol. 20, 2025)	The COVID-19 pandemic has emerged as a significant event of the current century, introducing substantial transformations in economic and social activities worldwide. The primary objective of this study is to investigate the relationship between daily COVID-19 cases and Pakistan stock market (PSX) return volatility. To assess the relationship between daily COVID-19 cases and the PSX return volatility, we collected secondary data from the World Health Organization (WHO) and the PSX website, specifically focusing on the PSX 100 index, spanning from March 15, 2020, to March 31, 2021. We used the GARCH family models for measuring the volatility and the COVID-19 impact on the stock market performance. Our E-GARCH findings show that there is long-term persistence in the return volatility of the stock market of Pakistan in the period of the COVID-19 timeline because ARCH alpha (omega 1) and GARCH beta (omega 2) are significant. Moreover, is asymmetrical effect is found in the stock market of Pakistan during the COVID-19 period due to Gamma being significant for PSX. Our DCC-GARCH results show that the COVID-19 active cases have a long-term spillover impact on the Pakistan stock market. Therefore, the need of strong planning and alternative platform should be needed in the distress period to promote the stock market and investor should advised to make diversified international portfolio by investing in high and low volatility stock market to save their income. This study advocated the implications for investors to invest in low volatility stock especially during the period of pandemics to protect their return on investment. Moreover, policy makers and the regulators can make effective policies to maintain financial stability during pandemics that is very important for the country's economic development.		RISK	"Wang, BX; Waris, M; Adamiak, K; Adnan, M; Hamad, HA; Bhatti, SM"	PLOS ONE	2024	10.1371/journal.pone.0295853		"Article; Retracted Publication"	Multidisciplinary Sciences	Science & Technology - Other Topics	OF1C9
B_backup	18	exclude		weak covid link	"Q1; Q2"	"Q1 analytical/modeling; Q2 GARCH/HAR"	"econometric: GARCH/HAR; analytical/modeling context"	"market; volatility; COVID; GARCH/HAR; analytical/modeling"	Business applications and state-level stock market realized volatility: A forecasting experiment	We analyze the predictive value of (the surprise component of) state-level business applications, as a proxy of local investor sentiment, for the state-level realized US stock-market volatility. We use high-frequency data for the period from September 2011 to October 2021 to compute realized volatility. Using an extended version of the popular heterogeneous autoregressive realized volatility model and accounting for the possibility that users of forecasts have an asymmetric loss function, we show that business applications tend to have predictive value for realized state-level stock-market volatility, as well as for upside (good) and downside (bad) realized volatility, for users of forecasts who suffer a larger loss from an underprediction of realized volatility than from an overprediction of the same (absolute) seize, after controlling for realized moments (realized skewness, realized kurtosis, realized jumps, and realized tail risks). We also highlight that the COVID-19 period is a major driver of our empirical results.	"business applications; forecasting; realized volatility; state-level investor sentiment; state-level stock markets"	"INVESTOR SENTIMENT; RETURNS; EQUITY; HAPPINESS"	"Bonato, M; Cepni, O; Gupta, R; Pierdzioch, C"	JOURNAL OF FORECASTING	2024	10.1002/for.3042	0277-6693	Article	"Economics; Management"	Business & Economics	GT3O5
B_backup	18	exclude		vietnam	"Q1; Q2"	"Q1 analytical/modeling; Q2 GARCH/HAR"	"econometric: GARCH/HAR; analytical/modeling context"	"market; volatility; COVID; GARCH/HAR; analytical/modeling"	The contagion between stock markets: evidence from Vietnam and Asian emerging stocks in the context of COVID-19 Pandemic	Existing literature does not assess the contagion from emerging Asian stock markets to Vietnam amid the Pandemic. The bivariate VAR and BEKK-GARCH models in this study aim to analyse the return and volatility contagion effects between countries. The main findings reveal Philippine, Singapore, and Thai stocks' spread on the Vietnam index during the COVID-19 period. The direction from the Vietnam index towards Malaysia and the Philippines is opposite. This conclusion helps investors with more information to diversify their portfolios, minimize risks during the Pandemic.	"BEKK-garch model; the emerging market; return; contagion; volatility; Covid-19"	"VOLATILITY SPILLOVERS; RETURN; TRANSMISSION; BEHAVIOR; DCC"	Huong, LM	MACROECONOMICS AND FINANCE IN EMERGING MARKET ECONOMIES	2024	10.1080/17520843.2021.1993653	1752-0843	Article	Economics	Business & Economics	IX0X7
B_backup	18	include			"Q1; Q3"	"Q1 analytical/modeling; Q3 AI/ML/DL"	"AI/ML/DL; analytical/modeling context"	"market; volatility; COVID; AI/ML/DL; analytical/modeling"	Effect of public sentiment on stock market movement prediction during the COVID-19 outbreak	Forecasting the stock market is one of the most difficult undertakings in the financial industry due to its complex, volatile, noisy, and nonparametric character. However, as computer science advances, an intelligent model can help investors and analysts minimize investment risk. Public opinion on social media and other online portals is an important factor in stock market predictions. The COVID-19 pandemic stimulates online activities since individuals are compelled to remain at home, bringing about a massive quantity of public opinion and emotion. This research focuses on stock market movement prediction with public sentiments using the long short-term memory network (LSTM) during the COVID-19 flare-up. Here, seven different sentiment analysis tools, VADER, logistic regression, Loughran-McDonald, Henry, TextBlob, Linear SVC, and Stanford, are used for sentiment analysis on web scraped data from four online sources: stock-related articles headlines, tweets, financial news from Economic Times and Facebook comments. Predictions are made utilizing both feeling scores and authentic stock information for every one of the 28 opinion measures processed. An accuracy of 98.11% is achieved by using linear SVC to calculate sentiment ratings from Facebook comments. Thereafter, the four estimated sentiment scores from each of the seven instruments are integrated with stock data in a step-by-step fashion to determine the overall influence on the stock market. When all four sentiment scores are paired with stock data, the forecast accuracy for five out of seven tools is at its most noteworthy, with linear SVC computed scores assisting stock data to arrive at its most elevated accuracy of 98.32%.	"Web scraping; Sentiment analysis; Stock market prediction; Deep learning"		"Das, N; Sadhukhan, B; Chatterjee, T; Chakrabarti, S"	SOCIAL NETWORK ANALYSIS AND MINING	2022	10.1007/s13278-022-00919-3	1869-5450	Article	Computer Science, Information Systems	Computer Science	3F5LI
B_backup	18	exclude		nigeria	"Q1; Q2"	"Q1 analytical/modeling; Q2 GARCH/HAR"	"econometric: GARCH/HAR; analytical/modeling context"	"market; volatility; COVID; GARCH/HAR; analytical/modeling"	Testing the nexus between stock market returns and inflation in Nigeria: Does the effect ofCOVID-19 pandemic matter?	Given the palpable fear generated by the threat of COVID-19 pandemic and the bearish sentiments of stock investors, this study represents one of the first efforts towards testing the effect of COVID-19 on the stock market returns-inflation relationship. Specifically, the study investigates the stock market returns-inflation nexus by controlling for the effect of COVID-19 pandemic in Nigeria from February 27, 2020 to April 30, 2020. Using the estimation procedures based on the generalized autoregressive conditional heteroskedasticity type models (GARCH (1,1), the GJR-GARCH), and the accounting innovation tests, our results show that COVID-19 increases volatility and distorts the positive relationship between inflation and stock market returns, which tends to negate the Fisher's hypothesis. In addition, the results reveal that the negative effects of COVID-19 on the market returns and its disruption to the stock market returns-inflation relationship may not die away rapidly considering that the duration of the pandemic is unknown. Further, these findings are validated by the innovation accounting tests. Therefore, the study presents to policymakers the consequences of COVID-19 and the urgent need to strengthen the market through collaborative efforts.		"VOLATILITY; POLICY"	"Jelilov, G; Iorember, PT; Usman, O; Yua, PM"	JOURNAL OF PUBLIC AFFAIRS	2020	10.1002/pa.2289	1472-3891	Article	Public Administration	Public Administration	PA5XJ
B_backup	18	exclude		pharmaceuticals	"Q1; Q2"	"Q1 analytical/modeling; Q2 GARCH/HAR"	"econometric: GARCH/HAR; analytical/modeling context"	"market; volatility; COVID; GARCH/HAR; analytical/modeling"	Deciphering the Risk-Return Dynamics of Pharmaceutical Companies Using the GARCH-M Model	This study focuses on the precise forecasting of stock price movement to determine returns, diversify risk, and demystify existing opportunities. It also aims to gauge the difference in terms of the stock volatility of various pharma companies before and during the pandemic era. The prediction of stock market volatility and associated risks is demonstrated by using the GARCH-M model. A sample is collected by clustering daily closing and opening prices from the official websites of the top ten pharmaceutical companies listed on the Bombay Stock Exchange for ten years, from 2012 to 2023. It is evident when using the GARCH-M model, which indicates pharma stock volatility clustering before the COVID-19 pandemic, that a significant relationship is present between risk and return and that these could cause future volatility and significant price movements. Before the COVID-19 pandemic, investors had time to adjust to market conditions, as the volatility was constant but less sensitive to transient shocks. Though it passed faster than ever, the COVID-19 pandemic produced significant market instability. The findings suggest that, especially before the COVID-19 pandemic, the high GARCH(-1) coefficients held Merton's ICAPM, which maintains that past volatility shapes future returns. This sort of activity is compatible with the way financial markets usually operate. The findings suggest that volatility rose after the COVID-19 pandemic, but this was more because of changes in government policies and vaccines than because of regular market forces. Pricing patterns are dominated by stock interventions, liquidity constraints, and sentiments during a crisis period when volatility becomes irrelevant. Appropriate decision-making by individual investors, portfolio managers, and policymakers regarding the stock market is possible through effective prediction based on time-series analysis. The GARCH-M model is compatible with predicting future stock price changes efficiently. This study uniquely applies the GARCH-M model to the Indian pharmaceutical sector, offering valuable insights into stock volatility and risk-return dynamics, particularly during the COVID-19 pandemic.	"pharmaceutical sector; BSE stock indices; GARCH-M model; risk; return volatility; COVID-19"	"TIME-SERIES; VOLATILITY; FOREIGN; PERFORMANCE; INDUSTRY; IMPACT"	"Kaur, A; Chavali, K"	RISKS	2025	10.3390/risks13050087		Article	Business, Finance	Business & Economics	3BA6T
B_backup	18	exclude		islam	"Q1; Q2"	"Q1 analytical/modeling; Q2 GARCH/HAR"	"econometric: GARCH/HAR; analytical/modeling context"	"market; volatility; COVID; GARCH/HAR; analytical/modeling"	INVESTOR SENTIMENTS, THE COVID-19 PANDEMIC AND ISLAMIC STOCK RETURN VOLATILITY IN INDONESIA	"Purpose - This study aims to investigate the effect of investor sentiments, as measured by the Consumer Confidence Index (CCI), and the impact of COVID-19 on Islamic stock return volatility proxied by the Indonesia Sharia Stock Index (ISSI). Design/Methodology/Approach - This study employs the GARCH (1,1) model to test the impact of investor sentiments and COVID-19 on the volatility of Islamic stock returns using monthly data from July 2011 to December 2021. Findings - The findings of this study indicate that investor sentiments negatively impact the volatility of Islamic stock returns; while COVID-19 caused a high and persistent effect on Islamic stock return volatility. Originality/Value - Research on investor behaviour and volatility in the Islamic capital market (ICM) is limited. Investor sentiment is an essential variable in predicting the volatility level of stock returns. Investors must be aware of major events that are happening globally, such as COVID-19. This research specifically focuses on the sentiments of Islamic stock investors in Indonesia. Research Limitations/Implications - This study uses a traditional GARCH model for variance and is limited to the Islamic stock market in Indonesia. Only a few variables were assessed, notably investor sentiments and COVID-19 on the impact of stock return volatility, using monthly data. Practical Implications - Research on market volatility will significantly help investors, companies and regulators determine strategies to overcome risks. This research illustrates how investor behaviour can influence the movement of stock returns. A global event, notably the COVID-19 pandemic, proved to have significantly impacted the conditions of ICMs."	"Consumer Confidence Index; COVID-19; Financial empowerment; GARCH; Indonesia; Investor sentiments; Sharia Stock Index; Volatility"	"MARKET VOLATILITY; PREDICT"	"Irwaningtyas, MF; Sukmaningrum, PS; Rusgianto, S"	ISRA INTERNATIONAL JOURNAL OF ISLAMIC FINANCE	2023	10.55188/ijif.v15i3.613	0128-1976	Article	Business, Finance	Business & Economics	HD9C9
B_backup	18	maybe		review	"Q1; Q3"	"Q1 analytical/modeling; Q3 AI/ML/DL"	"AI/ML/DL; analytical/modeling context"	"market; volatility; COVID; AI/ML/DL; analytical/modeling"	A Conceptual Model of Investment-Risk Prediction in the Stock Market Using Extreme Value Theory with Machine Learning: A Semisystematic Literature Review	The COVID-19 pandemic has been an extraordinary event, the type of event that rarely occurs but that has major impacts on the stock market. The pandemic has created high volatility and caused extreme fluctuations in the stock market. The stock market can be characterized as either linear or nonlinear. One method that can detect extreme fluctuations is extreme value theory (EVT). This study employed a semisystematic literature review on the use of the EVT method to estimate investment risk in the stock market. The literature used was selected by applying the preferred reporting items for systematic review and meta-analyses (PRISMA) guidelines, sourced from the ScienceDirect.com, ProQuest, and Scopus databases. A bibliometric analysis was conducted to determine the study characteristics and identify any research gaps. The results of the analysis show that studies on this topic are rarely carried out. Research in this field is generally performed only in univariate cases and is very complicated in multivariate cases. Given these limitations, further research could focus on developing a conceptual model that is dynamic and sensitive to extreme fluctuations, with multivariable inputs, in order to predict investment risk. The model developed here considered the variables that affect stock price fluctuations as the input data. The combination of VaR-EVT and machine-learning methods is effective in increasing model accuracy because it combines linear and nonlinear models.	"COVID-19; extreme value theory; machine learning; nonlinear; VaR"	"TIME; RETURN"	"Melina; Sukona; Napitupulu, H; Mohamed, N"	RISKS	2023	10.3390/risks11030060		Review	Business, Finance	Business & Economics	C2GY9
B_backup	18	exclude		india	"Q1; Q3"	"Q1 analytical/modeling; Q3 AI/ML/DL"	"AI/ML/DL; analytical/modeling context"	"market; volatility; COVID; AI/ML/DL; analytical/modeling"	Analyzing communicability and connectivity in the Indian stock market during crises	Understanding how information flows through the financial networks is important, especially during times of market turbulence. Unlike traditional assumptions where information travels along the shortest paths, real-world diffusion processes often follow multiple routes. To capture this complexity, we apply communicability, a network measure that quantifies the ease of information flow between nodes, even beyond the shortest path. In this study, we aim to examine how communicability responds to structural disruptions in financial networks during periods of high volatility. We compute communicability-based metrics on correlation-derived networks constructed from financial market data, and apply statistical testing through permutation methods to identify significant shifts in network structure. Our results show that approximately 70% and 80% of stock pairs exhibit statistically significant changes in communicability during the global financial crisis and the unprecedented COVID-19 crisis, respectively, at a significance level of 0.001. The observed shifts in shortest communicability path lengths offer directional cues about the nature and depth of each crisis. Furthermore, when used as features in machine learning classification models, communicability measures outperform the shortest-path-based measures in distinguishing between market stability and volatility periods. The performance of geometric measures was also comparable to that of topology-based measures. These findings offer valuable insights into the dynamic behavior of financial markets during times of crises and underscore the practical relevance of communicability in modeling systemic risk and information diffusion in complex networks.	"financial network analysis; complex network; communicability measure; support vector machine"	"CENTRALITY; NETWORKS; SELECTION; GEOMETRY"	"Pawanesh, P; Sharma, C; Sahni, N"	JOURNAL OF COMPLEX NETWORKS	2025	10.1093/comnet/cnaf026	2051-1310	Article	Mathematics, Interdisciplinary Applications	Mathematics	6WF3C
B_backup	18	exclude		india	"Q1; Q2"	"Q1 analytical/modeling; Q2 GARCH/HAR"	"econometric: GARCH/HAR; analytical/modeling context"	"market; volatility; COVID; GARCH/HAR; analytical/modeling"	Long-term effect of Fits on Indian stock market	The Indian stock market has reacted positively and bounced back in crisis like pandemics and recession. Foreign inflows have been recorded highest among the emerging economies. Indian stock market is dominated by two major stock indices namely NIFTY-50 and Bombay Stock Exchange Sensitive index (BSE SENSEX). This study evaluates the long-term impact of FII on the Indian stock market considering these stock exchanges. 'This study applies Augmented Dickey-Fuller (ADF) and Phillips Perron (PP) for estimating the stationarity of the data. Generalized Autoregressive Conditionally Heteroscedastic (GARCH) model has been applied to measure the volatility of the stock market. The selected indices are found to be significantly influenced by FIIs.	"Indian Stock Market; NIFTY; BSE; SENSEX; GARCH; ADF; PP"		"Mohammad, AS; Afzal, MA; Khan, N; Taqi, M; Jafri, AH"	JOURNAL OF STATISTICS AND MANAGEMENT SYSTEMS	2022	10.1080/09720510.2022.2040860	0972-0510	Article	Statistics & Probability	Mathematics	4O9EX
B_backup	18	include		overview of policy impact	"Q1; Q2"	"Q1 analytical/modeling; Q2 GARCH/HAR"	"econometric: GARCH/HAR; analytical/modeling context"	"market; volatility; COVID; GARCH/HAR; analytical/modeling"	How to calm down the markets? The effects of COVID-19 economic policy responses on financial market uncertainty	Financial markets during the COVID-19 pandemic are characterized by a prolonged period of increased uncertainty. In this paper, we analyse how the announcements of policy interventions and responses, to buffer short-term economic impact of the pandemic and offset financial turmoil, have affected the level of realized volatility in 23 countries. Under the augmented heterogeneous autoregressive model framework, we show that the international calming effect of COVID-19 economic policy actions originates from the US macroprudential policy announcements.	"Volatility; Market uncertainty; COVID-19; Policy actions; Macroprudential policy"	"VOLATILITY; SELECTION; MODEL"	"Deev, O; Plíhal, T"	RESEARCH IN INTERNATIONAL BUSINESS AND FINANCE	2022	10.1016/j.ribaf.2022.101613	0275-5319	Article	Business, Finance	Business & Economics	5C3UY
B_backup	18	exclude		india	"Q1; Q2"	"Q1 analytical/modeling; Q2 GARCH/HAR"	"econometric: GARCH/HAR; analytical/modeling context"	"market; volatility; COVID; GARCH/HAR; analytical/modeling"	Volatility in Indian Stock Markets During COVID-19: An Analysis of Equity Investment Strategies	The aim of the paper is to evaluate the impact of novel COVID-19 on the returns and volatility of Indian stock markets with special reference to equity investment strategies of the Bombay Stock Exchange. For the purpose of evaluating the impact, the study has applied GARCH. The research has considered a time frame from March 2015 to January 2021. Prior to implementing GARCH model, pre-estimation tests (i.e., augmented Dickey-Fuller and ARCH-Lagrange multiplier) were conducted. Outcomes clearly indicate that the returns during the crisis for all the strategy indices have been negative, which means that the COVID-19 outbreak resulted in massive losses. Additionally, 'during crisis' period showed an increase in volatility for all the strategy indices depicting that the pandemic has a long-lasting effect and will take time to fade off. This research will help the investors in the investment decision process by giving them insights about the different strategies.	"BSE; COVID-19; Equity Investment Strategies; GARCH; India; Indian Stock Market Performance"	"IMPACT; EVENT"	"Gupta, K; Das, S; Gupta, K"	INTERNATIONAL JOURNAL OF BUSINESS ANALYTICS	2022	10.4018/IJBAN.288512	2334-4547	Article	Business	Business & Economics	3O2VD
B_backup	18	exclude		casablanca	"Q1; Q2"	"Q1 analytical/modeling; Q2 GARCH/HAR"	"econometric: GARCH/HAR; analytical/modeling context"	"market; volatility; COVID; GARCH/HAR; analytical/modeling"	Casablanca Stock Exchange response to the COVID-19 pandemic	This study investigates the Casablanca Stock Exchange response to the COVID-19 by considering the impact of the COVID-19 related cases and deaths of eleven selected countries affected by the COVID-19, including Morocco, on the Moroccan Stock Market (MASI Index), over the period from June 13, 2019, to June 11, 2020. This study employs the GARCH (1,1) model for this purpose, in which we are allowing for the impact of changes in the COVID-19 related cases and deaths in both the conditional-mean and the conditional heteroscedasticity equations. Furthermore, we extend our analysis by employing the VAR-X model to examine stock market returns and trading volume response to the COVID-19 related cases and deaths. Finally, we use the Markov-Switching models to inspect whether the COVID-19 has caused a structural break in the stock market returns. Empirical results indicate that in some of the selected countries, changes in the number of cases and deaths related to the COVID-19 have had an impact on the volatility of the MASI Index as well as the MASI Index returns. Furthermore, the Markov-Switching model results suggest that at the end of February 2020, the COVID-19 pandemic crisis has caused a structural break on MASI Index returns and the relationship between trading volume and MASI index returns has turned negative.	"COVID-19; Casablanca Stock Exchange; MASI index; GARCH model; VAR-X model; Markov-Switching model"		"Bouzid, KN; Makala, UE"	AFRICAN REVIEW OF ECONOMICS AND FINANCE-AREF	2021		2042-1478	Article	Economics	Business & Economics	XQ3PG
B_backup	18	exclude		stock bubble	"Q1; Q3"	"Q1 analytical/modeling; Q3 AI/ML/DL"	"AI/ML/DL; analytical/modeling context"	"market; volatility; COVID; AI/ML/DL; analytical/modeling"	Identifying a stock price bubble and its macroeconomic implications	We construct a present-value model with a rational bubble identified using stock market data and survey expectations. The model captures the 1970s nifty-fifty bubble, the dot-com bubble, the bubble prior to the 2007-2009 recession, a COVID-19 bubble, and a recent bubble possibly linked to artificial intelligence. When bubble-adjusting the price-dividend ratio, we no longer find explosive dynamics and excess volatility in stock prices. To examine the macroeconomic implications of a bubble, we use the bubble innovation as an instrument in a structural vector autoregression. The results show that a positive bubble shock is expansionary and leads to a higher monetary policy rate.	"bubble test; excess stock market volatility; local explosiveness; rational bubble; structural vector autoregression"	"EXPECTATIONS; INFORMATION; EXUBERANCE; VARIANCE; NEWS"	"Andreasen, MM; Bro, J"	REVIEW OF FINANCE	2026	10.1093/rof/rfag011	1572-3097	"Article; Early Access"	"Business, Finance; Economics"	Business & Economics	HU0HU
B_backup	18	exclude		weak covid link	"Q1; Q2"	"Q1 analytical/modeling; Q2 GARCH/HAR"	"econometric: GARCH/HAR; analytical/modeling context"	"market; volatility; COVID; GARCH/HAR; analytical/modeling"	FINANCIAL MARKET INTERCONNECTIONS ANALYZED USING GARCH UNIVARIATE AND MULTIVARIATE MODELS	Given that the financial markets are facing the effects of the coronavirus pandemic, we chose to perform an analysis on them, in order to see the transmission of volatility, the effects of the contagion and the interconnection between the financial markets. Using stock indices from different countries and applying theoretical and empirical methods such as univariate and multivariate models (ARCH - GARCH, BEKK), we aim to capture volatility and bidirectional contagion, as well as testing and occurring the phenomenon of clustering volatility and its transmission effect.	"Volatility; Contagion; Clustering; ARCH-GARCH models; GARCH-BEKK models"	HETEROSCEDASTICITY	"Anghel, LC; Zwak-Cantoriu, MC; Mendon, S; Gyorgy, A; Ermis, S; Trivedi, J"	ECONOMIC COMPUTATION AND ECONOMIC CYBERNETICS STUDIES AND RESEARCH	2022	10.24818/18423264/56.3.22.07	0424-267X	Article	"Economics; Mathematics, Interdisciplinary Applications"	"Business & Economics; Mathematics"	6O3QY
B_backup	18	exclude		pakistan	"Q1; Q3"	"Q1 analytical/modeling; Q3 AI/ML/DL"	"AI/ML/DL; analytical/modeling context"	"market; volatility; COVID; AI/ML/DL; analytical/modeling"	Study on the Pakistan stock market using a new stock crisis prediction method	A Stock market collapse occurs when stock prices drop by more than 10% across all main indexes. Predicting a stock market crisis is difficult because of the increased volatility in the stock market. Stock price drops can be triggered by a variety of factors, including corporate results, geopolitical tensions, financial crises, and pandemic events. For scholars and investors, predicting a crisis is a difficult endeavor. We developed a model for the prediction of stock crisis using Hybridized Feature Selection (HFS) approach. Firstly, we went for the suggestion of the HFS method for the removal of stock's unnecessary financial attributes. The Naive Bayes approach, on the other hand, is used for the classification of strong fundamental stocks. In the third step, Stochastic Relative Strength Index (StochRSI) is employed to identify a stock price bubble. In the fourth step, we identified the stock market crisis point in stock prices through moving average statistics. The fifth is the prediction of stock crises by using deep learning algorithms such as Gated Recurrent Unit (GRU) and Long-Short Term Memory (LSTM). Root Mean Square Error (RMSE), Mean Squared Error (MSE) and Mean Absolute Error (MAE) are implemented for assessing the performance of the models. The HFS-based GRU technique outperformed the HFS-based LSTM method to anticipate the stock crisis. To complete the task, the experiments used Pakistan datasets. The researchers can look at additional technical factors to forecast when a crisis would occur in the future. With a new optimizer, the GRU approach may be improved and fine-tuned even more.		"SUPPORT VECTOR REGRESSION; NEURAL-NETWORKS; PRICE INDEX"	"Javid, I; Ghazali, R; Syed, I; Zulqarnain, M; Husaini, NA"	PLOS ONE	2022	10.1371/journal.pone.0275022	1932-6203	Article	Multidisciplinary Sciences	Science & Technology - Other Topics	8N3QK
B_backup	18	exclude		islam	"Q1; Q2"	"Q1 analytical/modeling; Q2 GARCH/HAR"	"econometric: GARCH/HAR; analytical/modeling context"	"market; volatility; COVID; GARCH/HAR; analytical/modeling"	Resilience of Islamic and conventional equity markets in turbulent times	PurposeThe purpose of this study is to examine the resilience of Islamic equities during crisis periods and in times of financial distress and how the industry composition and other characteristics of Islamic financial markets contribute to this resilience.Design/methodology/approachThis study uses panel regressions, pooled regressions and EGARCH models to analyse the impact of various crisis periods and financial distress on the returns and the volatility of Islamic and conventional equities. The main sample covers 48 Islamic and conventional equity indices from 1996 to 2023.FindingsIslamic equity indices are more stable than conventional equity indices during various financial crises and the COVID-19 pandemic. These findings also hold for continuous measures of financial distress and a global crisis index. Industry composition contributes substantially to the relative resilience of Islamic equities. Many performance differences reduce or disappear once controlling for industry. There are additional protective factors of Islamic equities including lower leverage and the exclusion of volatile assets.Practical implicationsThe findings provide valuable insights for index construction, risk management and diversification strategies in times of financial instability. Diversification across Shari'ah-compliant firms and industries is beneficial.Originality/valueThis study provides a comprehensive analysis of resilience among Islamic equities in turbulent times, covering multiple binary and continuous measures of financial crises and financial distress. Importantly, it considers the role of industry composition and other factors in contributing to their resilience. These results have implications for index construction and for risk management and diversification strategies in turbulent times.	"Financial crisis; Financial distress; Islamic finance; Resilience; Industry composition"	"FINANCIAL CRISES; PERFORMANCE; INDEXES; CONTAGION; RISK; TRANSMISSION"	Jahromi, M	JOURNAL OF ACCOUNTING LITERATURE	2025	10.1108/JAL-09-2024-0233	0737-4607	"Article; Early Access"	Business, Finance	Business & Economics	Y4J4Z
B_backup	18	exclude		football	"Q1; Q3"	"Q1 analytical/modeling; Q3 AI/ML/DL"	"AI/ML/DL; analytical/modeling context"	"market; volatility; COVID; AI/ML/DL; analytical/modeling"	Neural networks for estimating Macro Asset Pricing model in football clubs	The recent crisis caused by COVID-19 directly affected consumption habits and the stability sof financial markets. In particular, the football industry has been hit hard by this pandemic and therefore has more volatile stock prices. Given this new scenario, further research is needed to accurately estimate the value of the shares of football clubs. In this paper, we estimate an asset pricing model in football clubs with different compositions of risk nature using non-linear techniques of artificial neural networks. Usually, asset pricing models have been estimated with linear methods such as ordinary least squares. Our results show a precision higher than 90% for all the estimated models, which far exceeds those shown by linear methods in the previous literature. We find that the residual represents about 40% of the variance of the price-dividend ratio. Long-term risks follow in importance, and above all, the habit component and its behaviour in the face of changes. The importance of the residual component exists due to a low correlation between the asset price and consumer behaviour, but to a much lesser extent than that shown in previous studies. The estimation carried out with artificial neural networks, both the Deep Learning methods and especially the Quantum Neural Network, opens up new possibilities to estimate more efficiently the pricing of financial assets in the football industry.	"Deep Learning; football clubs; long-term risks; Macro Asset Pricing; neural networks; non-linear methods; Quantum Neural Networks"	"LONG-RUN RISKS; STOCK-MARKET; PROFESSIONAL FOOTBALL; PRICES; PERFORMANCE; RETURNS; HABIT; VOLATILITY; SENTIMENT; EXCHANGE"	"Alaminos, D; Esteban, I; Salas, MB"	INTELLIGENT SYSTEMS IN ACCOUNTING FINANCE & MANAGEMENT	2023	10.1002/isaf.1532	1550-1949	Article	Business, Finance	Business & Economics	J6SI6
B_backup	18	exclude		india	"Q1; Q3"	"Q1 analytical/modeling; Q3 AI/ML/DL"	"AI/ML/DL; analytical/modeling context"	"market; volatility; COVID; AI/ML/DL; analytical/modeling"	Novel Stock Crisis Prediction Technique-A Study on Indian Stock Market	A stock market crash is a drop in stock prices more than 10% across the major indices. Stock crisis prediction is a difficult task due to more volatility in the stock market. Stock price sell-offs are due to various reasons such as company earnings, geopolitical tension, financial crisis, and pandemic situations. Crisis prediction is a challenging task for researchers and investors. We proposed a stock crisis prediction model based on the Hybrid Feature Selection (HFS) technique. First, we proposed the HFS algorithm to removes the irrelevant financial parameters features of stock. The second is the Naive Bayes method is considered to classify the strong fundamental stock. The third is we have used the Relative Strength Index (RSI) method to find a bubble in stock price. The fourth is we have used moving average statistics to identify the crisis point in stock prices. The fifth is stock crisis prediction based on Extreme Gradient Boosting (XGBoost) and Deep Neural Network (DNN) regression method. The performance of the model is evaluated based on Mean Squared Error (MSE), Mean Absolute Error (MAE), and Root Mean Square Error(RMSE). HFS based XGBoost method was performed better than HFS based DNN method for predicting the stock crisis. The experiments considered the Indian datasets to carry out the task. In the future, the researchers can explore other technical indicators to predict the crisis point. There is more scope to improve and fine-tune the XGBoost method with a different optimizer.	"Predictive models; Support vector machines; Neural networks; Hafnium; Stock markets; Forecasting; Companies; Recursive feature elimination; Boruta feature selection; stock price bubble; XGBoost; DNN; stock crisis"	"SUPPORT VECTOR REGRESSION; PRICE INDEX; MODELS; DEEP"	"Naik, N; Mohan, BR"	IEEE ACCESS	2021	10.1109/ACCESS.2021.3088999	2169-3536	Article	"Computer Science, Information Systems; Engineering, Electrical & Electronic; Telecommunications"	"Computer Science; Engineering; Telecommunications"	TJ1YM
B_backup	18	exclude		unrelated	"Q1; Q3"	"Q1 analytical/modeling; Q3 AI/ML/DL"	"AI/ML/DL; analytical/modeling context"	"market; volatility; COVID; AI/ML/DL; analytical/modeling"	Robust investment portfolio management for dynamic financial markets using Bayesian neural networks	Portfolio management plays a vital role in financial investment decisions. However, uncertainties in asset returns and estimation models pose challenges to efficient portfolio selection in dynamic financial markets. In response, we propose a robust reward-risk-adjusted portfolio management model based on a Bayesian machine learning inference framework to flexibly achieve optimal portfolio strategy. Specifically, we employ the Stochastic Gradient Variational Bayesian (SGVB) method to address the uncertainties in the asset return probability distribution parameters and the portfolio model structure. Moreover, SGVB is integrated with neural networks to form a probabilistic deep learning framework, where model latent variables are modeled as probability distributions and efficient portfolio model training is achieved through stochastic gradient optimization. We utilize the financial market data from US DJIA stocks to analyze the superiority and robustness of our proposed portfolio approach. Empirical analysis indicates that the proposed reward-risk-adjusted portfolio model achieves higher portfolio returns, Sharpe ratios, and Sortino ratios performance than other models under different market factors, including market turbulence periods like COVID-19. These findings assist investors and financial institutions in performing and analyzing optimal portfolio decision-making under volatile market environments.	"Efficient portfolio management; Reward-risk-adjusted investment; Robust optimization; Bayesian neural networks"	"SELECTION; RISK; OPTIMIZATION; UNCERTAINTY; PARAMETER"	"Jiang, YF; Liu, JN"	INTERNATIONAL REVIEW OF ECONOMICS & FINANCE	2026	10.1016/j.iref.2026.105244	1059-0560	Article	"Business, Finance; Economics"	Business & Economics	GX9LI
B_backup	18	exclude		methodology, weak link to covid	"Q1; Q3"	"Q1 analytical/modeling; Q3 AI/ML/DL"	"AI/ML/DL; analytical/modeling context"	"market; volatility; COVID; AI/ML/DL; analytical/modeling"	FORECASTING STOCK MARKET DYNAMICS USING BIDIRECTIONAL LONG SHORT-TERM MEMORY	This study forecasts stock market dynamics using machine learning techniques. Specifically, we use long short-term memory (LSTM) and bidirectional LSTM (Bi-LSTM) networks to predict the spot index return and implied volatility series in the Korean market. The Bi-LSTM model exhibits better out-of-sample forecasting performance than the LSTM and classic autoregressive models do, reflecting the fact that the Bi-LSTM model learns data patterns more accurately through a bidirectional process. The Bi-LSTM model with the longest time lag (i.e., 22 days) exhibits the best performance in predicting returns and volatility over the entire sample period. In contrast, during the global financial crisis and COVID-19 pandemic periods, when the stock market dynamics are unstable, Bi-LSTM models with shorter time lags (i.e., five or ten days) predict volatility more accurately.	"Bidirectional long short-term memory; Forecasting; Machine learning; Implied volatility; Stock return"	"VOLATILITY INFORMATION; IMPLIED VOLATILITIES; MACROECONOMIC SHOCKS; ASSET RETURNS; OPTION MARKET; INDEX; NETWORKS; BEHAVIOR; FRAMEWORK; LSTM"	"Park, D; Ryu, D"	ROMANIAN JOURNAL OF ECONOMIC FORECASTING	2021		1582-6163	Article	Economics	Business & Economics	TF4FZ
B_backup	18	exclude		unrelated	"Q1; Q3"	"Q1 analytical/modeling; Q3 AI/ML/DL"	"AI/ML/DL; analytical/modeling context"	"market; volatility; COVID; AI/ML/DL; analytical/modeling"	Reading Between the Reels: An AI-Driven Approach to Analysing Movie Review Sentiment and Market Returns	This study examines the relationship between market sentiment derived from movie reviews and stock returns. Using GPT-4o large language model (LLM), we construct daily sentiment measures from approximately 247,850 movie reviews. Empirical results indicate a robust negative relationship between movie sentiment and excess market returns, suggesting that well-received theatrical films distract investor attention from fundamental market information, leading to reduced market participation and lower returns. The robustness of this finding is confirmed through a comprehensive set of validation tests, including out-of-sample forecasting, multiple testing corrections, and validation against human-annotated sentiment scores. Time-series regressions indicate that the negative relationship between movie sentiment and daily market excess returns persists for approximately 2 or 3 days, but does not hold over longer horizons, and no reversal in returns occurs thereafter. Heterogeneity analyses reveal that this effect is more pronounced during bear markets and the COVID-19 pandemic period, highlighting investor behaviour driven by cognitive fatigue and emotional diversion during stressful market conditions. However, during financial crises, investor attention remains largely focused on critical macroeconomic events, reducing sensitivity to non-financial sentiment signals. Further analyses confirm that elevated movie sentiment negatively affects trading volume and positively influences market volatility, consistent with the attention distraction hypothesis. Our findings remain robust across alternative deep learning architectures including BERT, LSTM, CNN, Bi-LSTM and TIIF. Overall, the findings highlight the importance of investor attention to multimedia visual stimuli and psychological mechanisms in shaping financial market outcomes.	"behavioural finance; GPT-4o large language model; market sentiment; movie reviews; stock market returns"	"INVESTOR SENTIMENT; CROSS-SECTION; STOCK; ATTENTION; PSYCHOLOGY; RISK"	"Tian, HW; Xie, WLT; Zhang, YL"	INTERNATIONAL JOURNAL OF FINANCE & ECONOMICS	2026	10.1002/ijfe.70129	1076-9307	"Article; Early Access"	Business, Finance	Business & Economics	AN6DV
B_backup	18	exclude		weak covid link	"Q1; Q3"	"Q1 analytical/modeling; Q3 AI/ML/DL"	"AI/ML/DL; analytical/modeling context"	"market; volatility; COVID; AI/ML/DL; analytical/modeling"	Predicting Economic Trends and Stock Market Prices with Deep Learning and Advanced Machine Learning Techniques	The volatile and non-linear nature of stock market data, particularly in the post-pandemic era, poses significant challenges for accurate financial forecasting. To address these challenges, this research develops advanced deep learning and machine learning algorithms to predict financial trends, quantify risks, and forecast stock prices, focusing on the technology sector. Our study seeks to answer the following question: Which deep learning and supervised machine learning algorithms are the most accurate and efficient in predicting economic trends and stock market prices, and under what conditions do they perform best? We focus on two advanced recurrent neural network (RNN) models, long short-term memory (LSTM) and Gated Recurrent Unit (GRU), to evaluate their efficiency in predicting technology industry stock prices. Additionally, we integrate statistical methods such as autoregressive integrated moving average (ARIMA) and Facebook Prophet and machine learning algorithms like Extreme Gradient Boosting (XGBoost) to enhance the robustness of our predictions. Unlike classical statistical algorithms, LSTM and GRU models can identify and retain important data sequences, enabling more accurate predictions. Our experimental results show that the GRU model outperforms the LSTM model in terms of prediction accuracy and training time across multiple metrics such as RMSE and MAE. This study offers crucial insights into the predictive capabilities of deep learning models and advanced machine learning techniques for financial forecasting, highlighting the potential of GRU and XGBoost for more accurate and efficient stock price prediction in the technology sector.	"stock prices; deep learning; artificial neural networks; recurrent neural networks; long short-term memory (LSTM); gated recurrent unit (GRU)"	NETWORKS	"Chang, V; Xu, QA; Chidozie, A; Wang, H"	ELECTRONICS	2024	10.3390/electronics13173396		Article	"Computer Science, Information Systems; Engineering, Electrical & Electronic; Physics, Applied"	"Computer Science; Engineering; Physics"	F7A6J
B_backup	18	exclude		ghana	"Q1; Q2"	"Q1 analytical/modeling; Q2 GARCH/HAR"	"econometric: GARCH/HAR; analytical/modeling context"	"market; volatility; COVID; GARCH/HAR; analytical/modeling"	Overconfidence bias and stock market volatility in Ghana: testing the rationality of investors in the Covid-19 era	Purpose The paper tests the overconfidence bias and volatility on the Ghana Stock Exchange (GSE) during the pre-Covid-19 pandemic and Covid-19 pandemic period. Design/methodology/approach The study employs pairwise Granger causality to test the presence of overconfidence bias on the Ghana stock market as well as GARCH (1,1) and GJR-GARCH (1, 1) models to understand whether overconfidence bias contributed to volatility during pre-Covid-19 pandemic and Covid-19 pandemic period. The pre-Covid-19 pandemic period spans from January, 2019 to December, 2019, and Covid-19 pandemic period spans from January, 2020 to December, 2020. Findings The paper finds a unidirectional Granger causality running from weekly market returns to weekly trading volume during the Covid-19 pandemic period. These results indicate the presence of overconfidence bias on the Ghana stock market during the Covid-19 pandemic period. Finally, the conditional variance estimation results showed that excessive trading of overconfident market players significantly contributes to the weekly volatility observed during the Covid-19 pandemic period. Research limitations/implications The empirical findings demonstrate that market participants on the GSE exhibit conditional irrationality in their investment decisions during the Covid-19 pandemic period. This implies investors overreact to private information and underreact to available public information and as a result become overconfident in their investment decisions. Practical implications Findings from this paper show that there is evidence of overconfidence bias among market players on the GSE. Therefore, investors, financial advisors and other market players should be educated on overconfidence bias and its negative effect on their investment decisions so as to minimize it, especially during the pandemic period. Originality/value This study is a maiden one that underscores investors' overconfidence bias in the wake of a pandemic in the Ghanaian stock market. It is a precursor to the overconfidence bias discourse and encourages the testing of other behavioral biases aside what is understudied during the Covid-19 pandemic period in Ghana.	"Overconfidence bias; Covid-19; Granger-causality; GARCH; GJR-GARCH; GSE; C1; G1; G4"	"COINTEGRATION; BEHAVIOR; TIME"	"Kuranchie-Pong, R; Forson, JA"	AFRICAN JOURNAL OF ECONOMIC AND MANAGEMENT STUDIES	2022	10.1108/AJEMS-05-2021-0209	2040-0705	Article	Economics	Business & Economics	ZD4XK
B_backup	17	exclude		unrelated	"Q1; Q3"	"Q1 analytical/modeling; Q3 AI/ML/DL"	"AI/ML/DL; analytical/modeling context"	"market; volatility; COVID; AI/ML/DL; analytical/modeling"	Artificial intelligence and firm resilience	"We investigate the role of Artificial Intelligence (AI) on firms' resilience to the COVID-19 crisis. We show that firms that adopted AI technology before the crisis (AI-adopters) exhibit higher stock returns during the peak of the crisis than non-AI-adopters. This cross-sectional finding also holds in a difference-in-differences setting. Having AI patents is also associated with higher stock returns regardless of the firm adopting AI. We further provide evidence that heterogeneity in AI adoption matters; specifically, our main finding is driven primarily by machine learning. Moreover, AI-adopters exhibit lower stock volatility during the peak of the crisis compared to non-AI-adopters. The resilience that AI adoption brings is also reflected in other firm indicators, such as operating performance and firm valuation. Finally, we find that neither firm ownership nor firm size seems to moderate the relationship between AI adoption and firm stock returns."	"Artificial intelligence; Stock market; COVID-19; Patents; Performance"	"CORPORATE SOCIAL-RESPONSIBILITY; MULTIPLE LARGE SHAREHOLDERS; RARE DISASTERS; PERFORMANCE; INNOVATION; COVID-19; BUSINESS; INDUSTRY; MODELS; RISK"	"El Moujahid, O; Murtinu, S; Sekerci, N"	JOURNAL OF FINANCIAL STABILITY	2026	10.1016/j.jfs.2026.101542	1572-3089	Article	"Business, Finance; Economics"	Business & Economics	HL9AL
B_backup	17	maybe		health	"Q1; Q3"	"Q1 analytical/modeling; Q3 AI/ML/DL"	"AI/ML/DL; analytical/modeling context"	"market; volatility; COVID; AI/ML/DL; analytical/modeling"	EFFECT OF HEALTH SYSTEM PERFORMANCE ON VOLATILITY DURING THE COVID-19 PANDEMIC: A NEURAL NETWORK APPROACH	"The study proposes an assessment of the link between the performance of national health systems and volatility during the COVID-19 pandemic. Data from the World Health Organization was accessed regarding the Global Health Security Index of the states considered in the analysis as well as the categories based on which it is determined. To characterise volatility, a representative stock market index was considered for each of the 60 states analysed. Data processing was carried out using an artificial neural network. The main results show that: i) before the pandemic, the link between market volatility and the performance of national health systems was weak; ii) during the pandemic, the connection between the two variables is much stronger; iii) between the six categories that define the Global Health Security Index, norms, health, and prevention had the greatest influence on volatility."	"volatility; neural network; Global Health Security Index; pandemic; World Health Organization"	"IMPACT; MODEL"	"Gheorghe, C; Panazan, O"	JOURNAL OF BUSINESS ECONOMICS AND MANAGEMENT	2024	10.3846/jbem.2024.21059	1611-1699	Article	"Business; Economics"	Business & Economics	KE9A8
B_backup	17	exclude		india	"Q1; Q2"	"Q1 analytical/modeling; Q2 GARCH/HAR"	"econometric: GARCH/HAR; analytical/modeling context"	"market; volatility; COVID; GARCH/HAR; analytical/modeling"	Risk-Return Trade-off and Volatility Characteristics in the Indian Stock Market	The study examines the volatility characteristics of Indian stock markets and their trade-off between the risk and return. It finds a positive but insignificant association between the risk and returns during the subsample (the pre-COVID and COVID pandemic outbreak) and whole sample periods. The study also shows that the weak form of Indian stock markets is not sustainable. Consistent with the GARCH literature, persistent and asymmetric effects are evidenced, and the magnitude of the negative shocks has a larger immediate impact than the positive shocks. These results would help measure the volatility in the Indian stock markets and provide investors and regulators with necessary information about the market efficiency, persistency (long-memory process) and asymmetric effects.	"hybrid GARCH-Mean type models; asymmetric volatility; volatility clustering; risk-return trade-off; weak-form efficiency"		"Tamilselvan, M; Palamalai, S; Kumar, M; Aswathaman, J; Veerabhadrappa, M"	TEM JOURNAL-TECHNOLOGY EDUCATION MANAGEMENT INFORMATICS	2022	10.18421/TEM111-38	2217-8309	Article	Computer Science, Information Systems	Computer Science	0E3HT
B_backup	16	exclude			"Q1; Q2"	"Q1 analytical/modeling; Q2 GARCH/HAR"	"econometric: GARCH/HAR; analytical/modeling context"	"market; volatility; COVID; GARCH/HAR; analytical/modeling"	Impacts of COVID-19 on financial markets: from the perspective of financial stress	This research analyzes the impacts of COVID-19 on financial markets from the perspective of financial stress. Effects on financial stress and its cross-border spillovers are investigated, respectively. The results show that the stress of a country's financial system is positively correlated with the severity of COVID-19 pandemic the country experiences. Although the volatilities of financial stress increased slightly, the cross-border spillovers have increased significantly after the COVID-19 outbreak. We provide a new insight to the impacts of the COVID-19 and suggest a more prudent look at financial risk management.	"COVID-19; financial stress; spillover; GARCH"	VOLATILITY	"Yao, XY; Li, JF; Shang, ZZ; Le, W; Li, JP"	APPLIED ECONOMICS LETTERS	2023	10.1080/13504851.2021.2009756	1350-4851	Article	Economics	Business & Economics	8J5SE
B_backup	16	exclude		canada	"Q1; Q2"	"Q1 analytical/modeling; Q2 GARCH/HAR"	"econometric: GARCH/HAR; analytical/modeling context"	"market; volatility; COVID; GARCH/HAR; analytical/modeling"	COVID-19 pandemic, stock returns, and volatility: the role of the vaccination program in Canada	This paper examines how stock returns and volatility in the Canadian stock market have been affected by both the COVID-19 pandemic and the associated vaccination program. The empirical analysis is based on the generalized autoregressive conditionally heteroskedastic model which explicitly allows the inclusion of information on the COVID-19 pandemic and the vaccination program. The analysis uses daily Canadian equity returns and volatility, spanning the period 27 January 2020, to 31 August 2021. The findings provide evidence that the COVID-19 pandemic exerts a significant negative impact on the mean of Canadian stock returns and a positive impact on their volatility. In contrast, the findings provide novel evidence that the vaccination program in Canada has reversed these detrimental effects.	"Stock market returns; volatility returns; COVID-19; vaccination program; Canada; GARCH-X model"	"INVESTOR SENTIMENT; NATURAL DISASTERS; EMERGING MARKETS; IMPACT; CONTAGION; RISK"	"Apergis, N; Mustafa, G; Malik, S"	APPLIED ECONOMICS	2022	10.1080/00036846.2022.2036688	0003-6846	Article	Economics	Business & Economics	2T6QT
B_backup	16	exclude		social media	"Q1; Q3"	"Q1 analytical/modeling; Q3 AI/ML/DL"	"AI/ML/DL; analytical/modeling context"	"market; volatility; COVID; AI/ML/DL; analytical/modeling"	Synergy between stock prices and investor sentiment in social media	The underlying assumption of using investor sentiment to predict stock prices, stock market returns, and liquidity is that of synergy between stock prices and investor sentiment. However, this synergistic relationship has received little attention in the literature. This paper investigates the synergistic pattern between stock prices and investor sentiment using social media messages from stock market investors and natural language processing techniques. At the macro level, we reveal extremely significant positive synergy between investor sentiment and stock prices. That is, when a stock price rises, investor sentiment rises, and when a stock price falls, investor sentiment falls. However, this synergy may be reversed or even disappear over a specific time period. Through a segmented measurement of the synergy between stock prices and investor sentiment over the course of a day, we also find that investor sentiment on social media is forward looking. This provides theoretical support for using investor sentiment in stock price prediction. We also examine the effect of lockdowns, the most draconian response to COVID-19, on synergy between stock prices and investor sentiment through causal inference machine learning. Our analysis shows that external anxiety can significantly affect synergy between stock prices and investor sentiment, but this effect can promote either positive or negative synergy. This paper offers a new perspective on stock price forecasting, investor sentiment, behavioral finance, and the impact of COVID-19 on the stock markets. Copyright (c) 2022 Borsa Istanbul Anonim S, irketi. Published by Elsevier B.V. This is an open access article under the CC BY-NC-ND license (http://creativecommons.org/licenses/by-nc-nd/4.0/).	"COVID-19; Investor sentiment; Lockdowns; Social media; Synergy"	"RETURN; VOLATILITY"	"Liu, Q; Lee, WS; Huang, MH; Wu, QJ"	BORSA ISTANBUL REVIEW	2023	10.1016/j.bir.2022.09.006	2214-8450	Article	"Business, Finance; Economics"	Business & Economics	D0NM3
B_backup	16	exclude		weak covid link	"Q1; Q2"	"Q1 analytical/modeling; Q2 GARCH/HAR"	"econometric: GARCH/HAR; analytical/modeling context"	"market; volatility; COVID; GARCH/HAR; analytical/modeling"	Modelling and forecasting COVID-19 stock returns using asymmetric GARCH-ICAPM with mixture and heavy-tailed distributions	COVID-19 pandemic is an extreme event that created turmoil in stock markets around the world. This unexpected circumstance poses a critical question of whether the prevailing models can help predict the plummets of indices, hence the returns. In this study, we aim to analyse and forecast the daily stock returns using various generalized autoregressive conditional heteroscedastic (GARCH) models with intertemporal capital asset pricing structure and innovation following (1) a mixture of generalized Pareto and Gaussian distributions and (2) generalized error distribution that can capture extreme events. We also employ the parallel griddy Gibbs (GG) sampling, which is a Markov chain Monte Carlo method, to facilitate parameter estimation. Our simulation study shows that the GG estimation method outperforms the benchmark quasi-maximum likelihood estimation method. We then proceed to the empirical study of seven stock markets where the results from the in-sample period before the COVID-19 pandemic justify the use of the proposed GARCH models. The out-of-sample forecasts during the early COVID-19 period also show satisfactory results.	"COVID-19 pandemic; bayesian markov chain monte carlo; asymmetric GARCH; ICAPM; mixture distribution; generalized pareto distribution"	"LOG-GARCH; RISK; OPTIMIZATION; VOLATILITY; PARAMETER; NETWORKS; FAMILY"	"Khanthaporn, R; Wichitaksorn, N"	APPLIED ECONOMICS	2023	10.1080/00036846.2022.2141448	0003-6846	Article	Economics	Business & Economics	Q5GF2
B_backup	16	exclude		india	"Q1; Q2"	"Q1 analytical/modeling; Q2 GARCH/HAR"	"econometric: GARCH/HAR; analytical/modeling context"	"market; volatility; COVID; GARCH/HAR; analytical/modeling"	Intraday Price Discovery between Spot and Futures Markets of NIFTY 50: An Empirical Study during the Times of COVID-19	The current study investigates the intraday dynamics of futures and spot markets in India. By analyzing one-minute data of Nifty 50 and the associated futures index, the study finds that both the markets are cointegrated. The results of the VECM reveal that any disequilibrium between the spot and futures market is restored by the spot market. Granger causality tests reveal that the spot and futures markets have a bidirectional causal relationship. Common factor weights and Hasbrouck's information share (IS) reveal the greater role of the futures market in price discovery. Gonzalo and Granger's common factor model indicates that the permanent factor is made up of futures series only. Using the BEK-GARCH model, we found two-way volatility spillovers between the spot and futures markets. The futures market is found to have a greater impact in terms of volatility spillovers also. The findings of our research are relevant to investors, money managers, traders, and policymakers.		"LEAD-LAG RELATIONSHIP; STOCK INDEX FUTURES; VOLATILITY SPILLOVERS; ERROR-CORRECTION; OPTIONS MARKETS; COINTEGRATION; CASH; DYNAMICS"	"Khan, MA; Hussain, MM; Pervez, A; Atif, M; Bansal, R; Alhumoudi, HA"	JOURNAL OF MATHEMATICS	2022	10.1155/2022/2164974	2314-4629	Article	Mathematics	Mathematics	5Y9FL
B_backup	16	exclude		india	"Q1; Q2"	"Q1 analytical/modeling; Q2 GARCH/HAR"	"econometric: GARCH/HAR; analytical/modeling context"	"market; volatility; COVID; GARCH/HAR; analytical/modeling"	The Dynamic Connectedness between Risk and Return in the Fintech Market of India: Evidence Using the GARCH-M Approach	"Fintech allows investors to explore previously unavailable investment opportunities; it provides new return opportunities while also introducing new risks. The aim of this study is to investigate the relationship between risk and return in the fintech industry in the Indian stock market. This article is based on market-based research that focuses on demonstrating the volatility in the fintech market's prices and demystifying the opportunities. Secondary data were collected from the Bombay Stock Exchange's official fintech industry website from January 2017 to July 2022 to determine whether there is any dynamic link between risk and return in the Indian fintech market. The variance-based Mean-GARCH (GARCH-M) model was used to determine whether there is a dynamic link between risk and return in the Indian fintech market. The findings emphasize the importance of taking the risk of investing in India's fintech industry. The implications for stock investors' and fund managers' portfolio composition and holding periods of equities or market exposure are significant. Finally, depending on their investment horizons, the Indian fintech industry may yield significant profits for risk-taking individuals."	"fintech; risk; return; investments; variance-based Mean-GARCH (GARCH-M) model; dynamic connectedness"	"VOLATILITY MARKETS; STOCK; INTEGRATION; INVESTMENT; LINKAGES; COVID-19; TRADE"	"Bhatnagar, M; Özen, E; Taneja, S; Grima, S; Rupeika-Apoga, R"	RISKS	2022	10.3390/risks10110209		Article	Business, Finance	Business & Economics	6F4PX
B_backup	16	exclude		vietnam	"Q1; Q2"	"Q1 analytical/modeling; Q2 GARCH/HAR"	"econometric: GARCH/HAR; analytical/modeling context"	"market; volatility; COVID; GARCH/HAR; analytical/modeling"	Asymmetric thresholds of macroeconomic volatility's impact on stock volatility in developing economies: a study in Vietnam	PurposeThis paper examines the impact of macroeconomic volatility on stock volatility, both under normal conditions and during the COVID-19 pandemic in Vietnam.Design/methodology/approachWe extend the existing Exponential Generalized Autoregressive Conditional Heteroskedasticity model by adding a new component: the thresholds - the levels of macroeconomic volatility at which the market may respond differently. These thresholds are estimated for both positive and negative volatility.FindingsThe impact of macroeconomic volatility on stock volatility is asymmetric: there are thresholds of macroeconomic volatility at which its pattern changes. These thresholds are higher in the case of positive volatility compared with negative volatility. The thresholds were also higher during the COVID-19 pandemic. Macroeconomic variables influence stock volatility differently depending on market conditions. While GDP is more significant in normal periods, interest rates affect it in both normal and unstable phases.Research limitations/implicationsOur models consider only two variables representing macroeconomic variables: interest rate and GDP. Furthermore, only one lag period of the variables is included in the analysis. In the future, more macrovariables and longer lags could be included when computational techniques advance.Practical implicationsPolicymakers should consider the impact of macroeconomic volatility on the stock market when designing policies, especially at thresholds. Similarly, investors should pay more attention to macroeconomic volatility when constructing and managing their portfolios, particularly when such volatility is close to thresholds.Originality/valueThe inclusion of thresholds as parameters to be estimated into the model provides more insights into the impact of macroeconomic variables on stock volatility.	"Asymmetric threshold; COVID-19 pandemic; EGARCH; Macroeconomic volatility; Stock market volatility"	MARKET VOLATILITY	"Nguyen, LT; Nguyen, MT; Nguyen, M"	JOURNAL OF ECONOMICS AND DEVELOPMENT	2024	10.1108/JED-12-2023-0238	1859-0020	Article	"Development Studies; Economics"	"Development Studies; Business & Economics"	F3C8W
B_backup	16	exclude		unrelated	"Q1; Q3"	"Q1 analytical/modeling; Q3 AI/ML/DL"	"AI/ML/DL; analytical/modeling context"	"market; volatility; COVID; AI/ML/DL; analytical/modeling"	Daily growth at risk: Financial or real drivers? The answer is not always the same	We propose a daily growth-at-risk (GaR) approach based on high -frequency financial and real indicators for monitoring downside risks in the US economy. We show that the relative importance of these indicators in terms of their forecasting power is time varying. Indeed, the optimal forecasting weights of our variables differed clearly between the Global Financial Crisis and the recent Covid-19 crisis, reflecting the dissimilar nature of these two events. We introduce LASSO, elastic net, and adaptive sparse group LASSO into the family of mixed data sampling models used to estimate GaR and show how they outperform previous candidates explored in the literature. Moreover, equity market volatility, credit spreads, and the Aruoba-Diebold-Scotti business conditions index are found to be relevant indicators for nowcasting economic activity, especially during episodes of crisis. Overall, our results show that daily information about both real and financial variables is key for producing accurate point and tail-risk nowcasts of economic activity. (c) 2023 The Author(s). Published by Elsevier B.V. on behalf of International Institute of Forecasters. This is an open access article under the CC BY-NC-ND license (http://creativecommons.org/licenses/by-nc-nd/4.0/).	"Vulnerable growth; Quantiles; Machine learning; Forecasting; Value at risk"	"QUANTILE REGRESSION; COMBINATION; PREDICTION; REGULARIZATION; VARIABLES; SELECTION"	"Chulia, H; Garron, I; Uribe, JM"	INTERNATIONAL JOURNAL OF FORECASTING	2024	10.1016/j.ijforecast.2023.05.008	0169-2070	Article	"Economics; Management"	Business & Economics	NQ3R5
B_backup	16	exclude		bombay	"Q1; Q2"	"Q1 analytical/modeling; Q2 GARCH/HAR"	"econometric: GARCH/HAR; analytical/modeling context"	"market; volatility; COVID; GARCH/HAR; analytical/modeling"	Causality and volatility spillovers of banks' stock price returns on BSE Bankex returns	This paper investigates the causal relationships and volatility spillovers between the BSE Bankex index and the stock prices of five major Indian banks (Axis Bank, HDFC Bank, ICICI Bank, Kotak Bank, and SBI). Daily data from January 2, 2018 to March 8, 2023 are used, and statistical techniques such as descriptive statistics, Unit Root test, Cointegration test, Ganger Causality test, OLS regression, and GARCH model are employed. The study finds bidirectional causal relationships between the bank stocks and BSE Bankex returns, suggesting that the movement of the bank stocks significantly affects the overall market returns and vice versa. The study also finds significant volatility spillovers between the bank stocks and BSE Bankex returns, implying that the shocks in the bank stocks affect the market returns and vice versa. The study's outcomes have practical implications for investors and policymakers. Investors can use the results to make informed investment decisions in the Indian stock market, while policymakers can use the findings to monitor the financial stability of the banking sector and design appropriate policy interventions to address any potential financial crises. Overall, the study's findings suggest that policymakers should proactively monitor and manage market risks to safeguard overall financial stability.	"bank stocks; BSE Bankex; causality; GARCH; volatility spillover"	"FINANCIAL CRISIS; BEHAVIOR; EFFICIENCY; COVID-19; INDEXES"	Subburayan, B	JOURNAL OF CORPORATE ACCOUNTING AND FINANCE	2024	10.1002/jcaf.22648	1044-8136	Article	Business, Finance	Business & Economics	EJ4E3
B_backup	16	exclude		methodology	"Q1; Q2"	"Q1 analytical/modeling; Q2 GARCH/HAR"	"econometric: GARCH/HAR; analytical/modeling context"	"market; volatility; COVID; GARCH/HAR; analytical/modeling"	Semi-parametric financial risk forecasting incorporating multiple realized measures	A semi-parametric joint Value-at-Risk (VaR) and Expected Shortfall (ES) forecasting framework employing multiple realized measures is developed. The proposed framework extends the realized exponential GARCH model to be semi-parametrically estimated, via a joint loss function, whilst extending existing quantile time series models to incorporate multiple realized measures. A quasi-likelihood is built, employing the asymmetric Laplace distribution that is directly linked to a joint loss function, which enables Bayesian inference for the proposed model. An adaptive Markov Chain Monte Carlo method is used for the model estimation. The empirical section evaluates the performance of the proposed framework with six stock markets from January 2000 to June 2022, covering the period of COVID-19. Three realized measures, including 5-minute realized variance, bi-power variation, and realized kernel, are incorporated and evaluated in the proposed framework. One-step-ahead 1% and 2.5% VaR and ES forecasting results of the proposed model are compared to a range of parametric and semi-parametric models, lending support to the effectiveness of the proposed framework.	"Semi-parametric; Realized measures; Markov chain Monte Carlo; Value-at-risk; Expected shortfall; C14; C32"	"VOLATILITY; RETURNS"	"Peiris, R; Wang, C; Gerlach, R; Tran, MN"	QUANTITATIVE FINANCE	2024	10.1080/14697688.2024.2431564	1469-7688	Article	"Business, Finance; Economics; Mathematics, Interdisciplinary Applications; Social Sciences, Mathematical Methods"	"Business & Economics; Mathematics; Mathematical Methods In Social Sciences"	U5P9H
B_backup	16	exclude		weak relation	"Q1; Q2"	"Q1 analytical/modeling; Q2 GARCH/HAR"	"econometric: GARCH/HAR; analytical/modeling context"	"market; volatility; COVID; GARCH/HAR; analytical/modeling"	Jumps and stock market variance during the COVID-19 pandemic: Evidence from international stock markets	Based on the work of Buncic and Gisler (2017), this paper investigates whether the roles of jump components will change in forecasting the volatility of international equity markets during the COVID-19 pandemic. Interestingly, in contrast to the conclusions of Buncic and Gisler (2017), we find jump components of the international equity indices are useful to predict the international stock markets' volatility during the COVID-19 pandemic. Our study tries to provide new evidence of jump components in stock markets.	"Jump components; International stock markets; The COVID-19 pandemic; Volatility forecasting; HAR model; Jump components; International stock markets; The COVID-19 pandemic; Volatility forecasting; HAR model"	"VOLATILITY MODELS; COMPONENT; RETURNS; PREMIUM; TESTS"	"Zeng, Q; Lu, XJ; Li, T; Wu, L"	FINANCE RESEARCH LETTERS	2022	10.1016/j.frl.2022.102896	1544-6123	Article	Business, Finance	Business & Economics	1M2AS
B_backup	16	maybe		unclear region	"Q1; Q2"	"Q1 analytical/modeling; Q2 GARCH/HAR"	"econometric: GARCH/HAR; analytical/modeling context"	"market; volatility; COVID; GARCH/HAR; analytical/modeling"	Evidence of Stock Market Contagion during the COVID-19 Pandemic: A Wavelet-Copula-GARCH Approach	In this study, we propose a wavelet-copula-GARCH procedure to investigate the occurrence of cross-market linkages during the COVID-19 pandemic. To explore cross-market linkages, we distinguish between regular interdependence and pure contagion, and associate changes in the correlation between stock market returns at higher frequencies with contagion, whereas changes at lower frequencies are associated with interdependence that relates to spillovers of shocks resulting from the normal interdependence between markets. An empirical analysis undertaken on six major stock markets reveals evidence of long-run interdependence between the markets under consideration before the start of the COVID-19 pandemic in December 2019. However, after the health crisis began, strong evidence of pure contagion among stock markets was detected.	"stock market contagion; COVID-19 pandemic; wavelet decomposition; copula-GARCH models"	"FINANCIAL CONTAGION; EQUITY MARKETS; INTERDEPENDENCE; VOLATILITY; DEPENDENCE; SPILLOVERS; LINKAGES; IMPACT; CRISES; RETURN"	"Alqaralleh, H; Canepa, A"	JOURNAL OF RISK AND FINANCIAL MANAGEMENT	2021	10.3390/jrfm14070329	1911-8066	Article	Business, Finance	Business & Economics	TN7VV
B_backup	16	exclude			"Q1; Q2"	"Q1 analytical/modeling; Q2 GARCH/HAR"	"econometric: GARCH/HAR; analytical/modeling context"	"market; volatility; COVID; GARCH/HAR; analytical/modeling"	Measuring conditional correlation between financial markets' inefficiency	Assuming that stock prices follow a multi-fractional Brownian motion, we estimated a time-varying Hurst exponent (ht). The Hurst value can be considered a relative volatility measure and has been recently used to estimate market inefficiency. Therefore, the Hurst exponent offers a level of comparison between theoretical and empirical market efficiency. Starting from this point of view, we adopted a multivariate conditional heteroskedastic approach for modeling inefficiency dynamics in various financial markets during the 2007 financial crisis, the COVID-19 pandemic and the Russo-Ukranian war. To empirically validate the analysis, we compared different stock markets in terms of conditional and unconditional correlations of dynamic inefficiency and investigated the predicted power of inefficiency measures through the Granger causality test.	"Hurst exponent; efficient market hypothesis; dynamic conditional correlation; multivariate GARCH; Hurst-based GARCH"	"LONG-TERM-MEMORY; STOCK-MARKET; SELF-SIMILARITY; HURST EXPONENT; TIME-SERIES; EFFICIENCY; MODEL; COEFFICIENT; HYPOTHESIS; RETURNS"	"Di Sciorio, F; Mattera, R; Segovia, JET"	QUANTITATIVE FINANCE AND ECONOMICS	2023	10.3934/QFE.2023025	2573-0134	Article	Business, Finance	Business & Economics	HB2V2
B_backup	16	include			"Q1; Q2"	"Q1 analytical/modeling; Q2 GARCH/HAR"	"econometric: GARCH/HAR; analytical/modeling context"	"market; volatility; COVID; GARCH/HAR; analytical/modeling"	Portfolio diversification during the COVID-19 pandemic: Do vaccinations matter?	The COVID-19 vaccine rollout expects to mitigate the severe negative impacts of the pandemic on global financial markets. Our study provides supporting evidence for this expectation. We find robust evidence that vaccinations significantly reduce the cross-country stock volatility connectedness among G7 nations, suggesting that the diversification benefits of an international equity portfolio may be enhanced during the pandemic when vaccinations accelerate. We present two explanations for this result. First, the vaccine deployment improves stock market return and decreases individual stock market volatility. Second, the vaccine rollout helps a country's stock market be more resilient to exogenous shocks. We further demonstrate that a global portfolio using a tactical allocation rule based on the intensity of vaccinations can outperform a buy-and-hold portfolio in terms of risk-adjusted returns.	"COVID-19 vaccinations; Portfolio diversification; Volatility connectedness; Performance evaluation; Multivariate heterogeneous autoregressive model"	"RETURN VOLATILITY; TRADING VOLUME; REALIZED VOLATILITY; SPILLOVERS; MODEL; CONNECTEDNESS; VARIANCE; DYNAMICS; MARKETS; IMPACT"	"Pham, SD; Nguyen, TTT; Do, HX; Vo, XV"	JOURNAL OF FINANCIAL STABILITY	2023	10.1016/j.jfs.2023.101118	1572-3089	Article	"Business, Finance; Economics"	Business & Economics	9J0LO
B_backup	16	maybe		weak region	"Q1; Q2"	"Q1 analytical/modeling; Q2 GARCH/HAR"	"econometric: GARCH/HAR; analytical/modeling context"	"market; volatility; COVID; GARCH/HAR; analytical/modeling"	The effect of the Covid pandemic on stock market volatility: Separating initial impact from time-to-recovery	We develop an extension to the GARCHX model- named GARCHX-NL- that captures a key stylized fact for stock market return data seen during the COVID-19 pandemic: an abrupt jump in volatility at the onset of the crisis, followed by a gradual return to its precrisis level. We apply the GARCHX-NL procedure to daily data on various major stock market indexes. The profile likelihood method is used for estimation. The model decomposes the overall impact of the crisis into two measures: the initial impact, and the half-life of the shock. We find a strong negative association between these two measures. Moreover, countries with low initial impact but a long half-life tend to be emerging markets, while those with high initial impact and short half-life tend to be developed economies with well-established stock-markets. We attribute these differences to differences in investors' sensitivity to adverse news, and to differences in the preparedness of stock markets to absorb the effects of crises such as the COVID-19 pandemic.	"market volatility; COVID-19 pandemic; GARCH; GARCHX; profile likelihood"		"Zeng, J; Zhang, YJ; Yin, Y; Mo, PG"	DATA SCIENCE IN FINANCE AND ECONOMICS	2024	10.3934/DSFE.2024022		Article	"Business, Finance; Economics; Social Sciences, Mathematical Methods"	"Business & Economics; Mathematical Methods In Social Sciences"	P7D3S
B_backup	16	exclude		greece	"Q1; Q2"	"Q1 analytical/modeling; Q2 GARCH/HAR"	"econometric: GARCH/HAR; analytical/modeling context"	"market; volatility; COVID; GARCH/HAR; analytical/modeling"	Political uncertainty, COVID-19 pandemic and stock market volatility transmission	News about referendums and the ongoing evolution of a global contagious increase uncertainty about the development of economic fundamentals reflected by increased volatility in the financial markets. In this paper, employing volatility impulse response functions and assessing the volatility spillovers we examine intra-market volatility transmission in the Athens stock market. We employ a large sample period of daily data that spans from December 1999 to December 2020 and captures major events of the last 20 years especially related to the announcement of the two referendums during the Greek government-debt crisis in 2010 and the economic and political turmoil that increased country instability, the following years, the BREXIT referendum and the COVID-19 pandemic of 2020. Our results demonstrate that negative shocks during the announcement of the referendum produce larger impulse responses than during the announcement of the country lockdowns. Furthermore, we shed light on the existence of the dynamic relationship of volatility spillovers. Volatility spillovers peaked during the COVID-19 pandemic. Dynamic spillover plots demonstrate that during the COVID-19 pandemic, more volatility is transmitted by mid cap firms to large cap firms. Our findings have implications to market participants, policy makers and market regulators.	"Asymmetric effects; Volatility spillovers; GARCH; Volatility impulse responses; Futures; VECM"	"INDEX FUTURES; POLICY UNCERTAINTY; IMPLIED VOLATILITY; PRICE DISCOVERY; COINTEGRATION; SPILLOVERS; EFFICIENCY; RETURNS; MODELS; IMPACT"	"Apostolakis, GN; Floros, C; Gkillas, K; Wohar, M"	JOURNAL OF INTERNATIONAL FINANCIAL MARKETS INSTITUTIONS & MONEY	2021	10.1016/j.intfin.2021.101383	1042-4431	Article	"Business, Finance; Economics"	Business & Economics	WI3DB
B_backup	16	exclude		india	"Q1; Q2"	"Q1 analytical/modeling; Q2 GARCH/HAR"	"econometric: GARCH/HAR; analytical/modeling context"	"market; volatility; COVID; GARCH/HAR; analytical/modeling"	COVID-19 impact on stock market: Evidence from the Indian stock market	"This paper has been empirically investigated the existence of the day-of-the-week effect by using closing daily data for Nifty 50, Nifty 50 Midcap, Nifty 100, Nifty 100 Midcap, Nifty 100 Smallcap, and Nifty 200 for before and during the COVID-19 health crisis. This study used secondary data for all indices over the period 1 April 2005-14 May 2020. The present study used both dummy variable regression and the Generalized Autoregressive Conditional Heteroscedasticity (GARCH) model. The total study period is divided into two sub-periods, that is, during and before the COVID-19 health crisis. A negative return is found for Mondays when the during-COVID-19 health crisis period is examined; in contrast, it was positive for the before COVID-19 period. Tuesday's effect on index return is found statistically significant and positive for all indices during the COVID-19 crisis."	"day-of-the-week effect; dummy variable; GARCH; stock market; volatility"	"REAL ACTIVITY; RETURNS; UNCERTAINTY; PREDICTS; RISK"	Sahoo, M	JOURNAL OF PUBLIC AFFAIRS	2021	10.1002/pa.2621	1472-3891	Article	Public Administration	Public Administration	XK5VL
B_backup	16	include			"Q1; Q3"	"Q1 analytical/modeling; Q3 AI/ML/DL"	"AI/ML/DL; analytical/modeling context"	"market; volatility; COVID; AI/ML/DL; analytical/modeling"	Revisiting overconfidence in investment decision-making: Further evidence from the U.S. market	Investor overconfidence leads to excessive trading due to positive returns, causing inefficiencies in stock markets. Using a novel methodology, we build on the previous literature by investigating the existence of overconfidence by studying the causal relationship between return and trading volume covering the COVID-19 period. We implement a nonlinear approach to Granger causality based on multilayer feedforward neural networks on daily returns and trading volumes from 2016 to 2021, covering 1424 daily observations of the S & P 500 index. The results provide evidence of overconfidence among investors. Such behavior may be linked to the increase in the number of investors. However, there is a decline in the rate of returns during the study period, implying uncertainty caused by the COVID-19 pandemic.	"Finance; Overconfidence; Granger causality; Artificial neural networks; U; S; stock market"	"STOCK-MARKET; CEO OVERCONFIDENCE; TIME-SERIES; BIAS; PERFORMANCE; VOLATILITY; ESTIMATORS; HYPOTHESIS; VOLUME; PRICE"	"Bouteska, A; Harasheh, M; Abedin, MZ"	RESEARCH IN INTERNATIONAL BUSINESS AND FINANCE	2023	10.1016/j.ribaf.2023.102028	0275-5319	Article	Business, Finance	Business & Economics	P4GY0
B_backup	16	exclude		unrelated	"Q1; Q3"	"Q1 analytical/modeling; Q3 AI/ML/DL"	"AI/ML/DL; analytical/modeling context"	"market; volatility; COVID; AI/ML/DL; analytical/modeling"	Evaluation of Stock Closing Prices using Transformer Learning	Predicting stock markets remains a critical and challenging task due to many factors, such as the enormous volume of generated price data, instant price data changes, and sensitivity to human sentiments, wars, and natural disasters. Since the previous three years of the COVID-19 pandemic, forecasting stock markets is more difficult, complex, and problematic for stock market analysts. However, technical analysts of the stock market and academic researchers are continuously trying to develop innovative and modern methods for forecasting stock market prices, using statistical techniques, machine learning, and deep learning-based algorithms. This study investigated a Transformer sequential-based approach to forecast the closing price for the next day. Ten sliding window timesteps were used to forecast next-day stock closing prices. This study aimed to investigate reliable techniques based on stock input features. The proposed Transformer-based method was compared with ARIMA, Long-Short Term Memory (LSTM), and Random Forest (RF) algorithms, showing its outstanding results on Yahoo Finance data, Facebook Intra data, and JPMorgan's Intra data. Each model was evaluated using Mean Absolute Error (MSE), Root Mean Square Error (RMSE), and Mean Absolute Percentage Error (MAPE).	#NÁZOV?	PREDICTION	Mian, TS	ENGINEERING TECHNOLOGY & APPLIED SCIENCE RESEARCH	2023	10.48084/etasr.6017	2241-4487	Article	Engineering, Multidisciplinary	Engineering	Y7FA9
B_backup	16	exclude		africa	"Q1; Q2"	"Q1 analytical/modeling; Q2 GARCH/HAR"	"econometric: GARCH/HAR; analytical/modeling context"	"market; volatility; COVID; GARCH/HAR; analytical/modeling"	Calendar Anomalies in African Stock Markets: Does the Effect of Covid-19 Pandemic Matter?	The Covid-19 pandemic profoundly disrupted global economies and financial systems, altering investor behavior and challenging traditional market dynamics. Among these disruptions, calendar anomalies, which challenge the efficient market hypothesis, offer a unique lens to assess market efficiency during crises. The objective of this study is to examine the impact of Covid-19 on calendar anomalies in the main African stock markets, an area largely overlooked in existing research despite the region's increasing importance in global financial systems. Using daily closing prices from January 1, 2009 to December 31, 2021, and employing a GJR-GARCH (1,1) model, the findings indicate that calendar anomalies exhibit temporal variation within the sample markets, influenced by trends that shift markets between periods of efficiency and inefficiency. Additionally, the study highlights the emergence of new calendar anomalies coinciding with the onset of the Covid-19 pandemic. These results offer lasting insights for investors, suggesting the need for dynamic trading strategies that can adapt to calendar anomalies during global crises. For policymakers, the research underscores the importance of reducing information asymmetry to enhance market resilience in times of crisis. The study also emphasizes the need for further research to explore how systemic shocks, such as Covid-19, can disrupt traditional market patterns and affect stock market behavior.	"calendar anomalies; African stock markets; Covid-19; GJR-GARCH; efficient market; hypothesis"	"OF-THE-WEEK; HYPOTHESIS; RETURNS; SEASONALITY; VOLATILITY"	"Alloul, F; Ferrouhi, E"	ORGANIZATIONS AND MARKETS IN EMERGING ECONOMIES	2025	10.15388/omee.2025.16.7	2029-4581	Article	Economics	Business & Economics	4MC8O
B_backup	16	exclude		unrelated	"Q1; Q3"	"Q1 analytical/modeling; Q3 AI/ML/DL"	"AI/ML/DL; analytical/modeling context"	"market; volatility; COVID; AI/ML/DL; analytical/modeling"	Investigation of herding behavior using machine learning models	PurposeThe study aims to investigate the presence of herding behavior in the stock market of UK with a special emphasis on news sentiment regarding the economy. The authors focus on the news sentiment because in the current digital era, investors take their decision making on the basis of current trends projected by news and media platforms.Design/methodology/approachFor empirical modeling, the authors use machine learning models to investigate the presence of herding behavior in UK stock market for the period starting from 2006 to 2021. The authors use support vector regression, single layer neural network and multilayer neural network models to predict the herding behavior in the stock market of the UK. The authors estimate the herding coefficients using all the models and compare the findings with the linear regression model.FindingsThe results show a strong evidence of herding behavior in the stock market of the UK during different time regimes. Furthermore, when the authors incorporate the economic uncertainty news sentiment in the model, the results show a significant improvement. The results of support vector regression, single layer perceptron and multilayer perceptron model show the evidence of herding behavior in UK stock market during global financial crises of 2007-08 and COVID'19 period. In addition, the authors compare the findings with the linear regression which provides no evidence of herding behavior in all the regimes except COVID'19. The results also provide deep insights for both individual investors and policy makers to construct efficient portfolios and avoid market crashes, respectively.Originality/valueIn the existing literature of herding behavior, news sentiment regarding economic uncertainty has not been used before. However, in the present era this parameter is quite critical in context of market anomalies hence and needs to be investigated. In addition, the literature exhibits varying results about the existence of herding behavior when different methodologies are used. In this context, the use of machine learning models is quite rare in the herding literature. The machine learning models are quite robust and provide accurate results. Therefore, this research study uses three different models, i.e. single layer perceptron model, multilayer perceptron model and support vector regression model to investigate the herding behavior in the stock market of the UK. A comparative analysis is also presented among the results of all the models. The study sheds light on the importance of economic uncertainty news sentiment to predict the herding behavior.	"Behavioural finance; Herding behaviour; Machine learning; C22; C58; G01; G15; G41"	"STOCK; SENTIMENT; IMPACT; EQUILIBRIUM; INFORMATION; VOLATILITY; INSIGHTS; MARKETS; PRICES; MEDIA"	"Asim, M; Khan, MY; Shafi, K"	REVIEW OF BEHAVIORAL FINANCE	2024	10.1108/RBF-05-2023-0121	1940-5979	Article	Business, Finance	Business & Economics	OQ4R2
B_backup	16	maybe		asia	"Q1; Q2"	"Q1 analytical/modeling; Q2 GARCH/HAR"	"econometric: GARCH/HAR; analytical/modeling context"	"market; volatility; COVID; GARCH/HAR; analytical/modeling"	Stock market volatility from the Covid-19 pandemic: New evidence from the Asia-Pacific region	Responses from stock markets to the Covid-19 pandemic appear to change over time. Recent responses might differ as herd mentality in stock markets tends to become herd immunity to the pandemic. This study revisits the pandemic's effects on the Asia-Pacific countries' market volatility over the past 25 months. Primarily, we examine the changes of the impacts of the pandemic on volatility between the first pandemic period (2020) and the second period (January 2021-January 2022). Our findings indicate that implementing pandemic control measures helps reduce market volatility at the country and region levels. The effects of new Covid-19 cases and pandemic control measures on market volatility have been dramatically fading since 2021. The Toda-Yamamoto causality test and the panel impulse response functions from panel VAR estimation are also used for robustness analysis. Based on our findings, it appears that the current pandemic may no longer be blamed for stock market volatility in the Asia -Pacific region.	"Market volatility; Government responses; GARCH models; Toda-Yamamoto causality test; Panel VAR; Asia-Pacific region"	HETEROSKEDASTICITY	"Vo, DH; Ho, CM; Dang, THN"	HELIYON	2022	10.1016/j.heliyon.2022.e10763		Article	Multidisciplinary Sciences	Science & Technology - Other Topics	5F6IK
B_backup	16	exclude		india	"Q1; Q2"	"Q1 analytical/modeling; Q2 GARCH/HAR"	"econometric: GARCH/HAR; analytical/modeling context"	"market; volatility; COVID; GARCH/HAR; analytical/modeling"	Chasing the black swan and the grey rhino: volatility asymmetries in the Indian stock market	PurposeThis study aims to investigate the impact of volatility asymmetries and external shocks, including the global financial crisis of 2007 and the COVID-19 pandemic, on the returns and volatility of the stock market in the Indian context.Design/methodology/approachThe data used is extensive, covering around 24 years of stock market activity in terms of prices and subsequent returns. To achieve the objectives, variants of conditional models that incorporate the effect of volatility asymmetries and external shocks have been estimated.FindingsThis study found that the asymmetric effect is significant, and due to both the global financial crisis and the COVID-19 pandemic, volatility has increased significantly. The inclusion of the asymmetric effect of volatility, global financial crisis and COVID-19 into volatility modeling reveals that the effect of both past innovation or shocks and past volatility has increased, which is evident from the change in lag length structure found in different conditional models of volatility.Research limitations/implicationsThis study has important implications for understanding the dynamics of stock market volatility across various economic phases. It provides insights into how stock markets evolve in terms of volatility swings and the subsequent price formation. Moreover, this study provides insights for policymakers to devise efficient mechanisms to control the possible effects of such shocks on the financial system.Originality/valueThis study contributes toward a comparative study of events based on their likelihood of occurrence and thereupon impact on stock market performance.	"GARCH; ASYMMETRIC effect; Global financial crisis; COVID-19; Black swan event; Grey rhino event; Volatility modeling"	"RETURN; CONTAGION; MODELS; IMPACT"	"Hussain, S; Islam, KU"	JOURNAL OF INDIAN BUSINESS RESEARCH	2025	10.1108/JIBR-09-2023-0292	1755-4195	Article	Business	Business & Economics	4BN3R
B_backup	16	exclude		market crash	"Q1; Q3"	"Q1 analytical/modeling; Q3 AI/ML/DL"	"AI/ML/DL; analytical/modeling context"	"market; volatility; COVID; AI/ML/DL; analytical/modeling"	Application of Supervised Machine Learning Techniques to Forecast the COVID-19 US Recession and Stock Market Crash	Machine learning (ML), a transformational technology, has been successfully applied to forecasting events down the road. This paper demonstrates that supervised ML techniques can be used in recession and stock market crash (more than 20% drawdown) forecasting. After learning from strictly past monthly data, ML algorithms detected the Covid-19 recession by December 2019, six months before the official NBER announcement. Moreover, ML algorithms foresaw the March 2020 S&P500 crash two months before it happened. The current labor market and housing are harbingers of a future U.S. recession (in 3 months). Financial factors have a bigger role to play in stock market crashes than economic factors. The labor market appears as a top-two feature in predicting both recessions and crashes. ML algorithms detect that the U.S. exited recession before December 2020, even though the official NBER announcement has not yet been made. They also do not anticipate a U.S. stock market crash before March 2021. ML methods have three times higher false discovery rates of recessions compared to crashes.	"Machine learning; Forecasting; Financial econometrics; Recession; Stock market crash"	"FINANCIAL STATEMENT FRAUD; LEADING INDICATORS; VOLATILITY"	Malladi, RK	COMPUTATIONAL ECONOMICS	2024	10.1007/s10614-022-10333-8	0927-7099	Article	"Economics; Management; Mathematics, Interdisciplinary Applications"	"Business & Economics; Mathematics"	MC0E9
B_backup	16	include			"Q1; Q2"	"Q1 analytical/modeling; Q2 GARCH/HAR"	"econometric: GARCH/HAR; analytical/modeling context"	"market; volatility; COVID; GARCH/HAR; analytical/modeling"	Comparison of Systemic Financial Risks in the US before and after the COVID-19 Outbreak-A Copula-GARCH with CES Approach	The analysis and prediction of systemic financial risks in the US during the COVID-19 pandemic is of great significance to the stability of financial markets in the US and even the world. This paper aims to predict the systemic financial risk in the US before and during the COVID-19 pandemic by using copula-GJR-GARCH models with component expected shortfall (CES), and also identify systemically important financial institutions (SIFIs) for the two comparative periods. The empirical results show that the overall systemic financial risk increased after the outbreak of the COVID-19 pandemic, especially in the first half of the year. We predicted four extreme risks that were basically successful in capturing the high risks in the US financial markets. Second, we identified the SIFIs, and depository banks made the greatest contribution to systemic risk from four financial groups. Third, after the outbreak of the epidemic, the share of Broker-Dealer and Other Institutions in the overall systemic risk has apparently increased. Finally, we recommend that the US financial regulators should consider macro-prudential guidance for major financial institutions, and we should pay more attention to Broker-Dealers, thereby improving the financial stability of the US and the global financial markets.	"CES; copula; systemic risk; GARCH; financial crisis"	"CAPITAL SHORTFALL; MONETARY-POLICY; MARKETS; VOLATILITY; RETURN; BANKS"	"Ma, J; Li, XQ; Liu, JX; Cui, JD; Zhang, MZ; Sriboonchitta, S"	AXIOMS	2022	10.3390/axioms11120669		Article	Mathematics, Applied	Mathematics	7F9BT
B_backup	16	exclude		unrelated	Q3	Q3 AI/ML/DL	AI/ML/DL	"market; volatility; COVID; AI/ML/DL"	Incremental Reinforcement Learning for Portfolio Optimisation	Portfolio optimisation is a crucial decision-making task. Traditionally static, this problem is more realistically addressed as dynamic, reflecting frequent trading within financial markets. The dynamic nature of the portfolio optimisation problem makes it susceptible to rapid market changes or financial contagions, which may cause drifts in historical data. While reinforcement learning (RL) offers a framework that allows for the formulation of portfolio optimisation as a dynamic problem, existing RL approaches lack the ability to adapt to rapid market changes, such as pandemics, and fail to capture the resulting concept drift. This study introduces a recurrent proximal policy optimisation (PPO) algorithm, leveraging recurrent neural networks (RNNs), specifically the long short-term memory network (LSTM) for pattern recognition. Initial results conclusively demonstrate the recurrent PPO's efficacy in generating quality portfolios. However, its performance declined during the COVID-19 pandemic, highlighting susceptibility to rapid market changes. To address this, an incremental recurrent PPO is developed, leveraging incremental learning to adapt to concept drift triggered by the pandemic. This enhanced algorithm not only learns from ongoing market data but also consistently identifies optimal portfolios despite significant market volatility, offering a robust tool for real-time financial decision-making.	"portfolio optimisation; reinforcement learning; incremental learning; recurrent neural networks; long short-term memory networks"		"Shabe, R; Engelbrecht, A; Anderson, K"	COMPUTERS	2025	10.3390/computers14070242	2073-431X	Article	Computer Science, Interdisciplinary Applications	Computer Science	5NC3G
B_backup	16	exclude		muscat stock 	Q3	Q3 AI/ML/DL	AI/ML/DL	"market; volatility; COVID; AI/ML/DL"	Another look at the price clustering behavior: evidence from the Muscat stock exchange	PurposeThe price clustering behavior is becoming a core part of the market efficiency theory especially with the development of trading strategies and the occurrence of major and unprecedented shocks which have led to severe inquiry regarding asset price dynamics and their distribution. However, research on emerging stock market is scant. The study contributes to the literature on price clustering by investigating an active emerging stock market, the Muscat stock market one of the Arabian Gulf Markets.Design/methodology/approachThis research adopts the artificial intelligence technique and other statistical estimation procedure in understanding the price clustering patterns in Muscat stock market and their main determinants.FindingsThe findings reveal that stock prices are marked by clustering behavior as commonly highlighted in the previous studies. However, we found strong evidence of price preferences to cluster on numbers closer to zero than to one. We also show that the nature of firm's activity matters for price clustering behavior. In addition, firms with traded bonds in Oman market experienced a substantial less stock price clustering than other firms. Clustered stock prices are more likely to have higher prices and higher volatility of price. Finally, clustering raised when the market became highly uncertain during the Covid-19 crisis especially for the financial firms.Originality/valueThis study provides novel results on price clustering literature especially for an active emerging market and during the Covid-19 pandemic crisis.	"Clustering price; MSM30; Covid-19; Enhanced Fuzzy K-Means clustering; Round prices; C58; D53; G12; G14"	MARKET	"Chebbi, T; Migdady, H; Hmedat, W; Shehadeh, M"	REVIEW OF BEHAVIORAL FINANCE	2024	10.1108/RBF-02-2023-0053	1940-5979	Article	Business, Finance	Business & Economics	A9X1J
B_backup	16	exclude		turkey	Q3	Q3 AI/ML/DL	AI/ML/DL	"market; volatility; COVID; AI/ML/DL"	The determinants of main stock exchange index changes in emerging countries: evidence from Turkey in COVID-19 pandemic age	"With the emergence and spreading of COVID-19 pandemic all over the world, the uncertainty has been increasing for countries. Depending on this condition, especially emerging countries have been affected negatively by foreign portfolio investment outflows from stock exchanges, and main stock exchange indices have been collapsed. The study examines the causes of the main stock exchange index changes in Turkey in the COVID-19 period. In this context, 14 variables (3 global, 6 country-level, 5 market-level) are analyzed by employing random forest and support vector machine algorithms and using daily data between 01.02.2020 and 05.15.2020, which includes the pre-pandemic and the pandemic periods. The findings prove that (i) the most important variables are the retention amount of foreign investors in the equity market, credit default swap spreads, government bonds interest rates, Morgan Stanley Capital International (MSCI) emerging markets index, and volatility index in the pre-pandemic period; (ii) the importance of variables changes as MSCI emerging markets index, the volatility index, retention amount of foreign investors in the equity market, amount of securities held by the Central Bank of Republic of Turkey (CBRT), equity market traded value in the pandemic period; (iii) support vector machine has superior estimation accuracy concerning random forest algorithms in both pre-pandemic and pandemic period."	"COVID-19 pandemic; determinants; main stock exchange index; machine learning; Turkey"	"DEFAULT SWAP SPREADS; FOREIGN OWNERSHIP; RETURN VOLATILITY; CDS SPREADS; EXPERIENCE; INVESTORS; BEHAVIOR; RISKS; LEVEL; FLOWS"	"Kartal, MT; Depren, Ö; Depren, SK"	QUANTITATIVE FINANCE AND ECONOMICS	2020	10.3934/QFE.2020025	2573-0134	Article	Business, Finance	Business & Economics	PN2SN
B_backup	16	exclude		portfolio	Q3	Q3 AI/ML/DL	"AI/ML/DL; analytical/modeling context"	"market; volatility; COVID; AI/ML/DL; analytical/modeling"	The Implications of Contemporary Research on COVID-19 for Volatility and Portfolio Management	This article synthesizes recent and ongoing finance and economics research on pandemic and disaster risk related to COVID-19. Characterized by pronounced market movements and extreme volatility, the unprecedented disruption to the economy in early 2020 has inspired a rich, burgeoning literature on the financial and economic ramifications of pandemic risk. Financial economists have cultivated fresh perspectives regarding the transmission of pandemic-induced uncertainty to financial markets via channels related to the beliefs and behaviors of investors as well as corporate strategies and outcomes. These findings also highlight the imperative role of government policy responses in regulating the market volatility triggered by large-scale disasters such as the pandemic. In this article, the authors take stock of this emerging literature, focusing on the implications for volatility and risk management. In doing so, they discuss the unique nature of the uncertainty induced by COVID-19 relative to that of past crises. They also review cutting-edge studies that use innovative analytical approaches and novel sources of data, offering fruitful avenues for future research.	"Tail risks; financial crises and financial market history; big data/machine learning"	"RARE DISASTERS; MARKETS; RISK"	"Outlaw, D; Smith, AH; Wang, N"	JOURNAL OF PORTFOLIO MANAGEMENT	2021	10.3905/jpm.2021.1.282	0095-4918	Article	Business, Finance	Business & Economics	UL5FO
B_backup	16	exclude		tunis	Q2	Q2 GARCH/HAR	econometric: GARCH/HAR	"market; volatility; COVID; GARCH/HAR"	Stock Market Volatility in the Covid-19 Era: Insights from a GARCH family and VECM in Tunisia	This paper examines the effects of the COVID-19 pandemic on the volatility of the TUNINDEX stock market. Our main goal is to decipher how this worldwide health epidemic has influenced Tunisia's financial stability. A thorough empirical approach was employed, leveraging sophisticated econometric techniques such as GARCH and VECM to scrutinize daily market data. The analysis uncovers a notable escalation in TUNINDEX volatility during the pandemic, emphasizing the critical role of investors' sentiment, economic, and monetary interventions in mitigating the crisis. These insights shed light on the dilemmas and prospects facing investors, portfolio managers, and policymakers in navigating market volatility amidst pandemic uncertainty.	"Stock market volatility; TUNINDEX; COVID-19; GARCH; VECM"	"DIVIDEND POLICY; RETURNS; PRICES; INFLATION; MEMORY; IMPACT"	"Trabelsi, E; Serghini, M"	JOURNAL OF APPLIED ECONOMICS AND BUSINESS RESEARCH	2024		1927-033X	Article	Economics	Business & Economics	J2T5P
B_backup	16	exclude			Q2	Q2 GARCH/HAR	econometric: GARCH/HAR	"market; volatility; COVID; GARCH/HAR"	Expectations Concordance and Stock Market Volatility: Knightian Uncertainty in the Year of the Pandemic	This study introduces a novel index based on expectations concordance for explaining stock-price volatility when novel events that are each somewhat unique cause unforeseeable change and Knightian uncertainty in the process driving outcomes. Expectations concordance measures the degree to which KU events are associated with directionally similar expectations of future returns. Narrative analytics of daily news reports allow for the assessment of bullish versus bearish views in the stock market. Increases in expectations concordance across all KU events results in reinforcing effects and an increase in stock market volatility. Lower expectations concordance produces a stabilizing effect wherein the offsetting views reduce market volatility. The empirical findings hold for ex post and ex ante measures of volatility and for OLS and GARCH estimates.	"expectations concordance; narrative analytics; volatility; Knightian uncertainty"	DISAGREEMENT	"Frydman, R; Mangee, N"	JOURNAL OF RISK AND FINANCIAL MANAGEMENT	2021	10.3390/jrfm14110521	1911-8066	Article	Business, Finance	Business & Economics	XF9WD
B_backup	16	maybe		global	Q2	Q2 GARCH/HAR	econometric: GARCH/HAR	"market; volatility; COVID; GARCH/HAR"	Backtesting VaR under the COVID-19 sudden changes in volatility	We analyze the impact of the COVID-19 pandemic on the conditional variance of stock returns. We look at this effect from a global perspective, so we employ series of major stock market and sector indices. We use the Hansen's Skewed-t distribution with EGARCH extended to control for sudden changes in volatility. We oversee the COVID-19 effect on measures of downside risk such as the Value-at-Risk. Our results show that there is a significant sudden shift up in the return distribution variance post the announcement of the pandemic, which must be explained properly to obtain reliable measures for financial risk management.	"Backtesting; EGARCH; Monte Carlo; Skewed-t; Value-at-Risk"	"PERSISTENCE; VARIANCE"	"Castillo, B; León, A; ?íguez, TM"	FINANCE RESEARCH LETTERS	2021	10.1016/j.frl.2021.102024	1544-6123	Article	Business, Finance	Business & Economics	XA7OB
B_backup	14	exclude		market crashes	"Q1; Q2"	"Q1 analytical/modeling; Q2 GARCH/HAR"	"econometric: GARCH/HAR; analytical/modeling context"	"market; volatility; COVID; GARCH/HAR; analytical/modeling"	Financial contagion across G7 countries during stock market crashes	Globalisation leads to rising stock market exposure to financial contagion during economic crises. Since the importance of short-run linkages between stock markets for international portfolio diversification, this study aims to investigate the existence of financial contagion across G7 stock markets throughout the stock market crashes of 2008 and 2020 using short-run time-varying conditional correlations. To do this, first, this study estimates the DCC-MIDAS model based on the GARCH-MIDAS model to decompose the short- and long-run time-varying conditional correlations among G7 stock markets. Then, it estimates the regression model for each stock market pair to examine the existence of financial contagion across G7 stock markets during the stock market crashes. The empirical findings provide new evidence of financial contagion between developed stock markets during the global crash periods. A noteworthy finding is that the results on financial contagion are mixed and differ by region and the nature of stock market crashes.	"global financial crisis; contagion; COVID-19 pandemic; stock markets; developed economies"	"TIME-SERIES; HETEROSKEDASTICITY; TRANSMISSION; VOLATILITY; COMOVEMENT; CRISIS; MODEL"	"Güngör, A; Güngör, MS"	GLOBAL BUSINESS AND ECONOMICS REVIEW	2025	10.1504/GBER.2025.146502	1097-4954	Article	"Business; Economics"	Business & Economics	6EY4F
B_backup	14	exclude		unrelated	Q3	Q3 AI/ML/DL	AI/ML/DL	"market; volatility; COVID; AI/ML/DL"	Does image sentiment of major public emergency affect the stock market performance? New insight from deep learning techniques	Leveraging deep learning to analyse COVID-19 image sentiment, this study reveals its significant impact on stock market dynamics. It highlights how vivid imagery prompts marked emotional responses, altering market performance and how news sentiment can modulate this effect. Further, it underscores the pivotal role of forum-based investor sentiment, particularly affecting small-minus-big stocks during downturns and trading week commencements. This research not only advances behavioural finance understanding but also informs management and regulatory strategies.	"COVID-19; deep learning technique; image sentiment; stock market"	"INVESTOR SENTIMENT; NEWS; VOLATILITY; ATTENTION; DECISION; RETURNS; PICTURE; NOISE; TALK; TEXT"	"Liu, Y; Huang, DS; Zhou, JA; Wang, SR"	ACCOUNTING AND FINANCE	2024	10.1111/acfi.13313	0810-5391	Article	Business, Finance	Business & Economics	P3U6L
B_backup	14	exclude			Q2	Q2 GARCH/HAR	econometric: GARCH/HAR	"market; volatility; COVID; GARCH/HAR"	Dynamic co-movements of COVID-19 pandemic anxieties and stock market returns	In this study, we constructed two pandemic anxiety indexes based on an assumption that people's emotions fluctuate with the COVID-19 reported cases and deaths, to examine the dynamic co-movements between these anxiety indexes and the stock markets in the BRICS and G7 countries. We found that the anxiety indexes are volatile over time but have an overall downtown trend. The correlations between stock market returns and the epidemic anxiety indexes are time varying. We found a common feature across the countries studied, namely that the correlation becomes weaker and has smaller fluctuations after the announcement of the mRNA-based COVID-19 vaccine.	"Stock market; COVID-19; Pandemic anxiety index; DCC-GARCH; Co-movement"	"INDEX; FEAR"	"Yu, XL; Xiao, KT; Liu, JP"	FINANCE RESEARCH LETTERS	2022	10.1016/j.frl.2021.102219	1544-6123	Article	Business, Finance	Business & Economics	2L3LZ
B_backup	14	exclude		thailand	Q2	Q2 GARCH/HAR	econometric: GARCH/HAR	"market; volatility; COVID; GARCH/HAR"	The Effects of Pandemic Event on the Stock Exchange of Thailand	The unprecedented global pandemic of COVID-19 has greatly impacted the stock market in terms of both price reactions and the influences of volatility. Using a sample of 46 stocks listed in the Stock Exchange of Thailand, in this paper, an event study technique is developed considering idiosyncratic volatility to analyze the reactions of stock prices and market volatility in Thailand during the period of the pandemic. The empirical results suggest that most securities in the Thai stock market have been adversely affected by the pandemic, as reflected in the abnormal returns compared to the period before the COVID-19 outbreak. This is mainly attributable to the curtailed economic activities induced by the pandemic as well as policy responses such as social distancing, quarantine and temporary market shutdown. Nevertheless, stocks in different sectors have been shown to have varied in terms of price responses, as some businesses may have benefitted from the pandemic. In terms of market volatility, the cumulated abnormal volatility (CAV) calculated in the paper suggests that volatility in the Stock Exchange of Thailand (SET) was significantly higher during the event window of COVID-19.	"event study; cumulated abnormal volatility; COVID-19; GARCH; stock market reaction"	"CONDITIONAL HETEROSCEDASTICITY; STUDY METHODOLOGY"	Panyagometh, K	ECONOMIES	2020	10.3390/economies8040090		Article	Economics	Business & Economics	PJ1KY
