priority_group	priority_score	manual_decision	exclusion_reason	screening_notes	matched_queries	query_group	method_focus	screening_rationale	title	abstract	author_keywords	keywords_plus	authors	source_title	publication_year	doi	issn	document_type	wos_categories	research_areas	wos_identifier
A_screen_first	37	maybe		general methodology, model creation	"Q1; Q2; Q3; Q4"	"Q1 analytical/modeling; Q2 GARCH/HAR; Q3 AI/ML/DL; Q4 hybrid"	"econometric: GARCH/HAR; AI/ML/DL; analytical/modeling context"	"market; volatility; COVID; GARCH/HAR; AI/ML/DL; analytical/modeling; target region"	Volatility forecasting and assessing risk of financial markets using multi-transformer neural network based architecture	This research introduces a more reliable model for predicting market volatility. The model incorporates Transformer and Multi-transformer layers with the GARCH and LSTM models and compares their performance to classic GARCH-type models. Euro-US Dollar FX Spot Rate (EURO-USD), Australian-US Dollar FX Spot Rate (AUDUSD), S&P 500 Index, FTSE 100 Index, Reliance Industries Ltd., and Samsung Electronics Co Ltd. are analyzed. The timeframe examined is January 2005 to December 2021, with training from 2005 to 2016 and testing from 2017 to 2021. Empirical evidence suggests that hybrid Neural-network models, notably Transformer-based models, outperform individual transformers, deep learning, neural networks, and traditional GARCH-type models, even in unpredictable conditions like the COVID-19 pandemic. Within the hybrid Neural-network models, MT-GARCH and MTL-GARCH showed lower validation error (RMSE) than the other models, showing that the bagging mechanism added to the attention mechanism of the Multi-Transformer architecture helped to lower the error in the variance in the noisy data of the daily returns of the assets, reducing the RMSE of the hybrid multi-Transformer models. In addition, three to four of the five hybrid neural-network models showed appropriate risk estimates for the entire test period, as observed from the Christoffersen test. Moreover, the lengthy sample period helps test whether hybrid models perform better than classic GARCH-type models in volatile conditions like the COVID-19 pandemic.	"Transformers; Deep learning; Neural networks; Forecasting; Market risk; Hybrid model"	INDEX	"Mishra, AK; Renganathan, J; Gupta, A"	ENGINEERING APPLICATIONS OF ARTIFICIAL INTELLIGENCE	2024	10.1016/j.engappai.2024.108223	0952-1976	Article	"Automation & Control Systems; Computer Science, Artificial Intelligence; Engineering, Multidisciplinary; Engineering, Electrical & Electronic"	"Automation & Control Systems; Computer Science; Engineering"	QF1A7
A_screen_first	35	include			"Q1; Q2; Q3; Q4"	"Q1 analytical/modeling; Q2 GARCH/HAR; Q3 AI/ML/DL; Q4 hybrid"	"econometric: GARCH/HAR; AI/ML/DL; analytical/modeling context"	"market; volatility; COVID; GARCH/HAR; AI/ML/DL; analytical/modeling; target region"	Stock market forecasting accuracy of asymmetric GARCH models during the COVID-19 pandemic	We propose a new clustering approach for comparing financial time series and employ it to study how the COVID-19 pandemic affected the U.S. stock market. Essentially, we compute the forecast accuracy of asymmetric GARCH models applied to S&P500 industries and use the model forecast errors for different horizons and cut-off points to calculate a distance matrix for the stock indices. Hierarchical clustering algorithms are used to assign the set of industries into clusters. We found homogeneous clusters of industries in terms of the impact of COVID-19 on US stock market volatility. The industries most affected by the pandemic and with less accurate stock market prediction (Hotels, Airline, Apparel, Accessories & Luxury Goods, and Automobile) are separated in Euclidean distance from those industries that were less impacted by COVID-19 and which had more accurate forecasting (Pharmaceuticals, Internet & Direct Marketing Retail, Data Processing, and Movies & Entertainment).	"Cluster analysis; COVID-19; Forecast accuracy; Threshold GARCH model; S & P500; Unsupervised machine learning"	TIME-SERIES	"Caiado, J; Lúcio, F"	NORTH AMERICAN JOURNAL OF ECONOMICS AND FINANCE	2023	10.1016/j.najef.2023.101971	1062-9408	Article	"Business, Finance; Economics"	Business & Economics	T0DR4
A_screen_first	35	include			"Q1; Q2; Q3; Q4"	"Q1 analytical/modeling; Q2 GARCH/HAR; Q3 AI/ML/DL; Q4 hybrid"	"econometric: GARCH/HAR; AI/ML/DL; analytical/modeling context"	"market; volatility; COVID; GARCH/HAR; AI/ML/DL; analytical/modeling; target region"	COVID-19 and Stock Market Volatility: A Clustering Approach for S&P 500 Industry Indices	We study how the COVID-19 pandemic affected some of the conditional volatilities of S&P 500 industries, using a new model feature-based clustering method on a fitted TGARCH model. Rather than using the estimated model parameters to compute a distance matrix for the stock indices, we suggest using a distance based on the autocorrelations of the estimated conditional volatilities. Both hierarchical and non-hierarchical algorithms are used to assign the set of industries into clusters. The results show a clear change in the composition of each cluster between the period before the first US COVID-19 case and the period during the pandemic.	"Autocorrelation; Cluster analysis; COVID-19; Threshold GARCH model; Unsupervised machine learning; S & P 500; Volatility"	TIME-SERIES	"Lucio, F; Caiado, J"	FINANCE RESEARCH LETTERS	2022	10.1016/j.frl.2022.103141	1544-6123	Article	Business, Finance	Business & Economics	3G9IE
A_screen_first	34	maybe		mostly general methodology, weak link to COVID	"Q1; Q2; Q3; Q4"	"Q1 analytical/modeling; Q2 GARCH/HAR; Q3 AI/ML/DL; Q4 hybrid"	"econometric: GARCH/HAR; AI/ML/DL; analytical/modeling context"	"market; volatility; COVID; GARCH/HAR; AI/ML/DL; analytical/modeling"	Portfolio Optimization Based on Artificial Neural Network and GARCH-EVT-Copula Models	Forecasting volatility is an essential task in the financial market, especially in portfolio optimization. To improve the prediction accuracy of the volatilities of assets we use a hybrid ANN-EGARCH model then combining with extreme value theory and Copula models to perform out-of-sample forecasting returns for six indices in Asia stock markets then we simulate one-day-ahead returns of these indices. We use EGARCH model to capture the leverage of return shocks due to COVID-19. Based on ANN-EGARCH-EVT-Copula models, we solve our portfolio optimization consisting of these six indices with different copula models. Using different performance measures to evaluate the efficiency of the models we show that under the Sharpe ratio and Sortino ratio the Gumbel copula gives better performance whereas with Average Drawdown and Max Drawdown measures, the Gaussian copula model is a best model for optimizing the portfolio.	"Portfolio optimization; artificial neural network; Copula models; GARCH models; extreme value theory"		"Ta, BQ; Khai, NHQ"	INTERNATIONAL JOURNAL OF UNCERTAINTY FUZZINESS AND KNOWLEDGE-BASED SYSTEMS	2023	10.1142/S0218488523400184	0218-4885	Article	Computer Science, Artificial Intelligence	Computer Science	HF8T5
A_screen_first	34	include			"Q1; Q2; Q3; Q4"	"Q1 analytical/modeling; Q2 GARCH/HAR; Q3 AI/ML/DL; Q4 hybrid"	"econometric: GARCH/HAR; AI/ML/DL; analytical/modeling context"	"market; volatility; COVID; GARCH/HAR; AI/ML/DL; analytical/modeling"	Financial Volatility Modeling with the GARCH-MIDAS-LSTM Approach: The Effects of Economic Expectations, Geopolitical Risks and Industrial Production during COVID-19	"Forecasting stock markets is an important challenge due to leptokurtic distributions with heavy tails due to uncertainties in markets, economies, and political fluctuations. To forecast the direction of stock markets, the inclusion of leading indicators to volatility models is highly important; however, such series are generally at different frequencies. The paper proposes the GARCH-MIDAS-LSTM model, a hybrid method that benefits from LSTM deep neural networks for forecast accuracy, and the GARCH-MIDAS model for the integration of effects of low-frequency variables in high-frequency stock market volatility modeling. The models are being tested for a forecast sample including the COVID-19 shut-down after the first official case period and the economic reopening period in in Borsa Istanbul stock market in Turkiye. For this sample, significant uncertainty existed regarding future economic expectations, and the period provided an interesting laboratory to test the forecast effectiveness of the proposed LSTM augmented model in addition to GARCH-MIDAS models, which included geopolitical risk, future economic expectations, trends, and cycle industrial production indices as low-frequency variables. The evidence suggests that stock market volatility is most effectively modeled with geopolitical risk, followed by industrial production, and a relatively lower performance is achieved by future economic expectations. These findings imply that increases in geopolitical risk enhance stock market volatility further, and that industrial production and future economic expectations work in the opposite direction. Most importantly, the forecast results suggest suitability of both the GARCH-MIDAS and GARCH-MIDAS-LSTM models, and with good forecasting capabilities. However, a comparison shows significant root mean squared error reduction with the novel GARCH-MIDAS-LSTM model over GARCH-MIDAS models. Percentage decline in root mean squared errors for forecasts are between 39% to 95% in LSTM augmented models depending on the type of economic indicator used. The proposed approach offers a key tool for investors and policymakers."	"deep neural networks; long-short term memory; volatility; GARCH; mixed data sampling; geopolitical risk; industrial production; economic expectations"	"DEEP NEURAL-NETWORKS; TIME-SERIES; INTEGRATING LSTM; UNIT-ROOT; STATIONARITY; INDICATORS; PRICES; POWER"	"Ersin, ÖÖ; Bildirici, M"	MATHEMATICS	2023	10.3390/math11081785		Article	Mathematics	Mathematics	E7IO7
A_screen_first	34	exclude		no link to covid, old data	"Q1; Q2; Q3; Q4"	"Q1 analytical/modeling; Q2 GARCH/HAR; Q3 AI/ML/DL; Q4 hybrid"	"econometric: GARCH/HAR; AI/ML/DL; analytical/modeling context"	"market; volatility; COVID; GARCH/HAR; AI/ML/DL; analytical/modeling"	Volatility Spillovers and Contagion During Major Crises: An Early Warning Approach Based on a Deep Learning Model	This paper contributes to the ongoing debate on the nature and characteristics of the volatility transmission channels of major crash events in international stock markets between 03 July 1997 and 09 March 2021. Using dynamic conditional correlations (DCC) for conditional correlations and volatility clustering, GARCH-BEKK for the direction of transmission of disturbances, and the Diebold-Yilmaz spillover index for the level of volatility contagion, the paper finds that the climbs in external shock transmissions have long-lasting impacts in domestic markets due to the contagion effect during crisis periods. The findings also reveal that the heavier magnitude of financial stress is transmitted between Asian countries via the Hong Kong stock market. Additionally, the degree of volatility spillovers between advanced and emerging equity markets is smaller compared to the pure spillovers between advanced markets or emerging markets, offering a window of opportunity for international market participants in terms of portfolio diversification and risk management applications. Furthermore, the study introduces a novel early warning system created by integrating DCC correlations with a state-of-the-art deep learning model to predict the global financial crisis and COVID-19 crisis. The experimental analysis of long short-term memory network finds evidence of contagion risk by verifying bursts in volatility spillovers and generating signals with high accuracy before the 12-month crisis period. This provides supplementary information that contributes to the decision-making process of practitioners, as well as offering indicative evidence that facilitates the assessment of market vulnerability for policymakers.	"Volatility; Machine learning; Spillovers; Financial crisis; Contagion"	"GLOBAL FINANCIAL CRISIS; DYNAMIC CONDITIONAL CORRELATION; IMPULSE-RESPONSE ANALYSIS; TIME-SERIES; UNIT-ROOT; MARKET CONTAGION; STOCK; LINKAGES; PRICE; INTERDEPENDENCE"	Sahiner, M	COMPUTATIONAL ECONOMICS	2024	10.1007/s10614-023-10412-4	0927-7099	Article	"Economics; Management; Mathematics, Interdisciplinary Applications"	"Business & Economics; Mathematics"	UY2R8
A_screen_first	34	maybe		mostly methodology, weak link to COVID	"Q1; Q2; Q3; Q4"	"Q1 analytical/modeling; Q2 GARCH/HAR; Q3 AI/ML/DL; Q4 hybrid"	"econometric: GARCH/HAR; AI/ML/DL; analytical/modeling context"	"market; volatility; COVID; GARCH/HAR; AI/ML/DL; analytical/modeling"	Explainable Hybrid Modeling of Stock Market Turning Points: An Integrated ARIMA-LSTM-SHAP Approach	recent years, global shocks such as the COVID-19 pandemic, geopolitical conflicts, and trade tensions have substantially intensified volatility in financial markets, thereby increasing the frequency of price turning points. This study proposes a novel approach that addresses the growing demand for artificial intelligence models that are not only highly predictive but also interpretable. Traditional econometric models, such as Autoregressive Integrated Moving Average (ARIMA) and Generalized Autoregressive Conditional Heteroskedasticity (GARCH), are effective at capturing linear dependencies but fail to adequately represent nonlinear market dynamics. Meanwhile, machine learning methods, despite their strong predictive power, often exhibit limited interpretability. To bridge this gap, this paper presents an explainable hybrid Memory (LSTM), and Shapley Additive exPlanations (SHAP). Using daily data from ten major global stock indices from January 1, 2010 to September 30, 2025, the study employs a hybrid labeling approach that combines Forecasting accuracy is further enhanced by incorporating ARIMA residual-based feature fusion. The model's performance is evaluated using both statistical (F1-Score, Precision-Recall Area Under the Curve (PR-AUC), Root Mean Squared Error (RMSE), and economic (Sharpe ratio) metrics within a walk-forward validation framework. The results show that the ARIMA-LSTM-SHAP model achieves an optimal balance between predictive accuracy and economic efficiency, achieving an F1-Score of 0.60 and a Sharpe ratio exceeding 1.5. The findings highlight the framework's practical relevance for investors and policymakers by facilitating the early detection of turning cycles and supporting risk-informed decision-making.	"turning-point detection; explainable artificial intelligence; behavioral finance; adaptive market hypothesis; economic validation"	TIME-SERIES	Sodnomdavaa, T	JOURNAL OF ADVANCES IN INFORMATION TECHNOLOGY	2026	10.12720/jait.17.3.569-582	1798-2340	Article	"Computer Science, Information Systems; Computer Science, Interdisciplinary Applications"	Computer Science	FX9VA
A_screen_first	32	maybe		focus on AI stock markets only	"Q1; Q2; Q3; Q4"	"Q1 analytical/modeling; Q2 GARCH/HAR; Q3 AI/ML/DL; Q4 hybrid"	"econometric: GARCH/HAR; AI/ML/DL; analytical/modeling context"	"market; volatility; COVID; GARCH/HAR; AI/ML/DL; analytical/modeling"	Economic policy uncertainty and AI-driven stock spillovers: Implications for portfolio diversification	This study examines how economic policy uncertainty (EPU) shapes return spillovers between major AI-driven stocks. Using daily data for seven leading AI-driven firms, this study estimates a time-varying connectedness via the TVP-VAR framework and links it to macroeconomic uncertainty using a GARCH-MIDAS-EPU model. The pre- and post-COVID analyses capture structural shifts in spillover dynamics. The results show Microsoft and Google are primary transmitters of shocks with Nvidia acting as a critical intermediary, while Tesla and IBM act as net receivers. EPU amplifies short-term connectedness but dampens long-term spillovers, reflecting risk-averse behavior and delayed investment under uncertainty. In post-pandemic periods, long-term volatility persistence strengthens and connectedness becomes more sensitive to policy shocks. Further, the portfolio testing reveals that strategies minimizing correlation and connectedness outperform traditional variance-based approaches during periods of heightened uncertainty. These findings highlight AI-driven equities as a critical channel of macro-policy risk transmission and provide actionable insights for investors, portfolio managers, and policymakers in innovation-driven financial markets.	"Artificial intelligence-driven stocks; Economic policy uncertainty; Spillovers; Portfolio diversification"	"IMPULSE-RESPONSE ANALYSIS; VOLATILITY"	Aslam, A	RESEARCH IN INTERNATIONAL BUSINESS AND FINANCE	2026	10.1016/j.ribaf.2026.103340	0275-5319	Article	Business, Finance	Business & Economics	DV3RV
A_screen_first	21	maybe		focus on investor sentiment	"Q1; Q2"	"Q1 analytical/modeling; Q2 GARCH/HAR"	"econometric: GARCH/HAR; analytical/modeling context"	"market; volatility; COVID; GARCH/HAR; analytical/modeling; target region"	Investor sentiment and stock markets during the war in pandemic time	"Purpose - This paper aims to use three proxy variables - initial public offerings, trading volume and business confidence index (BCI) to construct an investor sentiment index both for the USA and China, taking into account the challenging periods of the COVID-19 pandemic and the Russo-Ukrainian conflict. Design/methodology/approach - Based on monthly data for a period from January 2009 to June 2022, this paper uses data of BCI, consumer confidence index (CCI), gross domestic product, trading volume and Fama and French (1993) factor data; linear regression of single and multifactor model; and EGARCH-M model for analyzing the effect of investor sentiment on stock market return and volatility, both in the USA and China. Findings - The empirical results indicate the suitability of BCI over CCI as a measure of investor sentiment, both in the USA and China. The results indicate that investor sentiment has a significant positive effect on the excess returns in the stock market in both countries. Moreover, the effect of investor sentiment is higher in China than it is in the USA. Such an effect of investor sentiment is significant and fluctuates asymmetrically in the short run but loses its significance in the long run. Optimistic investor sentiment has a larger effect on the stock market volatility in the USA, while the pessimistic investor sentiment has a larger effect in the Chinese stock market. Originality/value - This paper focuses on finding a more suitable proxy for investor sentiment from BCI or CCI. This paper also contributes by including both optimism and pessimism in explaining the stock return and volatility in both markets. The overall fi ndings are important for understanding investor behavior in different market conditions."	"Investor sentiment; Stock returns; COVID-19 pandemic; Russo-Ukrainian conflict; USA and China"	"CONSUMER CONFIDENCE; RETURNS EVIDENCE; CROSS-SECTION; RISK; VOLATILITY; DYNAMICS; PREDICT; PRICES; MODEL"	"Bouteska, A; Hassan, MK; Safa, MF"	INTERNATIONAL JOURNAL OF ACCOUNTING AND INFORMATION MANAGEMENT	2026	10.1108/IJAIM-02-2024-0073	1834-7649	Article	Management	Business & Economics	EN7CL
A_screen_first	21	exclude		sentiment focus on data mining of factors	"Q1; Q3"	"Q1 analytical/modeling; Q3 AI/ML/DL"	"AI/ML/DL; analytical/modeling context"	"market; volatility; COVID; AI/ML/DL; analytical/modeling; target region"	A multimodal deep learning framework for constructing a market sentiment index from stock news	Unimodal sentiment analysis often fails to capture the complexity of financial sentiment. This paper proposes a multimodal deep learning framework that integrates text, audio, and image data from CCTV news videos on TikTok to construct a multimodal sentiment indicator for the Chinese stock market. Empirical results show that multimodal fusion enhances sentiment analysis, with text outperforming audio and image modalities. The indicator correlates weakly with stock returns but significantly with market volatility, aligns with seasonal sentiment patterns, and reflects significant events like COVID-19. Additionally, weekly sentiment trends indicate the lowest sentiment on Thursdays and the highest on Fridays. This study advances financial sentiment analysis by demonstrating the efficacy of multimodal indicators in capturing market sentiment and informing volatility forecasts.	"Sentiment analysis; Stock market; Multimodal fusion; Computer vision; Natural language processing; Financial news sentiment classification; Investor Sentiment; Indicator Construction"	"RETURNS; FINANCE; WEATHER; FUSION"	"Liu, YT; Huang, YR"	BIG DATA RESEARCH	2025	10.1016/j.bdr.2025.100535	2214-5796	Article	"Computer Science, Artificial Intelligence; Computer Science, Information Systems; Computer Science, Theory & Methods"	Computer Science	3HY5S
A_screen_first	21	exclude		weak link to covid, focus on data from 2004	"Q1; Q2"	"Q1 analytical/modeling; Q2 GARCH/HAR"	"econometric: GARCH/HAR; analytical/modeling context"	"market; volatility; COVID; GARCH/HAR; analytical/modeling; target region"	The Nexus between Sovereign CDS and Stock Market Volatility: New Evidence	This paper extends the studies published to date by performing an analysis of the causal relationships between sovereign CDS spreads and the estimated conditional volatility of stock indices. This estimation is performed using a vector autoregressive model (VAR) and dynamically applying the Granger causality test. The conditional volatility of the stock market has been obtained through various univariate GARCH models. This methodology allows us to study the information transmissions, both unidirectional and bidirectional, that occur between CDS spreads and stock volatility between 2004 and 2020. We conclude that CDS spread returns cause (in the Granger sense) conditional stock volatility, mainly in Europe and during the sovereign debt crisis. This transmission dynamic breaks down during the COVID-19 period, where there are high bidirectional relationships between the two markets.	"CDS sovereign spread; conditional volatility; GARCH; VAR; Granger causality"	"CREDIT DEFAULT SWAP; EMPIRICAL-ANALYSIS; RISK; CAUSALITY; RETURNS; SPREADS; EQUITY"	"Ballester, L; Escrivá, AM; González-Urteaga, A"	MATHEMATICS	2021	10.3390/math9111201		Article	Mathematics	Mathematics	SR7IK
A_screen_first	21	include			"Q1; Q2"	"Q1 analytical/modeling; Q2 GARCH/HAR"	"econometric: GARCH/HAR; analytical/modeling context"	"market; volatility; COVID; GARCH/HAR; analytical/modeling; target region"	Co-movement dynamics of US and Chinese stock market: evidence from COVID-19 crisis	This paper aims to examine the co-movement between the two economic powers, namely the USA and China. The authors are mainly interested in examining the dynamics of co-movements during, and in the pre-covid periods. Additionally, they have aimed to examine the volatility spillover between USA and China, during and in the pre-covid periods. In order to achieve the research-based objectives, advanced econometrics models have been applied to the data from July1, 2010, to April 30, 2021. The results show that the sample market is integrated in the long run. The results also indicate that the behaviour of the Chinese market is same as the US market, and offers negligible opportunities for investors for diversification during this time. The findings indicate that the Ganger Causality between the stock markets during crisis is significantly higher than the pre-crisis period. The results of EGARCH model confirm the presence of asymmetric volatility spillover effects between the US and Chinese markets, during the considered time periods. This study also examines the co-movement in China, grounded upon the robust approach that facilitates examining the dependence structure between the sample variables. The findings offer valuable understanding for investors who are looking for investment diversification opportunities worldwide.	"China; COVID-19; co-movement; stock; EGARCH; volatility spillover; USA"		"Song, G; Xia, ZQ; Basheer, MF; Shah, SMA"	ECONOMIC RESEARCH-EKONOMSKA ISTRAZIVANJA	2022	10.1080/1331677X.2021.1957971	1331-677X	Article	Economics	Business & Economics	3N9IP
A_screen_first	21	exclude		methodology, weak link to COVID	"Q1; Q2"	"Q1 analytical/modeling; Q2 GARCH/HAR"	"econometric: GARCH/HAR; analytical/modeling context"	"market; volatility; COVID; GARCH/HAR; analytical/modeling; target region"	Cholesky GAS models for large time-varying covariance matrices	This paper develops a new class of multivariate models for large -dimensional time -varying covariance matrices, called Cholesky generalized autoregressive score (GAS) models, which are based on the Cholesky decomposition of the covariance matrix and assume that the parameters are score -driven. Specifically, two types of score -driven updates are considered: one is closer to the GARCH family, and the other is inspired by the stochastic volatility model. We demonstrate that the models can be estimated equation -wise and are computationally feasible for high -dimensional cases. Moreover, we design an equationwise dynamic model averaging or selection algorithm which simultaneously extracts model and parameter uncertainties, equipped with dynamically estimated model parameters. The simulation results illustrate the superiority of the proposed models. Finally, using a sizeable daily return dataset that includes 124 sectors in the Chinese stock market, two empirical studies with a small sample and a full sample are conducted to verify the advantages of our models. The full sample analysis by a dynamic correlation network documents significant structural changes in the Chinese stock market before and after COVID-19. (c) 2023 China Science Publishing & Media Ltd. Publishing Services by Elsevier B.V. on behalf of KeAi Communications Co. Ltd. This is an open access article under the CC BY -NC -ND license (http://creativecommons.org/licenses/by-nc-nd/4.0/).	"Cholesky decomposition; GAS; Dynamic conditional correlations; Dynamic model averaging"	"AUTOREGRESSIVE CONDITIONAL HETEROSCEDASTICITY; REALIZED VOLATILITY; SYSTEMIC RISK; GARCH MODELS; SERIES; VARIANCE; DRIVEN"	"Zheng, TG; Ye, SQ"	JOURNAL OF MANAGEMENT SCIENCE AND ENGINEERING	2024	10.1016/j.jmse.2023.10.003	2096-2320	Article	"Business, Finance; Economics; Management; Operations Research & Management Science"	"Business & Economics; Operations Research & Management Science"	JJ8F3
A_screen_first	21	exclude		aviation industry	"Q1; Q2"	"Q1 analytical/modeling; Q2 GARCH/HAR"	"econometric: GARCH/HAR; analytical/modeling context"	"market; volatility; COVID; GARCH/HAR; analytical/modeling; target region"	Will the Aviation Industry Have a Bright Future after the COVID-19 Outbreak? Evidence from Chinese Airport Shipping Sector	"Due to the lockdown regulations worldwide during the COVID-19 pandemic, the global aviation industry has been severely hit. This study focuses on the volatility estimation of stock indexes in the Chinese Airport Shipping Set (ASS) at industry-enterprise levels and identifies possible business behavior that may cause fluctuating differences. Depending on the Generalized Autoregressive Conditional Heteroskedasticity (GARCH) model, text mining method and Word Cloud Views, results show that (1) the holistic volatility of Airport Shipping Set Index (ASSI) increases relative to the pre-COVID period; (2) volatility of airport stocks has crucial differences, while the volatility of shipping stocks is similar; (3) there are different responses to the pandemic between Shenzhen Airport and Shanghai Airport shown in their semiannual financial reports. Compared to the latter, the former had a more positive attitude and took various measures to mitigate risks, providing evidence of the volatility differences between firms."	"COVID-19; financial risk management; stock price returns; stock volatility; airline industry; at industry-enterprise levels"		"Liu, JX; Qiao, P; Ding, J; Hankinson, L; Harriman, EH; Schiller, EM; Ramanauskaite, I; Zhang, HW"	JOURNAL OF RISK AND FINANCIAL MANAGEMENT	2020	10.3390/jrfm13110276	1911-8066	Article	Business, Finance	Business & Economics	OX1QJ
A_screen_first	21	include			"Q1; Q2"	"Q1 analytical/modeling; Q2 GARCH/HAR"	"econometric: GARCH/HAR; analytical/modeling context"	"market; volatility; COVID; GARCH/HAR; analytical/modeling; target region"	Investigating the impact of COVID-19 pandemic on volatility patterns and its global implication for textile industry: An empirical case study for Shanghai Stock Exchange of China	This research paper aims to examine the impact of the COVID-19 pandemic on volatility patterns and its global implication for the textile industry in China. The COVID-19 pandemic has generated a global health crisis with profound economic, social and financial implications, but also has triggered a ruthless global recession. The global economic recovery as a result of the COVID-19 pandemic can also generate significant investment opportunities for the textile industry in China. In this paper, the application of empirical methods could explain historical prices, the movement dynamics of financial assets, and investigate various important characteristics of asset pricing that explore details of the Chinese stock market. The econometric framework includes the following: symmetric Generalize Autoregressive Conditional Heteroscedastic GARCH (1, 1) model, asymmetric GARCH models such as EGARCH and GJR models. The main aim is to identify the asymmetric volatility effect, and impact of news on the SSE Composite Index and investigate long memory properties in volatility using daily data for the sample period from 19th December 1990 to 31st December 2020. This empirical study contributes to the existing literature on the impact of the COVID-19 pandemic on international stock markets, by investigating symmetric and asymmetric volatility patterns in the case of the Shanghai Stock Exchange from China.	"GARCH family models; symmetric volatility; asymmetric volatility; COVID-19 pandemic; apparel; textile industry; economic recession; leverage effect"	RETURNS	"Trivedi, J; Afjal, M; Spulbar, C; Birau, R; Inumula, KM; Mitu, NE"	INDUSTRIA TEXTILA	2022	10.35530/IT.073.04.202148	1222-5347	Article	Materials Science, Textiles	Materials Science	6A4XK
A_screen_first	21	maybe		main focus on G7	"Q1; Q2"	"Q1 analytical/modeling; Q2 GARCH/HAR"	"econometric: GARCH/HAR; analytical/modeling context"	"market; volatility; COVID; GARCH/HAR; analytical/modeling; target region"	How COVID-19 has affected stock market persistence? Evidence from the G7's	This paper examines how COVID-19 pandemic has affected volatility persistence in the G7's stock markets. Based on daily data we divided the whole sample into two sub-samples according to its breakpoints and found that they occurred right after the declaration of COVID-19 pandemic by the World Health Organization - WHO (2020). This approach allows us to assess the main differences between these two distinct phases. Thus, while the first sub-period is relatively calm, the second one, which coincides with the pandemic outbreak, shows higher levels of volatility. Considering this, we rely on GARCH-type models to assess the degree of persistence of volatility and to evaluate how it has evolved across sub-samples. Our results show that the FIGARCH(1,d,1) is the best model to describe the data and that the degree of persistence is very different from the first to the second sub-sample. Thus, while the pre-pandemic period exhibits lower levels of persistence it has greatly increased with the COVID-19 outbreak. In particular, S&P 500 and FTSE/MIB became the most persistent indices in contrast to NIKKEI 225 and FTSE 100, which were amongst the least persistent. (C) 2021 Elsevier B.V. All rights reserved.	"COVID-19; Volatility; Persistence; Conditional variance; G7; FIGARCH"	"TIME-SERIES; LONG MEMORY; VOLATILITY; EXCHANGE; CRISIS; MODELS"	Bentes, SR	PHYSICA A-STATISTICAL MECHANICS AND ITS APPLICATIONS	2021	10.1016/j.physa.2021.126210	0378-4371	Article	Physics, Multidisciplinary	Physics	UB1QG
A_screen_first	21	include			"Q1; Q2"	"Q1 analytical/modeling; Q2 GARCH/HAR"	"econometric: GARCH/HAR; analytical/modeling context"	"market; volatility; COVID; GARCH/HAR; analytical/modeling; target region"	Investor Sentiment and Stock Returns During the COVID-19 Pandemic	In this paper, we regard the Baidu index as an indicator of investors' attention to China's epidemic stocks. We believe that when seeking information to guide investment decisions, investor sentiment is usually affected by the information provided by the Baidu search engine, which may cause stock prices to fluctuate. Therefore, we constructed a GARCH extended model including the Baidu index to predict the return of epidemic stocks and compared it with the benchmark model. The empirical research in this paper finds that the forecast model including the Baidu index is significantly better than the benchmark model. This has important reference value both for investors in predicting stock trends and for the government's formulation of policies to prevent excessive stock market volatility.	"Baidu index; google trends; investor sentiment; epidemic stocks; forecast"	SEARCH	"Jiang, BZ; Zhu, HJ; Zhang, JH; Yan, C; Shen, R"	FRONTIERS IN PSYCHOLOGY	2021	10.3389/fpsyg.2021.708537	1664-1078	Article	Psychology, Multidisciplinary	Psychology	TT5KA
A_screen_first	21	maybe		too specific markets	"Q1; Q2"	"Q1 analytical/modeling; Q2 GARCH/HAR"	"econometric: GARCH/HAR; analytical/modeling context"	"market; volatility; COVID; GARCH/HAR; analytical/modeling; target region"	Risk spillovers and extreme risk between e-commerce and logistics markets in China	We first utilized the Bayes positive diagonal BEKK generalized autoregressive conditional heteroskedasticity (Bayes-pdBEKK-GARCH) model to evaluate the risk spillovers between the ecommerce and logistics, then applied the adaptive Fourier decomposition method to measure the extent of these spillovers and detect structural changes. The results showed that there were structural breaks in both markets, which may lead to extreme risks. At last, we applied the GARCH-copula quantile regression model to analyze the extreme risks. We found that: (1) there were asymmetric volatility spillovers and positive correlations between them. (2) The dynamic risk spillovers exhibited heterogeneity over time. The logistics market had a smaller downside risk spillover, while the ecommerce market had a stronger upside risk spillover. (3) The study indicated that important events, such as the Chinese stock market crash, the Sino-U.S. trade friction, the COVID-19 epidemic, and the either-or choice monopoly policy of e-commerce platforms, had a significant influence on them, resulting in dramatic risk spillovers.	"e-commerce; logistics; risk spillover; Bayes-pdBEKK-GARCH model; adaptive Fourier decomposition; GARCH-Copula quantile regression model"	"VOLATILITY; ALGORITHM; MODEL"	"Meng, LS; Wang, B"	AIMS MATHEMATICS	2024	10.3934/math.20241411		Article	"Mathematics, Applied; Mathematics"	Mathematics	J7S9R
A_screen_first	21	exclude		weak link to covid, focus on sentiment	"Q1; Q2"	"Q1 analytical/modeling; Q2 GARCH/HAR"	"econometric: GARCH/HAR; analytical/modeling context"	"market; volatility; COVID; GARCH/HAR; analytical/modeling; target region"	Do investors herd in a volatile market? Evidence of dynamic herding in Taiwan, China, and US stock markets	This article investigates whether investors exhibit herd behavior in a high market volatility state. A modified herding model with the Kalman filter and GARCH methodology is used to estimate the time-variation herding corresponding to each influential event. Our proposed model provides comprehensive results for the relationship between investor herding and the market state, which has been argued in the previous literature. We find that investors indeed herd in volatile markets, including the 2001 dot.com bubble and the 2009 global financial crisis. However, in recent years, anti-herding is prevalent and herding is slight even in turbulent markets, such as the 2020 Covid-19 pandemic.	"CSAD; Herd behavior; Kalman filter"	BEHAVIOR	"Yang, WR; Chuang, MC"	FINANCE RESEARCH LETTERS	2023	10.1016/j.frl.2022.103364	1544-6123	Article	Business, Finance	Business & Economics	9T7PY
A_screen_first	21	exclude		weak link to covid, general	"Q1; Q3"	"Q1 analytical/modeling; Q3 AI/ML/DL"	"AI/ML/DL; analytical/modeling context"	"market; volatility; COVID; AI/ML/DL; analytical/modeling; target region"	Forecasting FinTech stock index under multiple market uncertainties	This paper proposes an innovative CPO-VMD-PConv-Informer framework to forecast the KBW Nasdaq Financial Technology Index (KFTX). The framework comprehensively incorporates the effects of eight representative uncertainty indicators on KFTX price forecasting, including the Economic Policy Uncertainty Index (EPU) and the Geopolitical Risk Index (GPR). The empirical findings are as follows: (1) The proposed CPO-VMD-PConv-Informer framework demonstrates superior forecasting performance across the entire sample period, achieving R2 values of 0.9681 and 0.9757, significantly outperforming other commonly used traditional machine learning and deep learning models. (2) By integrating VMD decomposition and CPO optimization, the model effectively enhances its adaptability to extreme market volatility, maintaining stable forecasting accuracy even under structural shocks such as the COVID-19 outbreak in 2020. (3) SHAP analysis demonstrates that TM constituted the predominant determinant influencing FinTech index forecasting results during the pre-COVID-19 period, while FSI emerged as the principal driving force in the post-pandemic era, effectively supplanting TM's previously dominant predictive role. (4) Robustness tests show that the proposed model consistently delivers strong forecasting performance across different training-testing data splits (9:1, 8:2, and 6:4), with the MAPE remaining below 2%. These findings provide methodological advancements for forecasting in the KFTX market, offering both theoretical value and practical significance.	"Forecasting; KBW Nasdaq Financial Technology Index (KFTX); Multiple uncertainties; Deep learning; SHAP"		"Zeng, HJ; Abedin, MZ; Benkraiem, R; Wu, R"	ANNALS OF OPERATIONS RESEARCH	2026	10.1007/s10479-026-07122-z	0254-5330	"Article; Early Access"	Operations Research & Management Science	Operations Research & Management Science	EY1ST
A_screen_first	21	include			"Q1; Q3"	"Q1 analytical/modeling; Q3 AI/ML/DL"	"AI/ML/DL; analytical/modeling context"	"market; volatility; COVID; AI/ML/DL; analytical/modeling; target region"	Can hybrid model improve the forecasting performance of stock price index amid COVID-19? Contextual evidence from the MEEMD-LSTM-MLP approach	The sudden eruption of COVID-19 has inflicted tremendous damage to the worldwide economy, and stock markets have become violently volatile due to its negative impact. Therefore, accurate forecasting of stock price index has been playing an essential role in maintaining national economic security and formulating related policies. In this paper, a novel decomposition-ensemble model is proposed to predict the highly fluctuating stock price index. To begin with, the modified ensemble empirical mode decomposition (MEEMD) method is adopted to decompose the original stock price index into subsequences with different frequencies. Then, the last highfrequency subsequence and other subsequences are predicted through multilayer perceptron (MLP) and long short-term memory (LSTM), respectively. Finally, the prediction outcomes of different model subsequences are reconstructed into the ultimate prediction results by utilizing the integration method. Compared with the contrast models, the MEEMD-LSTM-MLP model proposed in our paper not only demonstrates significant advantages in multi-step forecasting for both emerging and developed markets, but also achieves excellent prediction performance amidst the severe market fluctuations triggered by COVID-19. Furthermore, the application of the MEEMD-LSTM-MLP model is extended to financial time series with different data characteristics and market types, which further proves its high applicability and reliability. Therefore, the conducted hybrid MEEMD-LSTM-MLP model is an effective and stable multi-step forecasting tool to provide valuable intelligent technical support for governments and enterprises in complex economic conditions.	"Stock price index multi-step forecasting; COVID-19; Modified ensemble empirical mode; decomposition; Long short-term memory; Multilayer perceptron"	"VOLATILITY; DECOMPOSITION; PREDICTION"	"Yang, Q; Yu, YY; Dai, DS; He, Q; Lin, Y"	NORTH AMERICAN JOURNAL OF ECONOMICS AND FINANCE	2024	10.1016/j.najef.2024.102252	1062-9408	Article	"Business, Finance; Economics"	Business & Economics	C7I4P
A_screen_first	21	maybe		only IT stocks	"Q1; Q2"	"Q1 analytical/modeling; Q2 GARCH/HAR"	"econometric: GARCH/HAR; analytical/modeling context"	"market; volatility; COVID; GARCH/HAR; analytical/modeling; target region"	Impact of COVID-19 on the Stock Market Performance of Global IT Sector	Predicting return and volatility in the global Capital Market during a pandemic is challenging, and it is more difficult for a specific sector, particularly if that sector has a positive outlook. The goal of this research is to look at the impact of COVID-19 on the mean and volatility of the Information Technology Indexes of the best nine technology-driven countries based on return performance using an econometric GARCH model that is widely used. The daily returns of information technology indexes are evaluated for the same from November 2018 to February 2021. Data is taken from Yahoo Finance for CAC Tech (France), DAX Tech (Germany), FTSE All Tech (UK), KOPSI 200 IT (Korea), NIFTY IT (India), S&P 500 IT (US), S&P TSX (Canada), SSE_IT (China) and TOPIX17 (Japan). The results show daily positive mean returns for 8 countries' IT Indices and further, an uptrend in mean daily returns is observed in the crisis period for 6 countries' IT Indices. The exogenous variable COVID-19 which was taken as a regressor for the GARCH model was found to be positively significant for IT indices of all the countries. The overall results confirm the presence of the mean-reverting phenomenon for IT indices of all the countries.	"GARCH; IT; Risk; Return; Volatility"	"RETURN; RISK; CAPM"	"Chaudhary, R; Bakhshi, P"	JOURNAL OF ASIAN FINANCE ECONOMICS AND BUSINESS	2022	10.13106/jafeb.2022.vol9.no3.0217	2288-4637	Article	Business	Business & Economics	ZY9HX
A_screen_first	21	exclude		weak link to study overall	"Q1; Q2"	"Q1 analytical/modeling; Q2 GARCH/HAR"	"econometric: GARCH/HAR; analytical/modeling context"	"market; volatility; COVID; GARCH/HAR; analytical/modeling; target region"	The Dynamic Association of Economic Policy Uncertainty, Short-Term Cross-Border Capital Flows and Systemic Financial Risk	"The global economic landscape has become increasingly volatile, as rising economic policy uncertainty (EPU) and frequent abnormal fluctuations in short-term cross-border capital flows (SCF) can easily trigger systemic financial risks (SFR). Clarifying the dynamic relationships among these three factors is therefore crucial for maintaining China's financial stability and improving the effectiveness of policy implementation. Using monthly data on China's financial institutions from 2000 to 2023, this study measures SFR using the DCC-GARCH-Delta CoVaR model and employs a time-varying parameter stochastic volatility vector autoregression (TVP-SV-VAR) model to analyze the dynamic linkages among EPU, SCF, and SFR. The results show that China's SFR has generally declined, reflecting improved financial resilience; EPU consistently promotes SCF, while its impact on SFR varies significantly across different lag periods. Moreover, the medium- and long-term effects of SCF on SFR have intensified, with notable heterogeneity in shock intensity across different periods. Further analysis reveals that SCF helped mitigate SFR during the stock market crash period but significantly amplified it during the pandemic period. This study uncovers the time-varying characteristics of the EPU-SCF-SFR nexus and offers practical insights for emerging economies in seeking to balance capital flows and financial stability amid heightened policy uncertainty."	"economic policy uncertainty; systemic financial risk; short-term cross-border capital flows; dynamic association; TVP-SV-VAR"		"Wang, L; Wang, YT; Zhao, ZY; Shang, L; Wang, XL"	ECONOMICS-THE OPEN ACCESS OPEN-ASSESSMENT E-JOURNAL	2026	10.1515/econ-2025-0181	1864-6042	Article	Economics	Business & Economics	CU1PX
A_screen_first	21	include			"Q1; Q3"	"Q1 analytical/modeling; Q3 AI/ML/DL"	"AI/ML/DL; analytical/modeling context"	"market; volatility; COVID; AI/ML/DL; analytical/modeling; target region"	Cross-Market Bankruptcy Prediction: An Interpretable Ensemble Learning Framework Using SHAP Analysis	The increasing complexity and interconnectedness of global financial markets demand more robust and transparent methods for predicting corporate failures across diverse environments. This study introduces a novel computational framework for cross-market bankruptcy prediction that integrates ensemble learning and interpretable artificial intelligence. Our approach combines Natural Gradient Boosting (NGBoost), Categorical Boosting (CatBoost), and Light Gradient Boosting (LightGBM), leveraging the strengths of each algorithm, and incorporates Shapley Additive Explanations (SHAP) for enhanced interpretability. By integrating capital structure optimization principles from trade-off theory with Shapley value frameworks, we establish a three-phase computational process adaptable to market-specific characteristics. Empirical validation using comprehensive financial data from US and Chinese markets (2015-2022), encompassing the COVID-19 crisis period, demonstrates the superior predictive performance of our framework. Our ensemble approach achieves 70 90% prediction accuracy across all the markets and periods. This demonstrates robust performance stability even during the COVID-19 crisis. The SHAP analysis provides granular insights into market-specific bankruptcy indicators, revealing the distinct influence of factors like operational efficiency in the US and leverage in China. These findings underscore the framework's effectiveness in identifying subtle financial distress signals across heterogeneous market structures and during periods of economic volatility, offering valuable insights for risk management and investment strategies.	"Cross-Market Bankruptcy Prediction; Ensemble Learning; Shapley Additive Explanations (SHAP); Financial Distress Modeling; Machine Learning Interpretability; Trade-Off Theory; G33; C45; C53; G01; G15; C88"	"FINANCIAL RATIOS; CORPORATE BANKRUPTCY; MODELS; IMPROVE; RISK; MAP"	"Hussain, AB; Jingchun, S; Hussain, B; Shaique, M; Rehman, AU; Bhatti, MK"	COMPUTATIONAL ECONOMICS	2026	10.1007/s10614-025-11266-8	0927-7099	"Article; Early Access"	"Economics; Management; Mathematics, Interdisciplinary Applications"	"Business & Economics; Mathematics"	DQ6SA
A_screen_first	21	include		saudi markets watch out	"Q1; Q2"	"Q1 analytical/modeling; Q2 GARCH/HAR"	"econometric: GARCH/HAR; analytical/modeling context"	"market; volatility; COVID; GARCH/HAR; analytical/modeling; target region"	Forecasting stock market volatility using GARCH models: A comparative study of the U.S. and Saudi markets	The paper analyzes the volatility trends of the Saudi Arabian Tadawul All Share Index (TASI) and the S&P 500 index, focusing on the COVID-19 pandemic as a key market shock. The analysis incorporates daily stock return data covering the period from January 2015 to May 2025. The volatility of emerging and developed markets is examined through EGARCH and GARCH approaches to study characteristics such as volatility clustering and asymmetry. The effect of the pandemic is directly embedded by introducing COVID-19 dummy variables into the models. Empirical findings suggest that both indices are characterized by volatility clustering, and the EGARCH model is more appropriate than the GARCH model for estimating asymmetric volatility, particularly during crisis periods. Additionally, the COVID-19 dummy variable is statistically significant in the EGARCH model, as opposed to the GARCH model. The results support the leverage effect, indicating that negative shocks have a more significant impact on market volatility than positive ones. The S&P 500 showed a faster recovery after the COVID-19 crisis, whereas TASI was slower in mean reversion, indicating structural and behavioral divergence between the markets. This comparative study contributes to the literature by providing a clear picture of volatility dynamics in diverse financial contexts and highlighting the superiority of EGARCH models during crisis periods. The findings offer guidance to policymakers aiming to improve market stability and to investors seeking diversification into both developing and mature markets.	"COVID-19; EGARCH; GARCH; S&P 500; Tadawul all share index; Volatility forecasting"	"RETURNS; IMPACT; GCC"	Alalmai, S	ECONOMICS AND FINANCE LETTERS	2026	10.18488/29.v13i1.4816	2312-6310	Article	"Business, Finance; Economics"	Business & Economics	EJ1AT
A_screen_first	21	include		possibly weak link to covid 	"Q1; Q2"	"Q1 analytical/modeling; Q2 GARCH/HAR"	"econometric: GARCH/HAR; analytical/modeling context"	"market; volatility; COVID; GARCH/HAR; analytical/modeling; target region"	Dynamic network analysis of stock indices in the Americas	"PurposeThis study examines dynamic interdependence among stock indices in the Americas and the effects of global crises on these interdependencies that underline contagion patterns across developed and emerging markets.Design/methodology/approachA Dynamic Conditional Correlation (DCC-EGARCH) model is applied to measure time-varying correlations among stock indices from countries in the Americas. Network measures-Normalized Tree Length (NTL), Average Path Length (APL) and Mean Occupation Layer (MOL)-are used to track shifts in market connectivity. At the same time, the Bai and Perron test is used to identify structural changes linked to global events such as COVID-19.FindingsResults show that crises increase market cohesion across the Americas, indicated by lower NTL and MOL values. This enhanced connectivity suggests that stock markets respond more synchronously during high-volatility periods, with the United States often central to the contagion network.Originality/valueThis study contributes to financial contagion research by applying dynamic network analysis to the Americas, offering tools to identify systemic risks. The findings provide insights for policymakers and investors into managing contagion risks in interconnected markets. Prop & oacute;sitoEste estudio examina la interdependencia din & aacute;mica entre los & iacute;ndices accionarios el continente americano y los efectos de las crisis globales en estas interdependencias que subrayan los patrones de contagio en los mercados desarrollados y emergentes.Dise & ntilde;o/metodolog & iacute;a/enfoqueSe aplica un modelo de correlaci & oacute;n condicional din & aacute;mica (DCC-EGARCH) para medir las correlaciones que var & iacute;an en el tiempo entre los & iacute;ndices accionarios de los pa & iacute;ses del continente americano. Se utilizan medidas de red (longitud de & aacute;rbol normalizada [NTL], longitud de trayectoria promedio [APL] y capa de ocupaci & oacute;n media [MOL]) para rastrear los cambios en la conectividad del mercado. Al mismo tiempo, se emplea la prueba de Bai y Perron para identificar cambios estructurales vinculados a eventos globales como el COVID-19.ResultadosLos resultados muestran que las crisis aumentan la cohesi & oacute;n del mercado en el continente americano, lo que se indica mediante valores de NTL y MOL m & aacute;s bajos. Esta conectividad mejorada sugiere que los mercados accionarios responden de manera m & aacute;s sincronizada durante los per & iacute;odos de alta volatilidad. Estados Unidos suele ser central en la red de contagio.Originalidad/valorEste estudio contribuye a la investigaci & oacute;n sobre el contagio financiero al aplicar el an & aacute;lisis din & aacute;mico de redes en el continente americano, ofreciendo herramientas para identificar riesgos sist & eacute;micos. Los hallazgos brindan informaci & oacute;n a los responsables de las pol & iacute;ticas y a los inversores para gestionar los riesgos de contagio en mercados interconectados.Prop & oacute;sitoEste estudio examina la interdependencia din & aacute;mica entre los & iacute;ndices accionarios el continente americano y los efectos de las crisis globales en estas interdependencias que subrayan los patrones de contagio en los mercados desarrollados y emergentes.Dise & ntilde;o/metodolog & iacute;a/enfoqueSe aplica un modelo de correlaci & oacute;n condicional din & aacute;mica (DCC-EGARCH) para medir las correlaciones que var & iacute;an en el tiempo entre los & iacute;ndices accionarios de los pa & iacute;ses del continente americano. Se utilizan medidas de red (longitud de & aacute;rbol normalizada [NTL], longitud de trayectoria promedio [APL] y capa de ocupaci & oacute;n media [MOL]) para rastrear los cambios en la conectividad del mercado. Al mismo tiempo, se emplea la prueba de Bai y Perron para identificar cambios estructurales vinculados a eventos globales como el COVID-19.ResultadosLos resultados muestran que las crisis aumentan la cohesi & oacute;n del mercado en el continente americano, lo que se indica mediante valores de NTL y MOL m & aacute;s bajos. Esta conectividad mejorada sugiere que los mercados accionarios responden de manera m & aacute;s sincronizada durante los per & iacute;odos de alta volatilidad. Estados Unidos suele ser central en la red de contagio.Originalidad/valorEste estudio contribuye a la investigaci & oacute;n sobre el contagio financiero al aplicar el an & aacute;lisis din & aacute;mico de redes en el continente americano, ofreciendo herramientas para identificar riesgos sist & eacute;micos. Los hallazgos brindan informaci & oacute;n a los responsables de las pol & iacute;ticas y a los inversores para gestionar los riesgos de contagio en mercados interconectados."	"Financial networks; American stock indices; Dynamic correlation; Contagion; DCC-EGARCH model; Redes financieras; & Iacute;ndices burs & aacute;tiles americanos; Correlaci & oacute;n din & aacute;mica; Contagio; Modelo DCC-EGARCH; G01; G15; C32; F36"	"CONDITIONAL HETEROSKEDASTICITY; CONTAGION; MARKETS"	Lorenzo-Valdes, A	ACADEMIA-REVISTA LATINOAMERICANA DE ADMINISTRACION	2025	10.1108/ARLA-11-2024-0265	1012-8255	Article	"Business; Management"	Business & Economics	9NI4X
A_screen_first	21	maybe		tunisia	"Q1; Q2"	"Q1 analytical/modeling; Q2 GARCH/HAR"	"econometric: GARCH/HAR; analytical/modeling context"	"market; volatility; COVID; GARCH/HAR; analytical/modeling; target region"	Volatility transmission within financial markets during the COVID-19 pandemic: are faith-based investors well off in Tunisia?	"Purpose This paper aims to investigate the risk-return and volatility spillover within the Tunisian stock market during the COVID-19 pandemic analyzing both the Islamic and conventional stocks' performance. Design/methodology/approach Both symmetric (GARCH and GARCH-M) and asymmetric (Threshold GARCH and Exponential GARCH) models are used to analyze the market returns and volatility response. Standard and Poor's (S&P) index has been used to test both the Islamic and conventional stocks within the Tunisian stock market. Findings The findings suggest that both Tunisia Islamic and conventional stock markets are highly persistent; however, the conventional stock index showed a negative return spillover on the Islamic stocks during the pandemic. The conventional stock index has also shown a higher exposure to risk for a lower amount of return, and evidence of potential diversification benefit between both indexes was found during the pandemic, whereas the Islamic market showed a positive leverage effect, indicating a positive correlation between past return and future return; the conventional index implied a negative leverage effect. Originality/value The value of this paper emerges in studying three main aspects that are specific to the Tunisian stock market. This includes COVID-19 effect of return spillovers, volatility transmission across both conventional and Islamic stock market within the local financial market."	"Volatility spillover; COVID-19; Islamic index; Conventional index; EGARCH; GARCH-M; Asymmetry; Tunisia; G01; G17"	"STOCK-MARKET; CORONAVIRUS; RETURNS"	"Akinlaso, MI; Robbana, A; Mohamed, N"	JOURNAL OF ISLAMIC ACCOUNTING AND BUSINESS RESEARCH	2022	10.1108/JIABR-12-2020-0388	1759-0817	Article	Business, Finance	Business & Economics	XU6QH
A_screen_first	21	include			"Q1; Q3"	"Q1 analytical/modeling; Q3 AI/ML/DL"	"AI/ML/DL; analytical/modeling context"	"market; volatility; COVID; AI/ML/DL; analytical/modeling; target region"	Multifractal Behaviors of Stock Indices and Their Ability to Improve Forecasting in a Volatility Clustering Period	The financial market is a complex system, which has become more complicated due to the sudden impact of the COVID-19 pandemic in 2020. As a result there may be much higher degree of uncertainty and volatility clustering in stock markets. How does this black swan event affect the fractal behaviors of the stock market? How to improve the forecasting accuracy after that? Here we study the multifractal behaviors of 5-min time series of CSI300 and S&P500, which represents the two stock markets of China and United States. Using the Overlapped Sliding Window-based Multifractal Detrended Fluctuation Analysis (OSW-MF-DFA) method, we found that the two markets always have multifractal characteristics, and the degree of fractal intensified during the first panic period of pandemic. Based on the long and short-term memory which are described by fractal test results, we use the Gated Recurrent Unit (GRU) neural network model to forecast these indices. We found that during the large volatility clustering period, the prediction accuracy of the time series can be significantly improved by adding the time-varying Hurst index to the GRU neural network.	"multifractal; forecasting; OSW-MF-DFA; GRU neural network; stock index time series"	"MARKET-EFFICIENCY; LONG MEMORY; CHINESE"	"Zhang, SW; Fang, W"	ENTROPY	2021	10.3390/e23081018		Article	Physics, Multidisciplinary	Physics	UG4SB
A_screen_first	21	include		possibly weak link to covid 	"Q1; Q3"	"Q1 analytical/modeling; Q3 AI/ML/DL"	"AI/ML/DL; analytical/modeling context"	"market; volatility; COVID; AI/ML/DL; analytical/modeling; target region"	A Comparative Analysis of Traditional and Machine Learning Methods in Forecasting the Stock Markets of China and the US	In the volatile and uncertain financial markets of the post-COVID-19 era, our study conducts a comparative analysis of traditional econometric models-specifically, the AutoRegressive Integrated Moving Average (ARIMA) and Holt's Linear Exponential Smoothing (Holt's LES)-against advanced machine learning techniques, including Support Vector Regression (SVR), Long Short-Term Memory (LSTM) networks, and Gated Recurrent Units (GRU). Focused on the daily stock prices of the S&P 500 and SSE Index, the study utilizes a suite of metrics such as R-squared, RMSE, MAPE, and MAE to evaluate the forecasting accuracy of these methodologies. This approach allows us to explore how each model fares in capturing the complex dynamics of stock market movements in major economies like the U.S. and China amidst ongoing market fluctuations instigated by the pandemic. The findings reveal that while traditional models like ARIMA demonstrate strong predictive accuracy over short-term horizons, LSTM networks excel in capturing complex, non-linear patterns in the data, showcasing superior performance over longer forecast horizons. This nuanced comparison highlights the strengths and limitations of each model, with LSTM emerging as the most effective in navigating the unpredictable dynamics of post-pandemic financial markets. Our results offer crucial insights into optimizing forecasting methodologies for stock price predictions, aiding investors, policymakers, and scholars in making informed decisions amidst ongoing market challenges.	"Machine learning; Holt's LES; SVR; LSTM; GRU"		Jin, SS	INTERNATIONAL JOURNAL OF ADVANCED COMPUTER SCIENCE AND APPLICATIONS	2024		2158-107X	Article	Computer Science, Theory & Methods	Computer Science	G6C3U
A_screen_first	21	include			"Q1; Q2"	"Q1 analytical/modeling; Q2 GARCH/HAR"	"econometric: GARCH/HAR; analytical/modeling context"	"market; volatility; COVID; GARCH/HAR; analytical/modeling; target region"	Volatility Modeling: An Overview of Equity Markets in the Euro Area during COVID-19 Pandemic	Volatility is the most widespread measure of risk. Volatility modeling allows investors to capture potential losses and investment opportunities. This work aims to examine the impact of the two waves of COVID-19 infections on the return and volatility of the stock market indices of the euro area countries. The study also focuses on other important aspects such as time-varying risk premium and leverage effect. This investigation employed the Threshold GARCH(1,1)-in-Mean model with exogenous dummy variables. Daily returns of the euro area stock markets indices from 4 January 2016 to 31 December 2020 has been used for the analysis. The results reveal that euro area stock markets respond differently to the COVID-19 pandemic. Specifically, the first wave of COVID-19 infections had a notable impact on stock market volatility of euro area countries with middle-large financial centres while the second wave had a significant impact only on stock market volatility of Belgium.	"volatility; COVID-19 pandemic; GARCH models; euro area stock indices"	"GLOBAL FINANCIAL CRISIS; TIME-SERIES; STOCK MARKETS; CONTAGION; IMPACT"	"Duttilo, P; Gattone, SA; Di Battista, T"	MATHEMATICS	2021	10.3390/math9111212		Article	Mathematics	Mathematics	SQ3OH
A_screen_first	21	include			"Q1; Q2"	"Q1 analytical/modeling; Q2 GARCH/HAR"	"econometric: GARCH/HAR; analytical/modeling context"	"market; volatility; COVID; GARCH/HAR; analytical/modeling; target region"	When the market got the first dose: Stock volatility and vaccination campaign in COVID-19 period	During the COVID-19 pandemic, the news of clinical trials for vaccines and mass vaccinations have brought renewed optimism for stabilizing the economy and financial markets. However, the mental stress of investors or doubt about the effectiveness of government policies to cope with economic disruptions has caused stock market volatility. We investigate the significance of the vaccination rate in alleviating the global stock market volatility which is measured by the GJR-GARCH model. We discover that a higher vaccine initiation rate has a positive effect on global stock markets, especially in developed countries and areas with higher rates than their average. Our findings remain reliable even when using different projected volatility models and other estimates of the main independent variables. Mass immunization also implies that governments will not have to take extreme measures to handle the pandemic, which alleviates investor worries about compliance and the prolonged effects of COVID-19. Our research indicates that global stock markets are providing insight into the economic value of the development of COVID-19 vaccines, even before public vaccinations start.	"COVID-19; Stock market volatility; Vaccine campaign; Vaccine initiation rate"	"SPECIFICATION; CURRENCY; TESTS"	"To, BCN; Nguyen, BKQ; Nguyen, TV"	HELIYON	2023	10.1016/j.heliyon.2023.e12809		Article	Multidisciplinary Sciences	Science & Technology - Other Topics	D3YH0
A_screen_first	21	maybe		weak definition of regions	"Q1; Q2"	"Q1 analytical/modeling; Q2 GARCH/HAR"	"econometric: GARCH/HAR; analytical/modeling context"	"market; volatility; COVID; GARCH/HAR; analytical/modeling; target region"	Feedback trading in global stock markets under uncertainty of COVID-19	"Purpose Although some research has been carried out on feedback trading in different asset classes, there have been few empirical investigations that consider both major and emerging stock markets (Koutmos, 1997; Antoniou et al., 2005; Kim, 2009) stock index futures (Salm and Schuppli, 2010). In this study, the author examines positive/negative feedback trading in both developed-emerging-frontier-standalone (51) stock markets for 2010-2020 and sub-periods including COVID-19 period. Design/methodology/approach The hypothesis feedback trading behaviour led the price boom/bust in the stock markets during the first quarter of COVID-19 pandemic is tested by employing the Sentana and Wadhwani (1992) framework and using asymmetrical GARCH models (GJRGARCH, EGARCH) in accordance with the empirical literature. Findings The following conclusions can be drawn from the present study; (1) There is no evidence to support a significant distinction between developed, emerging, frontier or standalone markets or high/upper middle, lower middle income economies in the case of feedback trading. It is more likely to be a general phenomenon reflecting the outcomes of general human psychology (2) in the long term (2010-2020) based on the feedback trading results Asian stock markets appear to be far from efficiency. Research limitations/implications Stock markets are selected based on data availability. Practical implications Several inferences can be drawn about overall results. First, investors and portfolio managers should beware of their investment decisions during bearish market conditions where volatility is on the rise and also when there is a strong reaction to bad news/negative shocks in the market. Moreover, investing in Asia stock markets may require more attention since those markets are reputed to be more idiosyncratic, less reliant on economic and corporate fundamentals in their pricing. Moreover, the impact of foreign investors on stock market volatility and returns and weaker implementation of regulations also affect the efficiency of the markets (Lipinsky and Ong, 2014). Originality/value To the best of the author's knowledge, most studies in the field of feedback trading in stock markets have only focused on a small sample of countries and second, the effect of COVID-19 uncertainty on the stock markets have not been addressed in the literature with respect to feedback trading. This paper fills these literature gaps. This study is expected to provide useful insights for understanding the instabilities in stock markets particularly under conditions of high uncertainty and to fill the gap in the literature by comparing the results for a large sample of countries both in the long term and in the pandemic."	"Feedback trading; Asymmetric GARCH models; Stock markets; COVID-19; Uncertainty; G15; G41; N20"	"INVESTOR SENTIMENT; PRICE; AUTOCORRELATION; VOLATILITY; RETURNS; TRADERS; OVERREACTION; HEURISTICS; STRATEGIES; FREQUENCY"	Coskun, EA	REVIEW OF BEHAVIORAL FINANCE	2023	10.1108/RBF-08-2021-0154	1940-5979	Article	Business, Finance	Business & Economics	P4CP1
A_screen_first	21	include		careful about region	"Q1; Q2"	"Q1 analytical/modeling; Q2 GARCH/HAR"	"econometric: GARCH/HAR; analytical/modeling context"	"market; volatility; COVID; GARCH/HAR; analytical/modeling; target region"	COVID Asymmetric Impact on the Risk Premium of Developed and Emerging Countries' Stock Markets	"We estimated the stock market risk premium during the COVID-19 pandemic with a GARCH-in-Mean (GARCH-M)(1,1) model. The analysis then explored the presence of regime changes using a two-regime Markov-Switching GARCH (MS GARCH)(1,1) model. The sample we used included the stock market indexes of nine countries from three geographical regions, including: North America (Canada, USA, and Mexico), South America (Brazil and Argentina), and Asia (Japan, South Korea, Hong Kong, and Singapore), over two periods: (a) pre-COVID (from 1 January 2015 to 31 December 2019); and (b) COVID (from 1 January 2020 to 31 December 2021). Our GARCH-M(1,1) estimation results indicate that the more developed countries' stock markets experienced an important increase in their risk premium during the COVID period, likely explained by the massive government anticyclical policies. By contrast, developing countries' stock markets, particularly in Latin America, experienced a reduction, and in some cases, even a total loss of the risk premium effect. From the perspective of investors and portfolio risk managers, the identification of high and low volatility periods and their estimated probability of occurrence is useful for the characterization of stress scenarios and the design of emerging strategies. For governments and central bankers, the implementation of different policies should respond to the more likely scenarios but should also be prepared to respond to other less likely scenarios. Institutional preparedness to respond to as many different scenarios as may be identified with the use of MS GARCH models can make their interventions more successful. This work presents an objective example of how the use of MS GARCH models may be of use to practitioners in both the financial industry and government. We confirmed that the results of a two-regime MS GARCH model are superior to those obtained from a single-regime model."	"MS GARCH; risk premium; Generalized Hyperbolic; conditional volatility"	"VALUE-AT-RISK; CONDITIONAL HETEROSKEDASTICITY; MODELING VOLATILITY; ECONOMIC-GROWTH; EQUITY MARKETS; ASSET RETURNS; GARCH MODELS; PERSISTENCE; CONTAGION; VARIANCE"	"Nú?ez-Mora, JA; Santillan-Salgado, RJ; Contreras-Valdez, MI"	MATHEMATICS	2022	10.3390/math10091353		Article	Mathematics	Mathematics	1E8LH
A_screen_first	21	maybe		link to covid?	"Q1; Q2"	"Q1 analytical/modeling; Q2 GARCH/HAR"	"econometric: GARCH/HAR; analytical/modeling context"	"market; volatility; COVID; GARCH/HAR; analytical/modeling; target region"	VOLATILITY REGIMES OF SELECTED CENTRAL EUROPEAN STOCK RETURNS: A MARKOV SWITCHING GARCH APPROACH	This paper investigates the weekly stock market data of the Hungarian stock index BUX, the Czech stock index PX and the Polish stock index WIG20 spanning from January 7, 2001 to April 18, 2021. The period of more than 20 years enabled to analyse the behaviour of returns and their volatility during both the calm as well as various crises/turmoil periods. Besides the traditional GARCH-type models (GARCH and GJR-GARCH) the two-regime Markov Switching GARCHtype models (MS-GARCH and MS-GJR-GARCH) were estimated in order to examine the volatility switches of the Central European transition stock markets. The t-distribution of error terms was used to capture the dynamics of analysed returns more precisely. The results proved high volatility persistence of individual markets which substantially differed across the both regimes. Furthermore, the GJR-GARCH and MS-GJR-GARCH models clearly confirmed the presence of the leverage effect. Consideration of the MS-GARCH-type models enabled to capture various volatility switches during the analysed period attributable mainly to the global financial crisis 2008-2009, to European debt crisis in 2011 and to the Covid-19 pandemic in 2020. Interesting results were received for the Czech market with the strong leverage effect indicating completely different specification of volatility regimes by the MS-GJR-GARCH model.	"stock returns; volatility; GARCH; GJR-GARCH; Markov-switching (MS); regime; MS-GARCH; MS-GJR-GARCH"	"CONDITIONAL HETEROSKEDASTICITY; VARIANCE; MODEL"	Chocholatá, M	JOURNAL OF BUSINESS ECONOMICS AND MANAGEMENT	2022	10.3846/jbem.2022.16648	1611-1699	Article	"Business; Economics"	Business & Economics	2Z9YJ
A_screen_first	21	exclude		covid where	"Q1; Q2"	"Q1 analytical/modeling; Q2 GARCH/HAR"	"econometric: GARCH/HAR; analytical/modeling context"	"market; volatility; COVID; GARCH/HAR; analytical/modeling; target region"	Exploring the Contagion Effect from Developed to Emerging CEE Financial Markets	The paper aims to analyze the contagion effect coming from the developed stock markets of the US and Germany to the emerging CEE stock markets of Romania, Czech Republic, Hungary, and Poland using daily data for the period April 2005-April 2021. The paper also captures the level of integration of these emerging stock markets by analyzing the volatility spillover phenomenon. The quantification of the contagion effect coming from the developed to the emerging stock markets consisted of an empirical analysis based on the DCC-GARCH (Dynamic Conditional Correlation) model. Through this multivariate model, the time-varying conditional correlations were analyzed, both in periods of normal economic development and in times of economic instability, when there was a significant increase in the correlation coefficients between developed and emerging stock market indices. Furthermore, the level of connectedness between these markets has been analyzed using the volatility spillover index developed by Diebold and Yilmaz. The empirical results surprised the high level of integration of the analyzed stock markets in Central and Eastern Europe, with the intensity of volatility transmission between these markets increasing significantly during times of crisis. All stock market indices analyzed show periods during which they transmit net volatility and periods during which they receive net volatility, indicating a bidirectional volatility spillover phenomenon. Mostly, the BET, PX, and WIG indices are net transmitters of volatilities, whereas the BUX index is net recipient, except during the COVID-19 crisis, when it transmitted net volatility to the other three indices. Finally, using a Markov switching-regime VAR approach with two regimes, we explored the contagion effect between emerging CEE and developed stock markets during the COVID-19 pandemic. The empirical results proved a shift around the outbreak of the health crisis, after which the high volatility regime dominates the CEE markets. The contagion effects from developed stock markets to emerging CEE markets significantly increased during the first stage of the health crisis.	"financial contagion; dynamic conditional correlation; COVID-19 crisis; emerging European stock markets; Markov switching-regime approach"	"DYNAMIC CORRELATION-ANALYSIS; IMPULSE-RESPONSE ANALYSIS; VOLATILITY SPILLOVERS; STOCK MARKETS; CRISIS; INTERDEPENDENCE; DETERMINANTS; TRANSMISSION; COMOVEMENTS; INTEGRATION"	"Davidescu, AA; Manta, EM; Hapau, RG; Gruiescu, M; Vacaru, OM"	MATHEMATICS	2023	10.3390/math11030666		Article	Mathematics	Mathematics	8V8IW
A_screen_first	21	include			"Q1; Q3"	"Q1 analytical/modeling; Q3 AI/ML/DL"	"AI/ML/DL; analytical/modeling context"	"market; volatility; COVID; AI/ML/DL; analytical/modeling; target region"	Enhancing stock market Forecasting: A hybrid model for accurate prediction of S&P 500 and CSI 300 future prices	This paper investigates the challenging domain of stock market prediction, a significant aspect of financial markets. It focuses on developing predictive models to forecast stock prices accurately, vital for mitigating losses and maximizing gains amidst the inherent unpredictability and volatility of the market. The study comprehensively analyzes various predictive models, including time series analysis and advanced machine learning techniques. It highlights the superiority of ensemble or hybrid models in enhancing prediction reliability. Central to this research is the development of a model incorporating detailed data collection, thorough analysis, and state-of-the-art machine learning methods, achieving notable predictive accuracy. This approach underscores the benefits of data-centric strategies in today's rapidly evolving business environment and the widespread applicability of predictive analytics. The model outperforms conventional methods by decomposing time series into simpler components and optimizing hyperparameters, thereby enhancing prediction accuracy, as demonstrated by performance testing on the S&P 500 and CSI 300 indices. The RMSE, MAE, and R-2 values of the MEME-AO-LSTM model are 27.12, 19.43, and 0.992, respectively, which serve as evidence of this. The model's generalizability and high performance are demonstrated by its efficacy in a variety of major markets, including the NASDAQ 100, Nikkei 225, FTSE, DAX, SSE, and KOSPI. Additionally, the model's adaptability under diverse market conditions is demonstrated through its evaluation of its robustness in response to significant events, such as the economic stimulus responses to the COVID-19 pandemic and the geopolitical tensions resulting from the tension and conflict between Russia and Ukraine. Consequently, the proposed methodology has the potential to help investors achieve substantial and advantageous returns.	"Financial Markets; Multivariate Empirical Mode Decomposition; Aquila Optimizer; S & P 500; CSI 300; Stock price; Stock price"		Ge, Q	EXPERT SYSTEMS WITH APPLICATIONS	2025	10.1016/j.eswa.2024.125380	0957-4174	Article	"Computer Science, Artificial Intelligence; Engineering, Electrical & Electronic; Operations Research & Management Science"	"Computer Science; Engineering; Operations Research & Management Science"	G9K1M
A_screen_first	21	include			"Q1; Q2"	"Q1 analytical/modeling; Q2 GARCH/HAR"	"econometric: GARCH/HAR; analytical/modeling context"	"market; volatility; COVID; GARCH/HAR; analytical/modeling; target region"	The source of financial contagion and spillovers: An evaluation of the covid-19 pandemic and the global financial crisis	This study investigates the reaction of stock markets to the Covid-19 pandemic and the Global Financial Crisis of 2008 (GFC) and compares their influence in terms of risk exposures. The empirical investigation is conducted using the modified ICSS test, DCC-GARCH, and Diebold-Yilmaz connectedness analysis to examine financial contagion and volatility spillovers. To further reveal the impact of these two crises, the statistical features of tranquil and crisis periods under different time intervals are also compared. The test results show that although the outbreak's origin was in China, the US stock market is the source of financial contagion and volatility spillovers during the pandemic, just as it was during the GFC. The propagation of shocks is considerably higher between developed economies compared to emerging markets. Additionally, the results show that the COVID-19 pandemic induced a more severe contagious effect and risk transmission than the GFC. The study provides an extensive examination of the COVID-19 pandemic and the GFC in terms of financial contagion and volatility spillovers. The results suggest the presence of strong co-movements of world stock markets with the US equity market, especially in periods of financial turmoil.		"IMPULSE-RESPONSE ANALYSIS; EMPIRICAL-EVIDENCE; STRUCTURAL-CHANGE; ECONOMIC-GROWTH; STOCK MARKETS"	"Gunay, S; Can, G"	PLOS ONE	2022	10.1371/journal.pone.0261835	1932-6203	Article	Multidisciplinary Sciences	Science & Technology - Other Topics	2F3FM
A_screen_first	21	include			"Q1; Q2"	"Q1 analytical/modeling; Q2 GARCH/HAR"	"econometric: GARCH/HAR; analytical/modeling context"	"market; volatility; COVID; GARCH/HAR; analytical/modeling; target region"	COVID-19, various government interventions and stock market performance	Purpose According to the Government Response tracker (oxCGRT) index, the overall government response, stringency, economic support, containment and health policies to COVID-19 from January 2020 to December 2022. The main objective of this paper is to explore how stock market performance is affected by these polices, respectively. Design/methodology/approach The authors employ EGARCH and autoregressive distributional lag (ARDL) models to test the impact of epidemic prevention policy implementation on stock market returns, volatility and liquidity and make cross-country comparisons for six important world economies. Findings Firstly, the implementation of various preventive policies hurts stock market returns and increases volatility, but there are a few indicators that have no effect or have an easing effect in some countries. Secondly, health policies exacerbate market volatility and have a stronger effect than other policy indicators. Thirdly, In China and the USA, anti-epidemic policies have been shown to worsen liquidity, while in Japan they have been shown to improve liquidity. Originality/value First, enrich the growing body of COVID-19 research by comprehensively examining whether and how government prevention policies affect stock market returns, volatility and liquidity. Second, explore the impact of different types of intervention policies on stock market performance, separately.	"oxCGRT index; Stock market; Liquidity; COVID-19; Intervention policies"	"VOLATILITY; LIQUIDITY; GARCH"	"Li, HL; Chen, HQ; Xu, GL; Zhang, WG"	CHINA FINANCE REVIEW INTERNATIONAL	2023	10.1108/CFRI-03-2023-0068	2044-1398	Article	Business, Finance	Business & Economics	ES6K5
A_screen_first	21	exclude		weak covid link	"Q1; Q2"	"Q1 analytical/modeling; Q2 GARCH/HAR"	"econometric: GARCH/HAR; analytical/modeling context"	"market; volatility; COVID; GARCH/HAR; analytical/modeling; target region"	Cross-Market Risk Spillovers and Tail Dependence Between U.S. and Chinese Technology-Related Equity Markets	This study investigates risk contagion and dependence structures between U.S. and Chinese technology-related stock markets, focusing on the electronics and semiconductor sectors. We employ DCC-GARCH models to capture time-varying correlations and copula models to analyze nonlinear and tail dependencies. To highlight extreme risk dynamics, we extend the analysis to Value-at-Risk (VaR) series derived from a GARCH(1,1)-Skewed-t model. Empirical results reveal three major findings. First, volatility clustering and negative skewness are evident across markets, with extreme downside risks concentrated during the 2015 Chinese stock market crash and the 2020 COVID-19 pandemic. Second, copula results show stronger upper-tail dependence in cross-border broad markets and more symmetric dependence within domestic Chinese markets, while U.S. sectoral linkages exhibit the highest vulnerability during downturns. Third, dynamic copula analysis indicates that downside contagion is episodic and crisis-driven, whereas rebound co-movements are structurally persistent. These findings contribute to understanding systemic vulnerability in global technology markets. They provide insights for investors, regulators, and policymakers on monitoring cross-market contagion and managing systemic risk under stress scenarios.	"copula models; DCC-GARCH; risk contagion; Value-at-Risk U.S.-China stock markets; electronics and technology sector"		"Zhou, XM; Liu, HH"	INTERNATIONAL JOURNAL OF FINANCIAL STUDIES	2025	10.3390/ijfs13040242	2227-7072	Article	Business, Finance	Business & Economics	AF1QY
A_screen_first	21	maybe		specific stock markets	"Q1; Q2"	"Q1 analytical/modeling; Q2 GARCH/HAR"	"econometric: GARCH/HAR; analytical/modeling context"	"market; volatility; COVID; GARCH/HAR; analytical/modeling; target region"	How risk spillover network structure affects VaR: A study using complex networks and quantile regression	In early 2020, the global economy was hit by the black swan event of the COVID-19 pandemic, which triggered ups and downs in international financial markets. Volatility in financial markets is often due to price fluctuations and the fluctuations have a significant linkage effect, which makes it easy to form systemic risks. Systemic risk leads to a slight move in one part that may affect the overall situation, and the structural characteristics of the network also change with uncertainty, which has a different impact on its own risk. Mining plays a role in promoting the goal of carbon neutrality, which is likely to lead to the risk of large fluctuations in stock prices. Synthetically adopting DCC-GARCH, complex network, and quantile regression models, our research uncovers significant insights into how network structures affect Value at Risk (VaR) in this volatile market. (1) Under the influence of the COVID-19 pandemic and the US-China trade war, the network structure changes significantly, the stock price fluctuates sharply in the mining stock market, and the risk spillover probability increases. (2) The spillover range, spillover intensity, and spillover media power of stocks negatively impact VaR. They play essential roles in reducing overall risk in the network. (3) The scope and intensity of risk spillover of middle and upstream stocks are enormous, especially in some large coal and metal smelting and processing enterprises. This study provides some suggestions for market managers and policymakers on risk control.	"Risk spillover; DCC-GARCH; Complex network; Quantile regression; Mining stock market"		"Xi, X; Gao, XY; Zhong, WQ"	INTERNATIONAL REVIEW OF ECONOMICS & FINANCE	2025	10.1016/j.iref.2025.103956	1059-0560	Article	"Business, Finance; Economics"	Business & Economics	Y1Q5G
A_screen_first	21	include			"Q1; Q3"	"Q1 analytical/modeling; Q3 AI/ML/DL"	"AI/ML/DL; analytical/modeling context"	"market; volatility; COVID; AI/ML/DL; analytical/modeling; target region"	Signal from noise: a neural network-based denoising approach for measuring global financial spillovers	Filtering signal from noise is fundamental to accurately assessing spillover effects in financial markets. This study investigates denoised return and volatility spillovers across a diversified set of markets, spanning developed and developing economies as well as key asset classes, using a neural network-based denoising architecture. By applying denoising to the covariance matrices prior to spillover estimation, we disentangle signal from noise. Our analysis covers the period from late 2014 to mid-2025 and adopts both static and time-varying frameworks. The results reveal that developed markets predominantly serve as net transmitters of volatility spillovers under normal conditions, but often transition into net receivers during episodes of systemic stress, such as the Covid-19 pandemic. In contrast, developing markets display heightened instability in their spillover roles, frequently oscillating between transmitter and receiver positions. Denoising not only clarifies the dynamic and heterogeneous nature of spillover channels, but also sharpens the alignment between observed spillover patterns and known financial events. These findings highlight the necessity of denoising in spillover analysis for effective monitoring of systemic risk and market interconnectedness.	"Spillovers; Connectedness; Denoising; VAR; Volatility"	"VOLATILITY SPILLOVERS; STOCK MARKETS; ESTIMATOR; DYNAMICS"	"Karasan, A; Alp, ÖS"	INTERNATIONAL JOURNAL OF DATA SCIENCE AND ANALYTICS	2026	10.1007/s41060-026-01100-1	2364-415X	Article	"Computer Science, Artificial Intelligence; Computer Science, Information Systems"	Computer Science	GL2WU
A_screen_first	21	exclude		too broad data, weak covid link	"Q1; Q2"	"Q1 analytical/modeling; Q2 GARCH/HAR"	"econometric: GARCH/HAR; analytical/modeling context"	"market; volatility; COVID; GARCH/HAR; analytical/modeling; target region"	Market Shocks and Stock Volatility: Evidence from Emerging and Developed Markets	Market turbulences and their impact on the financial market, particularly on the stock market, is a financial topic that has received significant research attention recently. This study compared the characteristics of stock return and volatility in selected developed and emerging markets between the 2008 financial crisis and the 2019 worldwide pandemic. In this sense, we seek to answer two concerns. First, do the developed and emerging markets behave similarly during crisis periods? Second, does economic strength always shield markets from poor economic circumstances? For this purpose, the daily return data of E7 (Emerging 7) and G7 (Developed 7) countries for two sample periods-namely, the financial crisis period of 2007-2009 and the global pandemic period of 2019-2021-were chosen. By using univariate GARCH models, namely GARCH, EGARCH, and TGARCH, the study discovered that developing and developed markets reacted differently to these two financial crises. While emerging markets responded similarly to these two crises, developed economies acted differently, being more volatile and sensitive to the worldwide pandemic of 2019 than the financial crisis of 2008. Moreover, a country's economic prowess does not always shield it from economic turmoil. This study will help investors identify diversification opportunities among the developed and emerging markets during a crisis period. Additionally, this will help portfolio and fund managers understand the behaviour of stock markets during times of market crisis and thus give advice to investors.	"risk-return; volatility; asymmetric volatility; financial crisis; global pandemic; emerging markets; developed markets; GARCH models"	"FINANCIAL CRISIS; IMPACT; MODEL; US; TRANSMISSION; SPILLOVERS; CONTAGION; PRICES; INDEX; NEWS"	"Tabash, MI; Chalissery, N; Nishad, TM; Al-Absy, MSM"	INTERNATIONAL JOURNAL OF FINANCIAL STUDIES	2024	10.3390/ijfs12010002	2227-7072	Article	Business, Finance	Business & Economics	MH9U8
A_screen_first	21	include			"Q1; Q2"	"Q1 analytical/modeling; Q2 GARCH/HAR"	"econometric: GARCH/HAR; analytical/modeling context"	"market; volatility; COVID; GARCH/HAR; analytical/modeling; target region"	COVID-19's disasters are perilous than Global Financial Crisis: A rumor or fact?	"This investigation employed the Asymmetric Power GARCH model and found that COVID-19 substantially harms the US and Japan's market returns. Moreover, COVID-19 has influenced the variance of the US, Germany, and Italy's stock markets more than the Global Financial Crises (GFC). However, GFC indicated a more significant impact on the financial volatility of the Nikkei 225 index and SSEC than COVID-19. The study confirmed the leverage effect for the S&P 500, Nasdaq Composite Index, DAX 30, Nikkei 225, FTSE MIB, and SSEC. The analysis authenticated that the health crisis that befell due to COVID-19 have imperatively originated the financial crisis globally; however, the Asian markets still make available better prospects for portfolio optimization."	"COVID-19; Global Financial Crises; APGARCH model; Financial markets; Leverage effect"	TIME-SERIES	"Shehzad, K; Liu, XX; Kazouz, H"	FINANCE RESEARCH LETTERS	2020	10.1016/j.frl.2020.101669	1544-6123	Article	Business, Finance	Business & Economics	NQ7FW
A_screen_first	21	exclude		sentiment	"Q1; Q2"	"Q1 analytical/modeling; Q2 GARCH/HAR"	"econometric: GARCH/HAR; analytical/modeling context"	"market; volatility; COVID; GARCH/HAR; analytical/modeling; target region"	Herding behaviour and sentiment: evidence from emerging markets	PurposeBased on the theoretical framework, this paper analyzes the sentiment-herding relationship in emerging stock markets (ESMs). First, it aims to examine the effect of investor sentiment on herding. Second, it seeks the direction of causality between sentiment and herding time series.Design/methodology/approachThe present study applies the Exponential Generalized Auto_Regressive Conditional Heteroskedasticity (EGARCH) model to capture the volatility clustering of herding on the financial market and to investigate the role of the investor sentiment on herding behaviour. Then the vector autoregression (VAR) estimation uses the Granger causality test to determine the direction of causality between the investor sentiment and herding. This study uses a sample consisting of stocks listed on the Shanghai Composite index (SSE) (348 stocks), the Jakarta composite index (JKSE) (118 stocks), the Mexico IPC index (14 stocks), the Russian Trading System index (RTS) (12 stocks), the Warsaw stock exchange General index (WGI) (106 stocks) and the FTSE/JSE Africa all-share index (76 stocks). The sample includes 5,020 daily observations from February 1, 2002, to March 31, 2021.FindingsThe research findings show that the sentiment has a significant negative impact on the herding behaviour pointing out that the higher the investor sentiment, the lower the herding. However, the results of the present study indicate that a higher investor sentiment conducts a higher herding behaviour during market downturns. Then the outcomes suggest that during the crisis period, the direction is one-way, from the investor sentiment to the herding behaviour.Practical implicationsThe findings may have implications for universal policies of financial regulators in EMs. We have found evidence that the Emerging investor sentiment contributes to the investor herding behaviour. Therefore, the irrational investor herding behaviour can increase the stock market volatility, and in extreme cases, it may lead to bubbles and crashes. Market regulators could implement mechanisms that can supervise the investor sentiment and predict the investor herding behaviour, so they make policies helping stabilise stock markets.Originality/valueThe originality of this paper lies in investigate the sentiment-herding relationship during the Surprime crisis and the Covid-19 epidemic in the EMs.	"Financial crisis; Investor sentiment; Herding behaviour; Covid-19 epidemic"	"INVESTOR SENTIMENT; STOCK-MARKET; CRISES; LIQUIDITY; INFORMATION; RETURNS; BUBBLES; MOOD"	"Messaoud, D; Ben Amar, A"	EUROMED JOURNAL OF BUSINESS	2025	10.1108/EMJB-08-2023-0209	1450-2194	Article	Business	Business & Economics	2YP9E
A_screen_first	21	include			"Q1; Q2"	"Q1 analytical/modeling; Q2 GARCH/HAR"	"econometric: GARCH/HAR; analytical/modeling context"	"market; volatility; COVID; GARCH/HAR; analytical/modeling; target region"	Investor attention fluctuation and stock market volatility: Evidence from China	This paper examines the linkage between Chinese stock market volatility and investor attention fluctuation. In Heterogeneous autoregressive (HAR) model, first, we analyzed the linkage between both decomposed and undecomposed stock market realized volatility and investor attention fluctuations across full-sample and two-year moving window sub-samples. Second, we compare the predictive power of four models in short-, medium-, and long-term volatility forecasting. Empirical results show large positive attention fluctuation amplified Chinese stock market volatility after the outbreak of COVID-19, and negative small attention fluctuation significantly stabilized stock market volatility before COVID-19, and the impact dwindled in after COVID-19. The model incorporating decomposed realized volatility and decomposed attention fluctuation performs better in volatility Forecasting. This research underscores a shift in the dynamics between stock market volatility and investor attention fluctuations, and investor attention fluctuation improves the volatility forecasting accuracy of the Chinese stock market.		"MODEL; TALK"	"Yang, TJ; Zhuo, SQ; Yang, YS"	PLOS ONE	2023	10.1371/journal.pone.0293825	1932-6203	Article	Multidisciplinary Sciences	Science & Technology - Other Topics	CI0L9
A_screen_first	21	include			"Q1; Q2"	"Q1 analytical/modeling; Q2 GARCH/HAR"	"econometric: GARCH/HAR; analytical/modeling context"	"market; volatility; COVID; GARCH/HAR; analytical/modeling; target region"	COVID-19 Impact on Stock Markets: A Multiscale Event Analysis Perspective	The existing literature primarily examined the impact of unexpected events on the stock market at a single scale, posing the challenge of a lack of multiscale analysis. This paper investigates the impact of COVID-19 on stock markets (China, the U.S., and Hong Kong) from a multiscale perspective using an improved ensemble empirical mode decomposition (EEMD)-based event analysis method. First, the stock price series is decomposed into several independent intrinsic mode functions (IMFs) and a residue. Second, a novel composition method is proposed to reconstruct the IMFs into three components: high-frequency, low-frequency, and long-term trend. We find that the composition of low-frequency and long-term trend components is dominant, which is used to estimate the strength of COVID-19 impact on the stock markets. In addition, the outbreak of COVID-19 significantly increased the intensity of short-term fluctuations in stock prices. Finally, the high-frequency component is analyzed to capture the volatility spillover effects among the three stock markets by the BEKK(Baba-Engle-Kraft-Kroner)-GARCH model. The results show that before the outbreak, there are two-way volatility spillovers between any two of the three markets. After the outbreak, there is no spillover effect between China and Hong Kong, and Hong Kong has no spillover effect on the U.S. However, volatility in the U.S. market still has a significant spillover effect on the other two markets, implying that a mature market can absorb new information more quickly.	"Stock markets; EEMD; Multiscale event analysis; BEKK-GARCH; C53; C6; C8"	"EMPIRICAL MODE DECOMPOSITION; INTERVENTION ANALYSIS"	"Li, HL; Xu, GL; Huang, Q; Ruan, RB; Zhang, WG"	COMPUTATIONAL ECONOMICS	2024	10.1007/s10614-023-10448-6	0927-7099	Article	"Economics; Management; Mathematics, Interdisciplinary Applications"	"Business & Economics; Mathematics"	MC0E9
A_screen_first	21	include			"Q1; Q2"	"Q1 analytical/modeling; Q2 GARCH/HAR"	"econometric: GARCH/HAR; analytical/modeling context"	"market; volatility; COVID; GARCH/HAR; analytical/modeling; target region"	Retrospective on the importance of sustainability in investor thinking before and after the COVID-19 syndemic	"Non-Technical Summary The COVID-19 syndemic had a strong impact on financial market volatility. This study compares traditional indices, such as the Standard & Poor's (S&P) 500 and the Euro Stoxx 50, with their sustainable counterparts; the Dow Jones Sustainability World Index (DJSWI); and the EURO STOXX Sustainability Index. The results show that the sustainable indices were more stable and less volatile before and after the crisis, suggesting that investors perceive less risk in sustainable companies. These findings reinforce the importance of considering sustainability in investment decisions, especially in times of uncertainty.Technical Summary With the ever-increasing importance of sustainability, it is a good time for a retrospective on the impact of the COVID-19 polycrisis on stock market volatility through a comparison of traditional indices such as the S&P 500 and the Euro Stoxx 50, with their sustainability counterparts; the DJSWI; and the EURO STOXX Sustainability Index. Using GJR-GARCH and E-GARCH models, the study reveals that sustainability indices exhibited greater stability and lower volatility before and after the syndemic, suggesting a lower risk perception by investors in sustainable companies. The implied volatility analysis confirms this stability, showing a more significant impact on traditional indices. Although all indices experienced greater sensitivity to negative shocks, sustainable indices showed a faster and more consistent recovery. These findings highlight the importance of considering sustainability factors in risk assessment and investment decision-making, especially in times of crisis.Social Media Summary Sustainable indices in Europe and the USA showed lower volatility and faster recovery after COVID-19 polycrisis."	"COVID-19; GARCH; stock markets; sustainability; volatility"	"MILLENNIUM DEVELOPMENT GOALS; VOLATILITY; RETURNS"	"Sanz-Martín, L; Parra-Domínguez, J; Corchado, JM"	GLOBAL SUSTAINABILITY	2025	10.1017/sus.2025.18		Article	"Green & Sustainable Science & Technology; Environmental Sciences; Environmental Studies"	"Science & Technology - Other Topics; Environmental Sciences & Ecology"	6KT7A
A_screen_first	21	include			"Q1; Q3"	"Q1 analytical/modeling; Q3 AI/ML/DL"	"AI/ML/DL; analytical/modeling context"	"market; volatility; COVID; AI/ML/DL; analytical/modeling; target region"	COVID-19 and stock market volatility: An industry level analysis	COVID-19 has had significant impact on US stock market volatility. This study focuses on understanding the regime change from lower to higher volatility identified with a Markov Switching AR model. Utilizing machine learning feature selection methods, economic indicators are chosen to best explain changes in volatility. Results show that volatility is affected by specific economic indicators and is sensitive to COVID-19 news. Both negative and positive COVID-19 information is significant, though negative news is more impactful, suggesting a negativity bias. Significant increases in total and idiosyncratic risk are observed across all industries, while changes in systematic risk vary across industry.	"COVID-19; Stock market volatility; Industry; Total risk; Idiosyncratic risk; Machine Learning Feature Selection"		"Baek, S; Mohanty, SK; Glambosky, M"	FINANCE RESEARCH LETTERS	2020	10.1016/j.frl.2020.101748	1544-6123	Article	Business, Finance	Business & Economics	PB8DI
A_screen_first	21	maybe		focus on methodology	"Q1; Q2"	"Q1 analytical/modeling; Q2 GARCH/HAR"	"econometric: GARCH/HAR; analytical/modeling context"	"market; volatility; COVID; GARCH/HAR; analytical/modeling; target region"	Economic uncertainty and stock market asymmetric volatility: analysis based on the asymmetric GARCH-MIDAS model	PurposeWe aim to clarify the effect of economic uncertainty on Chinese stock market fluctuations. We extend the understanding of the asymmetric connectedness between economic uncertainty and stock market risk and provide different characteristics of spillovers from economic uncertainty to both upside and downside risk. Furthermore, we aim to provide the different impact patterns of stock market volatility following several exogenous shocks.Design/methodology/approachWe construct a Chinese economic uncertainty index using a Factor-Augmented Variable Auto-Regressive Stochastic Volatility (FAVAR-SV) model for high-dimensional data. We then examine the asymmetric impact of realized volatility and economic uncertainty on the long-term volatility components of the stock market through the asymmetric Generalized Autoregressive Conditional Heteroskedasticity-Mixed Data Sampling (GARCH-MIDAS) model.FindingsNegative news, including negative return-related volatility and higher economic uncertainty, has a greater impact on the long-term volatility components than positive news. During the financial crisis of 2008, economic uncertainty and realized volatility had a significant impact on long-term volatility components but did not constitute long-term volatility components during the 2015 A-share stock market crash and the 2020 COVID-19 pandemic. The two-factor asymmetric GARCH-MIDAS model outperformed the other two models in terms of explanatory power, fitting ability and out-of-sample forecasting ability for the long-term volatility component.Research limitations/implicationsMany GARCH series models can also combine the GARCH series model with the MIDAS method, including but not limited to Exponential GARCH (EGARCH) and Threshold GARCH (TGARCH). These diverse models may exhibit distinct reactions to economic uncertainty. Consequently, further research should be undertaken to juxtapose alternative models for assessing the stock market response.Practical implicationsOur conclusions have important implications for stakeholders, including policymakers, market regulators and investors, to promote market stability. Understanding the asymmetric shock arising from economic uncertainty on volatility enables market participants to assess the potential repercussions of negative news, engage in timely and effective volatility prediction, implement risk management strategies and offer a reference for financial regulators to preemptively address and mitigate systemic financial risks.Social implicationsFirst, in the face of domestic and international uncertainties and challenges, policymakers must increase communication with the market and improve policy transparency to effectively guide market expectations. Second, stock market authorities should improve the basic regulatory system of the capital market and optimize investor structure. Third, investors should gradually shift to long-term value investment concepts and jointly promote market stability.Originality/valueThis study offers a novel perspective on incorporating a Chinese economic uncertainty index constructed by a high-dimensional FAVAR-SV model into the asymmetric GARCH-MIDAS model.	"Economic uncertainty; Asymmetric effect; Long-term volatility component; GARCH-MIDAS; C32; C53; G17"	"FINANCIAL CRISIS; POLICY"	"Wang, ZF; Xing, TC; Wang, X"	INTERNATIONAL JOURNAL OF EMERGING MARKETS	2024	10.1108/IJOEM-05-2023-0841	1746-8809	"Article; Early Access"	"Business; Economics; Management"	Business & Economics	IR6N2
A_screen_first	21	exclude		methodology, weak link to global stock markets	"Q1; Q3"	"Q1 analytical/modeling; Q3 AI/ML/DL"	"AI/ML/DL; analytical/modeling context"	"market; volatility; COVID; AI/ML/DL; analytical/modeling; target region"	COVID19-MLSF: A multi-task learning-based stock market forecasting framework during the COVID-19 pandemic	The sudden outbreak of COVID-19 has dramatically altered the state of the global economy, and the stock market has become more volatile and even fallen sharply as a result of its negative impact, heightening investors' apprehension regarding the correlation between unexpected events and stock market volatility. Additionally, internal and external characteristics coexist in the stock market. Existing research has struggled to extract more effective stock market features during the COVID-19 outbreak using a single time-series neural network model. This paper presents a framework for multitasking learning-based stock market forecasting (COVID-19-MLSF), which can extract the internal and external features of the stock market and their relationships effectively during COVID-19.The innovation comprises three components: designing a new market sentiment index (NMSI) and COVID-19 index to represent the external characteristics of the stock market during the COVID-19 pandemic. Besides, it introduces a multi-task learning framework to extract global and local features of the stock market. Moreover, a temporal convolutional neural network with a multi-scale attention mechanism is designed (MA-TCN) alongside a Multi-View Convolutional-Bidirectional Recurrent Neural Network with Temporal Attention (MVCNN-BiLSTM-Att), adjusting the model to account for the changing status of COVID-19 and its impact on the stock market. Experiments indicate that our model achieves superior performance both in terms of predicting the accuracy of the China CSI 300 Index during the COVID-19 period and in terms of sing market trading.	"Stock market forecasting; COVID-19 pandemic; Multi-task learning; Feature fusion; K-nearest neighbor classifier"	"INVESTOR SENTIMENT; PRICE PREDICTION"	"Yuan, CX; Ma, X; Wang, H; Zhang, CM; Li, XM"	EXPERT SYSTEMS WITH APPLICATIONS	2023	10.1016/j.eswa.2023.119549	0957-4174	Article	"Computer Science, Artificial Intelligence; Engineering, Electrical & Electronic; Operations Research & Management Science"	"Computer Science; Engineering; Operations Research & Management Science"	8K1OD
A_screen_first	21	exclude		football market	"Q1; Q2"	"Q1 analytical/modeling; Q2 GARCH/HAR"	"econometric: GARCH/HAR; analytical/modeling context"	"market; volatility; COVID; GARCH/HAR; analytical/modeling; target region"	Effects of COVID-19 on Football Stock Market's Return and Uncertainty	The cancellation of mass gatherings was one of the earliest measures implemented to combat the spread of COVID-19. One of the sectors affected by this situation was sports organizations. The study aimed to analyze the impact of COVID-19 on the returns and volatility of football club stocks using mean and variance estimates. In line with this aim, the Stoxx Football Index was used to estimate the stocks of football clubs, and a dummy variable was used to estimate the effect of COVID-19. According to the analyses, it was found that COVID-19 had a negative and statistically significant impact on football index revenue. On the other hand, the results of the second moment analysis, the EGARCH-X model, suggested an increase in the Stoxx Football Index conditional variance (volatility) due to COVID-19.	"coronavirus; football stock market; ARIMA; EGARCH"	"TIME-SERIES; EVENTS; SOCCER; SPORT; PERFORMANCE; PERCEPTION; SENTIMENT; BEHAVIOR"	"Bedir, F; Bozma, G; Turan, M; Mizrak, O"	INTERNATIONAL JOURNAL OF SPORT FINANCE	2022	10.32731/ijsf.173.082022.02	1558-6235	Article	Hospitality, Leisure, Sport & Tourism	Social Sciences - Other Topics	P8786
A_screen_first	21	exclude		methodology, financial market	"Q1; Q3"	"Q1 analytical/modeling; Q3 AI/ML/DL"	"AI/ML/DL; analytical/modeling context"	"market; volatility; COVID; AI/ML/DL; analytical/modeling; target region"	A large-scale microblog dataset and stock movement prediction based on Supervised Contrastive Learning model	"The integration of Deep Neural Networks (DNN) with Natural Language Processing (NLP) technologies has opened new avenues in financial market prediction, particularly through the utilization of textual information. This study represents a significant advancement, which offers two primary contributions to stock trend prediction: (i) the exploitation of textual data (news, comments, microblogs) using advanced DNN architectures, enhancing market information utilization; (ii) significant improvement of the accuracy of predicting the direction of stock volatility by integrating textual and neural network technologies. Meanwhile, we have crawled, filtered, and constructed a large-scale microblog dataset. This dataset includes approximately 114,992 microblog textual data from 40 Science and Technology Innovation Board (STIB) companies in China during 2021. We conducted a comprehensive analysis using various DNN techniques, including Feedback Neural Networks (FNN), Supervised Contrastive Learning (SCL), Cross Entropy (CE), and Dual Contrastive Learning (DualCL), in conjunction with bag of words models, BERT, and Roberta compilers. Our findings reveal that the SCL method, when combined with microblog data, significantly increases prediction accuracy, particularly during the COVID-19 period. Furthermore, we discovered that using a cross -stock dataset enhances the accuracy of all prediction methods, and random allocation of microblog data leads to better results than sequential allocation. Additionally, we compared the efficacy of traditional models like the CAPM, three -factor, and five -factor models against neural network -based methods. Our results suggest a notable superiority of the SCL method in increasing prediction accuracy. Finally, applying our findings to real -world trading strategies, we demonstrated the practical advantages of using the SCL method in trading, evidenced by significant improvements across all performance indicators."	"Supervised Contrastive Learning; Stock market; A large-scale microblog dataset; Natural Language Processing"	"SENTIMENT; NETWORK; PRICES; NEWS"	"Yang, S; Tang, D"	NEUROCOMPUTING	2024	10.1016/j.neucom.2024.127583	0925-2312	Article	Computer Science, Artificial Intelligence	Computer Science	QZ3A7
A_screen_first	21	include			"Q1; Q3"	"Q1 analytical/modeling; Q3 AI/ML/DL"	"AI/ML/DL; analytical/modeling context"	"market; volatility; COVID; AI/ML/DL; analytical/modeling; target region"	Machine and deep learning-based stock price prediction during the COVID-19 pandemic: the case of CAC 40 index	PurposeThe goal of this study is to investigate the predictive performance of the machine and deep learning methods in predicting the CAC 40 index and its 40 constituent prices of the French stock market during the COVID-19 pandemic. The study objective in forecasting the CAC 40 index is to analyze if the index and the individual prices will preserve the continuous increase they acquired at the beginning of the administration of vaccination and containment measures or if the negative effect of the pandemic will be reflected in the future.Design/methodology/approachThe authors apply two machine and deep learning methods (KNN and LSTM) and compare their performances to ARIMA time series model. Two scenarios have been considered: optimistic (high values) and pessimistic (low values) and four periods are examined: the period before COVID-19 pandemic, the period during the COVID-19, and the period of vaccination and containment. The last period is divided into two sub-periods: the test period and the prediction period.FindingsThe authors found that the KNN method performed better than LSTM and ARIMA in forecasting the CAC 40 index for both scenarios. The authors also identified that the positive effect of vaccination and containment outweighs the negative effect of the pandemic, and the recovery pattern is not even among major companies in the stock market.Practical implicationsThe study empirical results have valuable practical implications for companies in the stock market to respond to unexpected events such as COVID-19, improve operational efficiency and enhance long-term competitiveness. Companies in the transportation sector should consider additional investment in R&D on communication and information technology, accelerate their digital capabilities, at least in some parts of their businesses, develop plans for lights out factories and supply chains to keep pace with changing times, and even include big data resources. Additionally, they should also use a mix of financing sources and securities in order to diversify their capital structure, and not rely only on equity financing as their share prices are volatile and below the pre-pandemic level. Considering portfolio allocation, the transportation sector was severely affected by the pandemic. This displays that transportation equities fail to be a candidate as a good diversifier during the health crisis. However, the diversification would be worth it while including assets related to the banking and industrial sectors. On another strand, the instability of this period induced an informational asymmetry among investors. This pessimistic mood affected the assets' value and created a state of disequilibrium opening up more opportunities to benefit from potential arbitrage profits.Originality/valueThe impact of COVID-19 on stock markets is significant and affects investor behavior, who suffered amplified losses in a very short period of time. In this regard, correct and well-informed decision-making by investors and other market participants requires careful analysis and accurate prediction of the stock markets during the pandemic. However, few studies have been conducted in this area, and those studies have either concentrated on some specific stock markets or did not apply the powerful machine learning and deep learning techniques such as LSTM and KNN. To the best of our knowledge, no research has been conducted that used these techniques to assess and forecast the CAC 40 French stock market during the pandemic. This study tries to close this gap in the literature.	"CAC 40 index; COVID-19; KNN; LSTM; Machine and deep learning; Stock markets"	"MARKET; REGRESSION"	"Lachaab, M; Omri, A"	EUROMED JOURNAL OF BUSINESS	2024	10.1108/EMJB-05-2022-0104	1450-2194	Article	Business	Business & Economics	M8N8Y
A_screen_first	21	include			"Q1; Q2"	"Q1 analytical/modeling; Q2 GARCH/HAR"	"econometric: GARCH/HAR; analytical/modeling context"	"market; volatility; COVID; GARCH/HAR; analytical/modeling; target region"	Does the COVID-19 outbreak affect dynamic co-movement among the stock markets of China, Japan, and the USA?	The research examines the effect of the COVID-19 outbreak on the dynamic co-movement of the stock markets of China, Japan, and the USA using a VAR model and a DCC-GJR-GARCH model. Especially, this study focuses on during and preceding the COVID period. This study data period extends from 1 January 2016 to 31 April 2022. The results demonstrate that COVID-19's effect increases stock market volatility. Meanwhile, the VAR model revealed that the USA's exogeneity was greater during COVID-19. In addition, the pre-crisis Granger Causality between China-USA and Japan-China is substantially higher than during the crisis. The findings of DCC-GJR-GARCH indicate the presence of volatility clustering in each of the stock markets. Moreover, the results suggest that the time-varying correlations between China and the USA during the pre-COVID period are greater than during the COVID period. The study's findings highlight that investors attempting to increase investment diversification opportunities worldwide should always consider dynamic co-movement in different periods to maximize returns and minimize risk.	"Dynamic co-movement; DCC-GJR-GARCH; stock markets; COVID-19; stock returns"	"GLOBAL FINANCIAL CRISIS; TIME-SERIES; UNIT-ROOT; IMPACT; CONTAGION; LINKAGES"	Li, HY	INTERNATIONAL JOURNAL OF FINANCIAL ENGINEERING	2025	10.1142/S2424786323500639	2424-7863	Article	Business, Finance	Business & Economics	0UO1Y
A_screen_first	21	include			"Q1; Q2"	"Q1 analytical/modeling; Q2 GARCH/HAR"	"econometric: GARCH/HAR; analytical/modeling context"	"market; volatility; COVID; GARCH/HAR; analytical/modeling; target region"	Volatility Modelling of the Johannesburg Stock Exchange All Share Index Using the Family GARCH Model	In numerous domains of finance and economics, modelling and predicting stock market volatility is essential. Predicting stock market volatility is widely used in the management of portfolios, analysis of risk, and determination of option prices. This study is about volatility modelling of the daily Johannesburg Stock Exchange All Share Index (JSE ALSI) stock price data between 1 January 2014 and 29 December 2023. The modelling process incorporated daily log returns derived from the JSE ALSI. The following volatility models were presented for the period: sGARCH(1, 1) and fGARCH(1, 1). The models for volatility were fitted using five unique error distribution assumptions, including Student's t, its skewed version, the generalized error and skewed generalized error distributions, and the generalized hyperbolic distribution. Based on information criteria such as Akaike, Bayesian, and Hannan-Quinn, the ARMA(0, 0)-fGARCH(1, 1) model with a skewed generalized error distribution emerged as the best fit. The chosen model revealed that the JSE ALSI prices are highly persistent with the leverage effect. JSE ALSI price volatility was notably influenced during the COVID-19 pandemic. The forecast over the next 10 days shows a rise in volatility. A comparative study was then carried out with the JSE Top 40 and the S&P500 indices. Comparison of the FTSE/JSE Top 40, S&P 500, and JSE ALLSI return indices over the COVID-19 pandemic indicated higher initial volatility in the FTSE/JSE Top 40 and S&P 500, with the JSE ALLSI following a similar trend later. The S&P 500 showed long-term reliability and high rolling returns in spite of short-run volatility, the FTSE/JSE Top 40 showed more pre-pandemic risk and volatility but reduced levels of rolling volatility after the pandemic, similar in magnitude for each index with low correlations among them. These results provide important insights for risk managers and investors navigating the South African equity market.	"family GARCH; forecasting; standard GARCH; volatility modelling"	BEHAVIOR	"Maingo, I; Ravele, T; Sigauke, C"	FORECASTING	2025	10.3390/forecast7020016		Article	Multidisciplinary Sciences	Science & Technology - Other Topics	4DT8A
A_screen_first	21	exclude		football duplicate	"Q1; Q2"	"Q1 analytical/modeling; Q2 GARCH/HAR"	"econometric: GARCH/HAR; analytical/modeling context"	"market; volatility; COVID; GARCH/HAR; analytical/modeling; target region"	Effects of COVID-19 on Football Stock Market's Return and Uncertainty	The cancellation of mass gatherings was one of the earliest measures implemented to combat the spread of COVID-19. One of the sectors affected by this situation was sports organizations. The study aimed to analyze the impact of COVID-19 on the returns and volatility of football club stocks using mean and variance estimates. In line with this aim, the Stoxx Football Index was used to estimate the stocks of football clubs, and a dummy variable was used to estimate the effect of COVID-19. According to the analyses, it was found that COVID-19 had a negative and statistically significant impact on football index revenue. On the other hand, the results of the second moment analysis, the EGARCH-X model, suggested an increase in the Stoxx Football Index conditional variance (volatility) due to COVID-19.	"coronavirus; football stock market; ARIMA; EGARCH"	"TIME-SERIES; EVENTS; SOCCER; SPORT; PERFORMANCE; PERCEPTION; SENTIMENT; BEHAVIOR"	"Bedir, F; Bozma, G; Turan, M; Mizrak, O"	INTERNATIONAL JOURNAL OF SPORT FINANCE	2022		1558-6235	Article	Hospitality, Leisure, Sport & Tourism	Social Sciences - Other Topics	4E9MR
A_screen_first	21	exclude		weak regions	"Q1; Q2"	"Q1 analytical/modeling; Q2 GARCH/HAR"	"econometric: GARCH/HAR; analytical/modeling context"	"market; volatility; COVID; GARCH/HAR; analytical/modeling; target region"	Dynamic Return and Volatility Forecasts for Selected Economies: An Analysis of the Covid-19 Pandemic and the Russo-Ukraine Saga	The goal of this paper is to forecast the return and volatility of specific emerging-market stock market returns. We gather adjusted daily closing prices covering the COVID-19 pandemic and RUSSO-Ukraine evasion, from December 31, 2019, to December 31, 2023. Standardised generalised autoregressive conditional heteroscedasticity (GARCH) models and autoregressive integrated moving averages (ARIMA) are used for empirical results. In terms of ARIMA, it shows that only 5 of the 11 countries have predictable stock returns when different autoregressive and moving average orders are followed. With reference to GARCH, it is discovered that every stock market records new information and experiences persistent volatility. It also shows that, in comparison, the volatility of the Chinese stock market is declining quickly. In order to help investors, portfolio managers, and stock market analysts make investment decisions based on expected return and risk, this paper provides insights.	"dynamic return; volatility forecast; COVID-19 pandemic; RUSSO-Ukraine saga; GARCH; ARIMA"		"Talha, M; Malhotra, G; Tabassum, S; Faisal, SM"	SAGE OPEN	2025	10.1177/21582440251369158	2158-2440	Article	Social Sciences, Interdisciplinary	Social Sciences - Other Topics	9VH7S
A_screen_first	21	include			"Q1; Q2"	"Q1 analytical/modeling; Q2 GARCH/HAR"	"econometric: GARCH/HAR; analytical/modeling context"	"market; volatility; COVID; GARCH/HAR; analytical/modeling; target region"	Chinese stock market volatility and herding behavior asymmetry during the COVID-19 pandemic	The primary purpose of this paper is to explore the herding behavior in the Chinese stock market during COVID-19 and the asymmetry of that behavior using the daily returns of A- and B-shares from 2 January 2019, to 15 October 2021. The study uses the cross-sectional absolute deviation model to analyze stock market herding behavior by non-linear polynomial regression. We show that the herding behavior in the Chinese stock market is more prominent during the COVID-19 pandemic. Herding behavior has a negative effect on stock market volatility. Moreover, such a suppressing effect weakened during the COVID-19 pandemic. There is an asymmetry in herding behavior during the bull and bear markets, which is helpful in our investigation of the market's volatility during the COVID-19 pandemic. The pronounced asymmetry in the herding behavior of the Chinese stock market during COVID-19 is assessed using the E-GARCH (p, q) model. The empirical results of the present study contribute to the literature about herding asymmetry by showing the herding behavior during the health crisis and bull and bear markets. It also helps reconcile the debate about the impact of herding on market stability and provides insightful guidance for investors wishing to invest in the Chinese stock market.	"herding behavior; Chinese stock market; CSAD model; E-GARCH model"	IMPACT	"Fei, F; Zhang, JN"	COGENT ECONOMICS & FINANCE	2023	10.1080/23322039.2023.2203436	2332-2039	Article	Economics	Business & Economics	E1TD0
A_screen_first	21	exclude		weak regions	"Q1; Q2"	"Q1 analytical/modeling; Q2 GARCH/HAR"	"econometric: GARCH/HAR; analytical/modeling context"	"market; volatility; COVID; GARCH/HAR; analytical/modeling; target region"	Dynamic Dependency between the Shariah and Traditional Stock Markets: Diversification Opportunities during the COVID-19 and Global Financial Crisis (GFC) Periods	The aim of the present research is to highlight whether there exist any diversification opportunities from investing in developed and developing countries' Shariah-compliant and non-Shariah-compliant stock markets during global financial crisis (GFC) and the COVID-19 pandemic periods. For this purpose, we employ daily data for both Shariah and non-Shariah indices from 29 October 2007 to 31 December 2021. The study uses multivariate GARCH-DCC and wavelet approaches to examine if there exist diversification opportunities in the selected markets. Evidence from this study shows that although the developing markets' stock returns experience high volatility of a similar degree, the conventional indices of Malaysia have the highest volatility among them. This shows that Shariah indices have less exposure to risk and higher possibilities of diversification compared to their conventional counterparts. Regarding developed markets, the Japanese conventional index and the U.S. Shariah indices are more volatile compared to other indices in the market. Moreover, the results of the wavelet power spectrum show significant and higher volatility during the COVID-19 pandemic rather than the GFC. Similarly, the Chinese conventional market experienced minimum variance during the GFC and COVID-19 pandemic period. On the other hand, the results of wavelet-coherence transform indicate that the Japanese Shariah-based market offered better portfolio opportunities for U.S. traders during the GFC and the COVID-19 pandemic periods. Hence, opportunities for investment in this selected market are basically close to zero. Therefore, investors should carefully choose which stocks they can include in their investment portfolio.	"dynamic dependency; Shariah and traditional stock markets; diversification opportunity; COVID-19; GFC"	"CO-MOVEMENTS; PORTFOLIO DIVERSIFICATION; VOLATILITY SPILLOVER; RISK; INDEXES; INVESTMENT; DCC; HETEROGENEITY; PERFORMANCE; BENEFITS"	"Tabash, MI; Sahabuddin, M; Abdulkarim, FM; Hamouri, B; Tran, DK"	ECONOMIES	2023	10.3390/economies11050149		Article	Economics	Business & Economics	H8HE0
A_screen_first	21	include			"Q1; Q2"	"Q1 analytical/modeling; Q2 GARCH/HAR"	"econometric: GARCH/HAR; analytical/modeling context"	"market; volatility; COVID; GARCH/HAR; analytical/modeling; target region"	A Comparative Analysis of the Nature of Stock Return Volatility in BRICS and G7 Markets	Through globalization and financial market liberalization, the opening up of markets has increased cross-border investments as investors search for higher risk-adjusted returns. This ability to invest internationally has raised the attention given to emerging markets that offer higher risk-adjusted returns relative to developed markets. However, despite the growing importance of emerging markets, the literature on the nature of volatility in global markets is typified by generalizations of findings from developed markets. To fill this gap, this study comparatively examined the nature of stock return volatility in developed G7 and emerging BRICS markets. Broad market index data and GARCH models over the period 2003:01-2020:08 were employed. The study found evidence of volatility persistence, asymmetry, mean reversion and weak evidence of a risk premium in both emerging and developed markets. There was also evidence of significant differences in the nature of volatility within the two sets of markets. These volatility patterns in both groups cast doubt on the assertion that developed markets are more informationally efficient than emerging markets. Thus, markets in the same group may not always have the same nature of volatility, especially in the wake of structural events such as the COVID-19 global pandemic.	"volatility; persistence; asymmetry; mean reversion; risk-return; BRICS; G7; COVID-19"	"REFERENCE-DEPENDENT PREFERENCES; TRADE-OFF; CONDITIONAL HETEROSKEDASTICITY; TIME-SERIES; UNIT-ROOT; LONG-RUN; RISK; INFORMATION; PERSISTENCE; BEHAVIOR"	"Muguto, L; Muzindutsi, PF"	JOURNAL OF RISK AND FINANCIAL MANAGEMENT	2022	10.3390/jrfm15020085	1911-8066	Article	Business, Finance	Business & Economics	ZU3HR
A_screen_first	21	include		careful about region	"Q1; Q2"	"Q1 analytical/modeling; Q2 GARCH/HAR"	"econometric: GARCH/HAR; analytical/modeling context"	"market; volatility; COVID; GARCH/HAR; analytical/modeling; target region"	Unleashing the pandemic volatility: A glimpse into the stock market performance of developed economies during COVID-19	"The COVID-19 pandemic has resulted in significant financial losses globally, increasing the volatility of financial assets. Thus, this study models the stock market volatility of developed economies during the COVID-19 pandemic. For this purpose, we used the GJR-GARCH (Albulescu, 2020; Albulescu, 2020) [1,1] econometric model on the daily time series returns data ranging from 01st-July-2019 to 18th-November-2020. The entire dataset was equally divided into two subsets; before COVID-19, and after the COVID-19. The empirical results of this study showed the presence of volatility clustering, leverage effect, and excess kurtosis indicating leptokurtic phenomena in all stock indices returns. In addition to this, it can be noted that compared to before COVID-19, the stock markets showed negative returns, and increased volatility during the COVID19. Hence, based on these findings, this study provides significant insights for global stock market investors and economic policymakers regarding financial portfolio construction particularly during crises times."	"COVID-19; Volatility; Developed markets; Stock indices; GJR-GARCH model"	"RISK; SKEWNESS; RETURN"	"Kayani, UN; Aysan, AF; Khan, M; Khan, M; Mumtaz, R; Irfan, M"	HELIYON	2024	10.1016/j.heliyon.2024.e25202		Article	Multidisciplinary Sciences	Science & Technology - Other Topics	LC2J9
A_screen_first	21	exclude		too specific	"Q1; Q2"	"Q1 analytical/modeling; Q2 GARCH/HAR"	"econometric: GARCH/HAR; analytical/modeling context"	"market; volatility; COVID; GARCH/HAR; analytical/modeling; target region"	To keep faith with homoskedasticity or to go back to heteroskedasticity? The case of FATANG stocks	"Did the pattern of US stock market volatility change due to COVID-19 or have the US stock markets been less volatile despite the pandemic shock? And as for tech stocks, are they even less volatile than the market overall? In this paper, we provide evidence in favor of a quietness in the stock markets, interrupted by COVID-19, by analyzing dispersion, skewness and kurtosis characteristics of the empirical distribution of nine returns series that include individual FATANG stocks (FAANG: Facebook, Amazon, Apple, Netflix and Google; plus Tesla) and US indices (S&P 500, DJIA and NASDAQ). In comparison with the years before, the daily average return after COVID-19 was 6.48, 2.58 and 2.34 times higher for Tesla, Apple and NASDAQ, respectively. In terms of volatility, the increase was more pronounced in the three stock indices when compared to the individual FATANG stocks. This paper also puts forward a new methodology based on semi-variance and semi-kurtosis. While the value of the ratio between semi-kurtosis and kurtosis is always higher than 70% for the three US stock indices, in the case of stocks the opposite is true, which highlights the importance of large positive returns when compared to negative ones. Structural breaks and conditional heteroskedasticity are also analyzed by considering the traditional symmetrical and asymmetrical GARCH models. We show that in the most recent past, despite the COVID-19 pandemic, the FATANG tech stocks are characterized mostly by conditional homoskedasticity, while the returns of US stock indices are characterized mainly by conditional heteroskedasticity."	"US stock markets; Volatility; Persistence; Half-life; Semi-kurtosis"	"STRUCTURAL BREAKS; ASSET RETURNS; GARCH MODELS; TIME-SERIES; VOLATILITY; MARKETS; PERSISTENCE; DEPENDENCE; VARIANCE"	Curto, JD	NONLINEAR DYNAMICS	2021	10.1007/s11071-021-06535-8	0924-090X	Article	"Engineering, Mechanical; Mechanics"	"Engineering; Mechanics"	SW8VO
A_screen_first	21	include			"Q1; Q2"	"Q1 analytical/modeling; Q2 GARCH/HAR"	"econometric: GARCH/HAR; analytical/modeling context"	"market; volatility; COVID; GARCH/HAR; analytical/modeling; target region"	Impact of unconventional monetary policy on stock market in selected economies during and post-COVID-19 pandemic	This study investigates the impact and effectiveness of unconventional monetary policy (UMP) interventions, specifically central bank policy announcements and asset purchases programs, across four major advanced economies, namely the United States (US), European Union (EU), United Kingdom (UK), and Japan during and post-COVID-19 pandemic. By utilizing the EGARCH (1,1)-X-MIDAS framework, the model captures both short-run and long-run components of stock market volatility by incorporating mixed-frequency exogenous variables of policy announcement and asset purchases. Covering the period from March 2020 to December 2023, the findings reveal that policy announcements had transient or insignificant effects on volatility, especially as market participants adjusted to well-communicated policy regimes. In contrast, the impact of asset purchases varied by economy and period: the US experienced volatility-dampening effects, while the EU, UK, and Japan exhibited volatility amplification in response to sustained interventions. These effects were found to be state-dependent and time-varying, reflecting differences in institutional credibility, market expectations, and macro-financial conditions. Robustness checks using a GJR-GARCH(1,1)-X-MIDAS model confirm the consistency of results under asymmetric volatility dynamics. Overall, the study provides new empirical evidence on the conditional effectiveness of UMP, highlighting its transmission through the volatility channel rather than mean returns.	"Unconventional monetary policy; Policy announcements; Asset purchases; Stock market volatility; Central banks; COVID-19 pandemic"	"LIQUIDITY; VOLATILITY; VARIANCE; RETURNS; PRICE; RISK"	"Li, YX; Lau, WY; Ng, KH"	ECONOMIC ANALYSIS AND POLICY	2025	10.1016/j.eap.2025.08.023	0313-5926	Article	Economics	Business & Economics	6TE8Z
A_screen_first	21	exclude		too specific regions	"Q1; Q2"	"Q1 analytical/modeling; Q2 GARCH/HAR"	"econometric: GARCH/HAR; analytical/modeling context"	"market; volatility; COVID; GARCH/HAR; analytical/modeling; target region"	Volatility Spillovers Between the U.S. and Romanian Markets: The BET-SFT-500 Dynamic Under Political Uncertainty	This paper analyzes the volatility relationship between the Romanian BET index and the U.S. SFT-500 index during the period 2019-2024, with a particular focus on the impact of political and geopolitical shocks. The study investigates whether financial markets in emerging economies react symmetrically or asymmetrically to external shocks originating from mature markets, especially during periods of political uncertainty. The research period includes four major systemic events: the COVID-19 pandemic, the military conflict in Ukraine, the 2024 U.S. presidential elections, and the 2024 Romanian elections, all of which generated significant volatility in global markets. The methodological approach combines time series econometrics with the Impulse Indicator Saturation (IIS) technique to identify structural breaks and outliers, without imposing exogenous assumptions about the timing of events. The econometric model includes autoregressive and lagged exogenous variables to estimate the influence of the SFT-500 index on the BET index, while IIS variables capture unanticipated political and economic shocks. Additionally, a Fractionally Integrated GARCH (FIGARCH) specification is applied to model the persistence of volatility over time, capturing the long-memory behavior often observed in emerging markets like Romania. The results confirm a statistically significant but partial synchronization between the two markets, with lagged and contemporaneous effects from the SFT-500 index on the BET index. Volatility in Romania is markedly higher and longer-lasting during domestic political episodes, confirming that local factors are a primary source of market instability. For investors, this underscores the need to embed political risk metrics into emerging market portfolios. For policymakers, it highlights how stronger institutions and transparent governance can dampen election- and crisis-related turbulence.	"financial volatility; political uncertainty; BET; SFT-500; exogenous impulses; emerging markets; econometric modeling; IIS (Impulse Indicator Saturation)"	"STOCK-MARKET; MODEL SELECTION; IMPACT"	"Aivaz, KA; Mastac, L; Jula, D; Vancea, DPC; Duhnea, C; Condrea, E"	RISKS	2025	10.3390/risks13080150		Article	Business, Finance	Business & Economics	6OS4N
A_screen_first	19	exclude			"Q1; Q3"	"Q1 analytical/modeling; Q3 AI/ML/DL"	"AI/ML/DL; analytical/modeling context"	"market; volatility; COVID; AI/ML/DL; analytical/modeling; target region"	Financial forecasting improvement with LSTM-ARFIMA hybrid models and non-Gaussian distributions	This article introduces a groundbreaking method for accurately forecasting financial stock market returns. The approach utilizes a hybrid neuro-autoregressive model, combined with a multi-objective decision-making phase, to determine the optimal distribution, offering significant relevance in modern finance. The proposal harnesses the impressive capabilities of the long short-term memory (LSTM) recurrent neural network, synergistically coupled with the autoregressive fractionally integrated moving-average (ARFIMA) model across various distribution options. This synergy enables precise management of a wide range of both linear and nonlinear time series data. Utilized on two prominent American stock market indices (Dow Jones Industrial Average (DJIA) and Dow Jones Islamic Market International Titans 100 (IMXL) between 1/2/2015 and 12/10/2020), the experimental findings unequivocally illustrate the hybrid model's supremacy over baseline models in accuracy and computational efficiency. Notably, the forecasting experiments conducted in both tranquil and turbulent periods underscore the stability and robustness of this approach. The model's adaptability and resilience make it a promising tool for precise financial stock market return forecasts, particularly crucial in informing decisionmaking within the financial industry. Furthermore, this proposed approach contributes to the expanding research on decision support systems for financial forecasting, potentially influencing policy and strategic financial management, particularly in addressing both stable and volatile market conditions.	"Decision support systems; Hybrid models; Deep neural networks; ARFIMA; Forecasting; Financial engineering; COVID-19 pandemic"	"UNIT-ROOT TEST; NEURAL-NETWORK"	"Saâdaoui, F; Rabbouch, H"	TECHNOLOGICAL FORECASTING AND SOCIAL CHANGE	2024	10.1016/j.techfore.2024.123539	0040-1625	Article	"Business; Regional & Urban Planning"	"Business & Economics; Public Administration"	XY7B1
A_screen_first	19	exclude		climate change	"Q1; Q2"	"Q1 analytical/modeling; Q2 GARCH/HAR"	"econometric: GARCH/HAR; analytical/modeling context"	"market; volatility; COVID; GARCH/HAR; analytical/modeling; target region"	Impact of climate change on dynamic tail-risk connectedness among stock market social sectors: Evidence from the US, Europe, and China	This paper studies the impact of climate change risk (including physical and transition risk) on the tail-risk connectedness among ten stock market social sectors in the US, Europe and China. To this end, we first combine ARMA-GJR-GARCH models with a time-varying parameter autoregression (TVP-VAR) approach to examine the transmission of tail-risk among sectors. Then, we use predictive regression models to examine the contribution of climate change to tail-risk spillovers. Over the sample period from January 2013 to September 2023, we obtain two main results. First, the COVID-19 epidemic has resulted in significantly greater losses for social sectors in the US and Europe than for those in China. Additionally, the industrial sector is a common source of tail-risk shocks across all three economies. Second, physical risk contributes to higher overall and directional tail-risk connectedness, while an increase in transition risk has the opposite effect on both. However, the impact of physical and transition risk on the net tail-risk connectedness for each sector shows both positive and negative effects. Our findings indicate that physical and transition risk have different effects on tail-risk connectedness among social sectors.	"Climate change; Physical risk; Transition risk; Tail-risk connectedness; TVP-VAR; VaR"	"IMPULSE-RESPONSE ANALYSIS; NATURAL DISASTERS; FINANCIAL FRAGILITY; VOLATILITY"	Cao, YF	NORTH AMERICAN JOURNAL OF ECONOMICS AND FINANCE	2025	10.1016/j.najef.2024.102319	1062-9408	Article	"Business, Finance; Economics"	Business & Economics	O4K2B
A_screen_first	19	include			"Q1; Q2"	"Q1 analytical/modeling; Q2 GARCH/HAR"	"econometric: GARCH/HAR; analytical/modeling context"	"market; volatility; COVID; GARCH/HAR; analytical/modeling; target region"	Effect of COVID-19 on risk spillover between fintech and traditional financial industries	"COVID-19 has affected China's financial markets; accordingly, we investigate the effect of COVID-19 on the risk spillover between fintech and traditional financial industries. Using data from April 25, 2012 to April 22, 2022, which we divide into two parts (before and during the COVID-19 periods), we model the dynamic risk spillover relationship following the DCC-GARCH-BEKK and MMV-MFDFA methods. The results show that: (1) The dynamic relationship between fintech and traditional finance is almost positive most of the time, and the dynamic correlations between fintech and realty (real estate development and operation) are the largest. The dynamic linkage between fintech and traditional finance declines after the COVID-19 outbreak. (2) There exists a risk spillover from fintech to every type of bank before and during the COVID-19 periods. Notably, the risk spillover effect of fintech to large state-owned banks and city commercial banks is the largest separately before and during the COVID-19 periods. Meanwhile, there exist a two-way risk spillover between fintech and almost all other traditional financial industries before and during the COVID-19 periods. (3) Owing to the COVID-19 pandemic, the risk spillover relationship, which is in pairs and in the system become more complex. (4) Regarding the whole system, the correlation in the system is anti-persistent most of the time. Moreover, there are large fluctuations and more complex characteristics during the COVID-19 outbreak. However, the whole system was smooth most of the time before the outbreak of the COVID-19 pandemic."	"COVID-19; risk volatility; fintech; traditional finance; MMV-MFDFA"	"INVESTMENT DECISIONS; GARCH"	"Zhou, HY; Li, SP"	FRONTIERS IN PUBLIC HEALTH	2022	10.3389/fpubh.2022.979808		Article	Public, Environmental & Occupational Health	Public, Environmental & Occupational Health	6I3IO
A_screen_first	19	maybe		weak link to covid, focus on shocks	"Q1; Q2"	"Q1 analytical/modeling; Q2 GARCH/HAR"	"econometric: GARCH/HAR; analytical/modeling context"	"market; volatility; COVID; GARCH/HAR; analytical/modeling; target region"	Investment Implications from the Analysis of Dynamic Conditional Correlations between Stock Index and Stock Index ETFs in China	Purpose - With the rapid expansion of ETFs around the world, various index ETFs have been introduced and significantly grown in China. This paper attempts to investigate the dynamic conditional correlation among stock indexes and ETFs in China, which are assumed to be closely related in nature. Design/Methodology - This paper examines the dynamic conditional correlation among the Chinese CSI 300 Index, AMC CSI 300 ETF Index, and E Fund Seeded CSI 300 ETF Index using the ARMA DCC GARCH model. Findings - Numerous studies provide evidence that abnormal shocks in advanced stock markets, such as US and EU markets, disseminate to the indexes and index ETFs in a different manner. This paper shows that the dynamic conditional correlation among these indexes is quite strong, suggesting the presence of co-movement. Additionally, stronger co-movement is observed during financial crises, such as the China stock market crash in 2015 and the COVID-19 pandemic after 2020. Our study highlights that although the AMC CSI 300 ETF and the E Fund Seed CSI 300 ETF Index track the China CSI 300 Index, they exhibit different patterns at specific moments, such as financial crises, stock market crashes, and the COVID-19 epidemic. Originality/value - The results of this paper provides insight into the dynamic co-movement of China's Index ETFs. The findings in this paper will also offer implications for investment strategies and risk management for Korean passive institutional investors with stakes in Chinese stock indexes and ETFs in the asset allocation process.	"ARMA-DCC-GARCH Model; China Stock Market; Dynamic Conditional Correlation"	"PRICE DISCOVERY; GARCH MODEL; VOLATILITY; MARKETS; HETEROSCEDASTICITY; EFFICIENCY; FUTURES; RETURN"	"Ma, XS; Kim, ST"	JOURNAL OF KOREA TRADE	2024	10.35611/jkt.2024.28.6.225		Article	Economics	Business & Economics	M7Q3O
A_screen_first	19	include			"Q1; Q2"	"Q1 analytical/modeling; Q2 GARCH/HAR"	"econometric: GARCH/HAR; analytical/modeling context"	"market; volatility; COVID; GARCH/HAR; analytical/modeling; target region"	How the effective reproductive number impacts global stock markets	The pandemic caused by the novel coronavirus COVID-19 has impact the economies of countries across the world. In a short period of time, researchers have begun to analyse the effect of the pandemic on global stock markets. Although the most known measurements of COVID-19 are the number of new cases and deaths, there are more robust indicators. In particular, the effective reproductive number is one of the most important indicators to analyse the pandemic which indicates the degree to which the spread is under control. In this paper, we assess the impact that the Effective Reproductive Number (Rt) has on 26 countries around the world (32 stock market indexes) comparing the performance of various forms of Generalized AutoRegressive Conditional Heteroskedasticity models. The results demonstrate that of the 32 stock markets analysed, 37.5% had a negative effect with respect to Rt and only in 12.5% of the cases was the effect of the variation of Rt positive. This implies that in more than a third of the stock markets analysed as the pandemic progressed uncontrolled the result was a decrease in the value of the market index. The 11 of the 26 countries analysed had a negative and significant effect (Brazil, Germany, Indonesia, Israel, Italy, Japan, Russia, South Korea, Sweden, Taiwan, and United States). Findings suggest that the Effective Reproductive Number volatility had a significant impact on 10 of the 26 countries analysed (38.5%) (Australia, Brazil, Canada, China, India, Italy, Mexico, Russia, Singapore and United Kingdom).	"COVID19; effective reproductive number; Garch models; stock markets; volatility"	COVID-19	"Kristjanpoller, W; Michell, K; Minutolo, MC"	INTERNATIONAL JOURNAL OF FINANCE & ECONOMICS	2024	10.1002/ijfe.2772	1076-9307	Article	Business, Finance	Business & Economics	NB9G6
A_screen_first	19	exclude		japan, korea	"Q1; Q2"	"Q1 analytical/modeling; Q2 GARCH/HAR"	"econometric: GARCH/HAR; analytical/modeling context"	"market; volatility; COVID; GARCH/HAR; analytical/modeling; target region"	Asymmetric volatility transmission across Northeast Asian stock markets	"This paper investigates various aspects of asymmetric connectedness among the stock markets in China, Japan, and Korea. Based on the realized semi-volatility indices, we find that the impact of bad volatility strictly dominates good volatility in generating transmission across the Northeast Asian markets. We also present evidence that the impacts of the U.S. volatility shock on other countries have been due primarily to bad volatility. In the dynamic analysis, we observe highly volatile patterns in the connectedness measures with several peaks during major economic shocks. Most influential episodes of volatility connectedness have been witnessed, inter alia, during the global financial crisis and the European debt crisis. The recent COVID-19 pandemic has also caused turmoil by damaging the health of the global financial market.& nbsp;Copyright (C)& nbsp;2021, Borsa Istanbul Anonim Sirketi. Production and hosting by Elsevier B.V.& nbsp;"	"Asymmetric connectedness; Realized semi-volatility; HAR-RV model; Northeast Asian stock markets; COVID-19 pandemic"	"INTERNATIONAL TRANSMISSION; CONNECTEDNESS; SPILLOVERS; LINKAGES; MODEL; BAD; US"	"Lee, WS; Lee, HS"	BORSA ISTANBUL REVIEW	2022	10.1016/j.bir.2021.06.004	2214-8450	Article	"Business, Finance; Economics"	Business & Economics	1C0CH
A_screen_first	19	include			"Q1; Q2"	"Q1 analytical/modeling; Q2 GARCH/HAR"	"econometric: GARCH/HAR; analytical/modeling context"	"market; volatility; COVID; GARCH/HAR; analytical/modeling; target region"	Contagion Risk in Equity Markets During Financial Crises and COVID-19: A Comparison of Developed and Emerging Markets	This study compared the impact of the Global Financial Crisis (GFC) and the COVID-19 pandemic on financial market contagion between developed and emerging markets. A DCC-GARCH model was employed to test the contagion effects of developed and emerging markets using weekly returns for the S&P 500 (US), FTSE-100 (UK), ASX 200 (AUS), IBOVESPA (BRA), BSE SENSEX (IND) and BVM IPC (MEX). The results show that there was a persuasive case made for the integration of markets for efficient financial systems. A crisis occurring in one market holds significant repercussions for any of the connected markets. The findings show that the COVID-19 pandemic affected all the markets more severely than the GFC and contagion effects were more pronounced in emerging markets than in developed markets during the GFC and the pandemic. Consequently, policymakers in emerging markets should implement policies that reduce external vulnerabilities and improve their markets' stability to reduce the impact of contagion risk.	"contagion; financial crisis; COVID-19; DCC-GARCH model; internationalization"	"DYNAMIC CONDITIONAL CORRELATION; STOCK-MARKET; VOLATILITY; DCC"	"Muzindutsi, PF; Sheodin, A; Moodley, J; Moodley, K; Naidoo, M; Ramjiyavan, P; Moonsamy, R; Pillay, TA; Dube, F"	SCIENTIFIC ANNALS OF ECONOMICS AND BUSINESS	2022	10.47743/saeb-2022-0026	2501-1960	Article	Economics	Business & Economics	7S8QQ
A_screen_first	19	maybe		cross market interactions	"Q1; Q2"	"Q1 analytical/modeling; Q2 GARCH/HAR"	"econometric: GARCH/HAR; analytical/modeling context"	"market; volatility; COVID; GARCH/HAR; analytical/modeling; target region"	Cross-Market Correlations and Financial Contagion from Developed to Emerging Economies: A Case of COVID-19 Pandemic	In the event that the COVID-19 pandemic spreads across various stock markets, this study may be deemed as one of the primary studies to evaluate cross-market interactions. The study examines the spread of contagious effects originating from developed economies (the United States, the United Kingdom, and Japan) to selected emerging markets (China, India, Thailand, Taiwan, Egypt, South Africa, Saudi Arabia, and the United Arab Emirates). The countries studied are classified into three regions: developed economies, Asia, and Africa and the Middle East. The crisis period is identified with the deployment of the Markov regime-switching model. The conditional correlations are compared before and after the crisis episode using the time-varying multivariate DCC-GARCH model. The findings confirm that certain emerging markets are experiencing contagion from developed markets, while others remain unaffected. Overall, investors in the two regions examined (Asia, and Africa and the Middle East) have comparable diversification options. The findings are expected to bolster policymakers and international agencies in developing post-crisis measures.	"co-movement; COVID-19; DCC-GARCH; financial contagion; stock markets"	"GLOBAL EQUITY MARKETS; ASIAN STOCK MARKETS; CRISIS EVIDENCE; NO CONTAGION; INTERDEPENDENCE; VOLATILITY; TESTS; UK; US"	"Siddiqui, TA; Khan, MF; Naushad, M; Syed, AM"	ECONOMIES	2022	10.3390/economies10060147		Article	Economics	Business & Economics	2N3ES
A_screen_first	19	exclude		weak link to wanted markets	"Q1; Q2"	"Q1 analytical/modeling; Q2 GARCH/HAR"	"econometric: GARCH/HAR; analytical/modeling context"	"market; volatility; COVID; GARCH/HAR; analytical/modeling; target region"	Volatility spillovers among MIST stock markets	This paper examines the effects of volatility spillover between MIST stock markets. We used daily data from January 3, 2012, to November 16, 2021, and the test of causality in variance, including structural breaks. First, we observed no structural break for Turkey and Indonesia, but there is a structural break in each South Korean and Mexican stock markets. A structural break is found for Mexico the day, aka El Betito was arrested. Likewise, we detected a structural break on the first day of the Covid-19 case for South Korea. We surprisingly observed that Covid-19 did not cause a structural break in these markets during the period analyzed, except in South Korea. GARCH (1,1) models, including structural breaks, show that all series are temporarily and permanently affected by their own shocks. The causality in variance test reveals that MIST countries have volatility spillover effects on each other. There is bidirectional causality in variance between all markets, except South Korea and Mexico. The Mexican stock market is a volatility transmitter for South Korea, but vice versa. The paper indicates a connection in terms of the financial markets of MIST countries, and they are affected by each other's shocks, according to the study results.	"volatility; spillover; causality in variance; structural break; MIST countries"	"GLOBAL FINANCIAL CRISIS; CAUSALITY-IN-VARIANCE; BRICS; CHINA; US; TRANSMISSION; CONTAGION; RETURNS; PRICE"	Sevinç, D	DATA SCIENCE IN FINANCE AND ECONOMICS	2022	10.3934/DSFE.2022004		Article	"Business, Finance; Economics; Social Sciences, Mathematical Methods"	"Business & Economics; Mathematical Methods In Social Sciences"	R1QU6
A_screen_first	19	exclude		old data only until 2021	"Q1; Q2"	"Q1 analytical/modeling; Q2 GARCH/HAR"	"econometric: GARCH/HAR; analytical/modeling context"	"market; volatility; COVID; GARCH/HAR; analytical/modeling; target region"	Preventing crash in stock market: The role of economic policy uncertainty during COVID-19	This paper investigates the impact of economic policy uncertainty (EPU) on the crash risk of US stock market during the COVID-19 pandemic. To this end, we use the GARCH-S (GARCH with skewness) model to estimate daily skewness as a proxy for the stock market crash risk. The empirical results show the significantly negative correlation between EPU and stock market crash risk, indicating the aggravation of EPU increase the crash risk. Moreover, the negative correlation gets stronger after the global COVID-19 outbreak, which shows the crash risk of the US stock market will be more affected by EPU during the epidemic.	"COVID-19; Economic policy uncertainty; Crash risk; Skewness"	VOLATILITY	"Dai, PF; Xiong, X; Liu, ZF; Huynh, TLD; Sun, JJ"	FINANCIAL INNOVATION	2021	10.1186/s40854-021-00248-y		Article	"Business, Finance; Social Sciences, Mathematical Methods"	"Business & Economics; Mathematical Methods In Social Sciences"	RU0ID
A_screen_first	19	exclude		weak regions	"Q1; Q2"	"Q1 analytical/modeling; Q2 GARCH/HAR"	"econometric: GARCH/HAR; analytical/modeling context"	"market; volatility; COVID; GARCH/HAR; analytical/modeling; target region"	1The Contagion Effect from U.S. Stock Market to the Vietnamese and the Philippine Stock Markets: The Evidence of DCC - GARCH Model	Using a DCC - GARCH model analysis, this paper examines the existence of financial contagion from the U.S. stock market to the Vietnamese and the Philippine stock markets during the global financial crisis and the COVID-19 pandemic crisis. We use daily data from the S&P 500 (U.S.), VN-Index (Vietnam), and the PSEi (the Philippines). As a result, there is no evidence of contagion from the U.S stock market to the Philippine stock market that can be found during global financial crisis, while the Vietnamese market is influenced by this effect. Besides, both these developing stock markets (the Vietnamese and Philippine stock markets) are influenced by the contagion effect in COVID-19 pandemic crisis. Another finding is that the contagion effect during the coronavirus pandemic crisis in Vietnam is smaller than that during the global financial crisis, however, the opposite is the case for the Philippines. It is noticed that the Philippines seems to be more affected by the contagion effect from the COVID-19 pandemic than Vietnam at the time of this study. Because financial contagion is important for monetary policy, asset pricing, risk measurement, and portfolio allocation, the findings in this paper may give some useful information for policymakers and investors.	"Contagion; COVID-19; Financial Crisis; DCC - GARCH; Stock Market"	"EMERGING MARKETS; VOLATILITY; RETURNS"	"Le, TPTD; Tran, HLM"	JOURNAL OF ASIAN FINANCE ECONOMICS AND BUSINESS	2021	10.13106/jafeb.2021.vol8.no2.0759	2288-4637	Article	Business	Business & Economics	QU0NS
A_screen_first	19	maybe		india?	"Q1; Q2"	"Q1 analytical/modeling; Q2 GARCH/HAR"	"econometric: GARCH/HAR; analytical/modeling context"	"market; volatility; COVID; GARCH/HAR; analytical/modeling; target region"	Volatility Spillover Effects during Pre-and-Post COVID-19 Outbreak on Indian Market from the USA, China, Japan, Germany, and Australia	We examined volatility spillover effects from five prominent global stock markets to India's stock market during the pre-and-post COVID-19 outbreak using daily adjusted closing prices between January 2019 and September 2021 from six capital markets. The structural breakpoint was identified as 23 March 2020, as per the breakpoint unit root test, to examine and compare the results pre-and-post COVID-19. Results show that previous period news and volatility feeds the next period's volatility significantly and the volatility is found to be persistent. The analysis also shows that during the pre-COVID period there is a negative significant volatility spillover from four of the five selected stock markets (Australia, China, Japan, and Germany) to the Indian stock market, and that spillover continues in the post-COVID period. There is a positive significant return and volatility spillover from the US market to the Indian stock market in the post-COVID-19 period. The results of our study will be useful for retail investors and portfolio managers in understanding the portfolio allocation methods in case of volatility spillover arising due to the crisis caused by the COVID-19 outbreak.	"stock returns; volatility; investment; asymmetry; spillover; EGARCH; COVID-19"	"STOCK-MARKET; RETURNS; TRANSMISSION; INTEGRATION; PRICES"	"Thangamuthu, M; Maheshwari, S; Naik, DR"	JOURNAL OF RISK AND FINANCIAL MANAGEMENT	2022	10.3390/jrfm15090378	1911-8066	Article	Business, Finance	Business & Economics	4R5NQ
A_screen_first	19	exclude		weak regions	"Q1; Q2"	"Q1 analytical/modeling; Q2 GARCH/HAR"	"econometric: GARCH/HAR; analytical/modeling context"	"market; volatility; COVID; GARCH/HAR; analytical/modeling; target region"	Market momentum amplifies market volatility risk: Evidence from China's equity market	"We examine the role of a belief-based momentum indicator, measured by conditional past returns (CPR), in the realized volatility (RV) predictability of equity markets. Based on the week- and month-horizon CPR, we construct the HAR-CPR and HAR-LCPR models on the basis HAR-RV model. Here, the HAR-LCPR model additionally includes the daily leverage factor in the absence of daily CPR. In China, we find that: 1) week- and month-horizon CPR have significantly positive impacts on one-, five-, and 22-days-ahead RVs; 2) our out-of-sample results further indicate that the HAR-LCPR model performs best in forecasting one- and five-days-ahead RVs, whereas the HAR-CPR model is a more reliable forecasting model for 22-days-ahead volatility; 3) the performance also passes various robustness tests, including sub-period performance testing, alternative training rolling window, and alternative RV estimation. We show the economic mechanism underlying the predictive role of CPR from the perspective of investors' trading activities."	"Volatility forecasting; Realized volatility; Conditional past returns; HAR; Leverage effect; COVID-19; Global financial crisis"	"REALIZED VOLATILITY; MODEL"	"Liang, C; Huynh, LDT; Li, Y"	JOURNAL OF INTERNATIONAL FINANCIAL MARKETS INSTITUTIONS & MONEY	2023	10.1016/j.intfin.2023.101856	1042-4431	Article	"Business, Finance; Economics"	Business & Economics	X3JD2
A_screen_first	18	include			"Q1; Q2"	"Q1 analytical/modeling; Q2 GARCH/HAR"	"econometric: GARCH/HAR; analytical/modeling context"	"market; volatility; COVID; GARCH/HAR; analytical/modeling; target region"	Covid-19 and stock market liquidity: international evidence	This study analyzes the impact of Covid-19 on stock market liquidity of China and four worst hit countries by the pandemic. Using daily data for the stock market illiquidity spanning over July 1, 2019 to July 10, 2020 and the data for new cases and deaths over the period from December 31, 2019 to July 10, 2020, the results of our GARCH analysis show that liquidity in stock markets of all the sampled countries hit hard by the news of the Covid-19 outbreak. We find that for all sampled countries increase in illiquidity due to temporary shocks reverts to long term trend shortly, suggesting that the liquidity shocks due to the incidence of Covid-19 were short lived. The findings of our VAR analysis show an absence of any short-term relationship between Covid-19 new cases or deaths and illiquidity. Since the series are not integrated at same level, long-term relationship between Covid-19 and stock market illiquidity do not exist as well suggesting no evidence of the effect of Covid-19 on stock market liquidity.	"Covid-19; stock market liquidity; GARCH; VAR; BRIC; G10; G01; I15"	"VOLATILITY SPILLOVERS; RETURN; TIME"	"Umar, M; Rubbaniy, G; Iqbal, A; Rizvi, SKA; Xu, Y"	ECONOMIC RESEARCH-EKONOMSKA ISTRAZIVANJA	2022	10.1080/1331677X.2022.2142257	1331-677X	"Article; Early Access"	Economics	Business & Economics	6F7MA
A_screen_first	17	exclude		small data sample	Q1	Q1 analytical/modeling	"econometric: GARCH/HAR; analytical/modeling context"	"market; volatility; COVID; GARCH/HAR; analytical/modeling; target region"	Forecasting the conditional heteroscedasticity of stock returns using asymmetric models based on empirical evidence from Eastern European countries: Will there be an impact on other industries?	This empirical study investigates the leverage effect in six Eastern European countries under normal and non-normal distribution densities for the sample period from January 2020 to August 2020. We find three countries, Bulgaria, Czech Republic and Russia which are subject to ARCH effect whereas Poland, Romania and Hungary do not exhibit ARCH effect in daily stock returns. Further, our study finds leverage effect, where past bad news affects is asymmetrical, past negative returns cause more volatility in current stock returns as compared to past positive returns, in three Eastern European countries. Based on the AIC and BIC model selection criteria we find that the non-normal student t-distribution and GED produce reliable estimates for Bulgaria, Czech Republic and Poland, respectively. The autocorrelation function Q1 statistic confirms the insignificance of autocorrelation in residuals of TGARCH model. The impact of stock market dynamics on other industries, such as pharmaceutical industry, textile and clothing industry, automotive industry is significant, especially in the conditions of COVID-19 pandemic.	"stock market; Eastern European countries; TGARCH model; leverage effect; return"	"VOLATILITY; LEVERAGE; MARKETS"	"Coker-Farrell, E; Ejaz, A; Imran, ZA; Birau, R; Spulbar, C; Criveanu, RC"	INDUSTRIA TEXTILA	2021	10.35530/IT.072.03.202042	1222-5347	Article	Materials Science, Textiles	Materials Science	TD5CK
A_screen_first	17	exclude		too broad data	"Q1; Q2"	"Q1 analytical/modeling; Q2 GARCH/HAR"	"econometric: GARCH/HAR; analytical/modeling context"	"market; volatility; COVID; GARCH/HAR; analytical/modeling; target region"	Estimation of market efficiency process within time-varying autoregressive models by extended Kalman filtering approach	This paper explores a time-varying version of weak-form market efficiency that is a key component of the so-called Adaptive Market Hypothesis (AMH). One of the most common methodologies used for modeling and estimating a degree of market efficiency lies in an analysis of the serial autocorrelation in observed return series. Under the AMH, a time-varying market efficiency level is modeled by time-varying autoregressive (AR) process and traditionally estimated by the Kalman filter (KF). Being a linear estimator, the KF is hardly capable to track the hidden nonlinear dynamics that is an essential feature of the models under investigation. The contribution of this paper is threefold. We first provide a brief overview of time-varying AR models and estimation methods utilized for testing a weak-form market efficiency in econometrics literature. Secondly, we propose novel accurate estimation approach for recovering the hidden process of evolving market efficiency level by the extended Kalman filter (EKF). Thirdly, our empirical study concerns an examination of the Standard and Poor's 500 Composite stock index and the Dow Jones Industrial Average index. Monthly data covers the period from November 1927 to June 2020, which includes the U.S. Great Depression, the 2008-2009 global financial crisis and the first wave of recent COVID-19 recession. The results reveal that the U.S. market was affected during all these periods, but generally remained weak-form efficient since the mid of 1946 as detected by the estimator.(c) 2022 Elsevier Inc. All rights reserved.	"Adaptive market hypothesis; Degree of market inefficiency; Time-varying autoregressive models; GARCH models; Extended Kalman filter"	"COMPRESSED VECTOR AUTOREGRESSION; STOCK MARKETS; EVOLUTION; VOLATILITY; RETURN; STATE; US"	"Kulikova, MV; Kulikov, GY"	DIGITAL SIGNAL PROCESSING	2022	10.1016/j.dsp.2022.103619	1051-2004	Article	Engineering, Electrical & Electronic	Engineering	2N9XA
A_screen_first	17	exclude		retracted	"Q1; Q2"	"Q1 analytical/modeling; Q2 GARCH/HAR"	"econometric: GARCH/HAR; analytical/modeling context"	"market; volatility; COVID; GARCH/HAR; analytical/modeling; target region"	RETRACTED: Financial contagion in financial markets: a systematic literature review and directions for future research (Retracted article. See OCT, 2025)	Purpose This paper aims to provide a comprehensive overview of the existing knowledge on financial contagion through a systematic literature review. Financial contagion, the phenomenon of events spreading and affecting financial markets, has gathered significant attention from scholars and practitioners. Numerous studies have been conducted on this topic, necessitating a thorough examination of the diverse approaches and findings related to financial contagion. Design/methodology/approach This study reviews financial contagion research in the Web of Science (WoS) and Scopus databases, analyzing 66 articles. This review, based on selected keywords and defined criteria, has a total of 1,470 citations referencing these articles as of April 2023. Notably, the GARCH model and the Copula model emerged as prominent methodologies for investigating the financial contagion effect. Findings The results reveal the interconnectedness of financial markets, where economic and financial instabilities in one country affect others. The insights obtained from articles retrieved from the WoS and Scopus databases are as follows: The analyzed studies span the time range of 1999-2023. The publication count was minimal in 1999-2000 (1 each) and peaked in 2021 (13 articles), indicating a rising trend in research on financial contagion in recent years, reflecting an increased focus on the topic. The majority of articles related to financial contagion and corruption have multiple authors. Research limitations/implications This study's limitation is that network indicators are only used as explanatory variables. Future research could use these indicators to illustrate the topological configurations of financial structures, elucidating the dynamic evolution of financial networks and advancing a thorough understanding of contagion mechanisms from a network perspective. Practical implications Policymakers should consider the effects of financial contagion cross various financial markets, particularly in neighboring nations, when establishing policies address a financial crisis. Countries need to protect their economic frameworks, ensure the smooth operation of their economies and manage investment decisions within acceptable risks levels. Examining the impact of financial crises and pandemics on the financial system's vulnerability to financial contagion is essential for policymakers and risk to develop effective strategies. Originality/value By synthesizing current research findings, this paper provides insights into potential avenues for future studies on this critical topic, thereby enhancing the understanding of financial contagion. This paper enriches the existing literature by presenting a systematic overview of financial contagion research, concentrating on financial contagion during periods of financial crises and pandemics and emphasizing the increasing interest in this field in recent years. Furthermore, this paper adds to the literature on the financial contagion effects of COVID-19, offering a clearer understanding of the nature of this crisis and its distinctive characteristics.	"Financial contagion; Financial crisis; Financial markets; GARCH model; Copula model; Systematic literature review"	"SUBPRIME CRISIS; SPILLOVERS; VOLATILITY; CAUSALITY; DYNAMICS; CHANNELS; EUROPE; IMPACT; PRICE; US"	"Al-Khazaleh, S; Badwan, N; Almashaqbeh, M"	JOURNAL OF MONEY LAUNDERING CONTROL	2025	10.1108/JMLC-10-2024-0166	1758-7808	"Review; Retracted Publication"	Criminology & Penology	Criminology & Penology	2XQ3F
A_screen_first	17	exclude		indian market	Q1	Q1 analytical/modeling	"econometric: GARCH/HAR; analytical/modeling context"	"market; volatility; COVID; GARCH/HAR; analytical/modeling; target region"	Do Socially Responsible Indices Outperform the Market During Black Swan Events: Evidence from Indian Markets During Global Financial and COVID-19 Crises	This paper aims to examine and compare the effect of black swan events on the performance of companies with strong Environmental, Social, and (Corporate) Governance (ESG) backgrounds with that of other companies. Compared to established firms, companies with ESG backgrounds are perceived to be stable that will help them outperform established companies that are volatile during times of crisis. This research focuses on SENSEX for conventional market index and BSE GREEENEX and S & P BSE CARBONEX for ESG indices. We evaluated performances of the three indices during U.S. Debt Ceiling Crisis (2011-12), Black Monday China, BREXIT and Demonetization (2015-16), and COVID-19 (2020) crisis. We checked whether ESG indices outperformed conventional index significantly using Student's T-test. We have also compared the volatility of the three indices during the different black swan periods using the GARCH model.	"Socially responsible investing; ESG; Student's T-test; ARCH; GARCH; performance; GREENEX; SENSEX; CARBONEX"	"PERFORMANCE; STOCKS; RISK"	"Deshmukh, P; Sharma, D; Sharma, P"	AUSTRALASIAN ACCOUNTING BUSINESS AND FINANCE JOURNAL	2022		1834-2000	Article	Business, Finance	Business & Economics	7Y1LH
A_screen_first	17	exclude		india	"Q1; Q2"	"Q1 analytical/modeling; Q2 GARCH/HAR"	"econometric: GARCH/HAR; analytical/modeling context"	"market; volatility; COVID; GARCH/HAR; analytical/modeling; target region"	Balanced Funds in India Amid COVID-19 Crisis: Spreader of Financial Contagion?	In its latest financial stability report, dated 11 January 2021, the Reserve Bank of India (RBI) emphasised the significance of balanced mutual funds in risk transmission. We investigate the transmission of volatility and contagion effect from Indian balanced funds to representative indices-Bank, PSU Bank, Private Bank, Financial Services, Broader Market, Services Sector and Fixed Income-using three established models: Diagonal BEKK (1995), Dynamic Conditional Correlation (DCC GARCH (2002)) and network model. In analyses of financial time series data, the COVID-19 pandemic has been widely regarded as a structural break. We may better understand the dynamism and scale of spillover before and during a crisis by dividing the study into two periods: pre-COVID-19 (January 2011-29 December 2019) and during COVID-19 (30 December 2019-20 April 2021). The results of all three models support our hypothesis of statistically significant spillover from balanced funds to chosen indices, with strong persistence and a marked increase in long-term volatility spillover, showing the presence of contagion effects. The findings of this paper can assist fund managers in diversifying their portfolios while also benefiting investors educationally. JEL Classification: C23, G12, G23	"Contagion; balanced funds; spillover; volatility; COVID-19 crisis"	"DYNAMIC CONDITIONAL CORRELATION; STOCK MARKETS; EMERGING MARKETS; EUROZONE CRISIS; VOLATILITY; US; TRANSMISSION; CURRENCY; RETURNS; RISK"	"Malhotra, P; Sinha, P"	IIM KOZHIKODE SOCIETY & MANAGEMENT REVIEW	2024	10.1177/22779752211050693	2277-9752	Article	Management	Business & Economics	HB7N5
A_screen_first	17	exclude		india	Q1	Q1 analytical/modeling	"econometric: GARCH/HAR; analytical/modeling context"	"market; volatility; COVID; GARCH/HAR; analytical/modeling; target region"	Global Stock Market Volatility and Its Spillover on the Indian Stock Market: A Study Before and During the COVID-19 Period	This study investigates the impact of global stock market volatility on the Indian stock markets before and during the COVID-19 pandemic period. The study focuses on 11 stock markets, including Brazil, Canada, China, France, Hong Kong, India, Japan, Russia, Turkey, the UK, and the US, and applies the threshold generalized autoregressive conditional heteroskedasticity (TGARCH) model to capture the current asymmetry in returns influenced by past negative/positive shocks, and the diagonal Baba Engle Kraft Kroner (BEKK) model to examine the cohesion of the Indian equity market with global markets. The importance of the Indian stock market lies in its ability to provide capital to companies, attract foreign investment, and provide investment opportunities for both domestic and international investors. Data for the study was sourced from https://www.investing.com for the period September 2019 to September 2021 and Stata software was used for data analysis. The study finds that Brazil, Canada, France, Russia, UK, and the USA are the primary sources of financial weight on India's stock returns. The results suggest that Indian investors can diversify their funds into other asset classes while restricting investments in these markets, particularly during downturns. Investors can make informed decisions to diversify their portfolio and minimize risk. The results can also benefit society by promoting a more stable and resilient financial system. The study can also be expanded to include other financial and economic indicators such as inflation and interest rates to provide a more comprehensive analysis of the impact of global market volatility on Indian equity markets.	"COVID-19; diagonal-BEKK model; spillover; TGARCH model; volatility"		"Prasad, SS; Verma, A; Bakhshi, P; Prasad, S"	FIIB BUSINESS REVIEW	2023	10.1177/23197145231189600	2319-7145	"Article; Early Access"	"Business; Management"	Business & Economics	HP7I8
A_screen_first	17	include			Q1	Q1 analytical/modeling	"econometric: GARCH/HAR; analytical/modeling context"	"market; volatility; COVID; GARCH/HAR; analytical/modeling; target region"	The impact of COVID-19 shocks on the volatility of stock markets in technologically advanced countries	This study examines the volatility of China and the most advanced countries of the world stock markets due to the pandemic of COVID-19 using the TGARCH model. This research study presents empirical support for the TGARCH specification for explaining the daily time dependence in the rate of information arrival to the market for stocks traded on China stock market. Using the sample containing closing stock market returns from 05 January 2015 to 04 April 2020 of sample countries, we found that through the COVID-19, there is no significant impact of returns volatility coming from advanced countries towards the China stock market. Further, results state that China has a significant impact on explaining the volatility of the most advanced countries of the world (Switzerland, Sweden, Netherlands, and the UK) except the U.S.A. during COVID-19. We found no significant impact of China stock market returns on the U.S.A.'s volatility, but there is a presence of leverage effect during COVID -19.	"Covid-19; stock market volatility; China; most advanced countries; TGARCH"	"FINANCIAL DEVELOPMENT; INFORMATION CRITERIA; PROSPECT-THEORY; EBOLA OUTBREAK; RETURNS"	"Zhang, N; Wang, AQ; Haq, NEE; Nosheen, S"	ECONOMIC RESEARCH-EKONOMSKA ISTRAZIVANJA	2022	10.1080/1331677X.2021.1936112	1331-677X	Article	Economics	Business & Economics	3N9TM
A_screen_first	17	include			"Q1; Q2"	"Q1 analytical/modeling; Q2 GARCH/HAR"	"econometric: GARCH/HAR; analytical/modeling context"	"market; volatility; COVID; GARCH/HAR; analytical/modeling; target region"	Evidence of Economic Policy Uncertainty and COVID-19 Pandemic on Global Stock Returns	"This paper examines the impact of changes in economic policy uncertainty (EPU) and COVID-19 shock on stock returns. Tests of 16 global stock market indices, using monthly data from January 1990 to August 2021, suggest a negative relation between the stock return and a country's EPU. Evidence suggests that a rise in the U.S. EPU causes not only a decline in a country's stock return, but also a negative spillover effect on the global market; however, we cannot find a comparable negative effect from global EPU to U.S. stocks. Evidence suggests that the COVID-19 pandemic has a negative impact that significantly affects stock return worldwide. This study also finds an indirect COVID-19 impact that runs through a change in domestic EPU and, in turn, affects stock return. Evidence shows significant COVID-19 effects that change relative stock returns between the U.S. and global markets, creating a decoupling phenomenon."	"economic policy uncertainty; COVID-19; equity market volatility; GARCH model; global market; uncertainty premium"	"MARKET RETURNS; CONDITIONAL HETEROSKEDASTICITY; EMPIRICAL-ANALYSIS; DOWNSIDE RISK; LONG-RUN; IMPACT; CONTAGION; US; COUNTRIES; DYNAMICS"	Chiang, TC	JOURNAL OF RISK AND FINANCIAL MANAGEMENT	2022	10.3390/jrfm15010028	1911-8066	Article	Business, Finance	Business & Economics	ZC1IJ
A_screen_first	17	include			Q2	Q2 GARCH/HAR	econometric: GARCH/HAR	"market; volatility; COVID; GARCH/HAR; target region"	Effects of the GFC and COVID-19 on U.S. Financial Indicators: An Integrated Short-Term Econometric Approach	The 2008 Global Financial Crisis (GFC) and the 2020-2021 COVID-19 pandemic disrupted financial markets, causing volatility, liquidity issues, and shifts in investor behavior. This study analyzes the immediate impacts and recoveries of these events, comparing their characteristics and the effectiveness of policy responses. An event study methodology and a GARCH approach are applied. Results show that-in the GFC Crisis-Lehman Brothers bankruptcy has greater negative impact than the first date of subprime mortgages bad news. In the COVID-19 crisis, closures and vaccines announcements has greater impactthan the first COVID-19 case date in US. Also, the GFC Crisis decreased the valuation levels of key financial indicators as equal as the COVID-19, but this last was less volatility pronounced. These results highlight the importance of timely and effective public policy interventions to mitigate the adverse effects of such crises on financial markets.	"GFC-2008; COVID-19; stock markets; abnormal returns; event study; VIX; S&P 500; DJIA"	"MARKETS; STOCK; CRISIS; EVENT"	"Cabrera, JAL; Lopez, DAC; Lombera, DIA"	REVISTA MEXICANA DE ECONOMIA Y FINANZAS NUEVA EPOCA REMEF	2025	10.21919/remef.v20i4.1235		Article	"Business, Finance; Economics"	Business & Economics	R4466
