Title,Author,Year,Keyword,Abstract available,Abstract,Citation count,Source,Type,Open access,DOI
Do climate policy uncertainty and investor sentiment drive the dynamic spillovers among green finance markets?,Ruirui Wu; Bing-Yue Liu,2023,stock market covid GARCH,Yes,"Green finance is an essential instrument for improving the environment and addressing climate change. This study investigates the dynamic spillovers among green finance markets using time-varying parameter vector autoregression (TVP-VAR) spillover indices, and further investigates the impact of climate policy uncertainty and investor sentiment on spillovers based on the generalised autoregressive conditional heteroscedasticity mixed data sampling (GARCH-MIDAS) model. The results indicate that: (i) environmental, social and governance (ESG), clean energy and water markets are information transmitters in the green finance system, whereas green building, green transportation, green bond and carbon markets are mainly information receivers; (ii) green stock markets including clean energy, non-energy and ESG markets transmit and receive greater information in the green finance system, while green bond and carbon markets do less; (iii) the green bond market is more interconnected with other green finance markets after the COVID-19 outbreak; (iv) investor sentiment contributes more to the net total directional spillovers of green resource markets (water and clean energy), while climate policy uncertainty contributes more to total spillovers and the net total directional spillovers of other green finance markets. These findings offer invaluable guidance for both policymakers and environmental investors.",124,Journal of environmental management,JournalArticle,False,10.1016/j.jenvman.2023.119008
Cue the volatility spillover in the cryptocurrency markets during the COVID-19 pandemic: evidence from DCC-GARCH and wavelet analysis,Onur Özdemir,2022,stock market covid GARCH,Yes,"This study investigates the dynamic mechanism of financial markets on volatility spillovers across eight major cryptocurrency returns, namely Bitcoin, Ethereum, Stellar, Ripple, Tether, Cardano, Litecoin, and Eos from November 17, 2019, to January 25, 2021. The study captures the financial behavior of investors during the COVID-19 pandemic as a result of national lockdowns and slowdown of production. Three different methods, namely, EGARCH, DCC-GARCH, and wavelet, are used to understand whether cryptocurrency markets have been exposed to extreme volatility. While GARCH family models provide information about asset returns at given time scales, wavelets capture that information across different frequencies without losing inputs from the time horizon. The overall results show that three cryptocurrency markets (i.e., Bitcoin, Ethereum, and Litecoin) are highly volatile and mutually dependent over the sample period. This result means that any kind of shock in one market leads investors to act in the same direction in the other market and thus indirectly causes volatility spillovers in those markets. The results also imply that the volatility spillover across cryptocurrency markets was more influential in the second lockdown that started at the beginning of November 2020. Finally, to calculate the financial risk, two methods—namely, value-at-risk (VaR) and conditional value-at-risk (CVaR)—are used, along with two additional stock indices (the Shanghai Composite Index and S&P 500). Regardless of the confidence level investigated, the selected crypto assets, with the exception of the USDT were found to have substantially greater downside risk than SSE and S&P 500.",86,Financial Innovation,JournalArticle,True,10.1186/s40854-021-00319-0
Connectedness between Defi assets and equity markets during COVID-19: A sector analysis,I. Yousaf; Francisco Jareño; Marta Tolentino,2022,stock market covid GARCH,Yes,"This paper explores the dynamic connectedness between Defi assets and sector stock markets focused around the COVID-19 pandemic crisis. For that aim, this research applies the TVP-VAR model, and it also computes the optimal weights and hedge ratios for the Defi assets–sector equity portfolios using the DCC-GARCH model. Our main findings reveal that static connectedness is slightly economy- and sector-dependent. Regarding the dynamic connectedness, as expected, the total spillover index changes over time, showing a cruel impact of the global pandemic declaration. Net spillover indices show relevant differences between the Defi assets and certain sectors (net receivers) and sectors such as industrials, materials and information technology (time-varying net transmitters). Finally, the optimal hedge ratios reveal similar levels of coverage in all the periods analyzed, with slight upturns in the cost of such coverage in the crisis period caused by COVID-19.",82,Technological Forecasting and Social Change,JournalArticle,True,10.1016/j.techfore.2022.122174
"Gold, bonds, and epidemics: A safe haven study",T. Choudhury; Harald Kinateder; Biwesh Neupane,2022,stock market covid GARCH,Yes,"The COVID-19 pandemic raised the question whether gold and sovereign bonds are a safe haven during epidemics. We study the effectiveness as safe haven during the epidemics caused by SARS, Ebola, Zika, Swine Flu, and COVID-19. To this end, this study employs a DCC-GARCH model to analyze the conditional correlations between daily returns of S&P 500 and MSCI Emerging Markets Index with gold and the major sovereign bonds. Our results show that gold is a weak safe haven for stock market investors during the epidemics, and U.S. treasuries are the safest option, followed by Japanese sovereign bonds.",80,Finance Research Letters,JournalArticle,True,10.1016/j.frl.2022.102978
Risk Connectedness Between Green and Conventional Assets with Portfolio Implications,M. Naeem; Sitara Karim; A. Tiwari,2022,stock market covid GARCH,Yes,"The increasing concerns of investors toward green bonds and their appealing nature of diversification has motivated the current research to study the risk connectedness between green and conventional assets spanning from August 2014 to December 2020. We first estimate the dynamic equi-correlations through DECO-GARCH. Next, we assess the dynamic and static risk connectedness in the median, extreme low, and extreme high quantiles arguing that spillovers vary across different time periods particularly during economically intense time periods. Finally, we analyzed the hedge ratio and hedge effectiveness between green bonds and other assets. We find that equi-correlations are intense during economic shocks such as the Shale oil crisis, Brexit, US interest rate hike, and COVID-19 pandemic. The volatility analysis at average, lower, and upper quantiles also validate time-varying attributes of green and conventional assets. Further, network figures of green and conventional assets identify potential diversification opportunities. Meanwhile, the hedge effectiveness indicates that green bonds are effective hedge for precious metals and cryptocurrencies. Our findings draw multiple implications for policymakers, green investors, financial market participants, and regulatory authorities regarding flight-to-safety during crisis times and maintaining a diverse portfolio to escape potential losses.",66,Computational Economics,JournalArticle,True,10.1007/s10614-022-10296-w
Economic Policy Uncertainty and Emerging Stock Market Volatility,M. Ghani; Usman Ghani,2023,stock market covid GARCH,Yes,"This research examines the effect of economic policy uncertainty (EPU) indices on Pakistan's stock market volatility. Particularly, we examine the impact of the economic policy uncertainty index for Pakistan and bilateral global trading partner countries, the US, China, and the UK. We employ the GARCH-MIDAS model and combination forecast approach to evaluate the performance of economic uncertainty indices. The empirical findings show that the US economic policy uncertainty index is a more powerful predictor of Pakistan stock market volatility. In addition, the EPU index for the UK also provides valuable information for equity market volatility prediction. Surprisingly, Pakistan and China EPU indices have no significant predictive information for volatility forecasting during the sample period. Lastly, we find evidence of all uncertainty indices during economic upheaval from the COVID-19 pandemic. We obtained identical results even during the Covid-19. Our findings are robust in various evaluation methods, like MCS tests and other forecasting windows.",65,Asia-Pacific Financial Markets,JournalArticle,True,10.1007/s10690-023-09410-1
The source of financial contagion and spillovers: An evaluation of the covid-19 pandemic and the global financial crisis,Samet Gunay; Gökberk Can,2022,stock market covid GARCH,Yes,"This study investigates the reaction of stock markets to the Covid-19 pandemic and the Global Financial Crisis of 2008 (GFC) and compares their influence in terms of risk exposures. The empirical investigation is conducted using the modified ICSS test, DCC-GARCH, and Diebold-Yilmaz connectedness analysis to examine financial contagion and volatility spillovers. To further reveal the impact of these two crises, the statistical features of tranquil and crisis periods under different time intervals are also compared. The test results show that although the outbreak’s origin was in China, the US stock market is the source of financial contagion and volatility spillovers during the pandemic, just as it was during the GFC. The propagation of shocks is considerably higher between developed economies compared to emerging markets. Additionally, the results show that the COVID-19 pandemic induced a more severe contagious effect and risk transmission than the GFC. The study provides an extensive examination of the COVID-19 pandemic and the GFC in terms of financial contagion and volatility spillovers. The results suggest the presence of strong co-movements of world stock markets with the US equity market, especially in periods of financial turmoil.",65,PLoS ONE,JournalArticle,True,10.1371/journal.pone.0261835
Risk connectedness between energy and stock markets: Evidence from oil importing and exporting countries,Noureddine Benlagha; Sitara Karim; M. Naeem; B. M. Lucey; S. Vigne,2022,stock market covid GARCH,Yes,"The surmounted environmental and energy challenges have motivated this study to explore the connectedness nexus between oil/renewable energy and stock markets for oil-exporting (importing) countries. We utilize the dynamic conditional correlation (DCC-GARCH) connectedness framework to compare the connectedness of oil/renewable energy with stock markets. Our results showcase higher total connectedness between renewable energy and stock markets. We find increased connectedness during three major pandemics (Swine Flu, EBOLA, and COVID-19). We performed a regression analysis that highlighted the impact of economic and financial uncertainties on connectedness as an additional analysis. The addition of dummy variables for three major pandemics indicates that COVID-19 significantly impacted the connectedness between oil/renewable energy and stock markets. For the robustness of our results, we employed time-varying vector autoregressions (TVP-VAR) connectedness framework to showcase that our results remain qualitatively similar and robust to different specifications. We draw useful implications for oil exporting and oil importing countries in particular, and we draft ramifications for investors, portfolio managers, policymakers, and macroprudential bodies in general.",61,Energy Economics,,False,10.1016/j.eneco.2022.106348
Impact of COVID-19 on volatility spillovers across international markets: Evidence from VAR asymmetric BEKK GARCH model,N. Arfaoui; I. Yousaf,2022,stock market covid GARCH,Yes,"This study contributes to the COVID-19 related literature in finance by examining asymmetric volatility spillover across stock, Bitcoin, gold and oil markets before and during the COVID-19 pandemic. Based on multivariate VAR asymmetric BEKK GARCH model, findings show that the interdependency across the examined markets intensified during the recent health crisis. Moreover, we find that oil market appears as major receivers of volatility spillovers, particularly from gold and stock market which is mostly the results of dramatic collapse of oil prices during the COVID-19 outbreak. We also document that gold exhibits a strong resilience during COVID-19 crisis, suggesting its potential hedging ability during uncertainty. As for asymmetric volatility spillover, findings show the highest sensitivity of oil and Bitcoin markets to gold and US stock markets. Our findings have important implications for investors, portfolio managers and policymakers. © 2022 World Scientific Publishing Company.",59,Annals of Financial Economics,,False,10.1142/s201049522250004x
"In search of hedges and safe havens during the COVID─19 pandemic: Gold versus Bitcoin, oil, and oil uncertainty",N. Al-Nassar; Sabri Boubaker; A. Chaibi; Beljid Makram,2022,stock market covid GARCH,Yes,"This paper investigates the potential hedging and safe-haven properties of several alternative investment assets, including gold, Bitcoin, oil, and the oil price volatility index (OVX), against the risks of the Saudi stock market and its constituent sectors in different phases of the COVID—19 pandemic. Using daily data, we employ the bivariate dynamic conditional correlation-generalized autoregressive conditional heteroskedasticity (DCC—GARCH) technique to model volatilities and conditional correlations. Our findings show that all investigated alternative investment assets had a time-varying hedging role in the Saudi stock market, which became expensive during the early stages of the COVID—19 pandemic. Our results also show that the optimal weights for gold were substantially higher than those of other assets, reaching a peak during the pandemic, implying that investors consider gold a flight-to-safety asset. Additionally, we find that gold and OVX were strong hedges and could have served as weak safe havens for investors during the early stages of the COVID—19 pandemic, while the remaining assets generally lacked these properties and could be merely used as diversifiers. Our empirical findings offer several key implications for policymakers and portfolio managers in Saudi Arabia that may be applicable to similar markets. In particular, we show that OVX-based products can serve as a promising hedging asset for stock markets in oil-exporting countries.",57,The Quarterly Review of Economics and Finance,JournalArticle,True,10.1016/j.qref.2022.10.010
Are Bitcoin and Gold a Safe Haven during COVID-19 and the 2022 Russia–Ukraine War?,Ihsan Erdem Kayral; A. Jeribi; S. Loukil,2023,stock market covid GARCH,Yes,"Our investigation strives to unearth the best portfolio hedging strategy for the G7 stock indices through Bitcoin and gold using daily data relevant to the period 2 January 2016 to 5 January 2023. This study uses the DVECH-GARCH model to model dynamic correlation and then compute optimal hedge ratios and hedging effectiveness. The empirical findings show that Bitcoin and gold were rather effective hedge assets before COVID-19 and diversifiers during the pandemic and Russia–Ukraine war. From hedging effectiveness perspectives, gold and Bitcoin are safe-haven assets, and the investment risk of G7 stock indices could be hedged by taking a short position during thepandemic period and war except for the pair Nikkei/Gold. Additionally, gold beats Bitcoin in terms of hedging efficiency. We thus demonstrate the central role of Bitcoin and gold as financial market participants, particularly during market turmoil and downward movements. Our findings can be of interest to investors, regulators, and governments to take into consideration the role of Bitcoin in financial markets.",54,Journal of Risk and Financial Management,JournalArticle,True,10.3390/jrfm16040222
Constructing a positive sentiment index for COVID-19: Evidence from G20 stock markets,D. Anastasiou; Antonis Ballis; Konstantinos Drakos,2022,stock market covid GARCH,Yes,"The present study investigates the degree of market responses through the scope of investors' sentiment during the COVID-19 pandemic across G20 markets by constructing a novel positive search volume index for COVID-19 (COVID19+). Our key findings, obtained using a Panel-GARCH model, indicate that an increased COVID19+ index suggests that investors decrease their COVID-19 related crisis sentiment by escalating their Google searches for positively associated COVID-19 related keywords. Specifically, we explore the predictive power of the newly constructed index on stock returns and volatility. According to our findings, investor sentiment positively (negatively) predicts the stock return (volatility) during the COVID-19. This is the first study assessing global sentiment by proposing a novel proxy and its impacts on the G20 equity market.",54,International Review of Financial Analysis,JournalArticle,True,10.1016/j.irfa.2022.102111
COVID-19 Pandemic & Financial Market Volatility; Evidence from GARCH Models,Maaz Khan; U. Kayani; Mrestyal Khan; K. Mughal; Mohammad Haseeb,2023,stock market covid GARCH,Yes,"Across the globe, COVID-19 has disrupted the financial markets, making them more volatile. Thus, this paper examines the market volatility and asymmetric behavior of Bitcoin, EUR, S&P 500 index, Gold, Crude Oil, and Sugar during the COVID-19 pandemic. We applied the GARCH (1, 1), GJR-GARCH (1, 1), and EGARCH (1, 1) econometric models on the daily time series returns data ranging from 27 November 2018 to 15 June 2021. The empirical findings show a high level of volatility persistence in all the financial markets during the COVID-19 pandemic. Moreover, the Crude Oil and S&P 500 index shows significant positive asymmetric behavior during the pandemic. Apart from this, the results also reveal that EGARCH is the most appropriate model to capture the volatilities of the financial markets before the COVID-19 pandemic, whereas during the COVID-19 period and for the whole period, each GARCH family evenly models the volatile behavior of the six financial markets. This study provides financial investors and policymakers with useful insight into adopting effective strategies for constructing portfolios during crises in the future.",54,Journal of Risk and Financial Management,,True,10.3390/jrfm16010050
The Path of Financial Risk Spillover in the Stock Market Based on the R-Vine-Copula Model,Xiaomin Zhang; Tong Zhang; Chien‐Chiang Lee,2022,stock market covid GARCH,Yes,"This research focuses on the direct and indirect systemic risk spillovers among East Asian, European, and U.S. stock markets under the COVID-19 pandemic. Based on the GARCH-Copula-CoVaR model, we construct the direct spillover matrix of systemic risk and further explore the indirect spillover path through R-vine. The empirical results first show via the direct path that Hong Kong exhibited the largest change in value of risk after the pandemic erupted. Second, the indirect path is that European and U.S. stock market risks are transmitted to China domestically via Hong Kong and Japan. The key nodes provide reference for risk prevention.",49,SSRN Electronic Journal,,False,10.2139/ssrn.4019499
Do volatility spillover and hedging among GCC stock markets and global factors vary from normal to turbulent periods? Evidence from the global financial crisis and Covid-19 pandemic crisis,I. Yousaf; Makram Beljid; A. Chaibi; A. Ajlouni,2022,stock market covid GARCH,Yes,"In this paper, we use a bivariate VAR-asymmetric-BEKK-GARCH model to examine returns, asymmetric volatility spillovers, and time-varying correlations among GCC stock markets (Saudi Arabia, UAE, Qatar, Kuwait, Oman, and Bahrain) and five global factors (Islamic stocks, oil, gold, bonds, and real estate) from July 5, 2004, to March 31, 2021. To take into account the effects of the global financial crisis (GFC) and recent COVID-19 pandemic, we divide the sample period into four sub-periods: the full sample without COVID-19, pre-GFC, post-GFC, and the COVID-19 crisis. The empirical results indicate significant return and volatility spillovers between the GCC stock markets and global factors. Moreover, these spillovers between GCC stock markets and global factors increase in both the return and variance during turbulent periods (post-GFC and COVID-19 crisis periods). The time-varying correlations reveal that gold serves as a hedge and safe haven against most of the GCC stock markets in all sample periods, whereas the results vary across markets and sample periods for bonds, oil, Islamic stocks, and real estate assets against the GCC stocks. Our findings provide useful insights for investors and portfolio managers formulating trading strategies, determining asset allocation, and assembling optimal portfolios, since they persistently pursue challenging investment ideas and alternative asset classes, especially at times of financial crisis and global recession.",49,Pacific-Basin Finance Journal,,False,10.1016/j.pacfin.2022.101764
"Commodity dynamism in the COVID-19 crisis: Are gold, oil, and stock commodity prices, symmetrical?",Muhammad Sadiq; Chia-Yang Lin; Kuan-Ting Wang; Lam Minh Trung; K. D. Duong; T. Q. Ngo,2022,stock market covid GARCH,Yes,"The current research intends to examine the commodities' dynamism connection with stock prices under the COVID-19 crisis. DCC-GARCH modeling was applied to the data of Asian economies, including China, India, Sri Lanka, Bangladesh, and Pakistan to achieve the study objectives. The study's results indicated a significant connection between gold prices with stock prices and oil prices for all Asian stock markets. The results of the study constructs were symmetrical. In general, the connection grows with the frequency. The lowest frequency months contributed the most to the total relationship, followed by more than 12 months. Overall, gold and oil prices influence the Asian stock markets. These research findings can avoid contagion in times of economic uncertainty. This study also suggested policy implications for better decision-making of key stakeholders. Dynamic coefficient values were about 0.8 of β2 because nations' internal markets were more closely linked. There are also dynamic relationship factors between crude oil and foreign currency markets, where the correlations in India and China have always been around 0.",48,Resources Policy,JournalArticle,True,10.1016/j.resourpol.2022.103033
CLIMATE FINANCE IN THE WAKE OF COVID-19: CONNECTEDNESS OF CLEAN ENERGY WITH CONVENTIONAL ENERGY AND REGIONAL STOCK MARKETS,Sitara Karim; Shabeer Khan; Nawazish Mirza; S. Alawi; Farhad Taghizadeh‐Hesary,2022,stock market covid GARCH,Yes,"Focusing on raising climate concerns and sustaining a clean ecosystem, the current study strives to examine the connectedness of clean energy markets with conventional energy markets and four regional stock markets of Asia, Pacific, Europe, and America for the period spanning January 1, 2004 to August 31, 2021. We employed the volatility connectedness methodology using dynamic conditional correlation (DCC-GARCH) estimates for analysis purposes. There is pronounced within class connectedness of all markets except conventional energy markets, which showed strong disconnection from the network. However, strong inter-class spillovers are reported between clean energy and regional stock markets. Time-varying analysis revealed that intense spillovers are shaped during the Global Financial Crisis, Shale Oil Crisis, and COVID-19 pandemic. Meanwhile, time-varying net connectedness estimates illuminate that world renewable energy and American stock markets are net transmitters, whereas leftover markets are net recipients of spillovers. Further analysis of sub-sample periods during GFC, SOR, and COVID-19 validate that intense spillovers are formed when markets experience unexpected financial, economic, and global health turmoil. We proposed significant implications for regional stock markets of Asia, Pacific, Europe and America to concentrate on the climate-friendly energy markets than conventional energy markets as they service the clean ecosystem motives more specifically.",47,Climate Change Economics,,False,10.1142/s2010007822400085
An interpretable system for predicting the impact of COVID-19 government interventions on stock market sectors,Cai Yang; Mohammad Zoynul Abedin; Hongwei Zhang; Futian Weng; peta hajek,2023,stock market volatility covid machine learning,Yes,"Evaluating and understanding the financial impacts of COVID-19 has emerged as an urgent research agenda. Nevertheless, the impacts of government interventions on stock markets remain poorly understood. This study explores, for the first time, the impact of COVID-19 related government intervention policies on different stock market sectors using explainable machine learning-based prediction models. The empirical findings suggest that the LightGBM model provides excellent prediction accuracy while preserving computationally efficient and easy explainability of the model. We also find that COVID-19 government interventions are better predictors of stock market volatility than stock market returns. We further show that the observed effects of government intervention on the volatility and returns of ten stock market sectors are heterogeneous and asymmetrical. Our findings have important implications for policymakers and investors in terms of promoting balance and sustaining prosperity across industry sectors through government interventions.",45,Annals of Operations Research,JournalArticle,True,10.1007/s10479-023-05311-8
FINANCIAL CONTAGION DURING GLOBAL FINANCIAL CRISIS AND COVID–19 PANDEMIC: THE EVIDENCE FROM DCC–GARCH MODEL,T. Nguyen; Thi Kieu Hoa Phan; T. Nguyen,2022,stock market covid GARCH,Yes,"Abstract This paper is the first study to examine the financial contagion from the U.S., Japanese and Chinese markets to Asian markets during the Global Financial Crisis (GFC) and Covid-19 Pandemic Crisis. We employ the DCC-EGARCH methodology and daily data of stock returns from 2005 to 2021 to estimate the time-varying correlations and the volatilities of stock markets. Our results show that the correlation between the U.S. and Japanese markets with emerging Asian ones is quite high, implying the interdependence between these markets. Furthermore, we find significant contagion effects from the U.S. equity market to markets in both advanced and emerging economies during the GFC. Nonetheless, during the Covid-19 pandemic, only 3 out of 10 Asian emerging markets had experienced the contagion from the U.S. Our findings also suggest that contagion effects are not strongly related to the level of global integration and Asian markets seem to be more affected by the contagion from Japan and China.",41,Cogent Economics & Finance,,True,10.1080/23322039.2022.2051824
Dynamic Linkage between Bitcoin and Traditional Financial Assets: A Comparative Analysis of Different Time Frequencies,Panpan Wang; Xiaoxing Liu; Sixu Wu,2022,stock market covid GARCH,Yes,"This study employs the ADCC-GARCH approach to investigate the dynamic correlation between bitcoin and 14 major financial assets in different time-frequency dimensions over the period 2013–2021, for which the risk diversification, hedging and safe-haven properties of bitcoin for those traditional assets are further examined. The results show that, first, bitcoin is positively linked to risk assets, including stock, bond and commodity, and negatively linked to the U.S. dollar, which is a safe-haven asset, so bitcoin is closer in nature to a risk asset than a safe-haven asset. Second, the high short-term volatility and speculative nature of the bitcoin market makes its long-term correlation with other assets stronger than the short-term. Third, the positive linkage between the prices of bitcoin and risk assets increases sharply under extreme shocks (e.g., the outbreak of COVID-19 in early 2020). Fourth, bitcoin can hedge against the U.S. dollar, and in the long term, bitcoin can hedge against the Chinese stock market and act as a safe haven for the U.S. stock market and crude oil. However, for most other traditional assets, bitcoin is only an effective diversifier.",36,Entropy,JournalArticle,True,10.3390/e24111565
"Geopolitical risk, economic policy uncertainty, and dynamic connectedness between clean energy, conventional energy, and food markets.",Mohamed Yousfi; Houssam Bouzgarrou,2023,stock market covid GARCH,No,,32,Environmental science and pollution research international,JournalArticle,False,10.1007/s11356-023-31379-7
"Covid-19 pandemic, asset prices, risks, and their convergence: A survey of Islamic and G7 stock market, and alternative assets",B. Setiawan; Rifai Afin; E. Wikurendra; R. Nathan; Mária Fekete-Farkas,2022,stock market covid GARCH,Yes,"The coronavirus (Covid-19) pandemic created a shock not only for the health-care industry but also the global economy and finances. The pandemic also caused an increase in the risk of investing in various financial assets worldwide. To investigate this phenomenon empirically, this study analyzes the behavior of financial assets through risk and return in the time of the Covid-19 outbreak, using the GARCH (Generalized Auto Regressive Conditional Heteroskedasticity) family methods. This study conducts a group analysis asset price performance, based on stock markets in Muslim-majority countries and the Group of Seven (G7) and alternative financial assets. This asset group is selected to represent the characteristics of the global financial market with possibly varied behavior. The results of the study show, first, that the severity of the pandemic had a negative effect on the price performance of some assets, such as Indonesia (Jakarta Islamic Index), the UK (United Kingdom100 Index, ESG (Environmental, Social, and Governance), commodities, 10-year US bonds, and Bitcoin, but the price performance of other assets went in the opposite direction, for example, Malaysia (FBMHS Index), the US (S&P 500 Index), and gold. Second, during the pandemic, most assets became more risky. Third, prices on G7 and Islamic stocks and alternative asset groups had different price and risk convergence patterns. The pandemic contributed to price differentials but not much changed in the risk patterns of the assets. Stock prices in the markets of Muslim-majority countries moved randomly—that is, they did not tend to converge in the pre-crisis period. However, before and during the pandemic, asset risk converged in the markets of Muslim-majority countries, which means that the risk of investing in assets there has long-term risk following the same pattern (i.e., if it increases in one country, assets in the other countries will follow). This pattern makes it easier for investors to observe and make risk decisions on investment in Islamic assets in Muslim-majority countries, so this investment in these assets is sustainable. This study suggests that investment managers diversify financial portfolios based on the type of assets and the severity of the pandemic and the policy response in the relevant country.",30,Borsa Istanbul Review,Review,True,10.1016/j.bir.2022.11.011
Can gold or silver be used as a hedge against policy uncertainty and COVID-19 in the Chinese market?,T. Chiang,2022,stock market covid GARCH,Yes,"PurposeThe purpose of this study is to present evidence as to whether the use of gold or silver can be justified as an asset to hedge against policy uncertainty and COVID-19 in the Chinese market.Design/methodology/approachBy using a GARCH model with a generalized error distribution (GED), this study specifies that the gold (or silver) return is a function of a set of economic and uncertainty variables, which include volatility from interest rate innovation, a change in economic policy uncertainty (EPU), a change in geopolitical risk (GPR) and volatility due to pandemic diseases, while controlling for stock market returns, inflation rates, economic growth and the Chinese currency value.FindingsThis study employs monthly data of gold and silver prices over the period from January 2002 to August 2021 to examine hedging behavior. Estimated results show that the gold return is positively correlated to the stock return and a rise in uncertainty from economic policy innovation, geopolitical risk, volatility due to US interest rate innovation as well as COVID-19 infection. This result suggests that gold cannot be used to hedge against a stock market decline, but can be used to hedge against uncertainty in general. However, the silver return only responds positively to a rise in uncertainty from the inflation rate and geopolitical risk. Evidence shows that silver returns are negatively correlated with stock returns, and display hedging characteristics. However, the evidence lacks statistically significance during the COVID-19 period, suggesting that the role of silver as a safe-haven asset against stock market turmoil is weak for this time period.Research limitations/implicationsMore general nonlinear specifications can be developed. The tests may include different measures of uncertainty that interact with each other or with the lagged error terms. An implication of the model is that gold can be used to hedge against a broad range of uncertainties for economic policy change, political risk and/or a pandemic. However, the use of gold as an asset to hedge against a stock downturn in Chinese market should be done with caution.Practical implicationsThis study has important policy implications as regards a choice in assets in formatting a portfolio to hedge against uncertainty. Specifically, this study presents empirical evidence on gold and silver return behavior and finds that gold returns respond positively to heightened uncertainty. Thus, gold is a good asset to hedge against uncertainty arising from policy innovations and infectious disease uncertainty.Social implicationsThis paper provides insightful information on the choice of assets toward hedging against risk in the uncertainty market conditions. It provides information to investors and policy makers to use gold price movements as a signal for detecting the arrival of uncertainty. This study also provides information for demanding a risk premium for infectious disease.Originality/valueThis study empirically analyzes and verifies the role that gold serves as a safe haven asset to hedge against uncertainty in the Chinese market. This paper contributes to the literature by presenting evidence of risk/uncertainty premiums for holding gold against various sources of uncertainty such as economic policy uncertainty, geopolitical risk and equity market volatility due to US interest rate innovation and/or COVID-19. This study finds evidence that supports the use of a nonlinear specification, which demonstrates the interaction of uncertainty with the lagged change of infectious disease and helps to explain the gold/silver return behavior. Further, evidence shows that the gold return is positively correlated to the stock return. This finding contrasts with evidence in the US market. However, silver returns are negatively correlated with stock returns, but this correlation becomes insignificant during the period of COVID-19.",30,China Finance Review International,,False,10.1108/cfri-12-2021-0232
Frequency Connectedness and Spillovers among Oil and Islamic Sector Stock Markets: Portfolio Hedging Implications,Walid Mensi; Sami Al Kharusi; X. Vo; S. Kang,2022,stock market covid GARCH,Yes,"Using the asymmetric Baba-Engle-Kraft-Kroner (BEKK)-GARCH model and the frequency spillover methodology by Baruník and Křehlík (2018), this paper examines spillovers and portfolio management between crude oil and US Islamic sector stocks. The results show significant time-varying spillovers between oil and Islamic sectors. The short-term spillovers are stronger than their long-term counterparts. The spillovers intensify during extreme events (global financial crisis and COVID-19 pandemic). The aggregate index, consumer services, raw materials, and manufacturing are net contributors of spillovers in the short term, whereas the remaining sectors are net recipients. In the long-term horizon, we find that consumer goods and finance become net transmitters of spillovers. The raw materials sector becomes a net recipient of spillovers in the long term. Finally, hedging effectiveness is lower in the long term than in the short term during the oil crisis in 2015-2016 and the US presidential election in 2017, US-China trade tension, and the COVID-19 pandemic.",29,Borsa Istanbul Review,,True,10.1016/j.bir.2022.07.008
Complex network analysis of volatility spillovers between global financial indicators and G20 stock markets,B. Korkusuz; D. McMillan; Dimos S. Kambouroudis,2022,stock market covid GARCH,Yes,"This paper analyses the dynamic transmission mechanism of volatility spillovers between key global financial indicators and G20 stock markets. To examine volatility spillover relations, we combine a bivariate GARCH-BEKK model with complex network theory. Specifically, we construct a volatility network of international financial markets utilising the spatial connectedness of spillovers (consisting of nodes and edges). The findings show that spillover relations between global variables and G20 markets vary significantly across five identified sub-periods. Notably, networks are much denser in crisis periods compared to non-crisis periods. In comparing two crisis periods, Global Financial Crisis (2008) and COVID-19 Crisis (2020) periods, the network statistics suggest that volatility spillovers in the latter period are more transitive and intense than the former. This suggests that financial volatility spreads more rapidly and directly through key financial indicators to the G20 stock markets. For example, oil and bonds are the largest volatility senders, while the markets of Saudi Arabia, Russia, South Africa, and Brazil are the main volatility receivers. In the former crisis, the source of financial volatility concentrates primarily in the USA, Australia, Canada, and Saudi Arabia, which are the largest volatility senders and receivers. China emerges as generally the least sensitive market to external volatility.",29,Empirical Economics,JournalArticle,True,10.1007/s00181-022-02290-w
Did U.S. and Chinese investors respond differently to the exogenous shocks from COVID-19 and the war in Ukraine?,Yongmin Zhang; Yiru Sun,2023,stock market covid GARCH,Yes,"This paper investigates the U.S. and Chinese stock markets' long-run responses to COVID-19 and the Russia–Ukraine war, the main shocks that have recently battered the globalized economy. The investigation uses both static data analysis and ARMA-GARCH and DCC-GARCH dynamic risk models incorporating both events' impacts. Model fitting reveals opposite reactions of the two stock markets' long-run volatilities to the pandemic, but both volatilities have been enhanced by the war, with a much stronger reaction from the U.S. than from the Chinese market. Furthermore, the war has reduced the linkage between the two markets, while the pandemic has had no significant effect. The different responses of U.S. and Chinese investors may be attributed to the two countries' very different virus containment strategies, pandemic severities, and policy approaches to the geopolitical conflict. Our results have important practical implications for regulators' risk mitigation policy design and investors' cross-market hedging strategy development.",28,International Review of Financial Analysis,JournalArticle,True,10.1016/j.irfa.2023.102710
A Comparative Analysis of the Nature of Stock Return Volatility in BRICS and G7 Markets,L. Muguto; P. Muzindutsi,2022,stock market covid GARCH,Yes,"Through globalization and financial market liberalization, the opening up of markets has increased cross-border investments as investors search for higher risk-adjusted returns. This ability to invest internationally has raised the attention given to emerging markets that offer higher risk-adjusted returns relative to developed markets. However, despite the growing importance of emerging markets, the literature on the nature of volatility in global markets is typified by generalizations of findings from developed markets. To fill this gap, this study comparatively examined the nature of stock return volatility in developed G7 and emerging BRICS markets. Broad market index data and GARCH models over the period 2003:01–2020:08 were employed. The study found evidence of volatility persistence, asymmetry, mean reversion and weak evidence of a risk premium in both emerging and developed markets. There was also evidence of significant differences in the nature of volatility within the two sets of markets. These volatility patterns in both groups cast doubt on the assertion that developed markets are more informationally efficient than emerging markets. Thus, markets in the same group may not always have the same nature of volatility, especially in the wake of structural events such as the COVID-19 global pandemic.",27,Journal of Risk and Financial Management,,True,10.3390/jrfm15020085
Dynamic correlations and portfolio implications across stock and commodity markets before and during the COVID-19 era: A key role of gold,Xiaoxing Liu; Khurram Shehzad; Emrah Koçak; Umer Zaman,2022,stock market covid GARCH,Yes,"Novel Coronavirus (COVID-19) has affected stock markets around the globe, adding serious challenges to asset allocations and hedging strategies. This investigation analyses the dynamic correlations and portfolio implications among the S&P 500 index and various commodities (gold, WTI crude oil, Brent oil, beverages, and wheat) before and during the COVID-19 era. Using multivariate asymmetric GARCH models, the results show weak correlations during the standard period. However, the correlations intensify and become more complicated during the COVID-19 era, especially between gold and S&P 500. Similarly, bidirectional return and volatility spillovers across stock-commodity markets are more pronounced during the COVID-19 outbreak. Analysis involving the optimal portfolio weights and time-varying hedge ratios indicates that a $1long position in the S&P 500 can be hedged for 15 cents in crude oil during the standard period and for 33 cents in gold during the COVID-19 era. A portfolio of S&P 500 – beverages displays the highest VaR, while a portfolio of S&P 500 – gold displays the lowest VaR, especially during the COVID-19 era. This finding suggests that gold offers better portfolio diversification benefits and downside risk reductions, which are useful in determining strategies for portfolio investors during the COVID-19 outbreak.",27,Resources Policy,JournalArticle,True,10.1016/j.resourpol.2022.102985
Volatility Spillovers and Contagion During Major Crises: An Early Warning Approach Based on a Deep Learning Model,Mehmet Sahiner,2023,stock market covid GARCH,Yes,"This paper contributes to the ongoing debate on the nature and characteristics of the volatility transmission channels of major crash events in international stock markets between 03 July 1997 and 09 March 2021. Using dynamic conditional correlations (DCC) for conditional correlations and volatility clustering, GARCH-BEKK for the direction of transmission of disturbances, and the Diebold-Yilmaz spillover index for the level of volatility contagion, the paper finds that the climbs in external shock transmissions have long-lasting impacts in domestic markets due to the contagion effect during crisis periods. The findings also reveal that the heavier magnitude of financial stress is transmitted between Asian countries via the Hong Kong stock market. Additionally, the degree of volatility spillovers between advanced and emerging equity markets is smaller compared to the pure spillovers between advanced markets or emerging markets, offering a window of opportunity for international market participants in terms of portfolio diversification and risk management applications. Furthermore, the study introduces a novel early warning system created by integrating DCC correlations with a state-of-the-art deep learning model to predict the global financial crisis and COVID-19 crisis. The experimental analysis of long short-term memory network finds evidence of contagion risk by verifying bursts in volatility spillovers and generating signals with high accuracy before the 12-month crisis period. This provides supplementary information that contributes to the decision-making process of practitioners, as well as offering indicative evidence that facilitates the assessment of market vulnerability for policymakers.",26,Computational Economics,JournalArticle,True,10.1007/s10614-023-10412-4
The Effect of COVID-19 on Cryptocurrencies and the Stock Market Volatility: A Two-Stage DCC-EGARCH Model Analysis,Apostolos Ampountolas,2023,stock market covid GARCH,Yes,"This research examines the correlations between the return volatility of cryptocurrencies, global stock market indices, and the spillover effects of the COVID-19 pandemic. For this purpose, we employed a two-stage multivariate volatility exponential GARCH (EGARCH) model with an integrated dynamic conditional correlation (DCC) approach to measure the impact on the financial portfolio returns from 2019 to 2020. Moreover, we used value-at-risk (VaR) and value-at-risk measurements based on the Cornish–Fisher expansion (CFVaR). The empirical results show significant long- and short-term spillover effects. The two-stage multivariate EGARCH model’s results show that the conditional volatilities of both asset portfolios surge more after positive news and respond well to previous shocks. As a result, financial assets have low unconditional volatility and the lowest risk when there are no external interruptions. Despite the financial assets’ sensitivity to shocks, they exhibit some resistance to fluctuations in market confidence. The VaR performance comparison results with the assets portfolios differ. During the COVID-19 outbreak, the Dow (DJI) index reports VaR’s highest loss, followed by the S&P500. Conversely, the CFVaR reports negative risk results for the entire cryptocurrency portfolio during the pandemic, except for the Ethereum (ETH).",25,Journal of Risk and Financial Management,,True,10.3390/jrfm16010025
Extreme risk spillovers across financial markets under different crises,Yufei Cao,2022,stock market covid GARCH,Yes,"We examine how extreme risk spillovers caused by different crises transmit through financial markets in the US, Europe and Asia-Pacific regions. By modifying the bivariate peak-over-threshold and DCC-GARCH models and using daily negative log-returns from November 1991 to August 2020, we find significant bidirectional extreme risk spillovers with persistent effects between US and other markets. Contributions to extreme risk spillovers vary across crises. The recent COVID-19 shock (non-financial channel) and the 2007–2008 global crisis (financial channel) contribute more to extreme risk spillovers. Moreover, the extreme spillovers in the COVID-19 shock depend more on the non-financial channel compared to the global crisis and cause larger contributions to extreme losses, showing the impact of the non-financial shocks on financial markets.",25,Economic Modelling,,False,10.1016/j.econmod.2022.106026
"Do investors herd in a volatile market? Evidence of dynamic herding in Taiwan, China, and US stock markets",Wan-Ru Yang; Ming-Che Chuang,2022,stock market covid GARCH,Yes,"This article investigates whether investors exhibit herd behavior in a high market volatility state. A modified herding model with the Kalman filter and GARCH methodology is used to estimate the time-variation herding corresponding to each influential event. Our proposed model provides comprehensive results for the relationship between investor herding and the market state, which has been argued in the previous literature. We find that investors indeed herd in volatile markets, including the 2001 dot.com bubble and the 2009 global financial crisis. However, in recent years, anti-herding is prevalent and herding is slight even in turbulent markets, such as the 2020 Covid-19 pandemic.",25,Finance Research Letters,,False,10.1016/j.frl.2022.103364
"Volatility contagion between cryptocurrencies, gold and stock markets pre-and-during COVID-19: evidence using DCC-GARCH and cascade-correlation network",Bassam A. Ibrahim; Ahmed A. Elamer; T. H. Alasker; M. Mohamed; Hussein A. Abdou,2024,stock market covid GARCH,Yes,"The rapid rise of Bitcoin and its increasing global adoption has raised concerns about its impact on traditional markets, particularly in periods of economic turmoil and uncertainty such as the COVID-19 pandemic. This study examines the extent of the volatility contagion from the Bitcoin market to traditional markets, focusing on gold and six major stock markets (Japan, USA, UK, China, Germany, and France) using daily data from January 2, 2011, to June 2, 2022, with 2958 daily observations. We employ DCC-GARCH, wavelet coherence, and cascade-correlation network models to analyze the relationship between Bitcoin and those markets. Our results indicate long-term volatility contagion between Bitcoin and gold and short-term contagion during periods of market turmoil and uncertainty. We also find evidence of long-term contagion between Bitcoin and the six stock markets, with short-term contagion observed in Chinese and Japanese markets during COVID-19. These results suggest a risk of uncontrollable threats from Bitcoin volatility and highlight the need for measures to prevent infection transmission to local stock markets. Hedge funds, mutual funds, and individual and institutional investors can benefit from using our findings in their risk management strategies. Our research confirms the utility of the cascade-correlation network model as an innovative method to investigate intermarket contagion across diverse conditions. It holds significant implications for stock market investors and policymakers, providing evidence for potentially using cryptocurrencies for hedging, for diversification, or as a safe haven.",24,Financial Innovation,JournalArticle,True,10.1186/s40854-023-00605-z
"Financial Volatility Modeling with the GARCH-MIDAS-LSTM Approach: The Effects of Economic Expectations, Geopolitical Risks and Industrial Production during COVID-19",Ö. Ersin; M. Bildirici,2023,stock market volatility covid machine learning,Yes,"Forecasting stock markets is an important challenge due to leptokurtic distributions with heavy tails due to uncertainties in markets, economies, and political fluctuations. To forecast the direction of stock markets, the inclusion of leading indicators to volatility models is highly important; however, such series are generally at different frequencies. The paper proposes the GARCH-MIDAS-LSTM model, a hybrid method that benefits from LSTM deep neural networks for forecast accuracy, and the GARCH-MIDAS model for the integration of effects of low-frequency variables in high-frequency stock market volatility modeling. The models are being tested for a forecast sample including the COVID-19 shut-down after the first official case period and the economic reopening period in in Borsa Istanbul stock market in Türkiye. For this sample, significant uncertainty existed regarding future economic expectations, and the period provided an interesting laboratory to test the forecast effectiveness of the proposed LSTM augmented model in addition to GARCH-MIDAS models, which included geopolitical risk, future economic expectations, trends, and cycle industrial production indices as low-frequency variables. The evidence suggests that stock market volatility is most effectively modeled with geopolitical risk, followed by industrial production, and a relatively lower performance is achieved by future economic expectations. These findings imply that increases in geopolitical risk enhance stock market volatility further, and that industrial production and future economic expectations work in the opposite direction. Most importantly, the forecast results suggest suitability of both the GARCH-MIDAS and GARCH-MIDAS-LSTM models, and with good forecasting capabilities. However, a comparison shows significant root mean squared error reduction with the novel GARCH-MIDAS-LSTM model over GARCH-MIDAS models. Percentage decline in root mean squared errors for forecasts are between 39% to 95% in LSTM augmented models depending on the type of economic indicator used. The proposed approach offers a key tool for investors and policymakers.",23,Mathematics,JournalArticle,True,10.3390/math11081785
Assessing the potential of blockchain technology for Islamic crypto assets,Asif Zaman; I. Tlemsani; Robin Matthews; Mohamed Ashmel Mohamed Hashim,2023,stock market covid GARCH,Yes,"
Purpose
The rapid rise of Islamic crypto assets, underpinned by blockchain technology, has introduced a novel dimension to the Islamic financial landscape, raising questions about their potential as safe havens within emerging Islamic economies. However, the opportunities and challenges associated with this phenomenon remain insufficiently explored. In this context, this study aims to empirically investigate the extent to which blockchain technology can establish Islamic crypto assets as safe havens in equity markets within Islamic economies.


Design/methodology/approach
This study addresses the need for rigorous empirical analysis to understand the dynamics between Islamic crypto assets and stock markets in emerging Islamic economies, focusing on the transmission of volatility. While the evolving nature of the Islamic financial sector demands reliable data, the reliance on the most available data offers insights into the expected future trends in this emerging field. The research specifically focuses on three essential assets in the Islamic financial portfolio: OneGram Coin and X8XToken, both backed by gold and MRHB DeFi, an Islamic DeFi asset lacking gold backing. These crypto assets are compared with corresponding assets in seven stock markets of emerging Islamic economies. Using daily log returns of the Islamic crypto assets from various sources and seven Islamic stock indices. The data covers the period from December 27, 2021, to December 28, 2022, capturing the fluctuations in Islamic stocks and cryptocurrency markets during the post-COVID-19 era. This research uses advanced econometric techniques, including pairwise dynamic correlation and the DCC GARCH model.


Findings
The findings indicate that Islamic crypto assets exhibit distinct characteristics, with lower volatility and low correlations compared to their conventional counterparts in non-Islamic contexts. This outcome suggests that these Islamic crypto assets could potentially serve as safe havens within Islamic stock markets, offering valuable insights for various stakeholders, including investors, governments and policymakers.


Research limitations/implications
The findings are based on a specific set of Islamic crypto assets and may vary with a different selection. Market dynamics can also influence the relationships observed. Nevertheless, the outcomes provide valuable insights for investors, policymakers and researchers interested in the intersection of Islamic finance, cryptocurrency and technology.


Originality/value
In essence, this research not only unveils the potential of Islamic crypto assets as stabilizing forces but also delineates a trajectory for subsequent research endeavours within the realm of emerging Islamic Fintech, elucidating the challenges, opportunities and benefits that lie therein. With a discerning eye on circumventing the pitfalls entrenched within conventional crypto finance, this study contributes to a heightened comprehension of the transformative role that Islamic crypto assets can assume, ultimately enriching the financial resilience of Islamic economies.
",22,Competitiveness Review: An International Business Journal,JournalArticle,False,10.1108/cr-05-2023-0100
"The roles of gold, US dollar, and bitcoin as safe-haven assets in times of crisis",Van Le Thi Thuy; Tran Thi Kim Oanh; Nguyen Thi Hong Ha,2024,stock market covid GARCH,Yes,"Abstract Using the GJR-GARCH method, this study examines the safe-haven role of gold, US dollar, and Bitcoin over a period including the global financial crisis, the COVID-19 pandemic and the Russia-Ukraine conflict from 3 April 2006 to 19 May 2023. The study supports the hypothesis that the safe-haven role of assets changes over periods of crisis. Specifically, gold loses its role as a safe-haven asset during the COVID-19 pandemic, but this role has been restored in the Dutch, US and German markets during the Russia-Ukraine conflict. Similarly, Bitcoin is not a safe-haven asset during the COVID-19 pandemic but is a strong safe-haven asset for the stock markets of some European countries, and a weak safe-haven asset for China when the Russia-Ukraine conflict occurred. Only the USD acts as a stable safe-haven asset through periods of crisis. However, this role is weakened in Russia. These results partly help investors and portfolio managers choose a safe haven for their assets, especially during volatile market periods. Impact Statement Investors often want to protect their assets by diversifying their investment portfolios or using risk prevention tools. Especially when the financial market encounters instability caused by the crisis, investors tend to look for safe-haven assets such as precious metals, foreign currencies, and cryptocurrencies. This study re-evaluates the safe-haven role of gold, USD, and Bitcoin during the Russia-Ukraine conflict, then compares the research results with two previous crises, GFC 2008 and the COVID-19 pandemic. Research results help investors choose appropriate assets during market volatility.",22,Cogent Economics & Finance,JournalArticle,True,10.1080/23322039.2024.2322876
Spillover effects between the carbon and linear shipping markets under COVID-19: A time-varying frequency-domain analysis with applications in portfolio management,B. Meng; Shuiyang Chen; Mo Yang; H. Kuang,2022,stock market covid GARCH,Yes,"With the global consensus on carbon emission reduction, the relationships between the carbon market and conventional financial markets have been extensively studied, while the risk spillover between the carbon and shipping markets is merely addressed. In this paper, we propose a new framework for analyzing the frequency-dependent spillover effects based on the wavelet transformation and DECO-ARMA-GARCH-type modelling, and scrutinize the dynamic interdependence between carbon futures and the stock returns of the top ten linear shipping companies under the impact of the COVID-19 pandemic. We further analyze dynamic portfolio management and hedging efficiency under time-varying market conditions with external shocks. The empirical results indicate that short-term spillovers dominate the spillover effect between the carbon and liner shipping markets and the interdependence is at relatively low levels satisfying the conditions for portfolio hedging. The COVID-19 pandemic has enhanced the correlation between the carbon and liner shipping markets, and hence led to reduced hedging efficiency of carbon futures. Also, due to the impact of the pandemic, the holding of shipping assets should be reduced in return for more carbon assets. This study provides shipping companies with a better understanding of carbon trading for shipping emission reduction and investors with applicable dynamic portfolio management strategies.",22,Ocean &amp; Coastal Management,,False,10.1016/j.ocecoaman.2022.106351
The impact of the COVID 19 pandemic on stock market volatility: evidence from a selection of developed and emerging stock markets,Muhammad Niaz Khan; S. Fifield; David M. Power,2024,stock market covid GARCH,Yes,"This study examines the impact of the COVID 19 pandemic on the stock markets of China, India, Pakistan, the UK and the US using Generalised Autoregressive Conditional Heteroscedasticity (GARCH) and Threshold GARCH models with COVID 19 as an exogenous dummy variable in the variance equation. The sample period of 2016–2021 is divided into two sub-periods: the pre-COVID 19 period and the COVID 19 period. The results of the study indicate that there was persistent volatility in these markets and that this volatility increased as a result of the pandemic. In addition, the Threshold GARCH results indicate that the asymmetric term was significant in all markets indicating that bad news, such as the pandemic, had a stronger impact on the conditional variance of the returns as compared to good news. In addition, the results further confirm that the US market had no significant impact on the volatility of the Chinese market during the pandemic. The results have important implications for (1) international investors regarding portfolio management and investment risk minimisation in situations like the COVID 19 pandemic; and (2) policy-makers in terms of how they respond to any future pandemic.",21,SN Business & Economics,JournalArticle,True,10.1007/s43546-024-00659-w
Are categorical EPU indices predictable for carbon futures volatility? Evidence from the machine learning method,Xiaozhu Guo; Dengshi Huang; Xiafei Li; Chao Liang,2022,volatility forecasting covid deep learning,Yes,"The purpose of this paper is to explore whether the categorical Economic Policy Uncertainty (EPU) indices are predictable for the volatility of carbon futures, in the mixed data sampling (MIDAS) regression framework. The prediction methods include the MIDAS-RV model, the MIDAS models extended by individual categorical EPU index, combination prediction approaches, the MIDAS models extended by dimensionality reduction techniques as well as the machine learning methods on the basis of MIDAS model and Markov regime switching method. We find firstly that categorical EPU indices are predictable for carbon futures volatility, but the predictive power of individual categorical EPU indices is not robust. Secondly, machine learning methods, especially the machine learning method considering the Markov regime switching structure, help to obtain valid information from multiple categorical EPU indices and produce robust and superior prediction accuracy for carbon futures volatility. The results of the extension analysis also found that machine learning methods, especially the machine learning method considering the Markov regime switching structure help to produce higher investment performance and more accurate long-term carbon futures volatility forecasts. Meanwhile, we also find the advantages of the MIDAS based machine learning methods over the traditional AR based machine learning methods. Finally, the forecasting performance of the machine learning method which considering Markov regime switching structure are superior during both the low and high volatility regimes and even during the COVID-19 pandemic.",20,International Review of Economics &amp; Finance,,False,10.1016/j.iref.2022.10.011
The hedging role of US and Chinese stock markets against economic and trade policy uncertainty: lessons from recent turbulences,S. Ghosh; Md. Naiem Hossain; Hosneara Khatun,2022,stock market covid GARCH,Yes,"PurposeThis study analyses the impact of economic and trade policy uncertainty on US and Chinese stock markets. Also, this study examines the hedge and safe-haven properties of US and China stocks against both US and Chinese economic and trade policy uncertainty.Design/methodology/approachTo achieve the desired goals, the authors employ Dynamic Conditional Correlation through Glosten et al. (1993) model based on the Generalized Autoregressive Conditional Heteroscedasticity (DCC-GJR-GARCH (1, 1)) and Quantile cross-spectral (QS) models. The study uses monthly observations spanning from March 2010 to June 2022.FindingsThis study evidence that the economic and trade policy uncertainty between USA and China is extremely sensitive and has high volatility clustering effects on DJChina88 and DJUS, respectively. Conversely, against the Chinese economic and trade policy uncertainty, the US stock market indexes show both hedging properties across the period and safe-haven during COVID-19 and Russia–Ukraine crises. In contrast, among the Chinese stock markets, only DJShenzhen and DJShanghai stock indices might provide strong hedging and safe-haven properties against the US economic and trade policy uncertainties; however, DJShenzhen (DJChina88) stock shows weak hedge and safe-haven properties (hedging benefits) against Chinese trade policy uncertainty (CTPU) (Chinese economic policy uncertainty [CEPU]).Practical implicationsThe findings have significant implications for investors, portfolio managers and regulators in hedging and making proper decisions under uncertain circumstances.Originality/valueThe study extends the literature on stock market performance to cover the economic and trade policy uncertainty by providing novel evidence during the recent COVID-19 and Russia–Ukraine invasion.",19,China Finance Review International,,False,10.1108/cfri-08-2022-0154
"Regime-Specific Spillover Effects Between Financial Stress, GCC Stock Markets, Brent Crude Oil, and the Gold Market",Hayet Soltani; Mouna Boujelbène Abbes,2024,stock market covid GARCH,No,,19,Journal of the Knowledge Economy,JournalArticle,False,10.1007/s13132-024-02209-z
Risk spillover analysis of China’s financial sectors based on a new GARCH copula quantile regression model,Maoxi Tian; Fei Guo; R. Niu,2022,stock market covid GARCH,Yes,"This study employs a new GARCH copula quantile regression model to estimate the conditional value at risk for systemic risk spillover analysis. To be specific, thirteen copula quantile regression models are derived to capture the asymmetry and nonlinearity of the tail dependence between financial returns. Using Chinese stock market data over the period from January 2007 to October 2020, this paper investigates the risk spillovers from the banking, securities, and insurance sectors to the entire financial system. The empirical results indicate that (i) three financial sectors contribute significantly to the financial system, and the insurance sector displays the largest risk spillover effects on the financial system, followed by the banking sector and subsequently the securities sector;(ii) the time-varying risk spillovers are much larger during the global financial crisis than during the periods of the banking liquidity crisis, the stock market crash and the COVID-19 pandemic. Our results provide important implications for supervisory authorities and portfolio managers who want to maintain the stability of China’s financial system and optimize investment portfolios.",19,The North American Journal of Economics and Finance,,False,10.1016/j.najef.2022.101817
"Modeling the Linkages between Bitcoin, Gold, Dollar, Crude Oil, and Stock Markets: A GARCH-EVT-Copula Approach",Feng Jin; Jingwei Li; Guangchen Li,2022,stock market covid GARCH,Yes,"This paper aims to analyze and compare the ability of bitcoin, gold, and dollar to diversify the risk of traditional market such as crude oil and stock markets. Specifically, we model the linkages between bitcoin, gold, dollar, crude oil, and stock markets using the GARCH-EVT-copula approach. The results show that the gold market is in the central position among these markets, which is consistent with the status of gold as a major safe asset. Before the outbreak of COVID-19, bitcoin and the dollar also had the ability to diversify risks, although less effective than gold. However, during the COVID-19 period, gold loses its dominant position and gold, bitcoin, and dollar can no longer act as a hedge. We measure the value at risk (VaR) and expected shortfall (ES) of simulated portfolios constructed based on these five markets and use several backtesting methods to check the validity of the risk measures. The backtesting results show that our model can provide accurate risk measures before and within the COVID-19 period, which may help investors and risk managers construct the optimal portfolios.",18,Discrete Dynamics in Nature and Society,,True,10.1155/2022/8901180
"Re-evaluating the hedge and safe-haven properties of Islamic indexes, gold and Bitcoin: evidence from DCC–GARCH and quantile models",Slah Bahloul; Mourad Mroua; Nader Naifar,2023,stock market covid GARCH,Yes,"
Purpose
This paper aims to investigate the hedge, safe-haven and diversifier properties of Islamic indexes, Bitcoin and gold for ten of the most affected countries by the coronavirus, which are the USA, Brazil, the UK, Italy, Spain, Germany, France, Russia, China and Malaysia.


Design/methodology/approach
This research uses the Ratner and Chiu (2013) methodology based on the dynamic conditional correlation models to improve Baur and McDermott (2010). The authors adopt a careful investigation of the features of a diversifier, hedge and safe haven using the dynamic conditional correlation–GARCH and quantile regression models.


Findings
Empirical results indicate that Islamic indexes are not considered as hedge assets for the conventional market for all studied countries during the COVID-19 pandemic crisis period. However, gold works as a strong hedge in all countries, except for Brazil and Malaysia. Bitcoin is a strong hedge in the USA and a strong hedge and safe haven in China.


Practical implications
International investors in China and the US stock markets should replace Islamic ‎indexes with Bitcoin in their conventional portfolio of securities during the pandemic.


Originality/value
To the best of the authors’ knowledge, this is the first paper that re-evaluates the hedge, safe-haven and diversifier properties of Islamic indexes, Bitcoin and gold for ten of the most affected countries by the coronavirus.
",18,Journal of Islamic Accounting and Business Research,,False,10.1108/jiabr-03-2022-0076
"Asymmetric volatility spillover among global oil, gold, and Chinese sectors in the presence of major emergencies",Sheng Cheng; Mingjie Deng; Ruibin Liang; Yan Cao,2023,stock market covid GARCH,Yes,"The volatility of international crude oil and gold markets has affected stock markets through several economic channels, and the impact tends to be more evident with the appearance of emergencies. However, the volatility linkages between commodities and Chinese sector stocks in the presence of emergencies are understudied. To examine the asymmetric relationship and time-varying connectedness between commodities and Chinese sector stocks, this paper first employs GJR-GARCH to capture the realized volatility of international oil, gold, and Chinese sector stocks. Secondly, we decompose the realized volatility of international oil and gold into bad and good volatility and then employ the TVP-VAR-DY approach to obtain the connectedness index. The final result shows asymmetric volatility spillover among oil, gold, and Chinese sector stocks. During the COVID-19 outbreak, the gold good volatility transmission is intenser than bad volatility. Thirdly, the analysis is also carried out under different subperiods. They include three international events: the global financial crisis and the European debt crisis, the oil crisis, and COVID-19. The result reveals heterogeneity exists in the impact of international oil and gold on the Chinese sector stocks under different emergencies. These findings are of great significance for policymakers to improve the sector management under the impact of different emergencies and for investors to design diversified portfolios according to the commodity-sector risk spillover effects. © 2023 Elsevier Ltd",18,Resources Policy,JournalArticle,False,10.1016/j.resourpol.2023.103579
On the stylized facts of precious metals’ volatility: A comparative analysis in pre and during the COVID-19 crisis,S. Bentes,2022,stock market covid GARCH,Yes,"The main aim of this paper is to investigate the stylized facts associated with the volatility of precious metals before and during the COVID-19 pandemic using GARCH-type models. In particular, we employ an ARMA-GARCH, ARMA-EGARCH and ARMA-FIGARCH framework to account for volatility clustering, asymmetry and long memory in the volatility of gold, silver, platinum and palladium. Based on structural breaks, we divide the whole sample into sub-samples and find that the breakpoints occurred after the declaration of COVID-19 pandemic. Our results show a very distinct behaviour in the memory of the four metals before and during the crisis. While there is a moderate persistence in the full sample and in the pre-COVID-19 sub-period for the four metals, this effect vanishes after the crisis outburst. Positive asymmetric effects are also found in gold and silver volatilities, which intensify during COVID-19 phase. We ascribe this phenomenon to the hedge/safe-haven properties of these metals. By contrast, a diverse pattern is observed in the palladium and platinum volatilities, which display negative asymmetries before the pandemic, in tandem of financial markets. After the crisis, these metals show mixed evidence. Moreover, we argue that COVID-19 significantly affects the volatility of precious metals. © 2022 Elsevier B.V.",18,Physica A: Statistical Mechanics and its Applications,,False,10.1016/j.physa.2022.127528
Commonality in BRICS Stock Markets’ Reaction to Global Economic Policy Uncertainty: Evidence from a Panel GARCH Model with Cross Sectional Dependence,Mamman Suleiman; Zhanqin Wang; Jamilu Iliyasu,2023,stock market covid GARCH,Yes,"The rapid growth of BRICS has increasingly integrated their markets into the global economy. Thus, making their financial markets more vulnerable to external shocks. This study examines BRICS stock markets' response to global economic policy uncertainty using a panel GARCH model. The results show that global economic policy uncertainty significantly raises volatility with homogeneous response across the markets. The findings also suggests that COVID-19 has amplified the adverse impact of the uncertainties on prices and volatility. One major implication of the findings is that the BRICS can develop a joint policy for mitigating policy uncertainties spillovers. © 2023 Elsevier Inc.",18,SSRN Electronic Journal,JournalArticle,False,10.2139/ssrn.4390540
Research on the Time-varying Effects among Green Finance Markets in China: A Fresh Evidence from Multi-frequency Scale Perspective,Rongyan Liu; Lingyun He; Yufei Xia; Yating Fu; Ling Chen,2023,stock market covid GARCH,Yes,"Green finance is an essential instrument for achieving sustainable development. Objectively addressing correlations among different green finance markets is conducive to the risk management of investors and regulators. This paper presents evidence on the time-varying correlation effects and causality among the green bond market, green stock market, carbon market, and clean energy market in China at multi-frequency scales by combining the methods of Ensemble Empirical Mode Decomposition Method (EEMD), Dynamic Conditional Correlation (DCC) GARCH model, Time-Varying Parameter Vector Autoregression with Stochastic Volatility Model (TVP-VAR-SV), and Time-varying Causality Test. In general, the significant negative time-varying correlations among most green finance markets indicate a prominent benefit of risk hedging and portfolio diversification among green financial assets. In specific, for different time points and lag periods, the green finance market shock has obvious time-varying, positive and negative alternating effects in the short-term scales, while its time delay and persistence are more pronounced in the medium-term and long-term scales. Interestingly, a positive event shock will generate positive connectivity among most green finance markets, whereas a negative event including the China/U.S. trade friction and the COVID-19 pandemic may exacerbate the reverse linkage among green finance markets. Furthermore, the unidirectional causality of ""green bond market - carbon market - green stock and clean energy markets” was established during 2018–2019. © 2023",18,The North American Journal of Economics and Finance,,False,10.1016/j.najef.2023.101914
Did the Islamic Stock Index Provide Shelter for Investors during the COVID-19 Crisis? Evidence from an Emerging Stock Market,K. Ali; M. Ashfaque; A. Saleem; Judit Bárczi; J. Sági,2022,stock market covid GARCH,Yes,"The economic and financial chaos caused by COVID-19 has been a discussion topic since the beginning of 2020. This study intends to provide a parallel comparison of volatility change and external shock persistence of the Islamic and conventional stock indexes of the Pakistan Stock Exchange. The daily stock index was extracted from Eikon Thomson Reuters for the conventional and Islamic stock index from Jan 2018 to April 2021, which was further divided in three periods, i.e., full, pre-, and post-pandemic period. The data have been analyzed using generalized autoregressive conditional heteroscedasticity (GARCH). An optimally parameterized GARCH (1,1) model is used to measure volatility change for both the pre- to post-pandemic periods. The results suggest that the magnitude of risk in a conventional index is significantly higher than that of the Islamic stock index for the period of study. However, the level of COVID shock persistence is longer in the KSE (conventional) index compared to the KMI (Islamic) index.",17,Risks,,True,10.3390/risks10060109
Volatility Persistence and Spillover Effects of Indian Market in the Global Economy: A Pre- and Post-Pandemic Analysis Using VAR-BEKK-GARCH Model,Narayana Maharana; A. Panigrahi; S. Chaudhury,2024,stock market covid GARCH,Yes,"This study examines how the COVID-19 pandemic impacted stock market volatility and interconnectedness between India and other selected global economies. The analysis, using data from 2016 to 2024, reveals a substantial rise in volatility within both the Indian market and those of several other countries after the pandemic. Interestingly, the volatility transmission patterns also changed. While the Indian market’s volatility significantly influenced Brazil, China, and Mexico throughout the entire period, the influence of the US market became negligible post-pandemic. In contrast, Russia exhibited a weak but statistically significant impact on India’s volatility only after the pandemic. These findings highlight the lasting impact of the pandemic on global financial markets and emphasize the need for investors and policymakers to adapt. By understanding these new dynamics, investors can make more informed decisions, and policymakers can develop stronger risk management strategies and international coordination during periods of increased volatility. This study offers valuable insights for navigating the current financial landscape and the interconnectedness of emerging economies.",17,Journal of Risk and Financial Management,JournalArticle,True,10.3390/jrfm17070294
"Assessing the impacts of Covid-19 on stock exchange, gold prices, and financial markets: Fresh evidences from econometric analysis",Yali Deng; Jianxiong Guo; Duisebayeva Aizhan; Mehriban Karimzade,2023,stock market covid GARCH,Yes,"This research analyses the relative efficacy of gold price, financial market, and stock exchange hedging against sectoral and industry-level global stock market returns. Incorporating Gold into equity-based asset allocation techniques and assessing the stock market and financial sector during the COVID-19 epidemic is one way to diversify your portfolio and reduce risk. After orthogonalizing raw returns concerning a robust collection of relevant universal variables, we conduct our analysis inside a bivariate GARCH(p, q) framework. To further assess ideal portfolio proportions and the efficacy of hedging methods, we expand the volatility spillovers study by calculating the optimal weights for a minimal risk portfolio and determining the hedge ratio. In high-volatility environments, our results show which financial market and stock exchange sectors and industries investors should prioritize to minimize the risk and maximize reward. Use of country-specific macroeconomic variables indices to supplement the worldwide index, (3) separate analysis for the COVID-19 first wave due to the existing argument that the pandemic raises unexpected market events and our early data showing co-movement among the three unpredictability metrics during the pandemic. These findings have important implications for portfolio entrepreneurs and business investors looking to buy international equities.",17,Resources Policy,JournalArticle,True,10.1016/j.resourpol.2023.103617
Mapping Risk–Return Linkages and Volatility Spillover in BRICS Stock Markets through the Lens of Linear and Non-Linear GARCH Models,Rajeev Singh; Yashvardhan Singh; Satish Kumar; Ajay Kumar; Waleed S. Alruwaili,2024,stock market covid GARCH,Yes,"This paper explores the influence of the risk–return relationship and volatility spillover on stock market returns of emerging economies, with a particular focus on the BRICS countries. This research is undertaken in a context where discussions on de-dollarization and the expansion of BRICS membership are gaining momentum, making it a novel and distinct exercise compared to prior studies. Utilizing econometric techniques to investigate daily market returns from 1 April 2008 to 31 March 2023, a period that witnessed major events like the global financial crisis, the COVID-19 pandemic, and the Russia–Ukraine conflict, linear and non-linear models like ARCH, GARCH, GARCH-M, EGARCH, and TGARCH, are employed to assess stock return volatility behaviour, assuming a Gaussian distribution of error terms. The diagnostic test confirms that the distribution is non-normal, stationary, and heteroscedastic. The key findings indicate a lack of the risk–return relationship across all BRICS stock markets, except for South Africa; a more pronounced effect of unpleasant news over pleasant news; a slow mean-reverting process in volatility; the EGARCH model is the best fit model as evidenced by a higher log likelihood and lower Akaike information criterion and Schwardz information criterion parameters; and finally, the presence of significant bidirectional and unidirectional spillover effects in the majority of instances. These findings are valuable for investors, regulators, and policymakers in enhancing returns and mitigating risk through portfolio diversification and informed decision making.",17,Journal of Risk and Financial Management,JournalArticle,True,10.3390/jrfm17100437
The Bitcoin Halving Cycle Volatility Dynamics and Safe Haven-Hedge Properties: A MSGARCH Approach,Jireh Yi-Le Chan; S. Phoong; S. Phoong; Wai-Khuen Cheng; Yen-Lin Chen,2023,stock market covid GARCH,Yes,"This paper introduces a unique perspective towards Bitcoin safe haven and hedge properties through the Bitcoin halving cycle. The Bitcoin halving cycle suggests that Bitcoin price movement follows specific sequences, and Bitcoin price movement is independent of other assets. This has significant implications for Bitcoin properties, encompassing its risk profile, volatility dynamics, safe haven properties, and hedge properties. Bitcoin’s institutional and industrial adoption gained traction in 2021, while recent studies suggest that gold lost its safe haven properties against the S&P500 in 2021 amid signs of funds flowing out of gold into Bitcoin. Amid multiple forces at play (COVID-19, halving cycle, institutional adoption), the potential existence of regime changes should be considered when examining volatility dynamics. Therefore, the objective of this study is twofold. The first objective is to examine gold and Bitcoin safe haven and hedge properties against three US stock indices before and after the stock market selloff in March 2020. The second objective is to examine the potential regime changes and the symmetric properties of the Bitcoin volatility profile during the halving cycle. The Markov Switching GARCH model was used in this study to elucidate regime changes in the GARCH volatility dynamics of Bitcoin and its halving cycle. Results show that gold did not exhibit safe haven and hedge properties against three US stock indices after the COVID-19 outbreak, while Bitcoin did not exhibit safe haven or hedge properties against the US stock market indices before or after the COVID-19 pandemic market crash. Furthermore, this study also found that the regime changes are associated with low and high volatility periods rather than specific stages of a Bitcoin halving cycle and are asymmetric. Bitcoin may yet exhibit safe haven and hedge properties as, at the time of writing, these properties may manifest through sustained adoption growth.",17,Mathematics,,True,10.3390/math11030698
Co-movement between Covid-19 and G20 stock market returns: A time and frequency analysis,A. Phiri; I. Anyikwa; C. Moyo,2023,stock market covid GARCH,Yes,"In our study, we employ DCC-GARCH and Wavelet coherence analysis to examine the co-movement between global covid-19 indicators (cases, recoveries and deaths) and stock returns of main equity markets in G20 countries using daily data spanning between February 2, 2020 and August 28, 2021. Our empirical results show that the co-movement between COVID-19 and G20 stock returns has been switching between negative and positive correlations across the entire time window. The wavelet coherence analysis further reveal that negative (positive) co-movements predominantly exist as lower (higher frequencies) for cases and deaths and are more mixed for recoveries. The findings also show that the short-frequency components correspond to periods around the initial announcement of the initial pandemic and also around the announced of subsequent variants of the COVID-19 virus. Policy and market implications from our study are also discussed.",16,Heliyon,JournalArticle,True,10.1016/j.heliyon.2023.e14195
OVERREACTION AND UNDERREACTION DURING THE COVID-19 PANDEMIC IN THE SOUTH AFRICAN STOCK MARKET AND ITS IMPLICATIONS,S. Enow,2022,stock market covid GARCH,Yes,"The aim of this study was to investigate overreaction and underreaction from the six main sectors in the Johannesburg stock exchange due to the significant impact of Covid-19 on economic activities and financial markets globally. Using a Threshold GARCH model, the findings revealed the presence of overreaction mostly in the healthcare, industrial and telecom sector. However, very few stocks in the banking and tech portrayed overreaction while none of the stocks in the consumer goods sector revealed the presence of overreaction or underreaction because the coefficient of the leverage term was statistically insignificant. From these findings, there is a high risk of investing in healthcare, industrial and telecom stocks, which is not compensated by additional returns. Investors can minimize risk in this sectors by adding healthcare, industrial and telecom stocks in a well- diversified portfolio and assigning a risk coefficient to their pricing. This study adds to the body of knowledge on market anomalies by looking at overreaction and underreaction during the coivid-19 pandemic, which is an important concept in behavioral finance. This study is significant to market participants that are willing to trade on the Johannesburg stock exchange as it provides valuable insights on behavioral pattern and anomalies.",15,EURASIAN JOURNAL OF BUSINESS AND MANAGEMENT,,True,10.15604/ejbm.2022.10.01.002
The impacts of global economic policy uncertainty on green bond returns: A systematic literature review,S. Gyamerah; Clement Asare,2024,stock market covid GARCH,Yes,"This study utilizes the Preferred Reporting Items for Systematic Reviews and Meta-Analyses (PRISMA) framework to investigate the interconnectedness of green bond with various financial markets, aiming to clarify their relationship with global economic uncertainty and their impact on returns. After a comprehensive search of pertinent research papers from January 2016 to September 2023, 79 relevant articles were identified. The analysis delves into the evolution of research on green bonds' interactions with economic policy uncertainty considering the financial markets, analytical methodologies, contributions to the field, and the role of green bonds under both normal and extreme market conditions. The study reveals noteworthy findings: firstly, the interplay between green bonds and financial markets is influenced by macroeconomic factors, such as the COVID-19 pandemic and the Russia-Ukraine conflict in 2022, which were significant sources of economic policy uncertainty during the study period. Secondly, during times of global economic uncertainties, green Bonds act as net transmitters of spillovers in the short term but shifts to net receivers in the long term, positioning them as strategic hedging assets rather than safe-havens, particularly against spillovers from crude oil and CO2 emission in times of economic uncertainties. Additionally, the review highlights prevalent methodologies employed to assess the relationship between global economic policy uncertainty and green bonds. Some of which include quantile approaches, the Diebold & Yilmaz 2012 spillover index, as well as various models like VAR models, GARCH models, ARDL models. Notably, certain countries like China, the United Kingdom, and Vietnam emerge as key contributors to this research domain. The review not only consolidates existing knowledge but also provides valuable insights for investors and policymakers regarding green bonds in terms of risk management and asset allocation, while also pointing towards potential avenues for future research in this field.",15,Heliyon,Review; JournalArticle,True,10.1016/j.heliyon.2024.e25076
The time-varying spillover effect of China’s stock market during the COVID-19 pandemic,Xueyong Liu; Zhihua Chen; Zhensong Chen; Yinhong Yao,2022,stock market covid GARCH,Yes,"The rapid spread of coronavirus (COVID-19) has a significant impact on the world economy, especially on the financial market. Investors are panicking about the future. This paper considers industry data and aims to investigate the impact of the pandemic on China’s stock market. The Asymmetric-GARCH-BEKK model and complex network theory were combined to construct the interaction networks. From the perspective of spillover effect, we investigated the time varying co-movement during the pandemic. The results indicate that the outbreak of COVID-19 weakens the mean spillover, but enhances the volatility spillover among China’s stock market. However, both mean spillover and volatility spillover decreased rapidly during the period of regular epidemic prevention and control. We also found that different industries have various sensitivity to the COVID-19 pandemic.",15,Physica a,JournalArticle,True,10.1016/j.physa.2022.127821
Dynamic Dependency between the Shariah and Traditional Stock Markets: Diversification Opportunities during the COVID-19 and Global Financial Crisis (GFC) Periods,M. Tabash; Mohammad Sahabuddin; F. Abdulkarim; Basem M. Hamouri; D. Tran,2023,stock market covid GARCH,Yes,"The aim of the present research is to highlight whether there exist any diversification opportunities from investing in developed and developing countries’ Shariah-compliant and non-Shariah-compliant stock markets during global financial crisis (GFC) and the COVID-19 pandemic periods. For this purpose, we employ daily data for both Shariah and non-Shariah indices from 29 October 2007 to 31 December 2021. The study uses multivariate GARCH-DCC and wavelet approaches to examine if there exist diversification opportunities in the selected markets. Evidence from this study shows that although the developing markets’ stock returns experience high volatility of a similar degree, the conventional indices of Malaysia have the highest volatility among them. This shows that Shariah indices have less exposure to risk and higher possibilities of diversification compared to their conventional counterparts. Regarding developed markets, the Japanese conventional index and the U.S. Shariah indices are more volatile compared to other indices in the market. Moreover, the results of the wavelet power spectrum show significant and higher volatility during the COVID-19 pandemic rather than the GFC. Similarly, the Chinese conventional market experienced minimum variance during the GFC and COVID-19 pandemic period. On the other hand, the results of wavelet-coherence transform indicate that the Japanese Shariah-based market offered better portfolio opportunities for U.S. traders during the GFC and the COVID-19 pandemic periods. Hence, opportunities for investment in this selected market are basically close to zero. Therefore, investors should carefully choose which stocks they can include in their investment portfolio.",15,Economies,JournalArticle,True,10.3390/economies11050149
Determinants of financial stability and risk transmission in dual financial system: Evidence from the COVID pandemic,Ahmed H. Elsayed; Habib Ahmed; Mohamad Husam Helmi,2023,stock market covid GARCH,Yes,"Existing literature on spillovers and connectedness between Islamic and conventional financial markets overlooked the fundamental role played by money markets in volatility spillovers and risk transmission across markets. That being so, this paper aims at investigating the dynamic co-movements and volatility spillovers across Islamic and conventional financial markets in a dual financial system over the period from January 3, 2007 to June 30, 2021. To this end, the DECO-GJR-GARCH model and the volatility spillover approach were applied. Furthermore, the ARDL model was utilised to explore the key determinants of co-movements and risk transmission across Islamic and conventional financial markets. This not only allowed us to study the interconnectedness and volatility spillovers between financial sectors under different market conditions but also enabled us to highlight the key role played by the money markets. Empirical results show that markets have significant responses to any new relevant information. While both conventional stock and money market are the main transmitters of shocks to other markets, the Islamic money market is a net recipient. Furthermore, the volatility spillovers across conventional and Islamic financial markets became stronger during the COVID-19 epidemic. The study also finds that global uncertainties have a significant and negative impact on the dynamic co-movements, but not on volatility connectedness among the underlying markets. These findings have important implications for many stakeholders including portfolio managers, investors, and policymakers in terms of diversifying their portfolios and enhancement of financial stability during times of black swan events and negative shocks such as the COVID-19 pandemic.",15,"Journal of International Financial Markets, Institutions and Money",JournalArticle,True,10.1016/j.intfin.2023.101784
"Impact of COVID-19 on the Saudi stock market: analysis of return, volatility and trading volume",Shaista Wasiuzzaman,2022,stock market covid GARCH,Yes,"The aim of this study is to investigate the effect of the coronavirus health crisis (COVID-19) on the performance of the Saudi stock market, the Tadawul. Prices of the Tadawul All-Shares Index (TASI) and all sector indices are collected from December 2019 to end of July 2020. Analysis of the pandemic on the return and volatility is carried out using the GARCH (1, 1) model. The results show that the pandemic has a positive impact on the mean returns of all indices except for the REITS sector, but the impact is mostly insignificant. Analysis of the pandemic on the volatility shows that the TASI itself experienced lower volatility during the pandemic period but the impact is insignificant, while out of 21 sectors only 9 experienced significant impacts on volatility. Out of the 9 sectors, 5 experienced significantly increased volatility, while 4 experienced significantly lower volatility. Analysis of the impact of trading volume on the volatility shows stronger investor sentiment influencing volatility for the sectors that experienced higher volatility only. This study provides further understanding of how various market participants around the world react to the COVID-19 pandemic and the need for portfolio diversification to reduce risk during crisis periods.",15,Journal of Asset Management,,True,10.1057/s41260-022-00269-x
Examining the adaptive market hypothesis with calendar effects: International evidence and the impact of COVID-19,A. Bassiouny; Mariam Kiryakos; Eskandar Tooma,2022,stock market covid GARCH,Yes,"This study examines whether the adaptive market hypothesis (AMH) explains calendar anomalies across 16 headline stock market indices in 10 markets. We employ the rolling window analysis and estimate a T-GARCH (1,1) for a long time series that includes two years coinciding with the COVID-19 pandemic. Overall, the empirical results reveal that calendar day anomalies across our sample markets exhibit time-varying behavior, evolving through patterns that shift markets between periods of efficiency and inefficiency, thereby providing support for the AMH framework. The results also highlight the calendar anomalies that reappeared after the onset of the COVID-19 pandemic across international markets.",14,Global Finance Journal,,False,10.1016/j.gfj.2022.100777
"REVISITING THE DYNAMIC CONNECTEDNESS, SPILLOVER AND HEDGING OPPORTUNITIES AMONG CRYPTOCURRENCY, COMMODITIES, AND ISLAMIC STOCK MARKETS",Taicir Mezghani; M. Rabbani; Yousra Trichilli; Boujelbène Abbes,2024,stock market covid GARCH,Yes,"The study investigates the dynamic interconnections and opportunities for hedging among cryptocurrency, commodity, and Islamic stock markets using DCC-GARCH and Spillover connectedness models.  Using daily data covering the Russia-Ukraine war and COVID-19 outbreak from December 1, 2019 to April 15, 2022, we document weak and frequently negative correlation between Bitcoin and Islamic stock markets.  Thus, Bitcoin could be viewed as a haven from Islamic stock market losses. The results also indicate that Bitcoin's diversification benefits are normally steady and increase considerably during turbulence. Furthermore, the net return spillovers from the Bitcoin market remain above zero during most of the study period. We also find that utilizing Bitcoin as a hedge during the COVID-19 pandemic phase leads to higher expenses. The outcomes of this investigation are expected to carry substantial ramifications for Indonesian investors and portfolio managers who adhere to Shariah law since they will enable them to comprehend the advantages of diversifying portfolios across various periods of stock holding or investment horizons.",14,Journal of Islamic Monetary Economics and Finance,JournalArticle,True,10.21098/jimf.v10i1.1813
When the market got the first dose: Stock volatility and vaccination campaign in COVID-19 period,B. To; B. K. Q. Nguyen; T. T. Nguyen,2023,stock market covid GARCH,Yes,"During the COVID-19 pandemic, the news of clinical trials for vaccines and mass vaccinations have brought renewed optimism for stabilizing the economy and financial markets. However, the mental stress of investors or doubt about the effectiveness of government policies to cope with economic disruptions has caused stock market volatility. We investigate the significance of the vaccination rate in alleviating the global stock market volatility which is measured by the GJR–GARCH model. We discover that a higher vaccine initiation rate has a positive effect on global stock markets, especially in developed countries and areas with higher rates than their average. Our findings remain reliable even when using different projected volatility models and other estimates of the main independent variables. Mass immunization also implies that governments will not have to take extreme measures to handle the pandemic, which alleviates investor worries about compliance and the prolonged effects of COVID-19. Our research indicates that global stock markets are providing insight into the economic value of the development of COVID-19 vaccines, even before public vaccinations start.",14,Heliyon,JournalArticle,True,10.1016/j.heliyon.2023.e12809
"The spillover effects among financial stress, investor sentiment, and GCC stock markets: evidence under the bearish and bullish market states",Hayet Soltani; Mouna Boujelbène Abbes,2024,stock market covid GARCH,Yes,"ABSTRACT This study delves into an exploration of volatility spillover between financial stress, investor sentiment, and stock market index returns in the Gulf Cooperation Council (GCC) countries using the DCC-GARCH, wavelet coherence, and BEKK-GARCH models. A robustness check, applying Diebold and Yilmaz’s (2012, 2014) methodology, verifies network measures across markets. Significant patterns in financial stress index were observed during crises, with strong co-movement between financial stress, investor sentiment, and stock returns, especially during COVID-19 pandemic. Volatility transmission from stock returns to investor sentiment and the financial stress index was notable in some markets. Additionally, we found a significant volatility transmission from the financial stress index to market returns during periods of bearish stress in Bahrain and Kuwait and bullish stress across all countries. These findings offer insights for investors and fund managers optimizing portfolios and managing risk exposure.",14,Journal of Chinese Economic and Business Studies,JournalArticle,False,10.1080/14765284.2024.2404278
Volatility spillovers between oil and financial markets during economic and financial crises: A dynamic approach,J. Sánchez García; Salvador Cruz Rambaud,2023,stock market covid GARCH,Yes,"Volatility in international oil markets is a recurrent phenomenon which causes spillovers on financial markets. However, a bidirectional comparison between the dynamic behavior of economic and financial crises has not been documented yet. This paper addresses this research question by employing a combined GARCH-VAR-Spillover Index methodology to measure the volatility of the WTI and the Brent in order to analyze its relationship with the SP500, NASDAQ, DAX and the IBEX for a sample corresponding to the period [2000:01, 2021:04]. Specifically, this paper compares the dynamic behavior of spillovers during the 2007-2009 financial crisis (taken as the financial crisis) and the COVID-19 pandemic (taken as the economic crisis). It has been found that there exists statistically significant net volatility shocks and spillovers from oil to stocks markets in the majority of cases and periods. These spillovers are bidirectional, and the net relationship is reversed depending on the market and the time period. The dynamic behavior of such spillovers depends on the region, being the USA more reactive to the source of the crisis than Europe. In particular, in the USA when the crisis is originated by financial shocks, financial markets are net transmitters of volatility to oil markets. When the source of the shock is economic, oil markets are net transmitters of volatility to stocks markets. This is not the case for Europe, where financial markets seem to be either transmitters or receivers of volatility no matter the source of the shock. In general, our study offers new evidence to understand macro-financial linkages.",14,Journal of Economics and Finance,JournalArticle,True,10.1007/s12197-023-09634-x
The impact of the COVID-19 pandemic on the nexus between the investor’s sentiment and the financial market dynamics: evidence from the Chinese market,Hayet Soltani; Mouna Boujelbène Abbes,2022,stock market covid GARCH,Yes,"PurposeThis study aims to investigate the impact of the COVID-19 pandemic on both of stock prices and investor's sentiment in China during the onset of the COVID-19 crisis.Design/methodology/approachIn this study, the ADCC-GARCH model was used to analyze the asymmetric volatility and the time-varying conditional correlation among the Chinese stock market, the investors' sentiment and its variation. The authors relied on Diebold and Yilmaz (2012, 2014) methodology to construct network-associated measures. Then, the wavelet coherence model was applied to explore the co-movements between these variables. To check the robustness of the study results, the authors referred to the RavenPack COVID sentiments and the Chinese VIX, as other measures of the investor's sentiment using daily data from December 2019 to December 2021.FindingsUsing the ADCC-GARCH model, a strong co-movement was found between the investor's sentiment and the Shanghai index returns during the COVID-19 pandemic. The study results provide a significant peak of connectivity between the investor's sentiment and the Chinese stock market return during the 2015–2016 and the end of 2019–2020 turmoil periods. These periods coincide, respectively, with the 2015 Chinese economy recession and the COVID-19 pandemic outbreak. Furthermore, the wavelet coherence analysis confirms the ADCC results, which revealed that the used proxies of the investor's sentiment can detect the Chinese investors' behavior especially during the health crisis.Practical implicationsThis study provides two main types of implications: on the one hand, for investors since it helps them to understand the economic outlook and accordingly design their portfolio strategy and allocate decisions to optimize their portfolios. On the other hand, for portfolios managers, who should pay attention to the volatility spillovers between investor sentiment and the Chinese stock market to predict the financial market dynamics during crises periods and hedge their portfolios.Originality/valueThis study attempted to examine the time-varying interactions between the investor's sentiment proxies and the stock market dynamics. Findings showed that the investor's sentiment is considered a prominent channel of shock spillovers during the COVID-19 crisis, which typically confirms the behavioral contagion theory.",13,Asia-Pacific Journal of Business Administration,,False,10.1108/apjba-07-2021-0326
Stock Market Forecasting Accuracy of Asymmetric GARCH Models During the COVID-19 Pandemic,Jorge Caiado; Francisco Lucio,2023,stock market covid GARCH,No,,13,SSRN Electronic Journal,JournalArticle,False,10.2139/ssrn.4368366
Effect of COVID-19 on risk spillover between fintech and traditional financial industries,Haiyan Zhou; Shuping Li,2022,stock market covid GARCH,Yes,"COVID-19 has affected China's financial markets; accordingly, we investigate the effect of COVID-19 on the risk spillover between fintech and traditional financial industries. Using data from April 25, 2012 to April 22, 2022, which we divide into two parts (before and during the COVID-19 periods), we model the dynamic risk spillover relationship following the DCC-GARCH-BEKK and MMV-MFDFA methods. The results show that: (1) The dynamic relationship between fintech and traditional finance is almost positive most of the time, and the dynamic correlations between fintech and realty (real estate development and operation) are the largest. The dynamic linkage between fintech and traditional finance declines after the COVID-19 outbreak. (2) There exists a risk spillover from fintech to every type of bank before and during the COVID-19 periods. Notably, the risk spillover effect of fintech to large state-owned banks and city commercial banks is the largest separately before and during the COVID-19 periods. Meanwhile, there exist a two-way risk spillover between fintech and almost all other traditional financial industries before and during the COVID-19 periods. (3) Owing to the COVID-19 pandemic, the risk spillover relationship, which is in pairs and in the system become more complex. (4) Regarding the whole system, the correlation in the system is anti-persistent most of the time. Moreover, there are large fluctuations and more complex characteristics during the COVID-19 outbreak. However, the whole system was smooth most of the time before the outbreak of the COVID-19 pandemic.",13,Frontiers in Public Health,JournalArticle,True,10.3389/fpubh.2022.979808
An investigation of financial contagion between cryptocurrency and equity markets: Evidence from developed and emerging markets,Olivier Niyitegeka; Sheunesu Zhou,2023,stock market covid GARCH,Yes,"Abstract The present study conducts a dynamic conditional cross-correlation and time–frequency correlation analyses between cryptocurrency and equity markets in both advanced and emerging economies. The purpose of the study is twofold. First, the study investigates the presence of the pure (narrow) form of financial contagion between cryptocurrency and stock markets in both advanced and emerging economies, during the black swan event of the COVID-19 crisis. Second, the study examines the hedging and safe-haven properties of cryptocurrencies against equity markets, before and during periods of financial upheaval triggered by the COVID-19 pandemic. Two econometric models are used: (1) the dynamic conditional correlation (DCC) GARCH and (2) the wavelet analysis models. Using the DCC GARCH model, the study found the evidence of high conditional correlations between cryptocurrency and equity markets. The high conditional correlation was mostly detected in periods of financial turmoil corresponding to the first quarter and the second quarter of 2020. The increase in conditional correlation during periods of financial upheaval (compared to a tranquil period) indicates the presence of the pure form of financial contagion. The wavelet cross-correlation analysis showed the evidence of positive cross-correlation between the Bitcoin and the equity markets during period of financial turmoil. The cross-correlation was identified in both short and long (coarse) scales. In short scales, the equity markets lead the cryptocurrency market, while the cryptocurrency market leads equity markets in coarse scales. The findings of the present study revealed that the degree of interdependence between cryptocurrency and equity markets has substantially increased during the COVID-19 period, and this has negated the safe-haven and hedging benefits of cryptocurrencies over equity markets.",13,Cogent Economics & Finance,JournalArticle,True,10.1080/23322039.2023.2203432
The relationship between global stock and precious metals under Covid-19 and happiness perspectives,L. Văn; N. Bảo,2022,stock market covid GARCH,Yes,"In this paper, we examine the relationship between global stock markets, as respectively represented by the FTSE All-World Series and the MSCI Emerging Markets indexes, and the S&P GSCI Precious Metals index from 01 September 1999 to 03 May 2021. We employ the conditional correlation multivariate generalized autoregressive conditional heteroskedasticity (MGARCH) to investigate this stock-precious metals nexus in terms of return and volatility spillovers. The study assesses impacts of the Covid-19 pandemic on the stock-precious metals nexus and further examine this relationship by supplementing the Twitter’s Daily Happiness Sentiment index to the methodological framework for the period from 01 January 2020 to 03 May 2021. We find that precious metals positively influence stock markets before the Covid-19 outbreak and firmly play a valuable role due to their hedge and safe haven characteristics. In contrast, the bivariate GARCH framework does not provide statistically significant evidence on the stock-precious metals nexus during the Covid-19 pandemic. Meanwhile, the tri-variate GARCH approach with stock markets, precious metals, and happiness sentiment indexes reveals sufficiently complicated interactions between these return series. Prominently, past change in the happiness index negatively affects the stock returns but positively drives the performance of precious metals. These findings indirectly demonstrate the stock-precious metals nexus under impacts of the Covid-19 pandemic and reflect the demand of precious metals during crisis periods. Accordingly, we suggest a reasonable method of adjusting the proxies when no interaction effect is significantly found during unprecedented outbreaks.",12,Resources Policy,JournalArticle,True,10.1016/j.resourpol.2022.102634
From pandemic to war: dynamics of volatility spillover between BRICS exchange and stock markets,Mohit Kumar,2023,stock market covid GARCH,Yes,"Purpose To estimate the volatility of exchange and stock markets and examine its spillover within and across the member countries of BRICS during COVID-19 and the conflict between Russia and Ukraine.Design/methodology/approach The study utilizes the “dynamic conditional correlation-generalized autoregressive conditional heteroskedasticity (DCC-GARCH)” approach of Gabauer (2020). The volatility of the markets is calculated following the approach of Parkinson (1980). The sample dataset comprises the daily volatility of the stock and exchange markets for 35 months, from November 2019 to September 2022.FindingsThe study confirms the existence of contagion effects among member countries. Volatility spillover between exchange and stock markets is low within the country but substantial across borders. Russian contribution increased significantly during the conflict with Ukraine, and other countries also witnessed a surge in the spillover index during the pandemic and war.Research limitations/implications It adds to the body of literature by emphasizing the necessity of comprehending the economies' behavior and interdependence. Offers insightful information to decision-makers who must be more watchful regarding the financial crisis and its regional spillover.Originality/valueThe study is the first to explore the contagion of volatility among the BRICS countries during the two biggest crisis periods of the decade.",12,Journal of Economic Studies,JournalArticle,False,10.1108/jes-02-2023-0064
"Searching for hedging and safe haven assets for Indian equity market – a comparison between gold, cryptocurrency and commodities",Sayantan Bandhu Majumder,2022,stock market covid GARCH,Yes,"
Purpose
This paper aims to evaluate the hedging and safe haven properties of gold, cryptocurrency and commodities against the Indian equity market.


Design/methodology/approach
First, the authors estimate the hedging and safe haven abilities of gold, cryptocurrency and commodities for the Indian stock market and further verify whether such properties vary across the broad stock market indices and over the different degrees of market volatility. Second, the authors use the multivariate GARCH framework to calculate the dynamic hedge ratios and hedging efficiencies to compare the hedging properties of the alternative asset classes. Third, the authors verify the robustness of the general findings during the recent crisis emanating from the outbreak of the COVID-19 pandemic.


Findings
Gold, cryptocurrency and most commodities have significant hedging abilities. Only natural gas, crude oil and aluminum, on the other hand, have safe haven property. Neither gold nor cryptocurrency qualifies as a safe haven asset. On the other hand, the financialization of the Indian commodities market provides a significant dividend to investors in terms of hedging and safe haven capabilities. The authors find the least negative hedge ratio and the highest positive hedging effectiveness for the stock-crude oil and stock-natural gas portfolios. The central observations of the paper remain immune to the COVID crisis.


Originality/value
Focusing on the Indian equity market, the paper compares the diversification abilities of traditional assets like gold with those of the modern class of assets, including cryptocurrency and other commodities.
",12,Indian Growth and Development Review,,False,10.1108/igdr-10-2021-0131
Cross-Market Correlations and Financial Contagion from Developed to Emerging Economies: A Case of COVID-19 Pandemic,Taufeeque Ahmad Siddiqui; Malik Farooq Il Khan; Mohammad Naushad; A. Syed,2022,stock market covid GARCH,Yes,"In the event that the COVID-19 pandemic spreads across various stock markets, this study may be deemed as one of the primary studies to evaluate cross-market interactions. The study examines the spread of contagious effects originating from developed economies (the United States, the United Kingdom, and Japan) to selected emerging markets (China, India, Thailand, Taiwan, Egypt, South Africa, Saudi Arabia, and the United Arab Emirates). The countries studied are classified into three regions: developed economies, Asia, and Africa and the Middle East. The crisis period is identified with the deployment of the Markov regime-switching model. The conditional correlations are compared before and after the crisis episode using the time-varying multivariate DCC-GARCH model. The findings confirm that certain emerging markets are experiencing contagion from developed markets, while others remain unaffected. Overall, investors in the two regions examined (Asia, and Africa and the Middle East) have comparable diversification options. The findings are expected to bolster policymakers and international agencies in developing post-crisis measures.",11,Economies,,True,10.3390/economies10060147
Electricity Day-Ahead Market Conditions and Their Effect on the Different Supervised Algorithms for Market Price Forecasting,Stylianos Loizidis; Georgios Konstantinidis; S. Theocharides; A. Kyprianou; G. Georghiou,2023,volatility forecasting covid deep learning,Yes,"Participants in deregulated electricity markets face risks from price volatility due to various factors, including fuel prices, renewable energy production, electricity demand, and crises such as COVID-19 and energy-related issues. Price forecasting is used to mitigate risk in markets trading goods which have high price volatility. Forecasting in electricity markets is difficult and challenging as volatility is attributed to many unpredictable factors. This work studies and reports the performance both in terms of forecasting error and of computational time of forecasting algorithms that are based on Extreme Learning Machine, Artificial Neural Network, XGBoost and random forest. All these machine learning techniques are combined with the Bootstrap technique of creating new samples from the available ones in order to improve the forecasting errors. In order to assess the performance of these methodologies, the Day-Ahead market prices are divided into three classes, namely normal, extremely high and negative, and these algorithms are subsequently used to provide forecasts for the whole year 2020 of the German and Finnish Day-Ahead markets. The average yearly forecasting errors along with the computation time required by each methodology are reported. The findings indicate that the random forest algorithm performs best for the normal and extremely high price categories, while XGBoost demonstrates better results for the negative price category. The methodology based on Extreme Learning Machine requires the least computational time and achieves forecasting errors that are comparable to the best-performing methods.",11,Energies,JournalArticle,True,10.3390/en16124617
Stock Market Liquidity during Periods of Distress and its Implications: Evidence from International Financial Markets,S. Enow,2023,stock market covid GARCH,Yes,"Traditional market pricing models assume frictionless markets with abundant liquidity. This traditional models also incorporate stock market liquidity as an exogenous cost. However, this paradigm has many shortcomings due to its inability to explain some of the problems associated with security market illiquidity. The aim of this study was to explore the concept of stock market liquidity during periods of financial distress. A Markov switching GARCH model was used to investigate market liquidity in the CAC 40, DAX, JSE, Nasdaq Index and the Nikkei-225 during the 2007-2008 financial crisis and the Covid-19 pandemic. The sample period was January 1, 2020 to December 31, 2021 and December 1, 2007 to June 30, 2009. From the findings, some financial markets where still liquid despite the financial crisis with the exception of the Nasdaq index. Conversely, all the financial markets under consideration displayed strong illiquidity during the covid-19 pandemic. In essence, the level of market depth has significantly decreased from the financial crisis to the covid-19 pandemic which may be attributed to increasing margin requirements and information asymmetry as well as price restrictions. There is an urgent need for regulatory authorities to review some of the trading regulations during financial distress.",11,International Journal of Economics and Financial Issues,Review,True,10.32479/ijefi.13752
"Dynamic dependencies and return connectedness among stock, gold and Bitcoin markets: Evidence from South Asia and China",H. Zeng; Ran Lu; Abdullahi D. Ahmed,2023,stock market covid GARCH,Yes,"Research background: In order to examine market uncertainty, the paper depicts broad patterns of risk and systematic exposure to global equity market shocks for the major South Asian and Chinese equity markets, as well as for specific assets (gold and Bitcoin).
Purpose of the article: The purpose of this paper is to investigate the dynamic correlation among the major South Asian equity markets (India and Pakistan), the Chinese equity markets, the MSCI developed markets, Bitcoin, and gold markets.
Methods: While applying the GARCH-Vine-Copula model and the TVP-VAR Connectedness approach, major patterns of dependency and interconnectedness between these markets are investigated.
Findings & value added: We find that risk shocks from developed equity markets are critical in these dynamic links. A net return spillover from Bitcoin to the Chinese and Pakistani stock markets throughout the sample period is reported. Interestingly, gold can be applied to hedge and diversify positions in China and major South Asian markets, particularly following the COVID-19 outbreak. Our paper presents three main original add valued: (1) This paper adds global factors to the targeted study of risk transmission among South Asian and Chinese stock markets for the first time. (2)The assets of Bitcoin and gold were added to the study of risk transmission among South Asian and Chinese stock markets for the first time, enabling the research in this paper to observe the non-linear link among the South Asian and Chinese stock markets with them. (3) Our research adds to these lines of inquiry by giving empirical evidence on how COVID-19 altered the dependent structure and return spillover dynamics of Bitcoin, gold and South Asian and Chinese stock markets for the first time. Our results have critical implications for investors and policymakers to effectively understand the nature of market forces and develop risk-averse strategies.",11,Equilibrium,JournalArticle,True,10.24136/eq.2023.002
"Stock Market Efficiency of the BRICS Countries Pre-, During, and Post Covid-19 Pandemic: A Multifractal Detrended Fluctuation Analysis",Syed Moudud-Ul-Huq; Md Shahriar Rahman,2024,stock market covid GARCH,No,,10,Computational Economics,JournalArticle,False,10.1007/s10614-024-10607-3
Dynamic Correlation between the Chinese and the US Financial Markets: From Global Financial Crisis to COVID-19 Pandemic,Jianxu Liu; Yang Wan; Songze Qu; Ruihan Qing; S. Sriboonchitta,2022,stock market covid GARCH,Yes,"As China’s economy and the U.S. economy have shown a definite interaction, there is considerable interest in studying the correlation between the Chinese stock market and the US financial markets. This paper uses an Asymmetric Dynamic Conditional Correlation (ADCC)-GARCH to investigate the correlation between the Shanghai Composite Index (SHCI) and the U.S. financial markets, including SP500, NASDAQ, and US dollar indexes. The empirical results show that the time-varying daily and the lag-one correlation between China and the US stock markets have different performances during global events and national events. Compared with the complicated effect of negative events on the correlation of the stock market, SHCI and USD are negatively correlated with higher negative correlation during the global negative events. In addition, we found Chinese investors are more contagious to the news than American investors, indicating that the Chinese government’s policy are more indicated to Chinese investors. Finally, some policy suggestions are provided, and are beneficial to risk prevention and control, and investment.",10,Axioms,JournalArticle,True,10.3390/axioms12010014
Bayesian Quantile Forecasting via the Realized Hysteretic GARCH Model,Cathy W. S. Chen; Edward M. H. Lin; Tara F. J. Huang,2022,stock market covid GARCH,Yes,"This research introduces a new model, a realized hysteretic GARCH, that is similar to a three-regime nonlinear framework combined with daily returns and realized volatility. The setup allows the mean and volatility switching in a regime to be delayed when the hysteresis variable lies in a hysteresis zone. This nonlinear model presents explosive persistence and high volatility in Regime 1 in order to capture extreme cases. We employ the Bayesian Markov chain Monte Carlo (MCMC) procedure to estimate model parameters and to forecast volatility, value at risk (VaR), and expected shortfall (ES). A simulation study highlights the properties of the proposed MCMC methods, as well as their accuracy and satisfactory performance as quantile forecasting tools. We also consider two competing models, the realized GARCH and the realized threshold GARCH, for comparison and carry out Bayesian risk forecasting via predictive distributions on four stock markets. The out-of-sample period covers the recent 4 years by a rolling window approach and includes the COVID-19 pandemic period. Among the realized models, the realized hysteretic GARCH model outperforms at the 1% level in terms of violation rates and backtests.",10,Journal of Forecasting,,False,10.1002/for.2876
Risk Spillovers between Bitcoin and ASEAN+6 Stock Markets before and after COVID-19 Outbreak: A Comparative Analysis with Gold,Parichat Sinlapates; Tanit Sriwong; Surachai Chancharat,2023,stock market covid GARCH,Yes,"This paper applies the multivariate GARCH models to investigate the role of Bitcoin as a hedge and safe haven for ASEAN+6 stock markets compared to gold. We used daily data for the dates 2 January 2017–20 January 2023, covering the recent COVID-19 pandemic. The empirical findings provide compelling evidence of cross-market shock and volatility transmission between stock returns and Bitcoin returns in both directions. Therefore, the dynamics of Bitcoin returns significantly influence the volatility of stock returns, and the relationship also holds in reverse. All diagonal element estimations are statistically significant for both periods, as shown by the findings of the return and volatility spillovers between the returns of gold and the ASEAN+6 stock market. For most ASEAN+6 equity markets evaluated, Bitcoin and gold are not safe havens, and their inclusion increases the portfolio downside risk.",10,Journal of Risk and Financial Management,,True,10.3390/jrfm16020103
Exploring the Contagion Effect from Developed to Emerging CEE Financial Markets,A. Davidescu; E. Manta; R. Hapau; M. Gruiescu; Oana Mihaela Vacaru (Boita),2023,stock market covid GARCH,Yes,"The paper aims to analyze the contagion effect coming from the developed stock markets of the US and Germany to the emerging CEE stock markets of Romania, Czech Republic, Hungary, and Poland using daily data for the period April 2005–April 2021. The paper also captures the level of integration of these emerging stock markets by analyzing the volatility spillover phenomenon. The quantification of the contagion effect coming from the developed to the emerging stock markets consisted of an empirical analysis based on the DCC-GARCH (Dynamic Conditional Correlation) model. Through this multivariate model, the time-varying conditional correlations were analyzed, both in periods of normal economic development and in times of economic instability, when there was a significant increase in the correlation coefficients between developed and emerging stock market indices. Furthermore, the level of connectedness between these markets has been analyzed using the volatility spillover index developed by Diebold and Yilmaz. The empirical results surprised the high level of integration of the analyzed stock markets in Central and Eastern Europe, with the intensity of volatility transmission between these markets increasing significantly during times of crisis. All stock market indices analyzed show periods during which they transmit net volatility and periods during which they receive net volatility, indicating a bidirectional volatility spillover phenomenon. Mostly, the BET, PX, and WIG indices are net transmitters of volatilities, whereas the BUX index is net recipient, except during the COVID-19 crisis, when it transmitted net volatility to the other three indices. Finally, using a Markov switching-regime VAR approach with two regimes, we explored the contagion effect between emerging CEE and developed stock markets during the COVID-19 pandemic. The empirical results proved a shift around the outbreak of the health crisis, after which the high volatility regime dominates the CEE markets. The contagion effects from developed stock markets to emerging CEE markets significantly increased during the first stage of the health crisis.",10,Mathematics,,True,10.3390/math11030666
The effect of economic policy uncertainty index on the Indian economy in the wake of COVID-19 pandemic,Raktim Ghosh; B. Bagchi; Susmita Chatterjee,2022,stock market covid GARCH,Yes,"PurposeThe paper tries to analyse empirically the impact of India's economic policy uncertainty (EPU) index on different macro-economic variables of India, like import, export, interest rate, exchange rate, inflation rate and stock market during pre-COVID-19 and COVID-19 era.Design/methodology/approachAlthough there exist several works where relationship and volatility among the stock markets and macro-economic indicators during the COVID-19 pandemic have been estimated, but till now none of the studies examined the effect of EPU index on different macro-economic variables in the Indian context along with the stock market due to the outbreak of COVID-19 pandemic. This is considered a noteworthy gap and hence opens up a new dimension for examination. To get a clear picture, monthly data from January, 2012 to September, 2021 have been considered where January, 2012–February, 2020 is taken as the pre-COVID-19 period and March, 2020–September, 2021 as COVID-19 period. All the data are converted into log natural. The authors applied DCC-GARCH model to investigate the impact of EPU index on volatility of selected variables over the study period across a multivariate framework and Markov regime-switching model to examine the switching over of the variables.FindingsThe results of dynamic conditional correlation - multivariate generalized autoregressive conditional heteroskedasticity (DCC-MGARCH) model indicates the presence of volatility in the dependent variables arising out of economic policy uncertainty considering the segmentation of the study period into pre-COVID-19 and COVID-19. The results of Markov regime-switching model show the variables make a significant move from low-volatility regime to high-volatility regime due to the presence of COVID-19.Research limitations/implicationsIt can be implied that impact of EPU in terms of volatility on the Indian Stock Market will lead to unfavourable investment conditions for the prospective investors. Even, the different macro-economic variables are to suffer from the volatility arising out of EPU across a long time horizon as confirmed from the DCC-MGARCH model.Originality/valueThe study is original in nature. It adds superior values from the new and significant findings from the study empirically. Application of DCC-MGARCH model and Markov regime switching model makes the study an innovative one in terms of methodology and findings.",10,Journal of Economic and Administrative Sciences,,False,10.1108/jeas-08-2021-0172
Chinese stock market volatility and herding behavior asymmetry during the COVID-19 pandemic,Fangyu Fei; Jianing Zhang,2023,stock market covid GARCH,Yes,"Abstract The primary purpose of this paper is to explore the herding behavior in the Chinese stock market during COVID-19 and the asymmetry of that behavior using the daily returns of A- and B-shares from 2 January 2019, to 15 October 2021. The study uses the cross-sectional absolute deviation model to analyze stock market herding behavior by non-linear polynomial regression. We show that the herding behavior in the Chinese stock market is more prominent during the COVID-19 pandemic. Herding behavior has a negative effect on stock market volatility. Moreover, such a suppressing effect weakened during the COVID-19 pandemic. There is an asymmetry in herding behavior during the bull and bear markets, which is helpful in our investigation of the market’s volatility during the COVID-19 pandemic. The pronounced asymmetry in the herding behavior of the Chinese stock market during COVID-19 is assessed using the E-GARCH (p, q) model. The empirical results of the present study contribute to the literature about herding asymmetry by showing the herding behavior during the health crisis and bull and bear markets. It also helps reconcile the debate about the impact of herding on market stability and provides insightful guidance for investors wishing to invest in the Chinese stock market.",10,Cogent Economics & Finance,JournalArticle,True,10.1080/23322039.2023.2203436
Unleashing the pandemic volatility: A glimpse into the stock market performance of developed economies during COVID-19,U. Kayani; Ahmet Faruk Aysan; Mrestyal Khan; Maaz Khan; Roohi Mumtaz; Muhammad Irfan,2024,stock market covid GARCH,Yes,"The COVID-19 pandemic has resulted in significant financial losses globally, increasing the volatility of financial assets. Thus, this study models the stock market volatility of developed economies during the COVID-19 pandemic. For this purpose, we used the GJR-GARCH (Albulescu, 2020; Albulescu, 2020) [1,1] econometric model on the daily time series returns data ranging from 01st-July-2019 to 18th-November-2020. The entire dataset was equally divided into two subsets; before COVID-19, and after the COVID-19. The empirical results of this study showed the presence of volatility clustering, leverage effect, and excess kurtosis indicating leptokurtic phenomena in all stock indices returns. In addition to this, it can be noted that compared to before COVID-19, the stock markets showed negative returns, and increased volatility during the COVID-19. Hence, based on these findings, this study provides significant insights for global stock market investors and economic policymakers regarding financial portfolio construction particularly during crises times.",10,Heliyon,JournalArticle,True,10.1016/j.heliyon.2024.e25202
Unlocking the diversification benefits of DeFi for ASEAN stock market portfolios: a quantile study,Shoaib Ali; Youssef Manel,2025,stock market covid GARCH,Yes,"This study examines the return connectedness between decentralized finance (DeFi)’s and the Association of Southeast Asian Nations (ASEAN) stock markets using the quantile vector autoregressive framework, which allows us to investigate the connectedness at conditional quantiles. Our sample includes four major DeFi’s and six ASEAN stock markets, spanning from March 2018 to December 2022. The static results indicate a moderate level of return transmission between the system at mean and median quantile. This propagation increases substantially under extreme market conditions, establishing an asymmetric transmission across quantiles. Despite being a relatively new asset class, DeFi dominates the equity market and acts as the primary shock transmitter to the system in most instances. The dynamic analysis reveals that total system connectedness fluctuates over time and quantiles. The total system connectedness peaked during the COVID-19 and the Russia–Ukraine conflict period, indicating the impact of global events on system transmission. The optimal weight and hedge ratio estimated using the DCC-GARCH model indicate that DeFi is beneficial for portfolio construction and risk management. The rising trend in dynamic optimal weight and hedge ratio during the COVID-19 pandemic demonstrates that investors should decrease their investments in DeFi and increase hedging costs. Therefore, portfolio managers and investors should readjust their portfolio allocation in a timely manner according to different market states to build additional effective hedging and diversification strategies to avoid large losses and to reduce portfolio risk exposure.",9,Financial Innovation,JournalArticle,True,10.1186/s40854-024-00678-4
Market volatility and spillover across 24 sectors in Vietnam,Hung Quang Bui; Thao Tran; T. T. Pham; Hung Le-Phuc Nguyen; D. Vo,2022,stock market covid GARCH,Yes,"Abstract While market volatility and volatility connectedness across different financial markets have been examined, the spillover effects across sectors have been under-examined. As such, this study aims to examine market volatility and the volatility patterns for 24 Vietnamese sectors. Our study uses the ARMA-GARCH estimation technique over the 2012–2021 period. The spillover effects between these sectors are then investigated using the vector autoregression (VAR) technique. Three key findings are as follows. First, the market volatility of Development Investment, Education, and Securities is most affected by the market volatility from the previous periods, whereas Construction is least affected. Second, the Vietnamese stock market exhibits a substantial inter-sector connectedness above 60 per cent from 2012 to 2021. However, the sectoral spillover effects increase to around 90 per cent during the Covid-19 pandemic. We found that Aquaculture, Building Materials, Food, and Plastic are the four primary risk transmitters at the sectoral level. Third, market volatility for Energy, Plastic, and Steel is unaffected by the pandemic. Meanwhile, Securities, Fertilizer, and Transportation exhibited a significant increase in market volatility during Covid-19. Based on these empirical results, policy implications have emerged for the Vietnamese government to support affected industries to recover and develop.",9,Cogent Economics & Finance,,True,10.1080/23322039.2022.2122188
Deep Learning-Based Methods for Forecasting Brent Crude Oil Return Considering COVID-19 Pandemic Effect,Seyed Mehrzad Asaad Sajadi; Pouya Khodaee; E. Hajizadeh; Sabri Farhadi; Sohaib Dastgoshade; Bo Du,2022,stock market covid GARCH,Yes,"Forecasting return and profit is a primary challenge for financial practitioners and an even more critical issue when it comes to forecasting energy market returns. This research attempts to propose an effective method to predict the Brent Crude Oil return, which results in remarkable performance compared with the well-known models in the return prediction. The proposed hybrid model is based on long short-term memory (LSTM) and convolutional neural network (CNN) networks where the autoregressive integrated moving average (ARIMA) and generalized autoregressive conditional heteroscedasticity (GARCH) outputs are used as features, along with return lags, price, and macroeconomic variables to train the models, resulting in significant improvement in the model’s performance. According to the obtained results, our proposed model performs better than other models, including artificial neural network (ANN), principal component analysis (PCA)-ANN, LSTM, and CNN. We show the efficiency of our proposed model by testing it with a simple trading strategy, indicating that the cumulative profit obtained from trading with the prediction results of the proposed 2D CNN-LSTM model is higher than those of the other models presented in this research. In the second part of this study, we consider the spread of COVID-19 and its impact on the financial markets to present a precise LSTM model that can reflect the impact of this disease on the Brent Crude Oil return. This paper uses the significance test and correlation measures to show the similarity between the series of Brent Crude Oil during the SARS and the COVID-19 pandemics, after which the data during the SARS period are used along with the data during COVID-19 to train the LSTM. The results demonstrate that the proposed LSTM model, tuned by the SARS data, can better predict the Brent Crude Oil return during the COVID-19 pandemic.",9,Energies,,True,10.3390/en15218124
Testing volatility spillovers using GARCH models in the Japanese stock market during COVID-19,C. Spulbar; Ramona Birau; Jatin Trivedi; Iqbal Thonse Hawaldar; Elena Loredana Minea,2022,stock market covid GARCH,Yes,"This paper investigates volatility spillovers in the stock market in Japan during the COVID-19 pandemic by using GARCH family models. The empirical analysis is focused on the dynamics of the NIKKEI 225 stock market index during the sample period from July 30, 1998, to January 24, 2022. In other words, the sample period covers both the period of the global financial crisis (GFC) and the COVID-19 pandemic. The econometrics includes GARCH (1,1), GJR (1,1), and EGARCH (1,1) models. By applying GARCH family models, this empirical study also examines the long-term behavior of the Japanese stock market.The Japanese stock market is much more stable and efficient than emerging or frontier markets characterized by higher volatility and lower liquidity. The paper establishes that NIKKEI 225 index dynamics is different in intensity in the case of the two most recent extreme events analyzed, namely the global financial crisis (GFC)of 2007–2008 and the COVID-19 pandemic. The findings confirmed the presence of the leverage effect during the sample period. Moreover, the empirical results identified the presence of high volatility in the sample returns of the selected stock market. Nevertheless, the econometric framework showed that the negative implications of the GFC were much more severe and caused more significant contractions compared to the COVID-19 pandemic for the Japanese stock market. This study contributes to the existing literature by providing additional empirical evidence on the long-term behavior of the stock market in Japan, especially in the context of extreme events.",9,Investment Management and Financial Innovations,,True,10.21511/imfi.19(1).2022.20
Return volatility of Asian stock exchanges; a GARCH DCC analysis with reference of Bitcoin and global crude oil price movement,Amritkant Mishra; Ajit Kumar Dash,2024,stock market covid GARCH,Yes,"Purpose
This study aims to investigate the conditional volatility of the Asian stock market concerning Bitcoin and global crude oil price movement.

Design/methodology/approach
This study uses the newest Dynamic Conditional Correlation (DCC)-Generalized Autoregressive Conditional Heteroskedasticity (GARCH) model to examine the conditional volatility of the stock market for Bitcoin and crude oil prices in the Asian perspective. The sample stock market includes Chinese, Indian, Japanese, Malaysian, Pakistani, Singaporean, South Korean and Turkish stock exchanges, with daily time series data ranging from 4 April 2015−31 July 2023.

Findings
The outcome reveals the presence of volatility clustering on the return series of crude oil, Bitcoin and all selected stock exchanges of the current study. Secondly, the outcome of DCC, manifests that there is no short-run volatility spillover from crude oil to the Malaysian, Pakistani and South Korean and Turkish stock markets, whereas Chinese, Indian, Japanese, Singapore stock exchanges show the short-run volatility spillover from crude oil in the short run. On the other hand, in the long run, there is a volatility spillover effect from crude oil to all the stock exchanges. Thirdly, the findings suggest that there is no immediate spillover of volatility from Bitcoin to the stock markets return volatility of China, India, Malaysia, Pakistan, South Korea and Singapore. In contrast, both the Japanese and Turkish stock exchanges exhibit a short-term volatility spillover from Bitcoin. In the long term, a volatility spillover effect from Bitcoin is observed in all stock exchanges except for Malaysia. Lastly, based on the outcome of conditional variance, it can be concluded that there was increase in the return volatility of stock exchanges during the period of the COVID-19 pandemic.

Research limitations/implications
The analysis below does not account for the bias induced due to certain small sample properties of DCC-GARCH model. There exists a huge literature that suggests other methodologies for small sample corrections such as the DCC connectedness approach. On the other hand, decisive corollaries of the conclusions drawn above have been made purely based on a comprehensive investigation of eight Asian stock exchange economies. However, there is scope for inclusive examination by considering other Nordic and Western financial markets with panel data approach to get more robust inferences about the reality.

Originality/value
Most of the empirical analysis in this perspective skewed towards the Nordic and Western countries. In addition to that many empirical investigations examine either the impact of crude oil price movement or Bitcoin performance on the stock market return volatility. However, none of the examinations quests the crude oil and Bitcoin together to unearth their implication on the stock market return volatility in a single study, especially in the Asian context. Hence, current investigation endeavours to examine the ramifications of Bitcoin and crude oil price movement on the stock market return volatility from an Asian perspective, which has significant implications for the investors of the Asian financial market.
",9,Journal of Chinese Economic and Foreign Trade Studies,JournalArticle,False,10.1108/jcefts-01-2024-0009
"Exchange Rate and Stock Markets During Trade Conflicts in the USA, China, and India",Deepika Krishnan; Vishal Dagar,2022,stock market covid GARCH,Yes,"During trade tussles, most of the stock exchanges are impacted, both directly and indirectly, thereby influencing the exchange rates of the countries. This article gives a comprehensive insight into the effects of exchange rate on the USA, China, and Indian stock market, that is, the Dow Jones industrial average index (DJI), Shanghai Stock Exchange (SSE) composite index, and Nifty50 index during trade conflicts. Trade conflicts here talk about the recent trade war between the USA and China, which was invariably fallen in line with the outbreak of COVID-19. Sample of this study comprises the daily closing price from different indices and exchange rate values US dollar, yuan, and rupee. This article uses ordinary least square (OLS) model and generalized autoregressive conditional heteroskedasticity (GARCH) model to analyze the volatility and influence of exchange rate over the stock market. Results from OLS model indicated that the fluctuations in exchange rate have minimum impact on the daily closing price of stock indices, that is, DJI, SSE, and Nifty50 in the USA, China, and India, respectively, however, exchange rate impacts volume of shares traded in all three stock exchanges. The GARCH model implies that the conditional variance is less volatile for Nifty volume, but highly volatile for SSE and DJI stock volumes traded. The findings of the study provide insights to the domestic and foreign investors regarding their investment in the stock market during trade conflicts and mostly during COVID-19 situation.",8,Global Journal of Emerging Market Economies,JournalArticle,False,10.1177/09749101221082724
High-frequency volatility connectedness and time-frequency correlation among Chinese stock and major commodity markets around COVID-19,H. Zeng; Ran Lu,2022,stock market covid GARCH,Yes,"This study examines the connectedness and time-frequency correlation of price volatility across the Chinese stock market and major commodity markets. This paper applies a DCC-GARCH-based volatility connectedness model and the cross-wavelet transform to examine the transmission of risk patterns in these markets before and during the COVID-19 outbreak, as well as the leading lag relationship and synergistic movements between different time domains. First, the findings of the DCC-GARCH connectedness model show dynamic total spillovers are stronger after the COVID-19 outbreak. Chinese stocks and corn have been net spillovers in the system throughout the sample period, but the Chinese market plays the role of a net receiver of volatility relative to other markets (net pairwise directional connectedness) in the system as a whole. In terms of wavelet results, there is some connection to the connectedness results, with all commodity markets, except soybeans and wheat, showing significant dependence on Chinese equities in the medium/long term following the COVID-19 outbreak. Secondly, the medium-to long-term frequency of the crude oil market and copper market are highly dependent on the Chinese stock market, especially after the COVID-19 outbreak. Meanwhile, the copper market is the main source of risk for the Chinese stock market, while the wheat market sends the least shocks to the Chinese stock market. The findings of this paper will have a direct impact on a number of important decisions made by investors and policymakers.",8,Investment Management and Financial Innovations,,True,10.21511/imfi.19(2).2022.23
COVID-19 pandemic and risk dynamics of financial markets in G7 countries,M. Mobin; M. Hassan; Airil Khalid; Ruzita Abdul-Rahim,2022,stock market covid GARCH,Yes,"
Purpose
The purpose of this study is twofold: to examine the effects of the COVID-19 pandemic on the risk dynamics of stock and bond markets in G7 countries; and to examine if the stock-bond risk dynamics can be linked to government measures to contain the pandemic.


Design/methodology/approach
To examine the pandemic impact on the risk dynamics of the bond and stock markets, this study chooses G7 countries for their efficient financial market properties. This study uses standard generalized autoregressive conditional heteroskedasticity (GARCH) (1,1) and exponential GARCH (1,1) models to determine the most volatile and sensitive market, most persistent market during the crisis and the leverage effect between stock and bond markets. This study then uses a panel study to investigate whether this volatility in stock and bond markets is affected by the COVID-19 cases and various government responses (fiscal stimulus packages, monetary policy, emergency investment in health care and vaccine investment).


Findings
The findings of the study confirm that the bad news of the pandemic is causing higher volatility than good news for all seven stock markets. Canadian stock and bond markets are the most volatile, and Italian bond and stock markets are the most sensitive G7 countries. Japan has shown the highest persistence, and the stock market exhibits higher leverage than the bond market. Fiscal stimulus packages are helping to reduce bond market volatility, but none of these measures are effective in the stock market.


Research limitations/implications
The pandemic is still spreading, and the rate at which it spreads wildly will always pose a limitation to any attempt to examine its full effect.


Practical implications
Investigation of market volatility will help policymakers and market players formulate the best strategies to overcome and exit the crisis and plan post-pandemic solutions. It provides valuable insights for investors to rebalance their portfolios during highly volatile markets while preserving their risk appetite and investment objectives.


Originality/value
The paper provides evidence on the impact of the pandemic-induced crisis and the respective government responses on the volatility of competing capital markets (stock and bond) in countries that are considered most efficient in reflecting news.
",8,International Journal of Islamic and Middle Eastern Finance and Management,,False,10.1108/imefm-09-2021-0358
Spillover effect of the geopolitical uncertainty on the cryptocurrency market,Saliha Theiri,2024,stock market covid GARCH,Yes,"PurposeThis study aims to examine the influence of geopolitical uncertainty on cryptocurrency markets (CM).Design/methodology/approachUtilizing two distinct sets of daily returns data spanning from January 1, 2019, to May 4, 2023, the analysis employs the geopolitical risk (GPR) index formulated by Caldara and Iacoviello (2022), which encapsulates two pivotal events: the COVID-19 pandemic and the Russia–Ukraine conflict. The cryptocurrency market (CM) encompasses Bitcoin (BTC), Ethereum (ETH), Litecoin (LTC) and Dogecoin (DOGE). Employing the DCC-GARCH model and supplementing it with wavelet coherence analysis to discern perceptual distinctions between short- and long-term market reactions.FindingsThe main findings indicate that the GPR index clearly impacts the return of CM in the short-, mid- and long-term periods. BTC exhibited the highest volatility in response to changes in the GPR index. The cryptocurrency market offers a better diversification opportunity, and the impact of geopolitical events varies across time, with their direction and magnitude closely related to the specificity of the CM.Practical implicationsThis research is helpful for financial market investors, portfolio and risk managers, make informed decisions about including cryptocurrencies in their investment portfolios to mitigate the risks in uncertainty period.Originality/valueCryptocurrency market volatility is treated weakly during the risk period. With advanced statistical method, this study links two important events: the COVID-19 pandemic and the Russia–Ukraine conflict and selects the top four cryptocurrencies constituting 80% of the market. This study examines the impact of geopolitical risk on the cryptocurrency market and shows that this market is considered a safe haven.",8,EuroMed Journal of Business,JournalArticle,False,10.1108/emjb-01-2024-0021
Analyzing The Covid-19 Pandemic of Volatility Spillover Influence the Collaboration of Foreign and Indian Stock Markets,Runumi Das; Arabinda Debnath,2022,stock market covid GARCH,Yes,"One of the most crucial variables in investment selections is volatility. Unexpected information causes an investor to trade unusually in the market, which influences market volatility. Furthermore, various market sectors are affected differently by this type of trading behaviour. This research investigates the impact of COVID-19 on stock market volatility in India using a generalised autoregressive conditional model. The research was conducted using daily closing prices of stock indices include Nifty 50 and Nifty 500, from September 8, 2019, to July 9, 2021. In this article, the TGARCH model (1,1) was utilized to evaluate the volatility of NSE listed shares. The stock market's volatility has been calculated using the NSE's closing price. To reduce the skewness in the stock price data distribution, the natural logarithm of each price data is employed in the estimations. During the pre-COVID and COVID periods, the conditional volatility of the daily return series showed signs of volatility variations. Furthermore, the study aimed to compare stock price returns in pre-COVID19 and post-COVID19 scenarios to global indexes such as the NASDAQ, Nikkei 225, and FTSE. The stock market in India suffered volatility throughout the epidemic, according to the findings. Consequently, the study recommends NSE stock exchange bond indices to explore the volatility spillover influence between foreign exchange and the stock market in India. In this work, the positive definite covariance matrix is given, therefore a multivariate GARCH with BEKK model is used to estimate the covariance correlation and identify the consequences that stock market downturns can create. SPSS and Eviews software are used to analyze the data. The Augmented Dickey-Fuller (ADF) and KPSS unit root tests have been used to determine whether a time series is stationary or nonstationary. Whereas it corrects for heteroscedasticity and autocorrelation consistency in ADF test statistics, the study employed the KPSS unit root test to estimate the right result. In addition, to investigate the impact of COVID19 on stock market volatility in terms of negative and positive shocks in financial decisions, the TGARCH model captures asymmetry. The finding that the variable has a negative and statistically significant coefficient suggests that the COVID-19 outbreak lowered stock market volatility in India. In terms of historical errors, the coefficients represent the persistence of volatility for each nation. NIFTY and NASDAQ have the largest and longest-term spillover effect. According to the findings, India is the least sensitive to external shocks.",8,Revista Finanzas y Política Económica,,True,10.14718/revfinanzpolitecon.v14.n2.2022.5
Uncertainty governance in the stock market during the COVID-19: evidence of the strictest economies in the world,S. Owjimehr; Hooman Hasanzadeh Dastfroosh,2022,stock market covid GARCH,Yes,"PurposeAccording to the Government Response tracker (oxCGRT) index, the strictest policy responses to the coronavirus pandemic from January 2020 to May 2022 belong to Italy, China, Hong Kong, Greece, Austria, Peru, Singapore and Malaysia. The main question is: “this level of strictness has been able to reduce the uncertainty of the stock market?”Design/methodology/approachTo achieve this goal, the authors investigated the effect of oxCGRT index, and the growth rate of COVID-19 confirms cases on stock market uncertainty from January 2020 to May 2022 in the GARCH, EGARCH and TGARCH models.FindingsAmong these countries, the oxCGRT index has reduced uncertainty in the stock market only in Malaysia and Singapore. This result says an appropriate pattern of applying government policy responses is more important than the degree of stringency.Originality/valueThe study will contribute to the existing literature by examining the impact of the comprehensive oxCGRT index on the uncertainty of the stock market.",8,China Finance Review International,,False,10.1108/cfri-07-2022-0109
Equity return volatility in Africa’s stock markets: A dynamic panel approach,Godfred Aawaar; Louis Logogye; Daniel Domeher,2023,stock market covid GARCH,Yes,"Abstract This study examines the determinants of time-varying return volatility of Africa’s equity markets using monthly indices of eight top African stock markets. The conditional variance is modelled as a proxy for Africa’s volatility indices using the best fitting model among SGARCH, EGARCH and GJR-GARCH. In a bid to account for the dynamic and persistent nature of volatility, the least squares dummy variable bias correction (LSDVC) model is employed. The study finds that volatility of African stock markets follows a dynamic process and is explained by past volatility, domestic exchange rates, Treasury bill rates, money supply, inflation rates, movements in world crude oil prices, volatility of the US and UK stock markets and COVID-19 shocks. The results are largely robust to sub-sample analysis. Further analysis: pre-, during and post-crisis periods (Global Financial Crisis (GFC) and COVID-19 pandemic) reveal that (1) African stock markets became sensitive to advanced market volatility in the period during the GFC and have remained sensitive in the post GFC period and (2) past domestic market return volatility, Treasury bill rates and exchange rates have been the main drivers of stock return volatility during the COVID-19 pandemic in Africa. Additionally, markets in North Africa are revealed as the only African markets immune to advanced market volatility spillovers. These markets may thus provide international diversification opportunities for portfolio managers.",8,Cogent Economics & Finance,JournalArticle,True,10.1080/23322039.2023.2258704
Examining Herding Behaviour and Its Impact on Stock Market Volatility: Insights from Asian Economies,Riza Patwarani; Z. Husodo,2023,stock market covid GARCH,Yes,"Objective: This study empirically investigates herding bias in six key Asian countries—Indonesia, Singapore, Taiwan, China, Hong Kong, and India—across different periods (pre-, during, and post-COVID-19). It analyzes herding behaviour during COVID and non-COVID periods, exploring its impact on volatility and examining asymmetry during bearish and bullish market conditions.
Design/Methods/Approach: The investigation employs the Cross-Sectional Absolute Deviation (CSAD) model with a polynomial regression to scrutinize herding behaviour. A GARCH (1,1) volatility model is also established to assess the relationship between herding and volatility. The sample includes daily stock returns from the mentioned countries from January 2, 2019, to September 30, 2023.
Findings: The study reveals the presence of herding behaviour in China and Singapore. In Indonesia and China, herding is evident, specifically during and after the COVID period. The research confirms that herding influences volatility and exhibits asymmetry. Herding is more pronounced during bearish market conditions in China, Indonesia, and Taiwan.
Originality/Value: This study contributes to the existing literature by providing empirical insights into herding behaviour comparing in Asian markets, while others research usually only focus on one country. This study further distinguishes itself by examining post-pandemic periods, a unique aspect as most studies typically focus only on pre- and during-COVID periods. Including volatility and asymmetry aspects enriches understanding the nuanced relationship between herding and market conditions.
Practical/Policy implication: Investors should remain cautious of short-term herding-induced volatility, leveraging stability for consistent profits. Recognizing limited diversification during market losses is crucial. Additionally, governments and regulators should focus on enhancing market transparency and investor education, investing in robust market infrastructure to mitigate the impact of excessive herding.",8,Jurnal Manajemen Teori dan Terapan| Journal of Theory and Applied Management,JournalArticle,True,10.20473/jmtt.v16i3.51757
Semi-parametric financial risk forecasting incorporating multiple realized measures,Rangika Peiris; Chao Wang; Richard H. Gerlach; Minh-Ngoc Tran,2024,stock market covid GARCH,Yes,"A semi-parametric joint Value-at-Risk (VaR) and Expected Shortfall (ES) forecasting framework employing multiple realized measures is developed. The proposed framework extends the realized exponential GARCH model to be semi-parametrically estimated, via a joint loss function, whilst extending existing quantile time series models to incorporate multiple realized measures. A quasi-likelihood is built, employing the asymmetric Laplace distribution that is directly linked to a joint loss function, which enables Bayesian inference for the proposed model. An adaptive Markov Chain Monte Carlo method is used for the model estimation. The empirical section evaluates the performance of the proposed framework with six stock markets from January 2000 to June 2022, covering the period of COVID-19. Three realized measures, including 5-minute realized variance, bi-power variation, and realized kernel, are incorporated and evaluated in the proposed framework. One-step-ahead 1% and 2.5% VaR and ES forecasting results of the proposed model are compared to a range of parametric and semi-parametric models, lending support to the effectiveness of the proposed framework.",7,Quantitative Finance,JournalArticle,True,10.1080/14697688.2024.2431564
Vine Copula Approach to Understand the Financial Dependence of the Istanbul Stock Exchange Index,O. Evkaya; İsmail Gür; Bükre Yıldırım Külekci; Gulden Poyraz,2024,stock market covid GARCH,Yes,"Recently, the complex dependence patterns among various stocks gained more importance. Measuring the dependency structure is critical for investors to manage their portfolio risks. Since the global financial crisis, researchers have been more interested in studying the dynamics of dependency within stock markets by using novel methodologies. This study aims to investigate a Regular-Vine copula approach to estimate the interdependence structure of the Istanbul Stock Exchange index (ISE100). For this purpose, we consider 32 stocks related to 6 sectors belonging to ISE100. To reflect the time-varying impacts of the 2008–2009 global financial crisis, the dependence analysis is conducted over pre-, during-, and post-global financial crisis periods. Portfolio analysis is considered via a rolling window approach to capture the changes in the dependence. We compare the Regular-Vine-based generalized autoregressive conditional heteroskedasticity (GARCH) against the conventional GARCH model with different innovations. Value at risk and expected shortfall risk measures are used to validate the models. Additionally, for the constructed portfolios, return performance is summarized using both Sharpe and Sortino ratios. To test the ability of the considered Regular-Vine approach on ISE100, another evaluation has been done during the COVID-19 pandemic crisis with various parameter settings. The main findings across different risky periods illustrate the suitability of using the Regular-vine GARCH approach to model the complex dependence among stocks in emerging market conditions.",7,Computational Economics,JournalArticle,True,10.1007/s10614-023-10544-7
Risk transmission between equity market of China and its trading partners: new evidence from various financial crises,Ijaz Younis; Imran Yousaf; Waheed Ullah Shah; Longsheng Cheng,2023,stock market covid GARCH,Yes,"PurposeThe authors examine the volatility connections between the equity markets of China and its trading partners from developed and emerging markets during the various crises episodes (i.e. the Asian Crisis of 1997, the Global Financial Crisis, the Chinese Market Crash of 2015 and the COVID-19 outbreak).Design/methodology/approachThe authors use the GARCH and Wavelet approaches to estimate causalities and connectedness.FindingsAccording to the findings, China and developed equity markets are connected via risk transmission in the long term across various crisis episodes. In contrast, China and emerging equity markets are linked in short and long terms. The authors observe that China leads the stock markets of India, Indonesia and Malaysia at higher frequencies. Even China influences the French, Japanese and American equity markets despite the Chinese crisis. Finally, these causality findings reveal a bi-directional causality among China and its developed trading partners over short- and long-time scales. The connectedness varies across crisis episodes and frequency (short and long run). The study's findings provide helpful information for portfolio hedging, especially during various crises.Originality/valueThe authors examine the volatility connections between the equity markets of China and its trading partners from developed and emerging markets during the various crisis episodes (i.e. the Asian Crisis of 1997, the Global Financial Crisis, the Chinese Market Crash of 2015 and the COVID-19 outbreak). Previously, none of the studies have examined the connectedness between Chinese and its trading partners' equity markets during these all crises.",7,International Journal of Emerging Markets,JournalArticle,False,10.1108/ijoem-11-2022-1763
Dynamic DeFi-G7 stock markets interactions and their potential role in diversifying and hedging strategies,Carlos Esparcia; T. Fakhfakh; Francisco Jareño; Achraf Ghorbel,2024,stock market covid GARCH,Yes,"This study examines the link between stocks and decentralized finance (DeFi) in terms of returns and volatility. Major G7 exchange-traded funds (ETFs) and various highly traded DeFi assets are considered to ensure the robustness of the empirical experiment. Specifically, this study applies the vector autoregression generalized autoregressive conditional heteroskedasticity (VAR-GARCH) model to examine the information transmission of these two markets on a two-way basis and the dynamic conditional correlation (DCC)-GARCH model to assess the bivariate correlation structure between each DeFi and ETF pair. The volatility spillover analysis proves a contagion effect occurred between different geographic markets, and even between markets of different natures and typologies, during the most turbulent moments of the COVID-19 crisis and the war in the Ukraine. Our results also reveal a weak positive correlation between most DeFi and ETF pairs and positive hedge ratios that approach unity during turbulent times. In addition, DeFi assets, except for the Bazaar (BZR) Protocol, can offer diversification gains when included in financial investment portfolios. These results are particularly relevant for portfolio managers and policy-makers when designing investment strategies, especially during periods of financial crisis.",7,Financial Innovation,JournalArticle,True,10.1186/s40854-024-00618-2
Black swan events and stock market behavior in Gulf countries: a comparative analysis of financial crisis (2008) and COVID-19 pandemic,Mohd Ziaur Rehman; K. Karimullah,2023,stock market covid GARCH,Yes,"PurposeThe current study aims to examine the impact of two black swan events on the performance of six stock markets in Gulf Cooperation Council (GCC) economies (Abu Dhabi, Bahrain, Dubai, Oman, Qatar and Saudi Arabia). The two selected black swan events are the US Mortgage and credit crisis (Global Financial Crisis of 2008) and the COVID-19 pandemic.Design/methodology/approachThe performance of all the six stock markets are represented by their return and price volatility behavior, which has been measured by applying ARCH/GARCH model. The comparative analysis is done by employing mean difference models. The data is collected from Bloomberg on a daily frequency.FindingsThe response of two black swan events on the GCC stock markets has been heterogenous in nature. During the financial crisis, the impact was heavily felt on most of the stock markets in the GCC countries. It is revealed that the financial crisis had a negative significant impact on four of the six countries. Whereas during the COVID-19 crisis, it is revealed that there is no significant impact on four of the six selected stock markets. The positive significant impact is felt on two stock markets, namely, the Abu Dhabi stock market and the Saudi stock market.Originality/valueThe present investigation attempts to fill the gap in the literature on the intended topic because it is evident from the literature on the chosen subject that no study has been undertaken to evaluate and contrast the impact of the GFC crisis and COVID-19 on the GCC stock markets.",7,Arab Gulf Journal of Scientific Research,JournalArticle,True,10.1108/agjsr-09-2022-0162
Risk and causality Co-movement of Malaysia’s stock market with its emerging and OECD trading partners. Evidence from the wavelet approach,Xiaoyang Wang; Hui Guo; Muhammad Waris; B. Din,2024,stock market covid GARCH,Yes,"The growing trend of interdependence between the international stock markets indicated the amalgamation of risk across borders that plays a significant role in portfolio diversification by selecting different assets from the financial markets and is also helpful for making extensive economic policy for the economies. By applying different methodologies, this study undertakes the volatility analysis of the emerging and OECD economies and analyzes the co-movement pattern between them. Moreover, with that motive, using the wavelet approach, we provide strong evidence of the short and long-run risk transfer over different time domains from Malaysia to its trading partners. Our findings show that during the Asian financial crisis (1997–98), Malaysia had short- and long-term relationships with China, Germany, Japan, Singapore, the UK, and Indonesia due to both high and low-frequency domains. Meanwhile, after the Global financial crisis (2008–09), it is being observed that Malaysia has long-term and short-term synchronization with emerging (China, India, Indonesia), OECD (Germany, France, USA, UK, Japan, Singapore) stock markets but Pakistan has the low level of co-movement with Malaysian stock market during the global financial crisis (2008–09). Moreover, it is being seen that Malaysia has short-term at both high and low-frequency co-movement with all the emerging and OECD economies except Japan, Singapore, and Indonesia during the COVID-19 period (2020–21). Japan, Singapore, and Indonesia have long-term synchronization relationships with the Malaysian stock market at high and low frequencies during COVID-19. While in a leading-lagging relationship, Malaysia’s stock market risk has both leading and lagging behavior with its trading partners’ stock market risk in the selected period; this behavior changes based on the different trade and investment flow factors. Moreover, DCC-GARCH findings shows that Malaysian market has both short term and long-term synchronization with trading partners except USA. Conspicuously, the integration pattern seems that the cooperation development between stock markets matters rather than the regional proximity in driving the cointegration. The study findings have significant implications for investors, governments, and policymakers around the globe.",7,PLOS ONE,JournalArticle,True,10.1371/journal.pone.0296712
Dependencies and Volatility Spillovers among Chinese Stock and Crude Oil Future Markets: Evidence from Time-Varying Copula and BEKK-GARCH Models,Xiaoling Yu; Kaitian Xiao,2022,stock market covid GARCH,Yes,"This paper investigates co-movements among the Chinese stock market, Shanghai International Energy Exchange (INE) crude oil futures and West Texas Intermediate (WTI) crude oil futures. We use Copula models to capture tail dependencies and employ the VAR-BEKK-GARCH model to examine the direction of volatility spillovers. We find that there are positively time-varying dependency relationships among the three markets. Compared with the corresponding upper-tail dependencies, the lower-tail dependencies were larger before the COVID-19 pandemic while relatively weaker after the breakout of the pandemic. Before the COVID-19 pandemic, there was only a statistically significant volatility spillover from WTI crude oil future market to the INE crude oil future market. After the breakout of the COVID-19 pandemic, there were statistically significant volatility spillovers in the two pairs of markets, namely, the WTI–INE and Chinese stock–WTI. However, we only find statistically significant evidence of unidirectional volatility spillover from the Chinese crude oil future market to the Chinese stock market during the pandemic.",7,Journal of Risk and Financial Management,,True,10.3390/jrfm15110491
More different than alike: cross-sector volatility spillovers in Chinese stock sectors during COVID-19 pandemic,Yufeng Chen; Reyila Yimaier; Lin Xiang,2024,stock market covid GARCH,Yes,"ABSTRACT The asymmetric spillovers and dynamic connectedness among sectors in Chinese stock market have not been fully studied, especially the impact of catastrophic events related to the COVID-19 pandemic on the linkages. In this paper, an asymmetric VAR-BEKK (DCC) – GARCH model is employed to measure the volatility spillovers and dynamic correlations among Chinese stock sectors before and during the COVID-19 pandemic. The empirical results indicate that volatility spillovers among sectors are significant, with evident differences before and during COVID-19. To be specific, the primary spillover transmitting sector has shifted from telecom business for the pre-pandemic period to the financial real estate sector after the outbreak. However, the role of the raw materials sector as the spillover receiver has not changed. Notably, the medical health sector forms closed-loop chains of transmission with the most other sectors during the COVID-19 period. In addition, asymmetric volatility spillovers and dynamic correlations among stock sectors are also significantly examined. The findings contribute to investors and decision makers in adjusting trading strategies and monitoring market risks.",7,Applied Economics,JournalArticle,False,10.1080/00036846.2024.2305162
Does COVID-19 pandemic event alter the dependence structure breaks between crude oil and stock markets in Europe and America,Kai Chang; Shengchun Li,2022,stock market covid GARCH,Yes,"This article attempts to investigate the influence of novel coronavirus (COVID-19) pandemic on the dependence structure break between crude oil and stock markets in Europe and America using ARMA-GARCH and R-vine copula methods. The empirical results demonstrate that international crude oil and European (American) stock markets have significant asymmetric and symmetric dependence structure, rapid outbreak of COVID-19 pandemic triggers their dependence structure break. The results of Kendall correlation confirms that COVID-19 pandemic amplifies the dependence risks between European Brent crude oil and France (German and Spain) stock markets and reduces the dependence risk between Brent crude oil and UK (Italy) stock markets after February 20, 2020. The COVID-19 pandemic may amplify the dependence risk between West Texas Intermediate (WTI) crude oil and Canada stock markets after March 23, 2020, it first quickly reduces the dependence risks between WTI crude oil and US (Brazil and Mexico) stock markets after March 23, 2020 and then enlarges their dependence risks after June 30, 2020. European and American crude oil and stock markets have induced different ranges of their dependence risks in different time scales and their dependence structure breaks have good robustness.",7,Energy Reports,,True,10.1016/j.egyr.2022.10.450
COVID-19 pandemic and linkage between stock markets in Middle Eastern countries,S. Al-Khazaleh; Dr. Nemer Badwan; Ibrahim Eriqat; Zahra El Shlmani,2024,stock market covid GARCH,Yes,"Purpose
The purpose of this study is to evaluate the linkage between stock markets in Middle Eastern countries before and during the COVID-19 pandemic by using daily and monthly data sets for the period from 2011 to 2021.

Design/methodology/approach
The multivariate BEKK-GARCH model was computed to evaluate the existence of non-linear linkage among Middle Eastern stock markets. A correlation approach was used in this study to determine the type of linear connectivity between Middle Eastern stock markets. The study used monthly and daily data sets covering the years 2011 to 2021 to investigate the linkage between stock returns and the volatility spillover between the stock markets in Palestine, Jordan, Syria and Lebanon, both before and during COVID-19. To understand the types of relationships between markets before and during COVID-19, the daily data set was split into two periods.

Findings
Results from the pre-COVID-19 suggest that the Syria stock market is not related to any stock market in the Middle East markets; the Palestine and Lebanon stock markets exhibit a weak relationship, but Jordan and Palestine stock markets are strongly linked. Conversely, results from COVID-19 evince a very strong bidirectional volatility spillover between Middle East stock markets. Overall, the results indicate the existence of increased linkage during the COVID-19.

Research limitations/implications
The data collection on a daily and monthly basis, both before and during COVID-19, presents certain limitations for the paper. Another limitation is that the data cannot be generalized to all other Middle Eastern countries; rather, the conclusions drawn can only be applied to these four countries. This is especially true if the scholars collected most of the necessary data but were unable to obtain certain data for various reasons.

Practical implications
These findings have implications for risk management, market regulation and the growth of local stock markets. Facilitating the growth of smaller, more specialized markets to improve integration with other Middle Eastern markets is one of the goals of the domestic stock market development policy. To ensure financial stability, Middle Eastern stock market linking policies should consider spillover risk and take steps to minimize it. Enhancing the range of investment opportunities accessible to shareholders and functioning as confidential risk-sharing mechanisms to facilitate improved risk management in Middle Eastern stock markets will not only significantly influence the mobilization of private capital to promote investment and local economic growth but also lay groundwork for integrated market platforms.

Originality/value
This paper adds to the body of literature by demonstrating the nature of the connections between these small markets and the larger markets in the Middle East region. Information from the smaller markets provides institutional insights that enhance the body of existing research, guide the formulation of evidence-based policies and advance financial literacy in these markets. This study contributes by comparing data from different stock markets to better understand the type and strength of the link and relationship between Middle Eastern stock markets, as well as any underlying or reinforcing factors that might have contributed to the relationship and the specific types of links that these markets shared prior and during COVID-19.
",7,Journal of Chinese Economic and Foreign Trade Studies,JournalArticle,False,10.1108/jcefts-01-2024-0010
Interconnectedness among cryptocurrencies and financial markets: a systematic literature review,Ismail Adelopo; Xiaojun Luo,2025,stock market covid GARCH,No,,7,Digital Finance,Review,False,10.1007/s42521-025-00155-2
Emerging stock market reactions to shocks during various crisis periods,Roni Bhowmik; G. Debnath; Nitai Chandra Debnath; Shouyang Wang,2022,stock market covid GARCH,Yes,"This study investigates granger causal linkages among six Asian emerging stock markets and the US market over the period 2002–2020, taking into account several crisis periods. The pairwise Granger causality tests for investigating the short-run causality show significant bi- and uni-directional causal relationships in those markets and evidence that they have become more internationally integrated after every crisis period. An exception is Bangladesh with almost no significant short-term causal linkages with other markets. For understanding, how the financial linkages amplify volatility spillover effects, we apply the GARCH-M model and find that volatility and return spillovers act very inversely over time. However, market interface is weak before the crisis periods and becomes very strong during the financial crisis and US-China economic policy uncertainty periods. The US market plays a dominant role during the financial crisis and COVID-19 periods. Further analysis using the VAR model shows that a large proportion of the forecast variance of the Asian emerging stock markets is affected by the S&P 500 and that market shock starts to rise notably from the 1 to 10 period. The overall findings could provide important policy implications in the six countries under study regarding hedging, trading strategies, and financial market regulation.",7,PLoS ONE,JournalArticle,True,10.1371/journal.pone.0272450
The Egyptian stock market's reaction to the COVID-19 pandemic,H. A. Abouelfarag; Rasha Qutb,2022,stock market covid GARCH,Yes,"PurposeThe purpose of this study is to empirically examine the impact of the novel coronavirus (COVID-19) on Egyptian stock market returns and volatility between July 2018 and June 2021.Design/methodology/approachThis study utilizes a generalized autoregressive conditional heteroskedasticity (GARCH) model to examine the impact of COVID-19 on two basic stock market indices (EGX30 and EGX100). In addition, the heteroskedasticity corrected model (HCM) was employed to differentiate between the effects of each subsequent wave of the pandemic.FindingsThe results of the GARCH model revealed that all COVID-19 variables have a significant impact on the daily returns of EGX100, but an insignificant impact on that of EGX30. The mortality rate and transmission speed increased the market volatility of EGX30 daily returns. The results of the HCM confirmed that the Egyptian stock market reacted more nervously to the first wave than to the second, while the impact was not detected in the third wave.Practical implicationsThis study provides useful insights to investors and policymakers in handling the negative influence of unanticipated events. To retain economic stability, the Egyptian government can impose fiscal stimuli and consider policies to combat the impact of the pandemic.Originality/valueThis study is one of the first attempts to differentiate between the effects of subsequent waves of the pandemic on the stock market in Egypt, one of the largest economies in Africa.",7,African Journal of Economic and Management Studies,,False,10.1108/ajems-10-2021-0461
Dissecting hedge funds' strategies,M. Noori; Asmerilda Hitaj,2022,stock market covid GARCH,Yes,"This paper dissects the dynamics of the hedge fund industry with four financial markets, including the equity market, commodities, currencies, and debt market by employing a large number of assets from these markets. We employ four main representative hedge fund strategy indices, and a cap-weighted global index to estimate an asymmetric dynamic conditional correlation (ADCC) GJR-GARCH model using daily data from April 2003 to May 2021. We break down the performance, riskiness, investing style, volatility, dynamic correlations, and shock transmissions of each hedge fund strategy thoroughly. Further, the impact of commodity futures basis on hedge funds' return is analyzed. Comparing the dynamic correlations during the 2008 global financial crisis (GFC) with COVID-19 pandemic reveals changing patterns in hedge funds' investing styles. There are strong and pervasive shock spillovers from hedge fund industry to other financial markets, especially to futures commodities. An increase in the futures basis of several commodities drives up hedge funds' performance. While hedge fund industry underperforms compared to equity market and commodities, the risk-reward measures show that hedge funds are superior to other markets, and safer than the bond market.",6,International Review of Financial Analysis,,False,10.1016/j.irfa.2022.102453
"Impacts of U.S. Stock Market Crash on South African Top Sector Indices, Volatility, and Market Linkages: Evidence of Copula-Based BEKK-GARCH Models",B. Mudiangombe; J. W. Muteba Mwamba,2023,stock market covid GARCH,Yes,"This paper examines the effects of the Standard and Poor’s 500 (SP500) stock index crash during the global financial crisis and the COVID-19 pandemic periods on the South African top sector indices (basic materials, consumer goods, consumer services, financials, healthcare, industrials, technology, and telecommunication). The results of a copula-based BEKK-GARCH approach technique demonstrate the existence of price and volatility spillover during times of stock crashes. We discover that during a stock crisis, strong shocks and higher volatility spillover effects from the United States (U.S.) SP500 index to the top sector indices of the South African Johannesburg Stock Exchange (JSE) markets are more significant. However, there is no integrated economy, as the results did not show any spillover effects from South Africa to U.S. markets. Furthermore, the Gumbel copulas have higher dependence parameters, implying that extreme co-movements occur in the upper tails, suggesting the possibility of a large transmission of shocks from the SP500 to the eight top sector indices of the JSE and showing an asymmetric dependence between these markets. This result is important for investors willing to invest in the South African sector of equity markets to develop hedging strategies to prevent risk spillover from developed markets.",6,International Journal of Financial Studies,JournalArticle,True,10.3390/ijfs11020077
The Effects of COVID-19 outbreak on the Nigerian Stock Exchange performance: Evidence from GARCH Models,Monday Osagie Adenomon; Bilkisu Maijamaá; D. John,2022,stock market covid GARCH,Yes,"The recent COVID-19 was first identified in Wuhan, China in December 2019 and now it has caused huge death and spread to almost all over the world. There are news that most of the world economy and financial markets would be affected due to protocols such as lockdown and social distancing. In Nigeria, the first case of COVID-19 was identified on 27th February 2020 and this present study examines the effect of COVID-19 outbreak on the performance of the Nigeria stock exchange using secondary data for the period of 2nd March 2015 to 16th April, 2020. Also the study considered the COVID-19 period of 2nd January 2020 to 16th April 2020, the results from GARCH models revealed a loss in stock returns and high volatility in stock returns under the COVID-19 period in Nigeria as against the non COVID-19 period. Also, the Quadratic GARCH (QGARCH) and Exponential GARCH (EGARCH) models with dummy variable were applied to the stock returns which shown that the COVID-19 has had negative effect on the stock returns in the Nigeria stock markets. The study therefore recommended that economic policy such as incentive to indigenous companies to create new employments, diversification of the economy to attract new investors, and flexible exchange rate regime that will aid business between Nigeria investors and the international market (trade) be implemented. Lastly, the government of Nigeria should ensure policy that ensures stable political environment and reduction in insecurity in the country.",6,Journal of Statistical Modelling and Analytics,,True,10.22452/josma.vol4no1.3
The effect of COVID-19 and U.S. monetary policy on Bitcoin and stock market volatility: an application of DCC-GARCH model,Kamphol Panyagometh,2024,stock market covid GARCH,No,,6,Humanities and Social Sciences Communications,JournalArticle,False,10.1057/s41599-024-04260-2
Impact of COVID-19 Crisis on Volatility Spillovers across Global Financial Markets: Evidence from Asymmetric GARCH Models,Muhammad Niaz Khan,2024,stock market covid GARCH,Yes,"the impact of the pandemic on developed, emerging and the U.",6,Journal of Economic Integration,JournalArticle,True,10.11130/jei.2024005
Applications of GARCH Models in Forecasting Financial Market Volatility: Insights from Leading Global Stock Indexes,Nagendra Marisetty,2024,stock market covid GARCH,Yes,"This study investigates the volatility dynamics of major global stock indexes, including the FTSE 100, Hang Seng Index, NIKKEI 225, and S&P 500, using a range of Generalized Autoregressive Conditional Heteroskedasticity (GARCH) models. The analysis spans a comprehensive 20-year period from January 1, 2004, to December 31, 2023, encompassing diverse market conditions such as bull and bear markets, the 2008 financial crisis, and the COVID-19 pandemic. The methodology includes preprocessing steps such as calculating daily log returns, performing descriptive statistics, and conducting stationarity and ARCH effect tests to ensure data suitability for volatility modelling. 
The study evaluates several GARCH models, including GARCH, EGARCH, NGARCH, APARCH, GJR-GARCH, and TGARCH, to forecast volatility and address both symmetric and asymmetric effects. The TGARCH model exhibits strong performance in capturing leverage effects and asymmetries, particularly for the FTSE 100 and Hang Seng Index. The APARCH model performs well for the S&P 500, demonstrating sensitivity to past shocks. Overall, the findings underscore the importance of advanced GARCH models in accurately predicting volatility in global financial markets, highlighting the TGARCH model's effectiveness in addressing asymmetries and providing insights into selecting appropriate models for enhanced financial analysis and risk management.",6,SSRN Electronic Journal,JournalArticle,False,10.2139/ssrn.4939422
The dependency structure of international commodity and stock markets after the Russia-Ukraine war,Cheng Zhang; Shuo Liu; Mimi Qin; Bin Gao,2025,stock market covid GARCH,Yes,"In recent years, the international community has witnessed many crisis events, and the Russia-Ukraine war, which broke out on 24th February 2022, has increased international policy uncertainty and impacted the current world commodity and financial markets. Thus, we try to capture how the Russia-Ukraine war has affected the correlation structure of international commodity and stock markets. We study six groups of commodity daily returns and one group of stock daily returns and select the sample from 24th February 2022 to 1st June 2022 as the sample during the Russia-Ukraine war; in addition, we select the sample from 1st December 2019 to 31st December 2020 as the sample during COVID-19 control group, and the sample from 1st January 2014 to 31st December 2017 as the non-extreme event control group, to explore the correlation structure of international commodity and stock markets before the war, and to compare and uncover the impact of the uncertain event of the Russia-Ukraine war on the commodity and stock markets. In this paper, the marginal density function of each series is constructed using the ARMA-GARCH-std method, and the R-Vine copula model is built based on the marginal density function to analyze the correlation relationship between each market. From the Tree1 of the Vine copula, it is found that crude oil becomes the core connecting each commodity market and the stock market during the Russia-Ukraine war. The price fluctuations of crude oil may be contagious to agricultural and precious metal markets in the same direction, while the stock market price fluctuations are inversely correlated with commodity markets. Comparison with the selected control group sample reveals that the Russia-Ukraine war increases the correlation between the markets and enhances the possibility of risk transmission. The core of the correlation structure shifts from agricultural commodities and precious metals to crude oil after the Russia-Ukraine war.",6,PLOS ONE,JournalArticle,False,10.1371/journal.pone.0316288
Volatility and Spillover Effects between Central–Eastern European Stock Markets and Energy Markets: An Emphasis on Crisis Periods,Octavian Jude; Avraham Turgeman; Claudiu Boțoc; L. Miloș,2023,stock market covid GARCH,Yes,"The objective of this paper is to study the spillover effects between energy markets and stock markets with emphasis on the significant crisis periods of the last 15 years, the period of the financial crisis that officially started in 2008, the pandemic period, generically called COVID-19, and the recent confrontation in Eastern Europe. Understanding the volatility transmission mechanisms between the energy and capital markets and also from the energy markets back and the spillover effects that result is very important. We use multivariate GARCH models to highlight a spillover effect between energy commodities and equities in Central and Eastern Europe. The highest correlations are recorded for CEE stock markets with electricity and Brent, and the lowest for CEE stock markets with gas. The biggest symmetric shocks between energy and CEE stock markets occurred during the COVID-19 pandemic. In contrast, the biggest asymmetric shocks occurred during the financial crisis (for gas) and the Ukrainian invasion (for Brent). We also find that volatility is more sensitive to its lagged values in the marketplace than it is to new information. The impact and contagion of shocks caused by the oil market are greater than those of other energy markets.",6,Energies,JournalArticle,True,10.3390/en16176159
Analysing volatility patterns in emerging markets: symmetric or asymmetric models?,Himani Gupta,2023,stock market covid GARCH,Yes,"PurposeInvestors aim for returns when investing in stocks, making return volatility a crucial concern. This study compares symmetric and asymmetric GARCH models to forecast volatility in emerging nations like the G4 countries. Accurate volatility forecasting is vital for investors to make well-informed investment decisions, forming the core purpose of this study.Design/methodology/approachFrom January 1993 to May 2021, the study spans four periods, focusing on the global economic crisis of 2008, the Russian crisis of 2015 and the COVID-19 pandemic. Standard generalized autoregressive conditional heteroscedasticity (GARCH), exponential GARCH (E-GARCH) and Glosten-Jagannathan-Runkle GARCH models were employed to analyse the data. Robustness was assessed using the Akaike information criterion, Schwarz information criterion and maximum log-likelihood criteria.FindingsThe study's findings show that the E-GARCH model is the best model for forecasting volatility in emerging nations. This is because the E-GARCH model is able to capture the asymmetric effects of positive and negative shocks on volatility.Originality/valueThis unique study compares symmetric and asymmetric GARCH models for forecasting volatility in emerging nations, a novel approach not explored in prior research. The insights gained can aid investors in constructing more effective risk-adjusted international portfolios, offering a better understanding of stock market volatility to inform strategic investment decisions.",6,Journal of Economic and Administrative Sciences,JournalArticle,False,10.1108/jeas-07-2023-0186
Covid-19 and stock market liquidity: international evidence,Muhammad Umar; G. Rubbaniy; Amjad Iqbal; S. Rizvi; Yan Xu,2022,stock market covid GARCH,Yes,"Abstract This study analyzes the impact of Covid-19 on stock market liquidity of China and four worst hit countries by the pandemic. Using daily data for the stock market illiquidity spanning over July 1, 2019 to July 10, 2020 and the data for new cases and deaths over the period from December 31, 2019 to July 10, 2020, the results of our GARCH analysis show that liquidity in stock markets of all the sampled countries hit hard by the news of the Covid-19 outbreak. We find that for all sampled countries increase in illiquidity due to temporary shocks reverts to long term trend shortly, suggesting that the liquidity shocks due to the incidence of Covid-19 were short lived. The findings of our VAR analysis show an absence of any short-term relationship between Covid-19 new cases or deaths and illiquidity. Since the series are not integrated at same level, long-term relationship between Covid-19 and stock market illiquidity do not exist as well suggesting no evidence of the effect of Covid-19 on stock market liquidity.",6,Economic Research-Ekonomska Istraživanja,,True,10.1080/1331677X.2022.2142257
Indonesian Stock Market Return Volatility and Foreign Portfolio Capital: Evidence Before and During Covid-19 Pandemic,Reffi Marizka Dewi; Lukytawati Anggraeni; Tony Irawan,2023,stock market covid GARCH,Yes,": The Covid-19 pandemic increased uncertainty in the Indonesian stock market. This paper aims to investigate foreign and domestic investors' behavior in the Indonesian stock market, especially during the Covid-19 pandemic. The method used was E-GARCH and DCC-GARCH. The results showed that the impact of shocks from bad and good news was greater on the return volatility during the pandemic. The shocks had a positive impact on the increase in the spillover effect of NFI's volatility to return volatility in the short and long term before the pandemic, but this did not happen during the pandemic. There is an indication of bias of forecasting errors and prospect theory in the behavior of investors in the Indonesian stock market. Conservatism bias is also indicated in the behavior of foreign investors.",6,Jurnal Aplikasi Bisnis dan Manajemen,,True,10.17358/jabm.9.1.152
"Investor Sentiments, the COVID-19 Pandemic and Islamic Stock Return Volatility in Indonesia",Maulidya Firdaus Irwaningtyas; P. Sukmaningrum; Sulistya Rusgianto,2023,stock market covid GARCH,Yes,"Purpose — This study aims to investigate the effect of investor sentiments, as measured by the Consumer Confidence Index (CCI), and the impact of COVID-19 on Islamic stock return volatility proxied by the Indonesia Sharia Stock Index (ISSI). 
Design/Methodology/Approach — This study employs the GARCH (1,1) model to test the impact of investor sentiments and COVID-19 on the volatility of Islamic stock returns using monthly data from July 2011 to December 2021. 
Findings — The findings of this study indicate that investor sentiments negatively impact the volatility of Islamic stock returns; while COVID-19 caused a high and persistent effect on Islamic stock return volatility. 
Originality/Value — Research on investor behaviour and volatility in the Islamic capital market (ICM) is limited. Investor sentiment is an essential variable in predicting the volatility level of stock returns. Investors must be aware of major events that are happening globally, such as COVID-19. This research specifically focuses on the sentiments of Islamic stock investors in Indonesia. 
Research Limitations/Implications — This study uses a traditional GARCH model for variance and is limited to the Islamic stock market in Indonesia. Only a few variables were assessed, notably investor sentiments and COVID-19 on the impact of stock return volatility, using monthly data. 
Practical Implications — Research on market volatility will significantly help investors, companies and regulators determine strategies to overcome risks. This research illustrates how investor behaviour can influence the movement of stock returns. A global event, notably the COVID-19 pandemic, proved to have significantly impacted the conditions of ICMs.",6,ISRA International Journal of Islamic Finance,JournalArticle,True,10.55188/ijif.v15i3.613
Volatility Spillover from Carbon Prices to Stock Prices: Evidence from China’s Carbon Emission Trading Markets,Jin Ma; Jingran Feng; Jun Chen; Jianing Zhang,2024,stock market covid GARCH,Yes,"The carbon emission trading markets represent an emerging domain within China. The primary objective of this study is to explore whether carbon price volatility influences stock market volatility among companies subject to these emission trading regulations. Employing daily returns data from 293 publicly traded companies regulated by these emission trading markets, this study encompasses the national carbon market and eight pilot regional carbon markets spanning from August 2013 to October 2023. The results demonstrate that volatility in regional carbon prices positively impacts the stock volatility of companies in the corresponding emission trading region, indicating a volatility spillover effect. Moreover, this spillover effect is more pronounced in sectors marked by lesser carbon intensity than those with greater carbon intensity. The volatility transmission is more pronounced in coastal areas than in inland regions. However, no notable distinctions in volatility transmission are discerned between the periods before and throughout the COVID-19 pandemic. Vector autoregression analyses substantiate that lagged carbon price fluctuations possess limited predictive capacity for contemporaneous equity market volatility and vice versa. The robustness of these outcomes is fortified by applying the E-GARCH model, which accounts for the volatility clustering phenomenon. As the first investigation into the volatility spillover effect between China’s emission trading market and corresponding stock markets, this study offers valuable insights into the investment strategies of retail investors, the formulation of carbon regulations by policymakers, and the carbon emission strategies of corporate managers.",6,Journal of Risk and Financial Management,JournalArticle,True,10.3390/jrfm17030123
The impact of COVID-19 on GCC equity and debt markets: Evidence from TVP-VAR estimation,A. Syed,2022,stock market covid GARCH,Yes,"COVID-19 has rapidly evolved into a global pandemic and has strongly impacted financial markets of the world, including the Gulf Cooperation Council (GCC) region. Since the outbreak is unprecedented, there is a need to analyze the effects of the disease on volatility spillovers between equity and bond markets. We empirically investigated the impact of the COVID-19 pandemic on the financial equity and debt markets in the GCC region. We used the TVP-VAR dynamic connectedness approach to measure risk transmission in the GCC market. This study investigated the time-varying behavior of GCC equity and conventional and Islamic debt markets using data from 1 January 2019 to 30 August 2021. The results were also validated by performing a DCC-GARCH analysis to check the shock and spillovers among the GCC markets. We found the persistent shock transmitter roles of equity markets to bond and Sukuk markets in the GCC region, and the total dynamic connectedness increased during the first wave of the COVID-19 pandemic. Overall, the significant level of interconnectedness exists within the GCC markets.",6,Frontiers in Applied Mathematics and Statistics,JournalArticle,True,10.3389/fams.2022.1032123
Hedging strategies among financial markets: the case of green and brown assets,Ibrahim D. Raheem; O. Akinkugbe; A. Yusuf; M. G. Asl,2023,stock market covid GARCH,Yes,"Recognizing the growing importance of the green energy market—renewable energy stocks and bonds—and its classification as a viable financial asset, this paper examines hedging strategies with brown market instruments—gold, oil, bond and the composite S&P500—on the green energy markets. That is, we examine whether, and to what extent brown assets can provide a hedge for green assets, using variants of the multivariate GARCH framework (DCC, ADCC and GO-GARCH). Our dataset spans the period 01/12/2008 to 30/09/2021. To account for the influence of the COVID-19 pandemic, we split the dataset into two—pre-covid (1/12/2008–10/03/2020) and covid-era (11/03/202–30/09/2021). Two key findings emanate from our results: first, conventional bonds and stocks provide the most consistent hedge for investment in the green markets. Second, the results are sensitive to the state of the market—hedging effectiveness declined during the covid period in the green stock market. Among other things, it is recommended that investors include instruments of the green market in portfolio allocation.",6,Empirical Economics,JournalArticle,True,10.1007/s00181-023-02358-1
Will Gold Prices Persist Post Pandemic Period? An Econometric Evidence,Sumathi Kumaraswamy; Yomna Abdulla; S. Panigrahi,2022,stock market covid GARCH,Yes,"Recurrent stock market fall and rise sequel by COVID-19, rising global inflation, increase in Fed interest rates, the unprecedented meltdown of technology stocks, fear of trade wars, tightening of governments’ fiscal policies call for a new trend in international investing. It is time for the investors to rethink, rebalance and reset their investment strategies to position and protect their portfolios during and post-pandemic period. This paper attempts to forecast the gold prices for the post-pandemic era and explores whether gold will serve as a decisive hedge during this transition period. The techniques of ARCH, GARCH, E-GARCH, A-PARCH, and GARCH-M is employed in forecasting the conditional volatility of gold spot price from Multi Commodity Exchange (MCX) of India. A total of 3631 observations were collected from the daily spot prices of gold from January 2009 to December 2022. The findings show that the gold prices in India are highly persistent similar to other emerging markets and that gold will remain a safe haven for investors and institutional investors in the post-pandemic period. This paper is the first of its kind to forecast gold prices for the post-pandemic period. The forecast price of 10-gram gold is expected to trade for 65,948 ₹ in the Indian MCX by 2026 if the gold prices behold its previous momentum. This forecast will help the investors to plan their portfolio diversification for the post-pandemic period.",6,International Journal of Financial Studies,,True,10.3390/ijfs11010008
Investigating the Effects of the COVID-19 Pandemic on Stock Volatility in Sub-Saharan Africa: Analysis Using Explainable Artificial Intelligence,Mbongiseni Ncube; M. Sibanda; F. Matenda,2024,stock market covid GARCH,Yes,"This study examines the impact of the COVID-19 pandemic on sector volatility in sub-Saharan Africa by drawing evidence from two large and two small stock exchanges in the region. The analysis included stock-specific data, COVID-19 metrics, and macroeconomic indicators from January 2019 to July 2022. This study employs generalized autoregressive conditional heteroskedasticity (GARCH) models to estimate volatility and Explainable Artificial Intelligence (XAI) in the form of SHapley Additive exPlanations (SHAP) to identify significant factors driving stock volatility during the pandemic. The findings reveal significant volatility increases at the onset of the pandemic, with government stringency measures leading to increased volatility in larger exchanges, while the introduction of vaccination programs helped to reduce volatility. Weaker macroeconomic fundamentals impact volatility in smaller exchanges. The healthcare sector has emerged as the most resilient, while non-essential sectors, such as consumer discretionary, materials, and real estate, face greater vulnerability, especially in smaller exchanges. The research findings reveal that the heightened stock market volatility observed was mainly a result of the government’s actions to combat the spread of the pandemic, rather than its outbreak. We recommend that governments introduce sound policies to balance public health measures and economic stability, and that investors diversify their investments to reduce the impact of pandemics.",6,Economies,JournalArticle,True,10.3390/economies12050112
"Impact of COVID-19 on Stock Indices Volatility: Long-Memory Persistence, Structural Breaks, or Both?",A. M. B. de Oliveira; Anandadeep Mandal; G. Power,2022,stock market covid GARCH,Yes,"The onset of the COVID-19 pandemic has increased volatility in financial markets, motivating researchers to investigate its impact. Some use the GARCH family of models to focus on long-memory persistence, while others use Markov chain models to better identify structural breaks and regimes. However, no study has addressed the occurrence of these two phenomena in a unified framework. Since both are important features of the data, to ignore one or the other could lead to poorly specified models. The outcome would be incorrect risk measurement, with implications for risk management, Value at risk, portfolio decisions, forecasting, and option pricing. This paper aims to fill this gap in the literature. We assemble an international dataset for 16 stock market indices in three continents over the period from August 1, 2019 to February 18, 2022, totalling 669 business days. Using R, we estimate 80 GARCH family models, 16 pure Markov-Switching models, and 900 combined GARCH/ Markov-Switching models using daily stock market log-returns. We allow for two volatility regimes (low and high). We also measure and incorporate News Impact Curves, which show how past shocks affect contemporaneous volatility. Our main finding, across estimated models, is that COVID-19 affected both long-memory persistence and volatility regimes in most markets. To describe the specific impact in each market, we report News Impact Curves. Lastly, the first wave of COVID-19 had a much greater impact on volatility than did subsequent waves linked to the emergence of new variants.",6,Annals of Data Science,JournalArticle,True,10.1007/s40745-022-00446-0
Assessing the Efficacy of Artificial Intelligence in Mitigating Stock Market Volatility Induced by Emotional Decision-Making,Cindy Lin; Marisabel Chang; Yu Sun,2024,stock market volatility covid machine learning,Yes,"This study delves into the innovative application of artificial intelligence (AI) to address the longstanding issue of emotional decision-making in financial markets, which has been a significant factor in exacerbating stock market crashes. By comparing historical market data during two notable periods of financial distress—the 2008 global financial crisis and the 2020 market downturn triggered by the COVID-19 pandemic—against the backdrop of predictions made by AI models devoid of emotional biases, this research illuminates the potential of AI to instill a level of rationality in trading decisions that is often compromised by human emotions such as fear and greed. Through a meticulous analysis employing various sophisticated AI and machine learning algorithms, the findings distinctly highlight that AI possesses the ability not only to predict market trends with a high degree of accuracy but also to suggest that a market guided by AI-driven decisions could potentially experience reduced volatility and shallower downturns. These insights point to a promising future where AI could serve as an invaluable tool for investors, potentially leading to more stable markets and improved financial outcomes. However, the integration of AI into the financial decision-making process raises important ethical considerations and necessitates the development of robust regulatory frameworks to manage the systemic risks associated with widespread automation. The paper advocates for an interdisciplinary approach to further explore the synergies between AI technology, behavioral finance theories, and ethical standards, aiming to harness the full potential of AI in fostering a more resilient and efficient financial ecosystem. This research contributes to the evolving dialogue on the role of AI in finance, offering a foundation for future investigations into the optimal integration of technological advancements with human insight to mitigate the impact of emotional biases on market dynamics.",5,2024 4th International Conference on Computer Communication and Artificial Intelligence (CCAI),Conference,False,10.1109/CCAI61966.2024.10603355
Assessing Financial Stability in Turbulent Times: A Study of Generalized Autoregressive Conditional Heteroskedasticity-Type Value-at-Risk Model Performance in Thailand’s Transportation Sector during COVID-19,Danai Likitratcharoen; Lucksuda Suwannamalik,2024,stock market covid GARCH,Yes,"The Value-at-Risk (VaR) metric serves as a pivotal tool for quantifying market risk, offering an estimation of potential investment losses. Predominantly employed within financial sectors, it aids in adhering to regulatory mandates and in devising capital reserve strategies. Nonetheless, the predictive precision of VaR models frequently faces scrutiny, particularly during crises and heightened uncertainty phases. Phenomena like volatility clustering impinge on the accuracy of these models. To mitigate such constraints, conditional volatility models are integrated to augment the robustness and adaptability of VaR approaches. This study critically evaluates the efficacy of GARCH-type VaR models within the transportation sector amidst the Thai stock market’s volatility during the COVID-19 pandemic. The dataset encompasses daily price fluctuations in the Transportation Sector index (TRANS), the Service Industry index (SERVICE), and 17 pertinent stocks within the Stock Exchange of Thailand, spanning from 28 December 2018 to 28 December 2023, thereby encapsulating the pandemic era. The employed GARCH-type VaR models include GARCH (1,1) VaR, ARMA (1,1)—GARCH (1,1) VaR, GARCH (1,1)—M VaR, IGARCH (1,1) VaR, EWMA VaR, and csGARCH (1,1) VaR. These are juxtaposed with more traditional, less computationally intensive models like the Historical Simulation VaR and Delta Normal VaR. The backtesting methodologies encompass Kupiec’s POF test, the Independence Test, and Christoffersen’s Interval Forecast test. Intriguingly, the findings reveal that the Historical Simulation VaR model surpasses GARCH-type VaR models in failure rate accuracy. Within the GARCH-type category, the EWMA VaR model exhibited superior failure rate accuracy. The csGARCH (1,1) VaR and EWMA VaR models emerged as notably robust. These findings bear significant implications for managerial decision-making in financial risk management.",5,Risks,JournalArticle,True,10.3390/risks12030051
COVID Asymmetric Impact on the Risk Premium of Developed and Emerging Countries’ Stock Markets,J. A. Núñez-Mora; R. J. Santillán-Salgado; Mario I. Contreras-Valdez,2022,stock market covid GARCH,Yes,"We estimated the stock market risk premium during the COVID-19 pandemic with a GARCH-in-Mean (GARCH-M)(1,1) model. The analysis then explored the presence of regime changes using a two-regime Markov-Switching GARCH (MS GARCH)(1,1) model. The sample we used included the stock market indexes of nine countries from three geographical regions, including: North America (Canada, USA, and Mexico), South America (Brazil and Argentina), and Asia (Japan, South Korea, Hong Kong, and Singapore), over two periods: (a) pre-COVID (from 1 January 2015 to 31 December 2019); and (b) COVID (from 1 January 2020 to 31 December 2021). Our GARCH-M(1,1) estimation results indicate that the more developed countries’ stock markets experienced an important increase in their risk premium during the COVID period, likely explained by the massive government anticyclical policies. By contrast, developing countries’ stock markets, particularly in Latin America, experienced a reduction, and in some cases, even a total loss of the risk premium effect. From the perspective of investors and portfolio risk managers, the identification of high and low volatility periods and their estimated probability of occurrence is useful for the characterization of stress scenarios and the design of emerging strategies. For governments and central bankers, the implementation of different policies should respond to the more likely scenarios but should also be prepared to respond to other less likely scenarios. Institutional preparedness to respond to as many different scenarios as may be identified with the use of MS GARCH models can make their interventions more successful. This work presents an objective example of how the use of MS GARCH models may be of use to practitioners in both the financial industry and government. We confirmed that the results of a two-regime MS GARCH model are superior to those obtained from a single-regime model.",5,Mathematics,,True,10.3390/math10091353
Asymmetric reactions of the crude oil and natural gas markets on Vietnamese stock markets,J. Aladwani,2025,stock market covid GARCH,Yes,"PurposeThe purpose of studying the impact of crude oil and natural gas prices on the Vietnamese stock market is to understand the relationship between energy prices and the overall performance of the financial markets. As Vietnam is an energy-dependent country, fluctuations in crude oil and natural gas prices can significantly affect various industries, including manufacturing, inflation, transportation, energy production and economic growth. These sectors are often sensitive to changes in energy costs, which can lead to shifts in corporate profitability and investor sentiment. By analyzing how crude oil and natural gas prices influence the Vietnamese stock market, policymakers and investors can provide deeper insights into the economic risks and opportunities related to energy price volatility. This paper can also provide valuable information for decision-making in sectors such as economic forecasting, risk management and investment strategies.Design/methodology/approachUsing monthly data from January 2006 to March 2024, data were collected from the Vietnamese stock market and the OPEC organization for oil prices, while data on natural gas were obtained from the EIA. The data were analyzed using vector error correction (VEC) model, impulse response function, variance decomposition test and asymmetric reactions method; the study tries to ascertain the short-term and long-term dynamic relationships between the shocks of the crude oil price and natural gas prices and their effects on the movement of the stock price. In addition, the GARCH model is applied to measure the volatility of crude oil and natural gas prices.FindingsCrude oil price shocks have a statistically significant impact on most Vietnamese real stock market indices, except for the utility and consumer indices and some energy companies. Conversely, natural gas price shocks do not significantly affect on Vietnamese stock market indices, except for the energy index and some energy companies. Some “important” of both crude oil price and natural gas price shocks tend to depress the stock returns of energy companies. An increase in both crude oil and natural gas volatility can lead to heightened speculation in certain indices, particularly the energy and industrial indices, as well as in some energy companies. This heightened speculation often results in elevated of their stock returns.Originality/valueThis study provides valuable insights into the field of study examining how fluctuations in the prices of oil and gas, particularly during major crisis periods such as global financial crisis, COVID-19 pandemic and the Russo-Ukrainian War, affect financial markets.",5,Journal of Economics and Development,JournalArticle,False,10.1108/jed-08-2024-0280
Economic uncertainty and stock market asymmetric volatility: analysis based on the asymmetric GARCH-MIDAS model,Zaifeng Wang; Tiancai Xing; Xiao Wang,2024,stock market covid GARCH,Yes,"PurposeWe aim to clarify the effect of economic uncertainty on Chinese stock market fluctuations. We extend the understanding of the asymmetric connectedness between economic uncertainty and stock market risk and provide different characteristics of spillovers from economic uncertainty to both upside and downside risk. Furthermore, we aim to provide the different impact patterns of stock market volatility following several exogenous shocks.Design/methodology/approachWe construct a Chinese economic uncertainty index using a Factor-Augmented Variable Auto-Regressive Stochastic Volatility (FAVAR-SV) model for high-dimensional data. We then examine the asymmetric impact of realized volatility and economic uncertainty on the long-term volatility components of the stock market through the asymmetric Generalized Autoregressive Conditional Heteroskedasticity-Mixed Data Sampling (GARCH-MIDAS) model.FindingsNegative news, including negative return-related volatility and higher economic uncertainty, has a greater impact on the long-term volatility components than positive news. During the financial crisis of 2008, economic uncertainty and realized volatility had a significant impact on long-term volatility components but did not constitute long-term volatility components during the 2015 A-share stock market crash and the 2020 COVID-19 pandemic. The two-factor asymmetric GARCH-MIDAS model outperformed the other two models in terms of explanatory power, fitting ability and out-of-sample forecasting ability for the long-term volatility component.Research limitations/implicationsMany GARCH series models can also combine the GARCH series model with the MIDAS method, including but not limited to Exponential GARCH (EGARCH) and Threshold GARCH (TGARCH). These diverse models may exhibit distinct reactions to economic uncertainty. Consequently, further research should be undertaken to juxtapose alternative models for assessing the stock market response.Practical implicationsOur conclusions have important implications for stakeholders, including policymakers, market regulators and investors, to promote market stability. Understanding the asymmetric shock arising from economic uncertainty on volatility enables market participants to assess the potential repercussions of negative news, engage in timely and effective volatility prediction, implement risk management strategies and offer a reference for financial regulators to preemptively address and mitigate systemic financial risks.Social implicationsFirst, in the face of domestic and international uncertainties and challenges, policymakers must increase communication with the market and improve policy transparency to effectively guide market expectations. Second, stock market authorities should improve the basic regulatory system of the capital market and optimize investor structure. Third, investors should gradually shift to long-term value investment concepts and jointly promote market stability.Originality/valueThis study offers a novel perspective on incorporating a Chinese economic uncertainty index constructed by a high-dimensional FAVAR-SV model into the asymmetric GARCH-MIDAS model.",5,International Journal of Emerging Markets,JournalArticle,False,10.1108/ijoem-05-2023-0841
Volatility spillovers among MIST stock markets,Deniz Sevinc,2022,stock market covid GARCH,Yes,"
 This paper examines the effects of volatility spillover between MIST stock markets. We used daily data from January 3, 2012, to November 16, 2021, and the test of causality in variance, including structural breaks. First, we observed no structural break for Turkey and Indonesia, but there is a structural break in each South Korean and Mexican stock markets. A structural break is found for Mexico the day, aka ""El Betito"" was arrested. Likewise, we detected a structural break on the first day of the Covid-19 case for South Korea. We surprisingly observed that Covid-19 did not cause a structural break in these markets during the period analyzed, except in South Korea. GARCH (1, 1) models, including structural breaks, show that all series are temporarily and permanently affected by their own shocks. The causality in variance test reveals that MIST countries have volatility spillover effects on each other. There is bidirectional causality in variance between all markets, except South Korea and Mexico. The Mexican stock market is a volatility transmitter for South Korea, but vice versa. The paper indicates a connection in terms of the financial markets of MIST countries, and they are affected by each other's shocks, according to the study results.
",5,Data Science in Finance and Economics,,True,10.3934/dsfe.2022004
An empirical investigation of return spillover and volatility dynamics of Indian sectoral indices,Barkha Dhingra; Mohit Saini; Mohamed Fakhfekh; Mahender Yadav,2024,stock market covid GARCH,Yes,"ABSTRACT This research delves into the interconnectedness and volatility dynamics within sectoral indices amid the COVID-19 pandemic, to determine the most appropriate model for elucidating these dynamics. It addresses the burgeoning interest among investors in comprehending sectoral dynamics within India’s stock markets. Leveraging five years of daily closing price data (April 2017 to December 2021) sourced from the National Stock Exchange’s official website for 16 sectoral indices and the Nifty50 index, the study employs the Diebold-Yilmaz Spillover 2012 framework alongside four GARCH models (E-GARCH, T-GARCH, FIE-GARCH, and FE-GARCH). Empirical analysis underscores that the mid-small financial sector is the riskiest sector among others, advocating for the inclusion of the pharmaceutical sector to mitigate portfolio risks. Furthermore, the research underscores the persistence of volatility across sectors and identifies the TGARCH model as the appropriate model to capture the volatility for most sectoral indices.",5,Investment Analysts Journal,JournalArticle,False,10.1080/10293523.2024.2344939
Investment in Bitcoin : A Delusion or Diligence?,Monika Chopra; Rupish Saldi,2022,stock market covid GARCH,Yes,"Bitcoin investment gained great research interest, especially after the onset of the COVID-19 pandemic, a period marked by huge volatility in this asset class. This study investigated Bitcoin’s persistence and hedging properties in the pre-COVID era to establish its efficiency and safety by testing relevant data. We evaluated the role of persistence in Bitcoin trading to highlight its efficiency. The GPH estimator and ARFIMA were used to map the evolving efficiency of the Bitcoin price. Our analysis of intra-day data exhibited the presence of an anti-persistence effect, following the popular conclusion of momentum and speculative trading in the Bitcoin market. The second section of this study evaluated whether Bitcoin played the role of a hedge and an asset of protection in a global portfolio manager’s portfolio during extreme market volatility. Using the Threshold GARCH (TGARCH), we evaluated the trading correlation between Bitcoin prices and four major indices, namely S & P 500, FTSE, Hang Seng, and Nikkei, on daily and weekly data. We identified the time-varying hedge and safety properties of Bitcoin: Volatility, speculation, less-traded history, and lack of regulatory infrastructure. Our findings added to the literature by testing the efficiency of Bitcoin in major developed economies using returns of high-frequency data, along with daily returns. We also considered extreme movements in the currency to check its hedging and protection properties in a portfolio of developed market stocks. We recommended that investors be cautious when combining this currency with different stock markets based on our findings. © 2022, Associated Management Consultants Pvt. Ltd.. All rights reserved.",5,Indian Journal of Finance,,False,10.17010/ijf/2022/v16i7/170632
Analysis of Financial Contagion and Prediction of Dynamic Correlations During the COVID-19 Pandemic: A Combined DCC-GARCH and Deep Learning Approach,Víctor Chung; Jenny Espinoza; Alan Mansilla,2024,stock market covid GARCH,Yes,"This study aims to combine the use of dynamic conditional correlation multiple generalized autoregressive conditional heteroskedasticity (DCC-GARCH) models and deep learning techniques in analyzing the dynamic correlation between stock markets. First, we examine the contagion effect of the high-risk financial crisis during COVID-19 in the United States on the Latin American stock market using a dynamic conditional correlation approach. The study covers the period from 2014 to 2020, divided into the pre-COVID-19 period (January 2014–February 2020) and the COVID-19 period (March 2020–November 2020), to examine the sudden change in average conditional correlation from one period to the next and identify the contagion effect. The contagion test showed significant contagion between the S&P 500 and Latin American indices, except for Argentina’s MERVAL. Additionally, we applied deep learning models, specifically LSTM, to predict market dynamics and changes in volatility as an early warning system. The results indicate that incorporating LSTM improved the accuracy of predicting dynamic correlations and provided early risk signals during the crisis. This suggests that combining DCC-GARCH with deep learning techniques is a powerful tool for predicting and managing financial risk in highly uncertain markets.",5,Journal of Risk and Financial Management,JournalArticle,False,10.3390/jrfm17120567
Stock Market Volatility and the COVID-19 Pandemic in Emerging and Developed Countries: An Application of the Asymmetric Exponential GARCH Model,C. A. G. Silva,2022,stock market covid GARCH,Yes,"The objective of this research is to analyze the influence of COVID-19 on the return and volatility of stock market indices of emerging and developed countries (Brazil, Canada, United States, France, India, and Mexico) using an asymmetric exponential GARCH model. The daily returns of the market indices from January 2019 to December 2020 were considered. The results reveal negative average daily returns for all stock market indices during the first period of the COVID-19 pandemic (January 2020 to June 2020). Although the second half of the pandemic period (2020) reflects a recovery of all indices with altered strengths, volatility remains higher than in normal periods, signaling a bearish trend in the market. The variable COVID-19 has been shown to have a positive impact on the volatility of stock returns for all indices, i.e., indicating increased volatility in the analyzed stock markets. In addition, it is also found that the COVID variable has a negative impact on average returns only in the stock market of Brazil and France.",5,European Journal of Business and Management Research,,True,10.24018/ejbmr.2022.7.4.1492
Shock and Volatility Transmissions Across Global Commodity and Stock Markets Spillovers: Empirical Evidence from Africa,Ichraf Ben Flah; K. Samet; Anis El Ammari; Chokri Terzi,2025,stock market covid GARCH,Yes,"This paper investigates the link between commodity price volatility and stock market indices in Nigeria, Ghana, and Côte d’Ivoire, focusing on commodities such as oil, cocoa, and gold over a daily period from 2 January 2020 to 31 December 2021. In order to conduct this study, the BEKK-GARCH process is applied to test the volatility transmission across commodity and stock markets, while focusing on the asymmetry in the conditional variances of these markets. The analysis reveals a 30% increase in volatility spillovers during the COVID-19 period, highlighting significant asymmetry in conditional variances between African stock markets and global commodity markets. Furthermore, the findings demonstrate that conditional variances in stock and commodity markets are asymmetrical. This study advances the literature on volatility transmission by providing novel evidence on asymmetric spillovers between African stock markets and global commodity prices, particularly during COVID-19. It offers insights into the unique role of emerging African markets in global financial interconnectedness.",5,Journal of Risk and Financial Management,JournalArticle,False,10.3390/jrfm18060332
"Investigating symmetric volatility spillover in Islamic financial markets: evidence from Islamic equity, cryptocurrency, Sukuk and Halal-exchange traded fund",Mustafa Raza Rabbani; Sabia Tabassum; M. Yadav; U. Kayani,2025,stock market covid GARCH,Yes,"

This study aims to explore and analyze time-varying linkages of Islamic equity indices with the Sukuk (Islamic bond) market index, Halal cryptocurrency and Shariah-compliant exchange traded fund (ETF).



To study the dynamic connectedness of constituent series, the daily adjusted closing price from December 31, 2019, to September 11, 2023, has been used. This period is taken considering the unprecedented COVID-19 and Russia–Ukraine tussle under study. Standard GARCH and E-GARCH models are used to forecast symmetrical and asymmetrical volatility. Further, dynamic conditional correlation (DCC)-GARCH and Diebold and Yilmaz (2012) connectedness models demystify the spillover among examined assets.



There is no spillover from Dow Jones Islamic Market (DJIM) to Taddawul Sukuk and Bond Market Index (TSBI) and X8X in the short run, while there is spillover in the long run. However, DJIM and HLALETF exhibit volatility spillover in long run and short run as well. Further, Diebold and Yilmaz (2012) reveals that DJIM is the highest receiver, and TSBI is the most diminutive receiver of the shock. On the other hand, HLAL-ETF is the highest transmitter, and TSBI stands out as the lowest transmitter to the network connection.



Following an extant literature review, and to their understanding, it’s a novel study that unfolds dynamic linkages among selected markets during two major global crises.
",5,Journal of Islamic Marketing,JournalArticle; Review,False,10.1108/jima-01-2024-0013
17 Months of the Pandemic: A Study of the Stress Spillover Among the BRICS Countries During COVID-19,Mohit Kumar; Arushi Gupta,2025,stock market covid GARCH,Yes,"This study examines the stress spillover of the stock market, bond market and exchange market among the BRICS countries during the COVID-19 pandemic. Following the principal component analysis approach, a composite stress index is developed for each country to measure the stress level in BRICS. We use the dynamic conditional correlation-generalized autoregressive conditional heteroskedasticity (DCC-GARCH) approach to investigate the dynamic connectedness among the countries. While the stress in the stock market and exchange market is measured by their respective volatility, the bond market fluctuation is examined by using the yield spreads between the 10-year government bonds yield of BRICS countries and 10-year government bond yield of the United States. The study finds that among all the BRICS countries, India and China have been major transmitters as well as receivers of the stress spillover. The findings of our study contribute to the literature by highlighting the importance of understanding the behaviour and interconnectedness of the economies in a group. The study also provides valuable insights to policymakers who need to be more vigilant about the financial crisis and spillover among the countries.",5,Vision,JournalArticle,True,10.1177/09722629221074900
Assessing risk profiles of ESG portfolios in global financial markets,Vishal Roy; Twinkle Jaiswal; Amit Gautam,2024,stock market covid GARCH,No,,5,DECISION,JournalArticle,False,10.1007/s40622-024-00388-x
Volatility in Indian Stock Markets During COVID-19,K. Gupta; Seshanwita Das; Kanishka Gupta,2022,stock market covid GARCH,Yes,"The aim of the paper is to evaluate the impact of novel COVID-19 on the returns and volatility of Indian stock markets with special reference to equity investment strategies of Bombay Stock Exchange. For the purpose of evaluating the impact, the study has applied GARCH) The research has considered a time frame from March, 2015 to January, 2021. Prior to implementing GARCH model, pre-estimation tests i.e., Augmented Dickey-Fuller and ARCH-Lagrange Multiplier, were conducted. Outcomes clearly indicate that the returns during the crisis for all the strategy indices have been negative which means that the COVID-19 outbreak resulted in massive losses. Additionally, 'during crisis' period showed increase in volatility for all the strategy indices depicting that the pandemic has a long-lasting effect and will take time to fade off. This research will help the investors in the investment decision process by giving them insights about the different strategies.",5,International Journal of Business Analytics,,True,10.4018/IJBAN.288512
RISK-RETURN RELATIONSHIP IN THE NIGERIAN STOCK MARKET DURING PANDEMIC COVID-19: SECTORAL PANEL GARCH APPROACH,Kamaldeen Ibraheem Nageri,2022,stock market covid GARCH,Yes,"This study examines how the Nigerian Stock Exchange (NSE) is responding to the COVID-19 pandemic in the form of risk-return relationship and volatility. Panel data analyses of GARCH-in-mean and Threshold GARCH were estimated on three error distributional assumptions. All Share Index (ASI) from January 2020 to December 2020 for ten stock market indices on the NSE. Findings indicate that the cross-section return of the ten stock market indices returns exhibit a positive risk-return relationship during COVID-19 and the impact of bad news was found to have no significant impact on return volatility on the NSE. This indicates that the policy response during the pandemic is adequate to cushion the negative impact of COVID-19, which should be sustained.",5,Copernican Journal of Finance &amp; Accounting,,True,10.12775/cjfa.2021.017
"The Relationship between Agricultural Commodities and Stock Market in Case of Thailand: Safe-haven, Hedge, or Diversifier? – Cross Quantilogram Analysis",Karjbundit Bunditsakulporn,2022,stock market covid GARCH,Yes,"This paper proposes to identify Agricultural futures’ roles (Safe haven, Hedge, and Diversifier) in the Thai stock market during 2000-2020 by applying a bivariate Cross-Quantilogram (CQ) approach. The CQ approach can examine the cross-quantile correlation between assets, while the traditional approaches (such as GARCH, DCC, and MSV) examine only mean-to-mean dependency structures. The CQ methodology can estimate the tail dependencies and directional predictability between financial assets more accurately than traditional methods since financial assets typically have a skewed and asymmetric distribution. The correlation between assets during the extreme market condition (tail dependencies) is important to classify a financial asset as a Safe-haven role. The agricultural commodities considered in this study are the most active asset categories in the markets (cereals, oilseeds, other soft commodities, and miscellaneous commodities). The results show that the agricultural assets are more explicitly correlated with the Thai stock market in crisis periods, such as a negative result in canola during COVID-19. Agricultural commodities, including wheat, oats, and canola, can play a strong safe-haven role in the Thai stock market, according to the lowest cross-quantiles (bearish market) data. According to the results of overall quantiles (normal situations), wheat, corn, canola, soybean, and sugar can all be used as hedges. The rolling windows for directional predictability, which show the time-varying CQ, confirm that these agricultural commodities can be served as Safe-havens throughout the study periods. Therefore, including these specific agricultural commodities (Safe-haven or Hedge) in a portfolio of Thai stocks will help lower risk and boost performance under normal and extreme downturn situations.",5,International Journal of Business and Administrative Studies,,True,10.20469/ijbas.8.10002-3
Stock Market Volatility Response to COVID-19: Evidence from Thailand,Suthasinee Suwannapak; Surachai Chancharat,2022,stock market covid GARCH,Yes,"This study investigated how stock market volatility responded dynamically to unexpected changes during the COVID-19 pandemic and the resulting uncertainty in Thailand. Using a multivariate GARCH-BEKK model, the conditional volatility dynamics, the interlinkages, and the conditional correlations between stock market volatility and the increasing rate of COVID-19 infection cases are examined. The increased rate of COVID-19 infections impacts stock returns detrimentally; in Thailand, stock market volatility responses are asymmetric in the increase and decline situations. This disparity is due to the unfavourable impact of the pandemic’s volatility. Finally, we acknowledge that directional volatility spillover effects exist between the increase in COVID-19 cases and stock returns, suggesting that time-varying conditional correlations occur and are generally positive. Using this study’s results, governments and financial institutions can devise strategies for subsequent recessions or financial crises. Furthermore, investment managers can manage portfolio risk and forecast patterns in stock market volatility. Academics can apply our methodology in future investment trend studies to analyse additional variables in the economic system, such as the value of the US dollar, the price of commodities, or GDP.",5,Journal of Risk and Financial Management,,True,10.3390/jrfm15120592
Evaluating the Efficiency of Financial Assets as Hedges against Bitcoin Risk during the COVID-19 Pandemic,Li Wei; Mingchih Lee; Wan-Hsiu Cheng; Chia-Hsien Tang; Jing-Wun You,2023,stock market covid GARCH,Yes,"In the turbulent landscape of financial markets, Bitcoin has emerged as a significant focus for investors due to its highly volatile returns. However, the risks and uncertainties associated with it necessitate effective hedging strategies. This paper explores the potential of various financial assets, including interest rates, stock markets, commodities, and exchange rates, as dynamic hedges against Bitcoin’s risk. Utilizing a DCC-GARCH model, we construct a dynamic hedging model to analyze the viability of these financial assets as hedges. The data is categorized into pre-pandemic and pandemic periods to assess any change in hedging performance due to the outbreak of COVID-19. Our empirical findings suggest that the dynamic DCC-GARCH model outperforms the static OLS model in this context. During the pandemic period, a diverse set of financial assets demonstrated enhanced efficiency in hedging Bitcoin risk compared to the pre-pandemic phase. Among the hedging commodities, stock market indices, the US dollar index, and commodity futures displayed superior performance.",5,Mathematics,JournalArticle,True,10.3390/math11132917
The effects of the COVID-19 pandemic period on stock market return and volatility. Evidence from the Pakistan Stock Exchange,Baixiang Wang; Muhammad Waris; Katarzyna Adamiak; Mohammad Adnan; H. Hamad; Saad Mahmood Bhatti,2024,stock market covid GARCH,Yes,"The COVID-19 pandemic has emerged as a significant event of the current century, introducing substantial transformations in economic and social activities worldwide. The primary objective of this study is to investigate the relationship between daily COVID-19 cases and Pakistan stock market (PSX) return volatility. To assess the relationship between daily COVID-19 cases and the PSX return volatility, we collected secondary data from the World Health Organization (WHO) and the PSX website, specifically focusing on the PSX 100 index, spanning from March 15, 2020, to March 31, 2021. We used the GARCH family models for measuring the volatility and the COVID-19 impact on the stock market performance. Our E-GARCH findings show that there is long-term persistence in the return volatility of the stock market of Pakistan in the period of the COVID-19 timeline because ARCH alpha (ω1) and GARCH beta (ω2) are significant. Moreover, is asymmetrical effect is found in the stock market of Pakistan during the COVID-19 period due to Gamma (ѱ) being significant for PSX. Our DCC-GARCH results show that the COVID-19 active cases have a long-term spillover impact on the Pakistan stock market. Therefore, the need of strong planning and alternative platform should be needed in the distress period to promote the stock market and investor should advised to make diversified international portfolio by investing in high and low volatility stock market to save their income. This study advocated the implications for investors to invest in low volatility stock especially during the period of pandemics to protect their return on investment. Moreover, policy makers and the regulators can make effective policies to maintain financial stability during pandemics that is very important for the country’s economic development.",5,PLOS ONE,JournalArticle,True,10.1371/journal.pone.0295853
A machine learning approach to risk based asset allocation in portfolio optimization,Sanjay Agal; Krishna M Raulji; N. Odedra,2025,volatility forecasting covid deep learning,Yes,"This paper introduces a novel machine learning framework for dynamic risk-based asset allocation that addresses fundamental limitations in traditional portfolio optimization methods. The proposed architecture integrates Long Short-Term Memory networks for volatility forecasting with differentiable risk budgeting layers and regime-switching mechanisms, enabling end-to-end training of portfolio weights under adaptive risk constraints. Unlike conventional approaches that rely on static risk budgets and historical covariance estimates, our methodology dynamically adjusts risk targets based on real-time market indicators, including volatility expectations, credit spreads, and yield curve dynamics. The framework achieves three primary research objectives: first, it demonstrates superior risk-adjusted performance with a Sharpe ratio of 1.38 during the out-of-sample period (2017-2022), representing a 55% improvement over traditional risk parity strategies and a 23% enhancement over contemporary deep learning approaches. Second, the architecture maintains computational efficiency through sparse attention mechanisms, scaling linearly with asset count while processing 50-asset portfolios in under 25 milliseconds. Third, the model preserves interpretability via SHAP-based risk attribution, providing transparent insights into allocation decisions across different market regimes. Empirical results reveal particularly strong performance during volatile market conditions, with maximum drawdowns reduced by 41% during stress periods compared to conventional methods. The framework’s proactive risk management capabilities were evidenced during the COVID-19 crisis, where it began reducing equity exposure two weeks before the market trough, demonstrating genuine predictive ability rather than reactive adjustment. Robustness checks confirm performance persistence under varying transaction costs, rebalancing frequencies, and alternative risk measures. These findings establish a new paradigm for portfolio optimization that successfully bridges theoretical finance with practical implementation. The framework’s ability to navigate complex market environments while maintaining computational efficiency and interpretability suggests readiness for widespread institutional adoption. This research contributes to the evolving literature on differentiable finance while providing portfolio managers with a robust tool for constructing adaptive, risk-aware investment strategies.",5,Scientific Reports,JournalArticle,False,10.1038/s41598-025-26337-x
A Hybrid LSTM-GARCH Network for Stock Market Volatility Prediction,Nithyasai Siddiraju; Rashida Hasan,2025,stock market volatility covid machine learning,Yes,"In the volatile domain of financial markets, accurately predicting stock volatility is a paramount challenge due to inherent nonlinearity and rapid market changes. Conventional models like GARCH and SVR-GARCH often fall short in capturing long-term dependencies and responding to sudden market shifts due to their linearity and limited complexity. To address these shortcomings, we present a novel hybrid approach that combines Long Short-Term Memory (LSTM) networks with Generalized Autoregressive Conditional Heteroskedasticity (GARCH) models. By leveraging LSTM's capability to model nonlinear patterns and temporal dependencies, our proposed model significantly enhances the performances of stock volatility predictions, addressing the limitations of traditional methods. Using datasets from three key periods-the post-2008 recovery, economic diversification, and COVID-19 volatility-our model consistently outperforms traditional GARCH and SVR-GARCH methods in MAE and RMSE scores.",4,2025 IEEE 15th Annual Computing and Communication Workshop and Conference (CCWC),Conference,False,10.1109/CCWC62904.2025.10903807
Are Modifications in the ETF's Investment Performance and Risks during the COVID-19 Pandemic Event?,Ying-Sing LIU; Liza Prof. LEE,2022,stock market covid GARCH,Yes,"This study focuses on the impact of the COVID-19 pandemic on the investment performance and systematic risk of ETFs. As a result of the early stages of the COVID-19 outbreak, the impact in China was much greater than that in Taiwan. Therefore, by two ETFs investing higher weighted stocks in the Shanghai and Taiwan markets, the ETFs are used to explore the COVID-19 pandemic effect on the two stock markets. Jensen’s alpha and the modified model by Jensen (1968) are coupled with GARCH(1,1) to modify and test ETF’s performance and systematic risk. The empirical results show that ETF50 performance may be overestimated by using Jensen’s alpha. According to the results of modified Jensen's alpha, there is no evidence that abnormal returns are significantly nonzero in both ETFs and that alpha values have not been changed by the COVID-19 event. After the COVID-19 pandemic began, the SSE50 ETF’s systematic risk significantly increased, and the asset size of funds significantly decreased. Therefore, the results supported the significant impact of the COVID-19 pandemic on the SSE50 ETF. There is evidence that the SSE50 ETF affects COVID-19 events, and this result echoes the more severe areas of the COVID-19 pandemic in China.",4,Review of Applied Socio-Economic Research,,True,10.54609/reaser.v23i1.202
Time-Varying Granger Causality of COVID-19 News on Emerging Financial Markets: The Latin American Case,Semei Coronado; Jose N. Martinez; Victor Gualajara; Rafael Romero-Meza; O. Rojas,2023,stock market covid GARCH,Yes,"This study uses daily COVID-19 news series to determine their impact on financial market volatility. This paper assesses whether U.S. financial markets react differently to COVID-19 news than emerging markets and if such markets are impacted differently by country-specific and global news. To detect the spillover effects from news on market volatility, a time-varying DCC-GARCH model was applied. The results suggest that the U.S. and emerging markets are affected differently by pandemic news, global series have a stronger impact on emerging markets than country-specific ones, and misleading information plays a significant role in financial market volatility, especially for the U.S.",4,Mathematics,,True,10.3390/math11020394
Impact of COVID-19 Pandemic and Russo-Ukrainian War on Tunisian Stock Exchange Performance and Volatility,Mohamed Chater; Karim Soussou,2023,stock market covid GARCH,Yes,"The purpose of our study was to investigate the impact of COVID-19 pandemic and the Russo-Ukraine (RU) war on the return volatility and value of the Tunisian Stock Exchange proxied by TUNINDEX. We applied GARCH (1,1) to assess the impact on the index return volatility, using daily observations from January 2019 to December 2022, and a multiple linear regression to determine the effect on the index value, based on monthly observations for January 2018 to December 2022. GARCH output revealed that both exogenous shocks led to higher stock market return volatility. The regression results disclosed statistically significant though opposite impacts on the index price. The pandemic exerted a positive, though extremely mild impact on the Index value, while the war had a negative effect on its performance. As for the control variables, both inflation rate and industrial production index exhibited positive effects on the TUNINDEX values, while trade balance had a negative impact. GDP growth rate and interest rate however, showed no significant influence on the index performance during the study period. We faced some difficulty accessing data, in addition to the scarcity of data on other potentially relevant factors, along with a short study period. Incorporating new variables i.e. mortality rates, unemployment due to the lockdown, travel bans effect, trade dependence with Ukraine and Russia, and using Time-Varying Vector Auto Regressive model may add additional value to our work. The paper contributes to the literature on external shocks impacts on stock markets, specifically on the Tunisian stock exchange. In addition, it offers insights on the potential expected economic effects of unpredicted events, and may help identify appropriate strategies to mitigate their dramatic effects. Finally, this research presents the first investigation on the impact of the Russian invasion on Ukraine on the Tunisian stock exchange by probing into the impact on both volatility and performance of the market’s index.",4,"Financial Markets, Institutions and Risks",JournalArticle,True,10.61093/fmir.7(4).74-87.2023
Contagion risk in Equity Markets during Financial Crises and COVID-19: A comparison of developed and emerging markets,P. Muzindutsi; Akita Sheodin; Joshua Moodley; Khmera Moodley; Mayuri Naidoo; Purusha Ramjiyavan; Rinay Moonsamy; Tiffany Atalia Pillay; Fikile Dube,2022,stock market covid GARCH,Yes,"This study compared the impact of the Global Financial Crisis (GFC) and the COVID-19 pandemic on financial market contagion between developed and emerging markets. A DCC-GARCH model was employed to test the contagion effects of developed and emerging markets using weekly returns for the S&P 500 (US), FTSE-100 (UK), ASX 200 (AUS), IBOVESPA (BRA), BSE SENSEX (IND) and BVM IPC (MEX). The results showed that there was a persuasive case made for the integration of markets for efficient financial systems. However, a crisis occurring in one market holds significant repercussions for any of the connected markets. The findings show that the COVID-19 pandemic affected all the markets more severely than the GFC and contagion effects were more pronounced in emerging markets than in developed markets during the GFC and the pandemic. Consequently, policy makers in emerging markets should implement policies that reduce external vulnerabilities and improve their markets’ stability to reduce the impact of contagion.",4,Scientific Annals of Economics and Business,,True,10.47743/saeb-2022-0026
Sustainable Indices Outperforming Traditional Indices in India: A Comparative Study Pre and During COVID-19,Abhisek Mahanta; N. Sahu; Pradeep Kumar Behera,2024,stock market covid GARCH,No,,4,Asia-Pacific Financial Markets,JournalArticle,False,10.1007/s10690-024-09506-2
Risk-Return Trade-off and Volatility Characteristics in the Indian Stock Market,M. Tamilselvan; Srinivasan Palamalai; Magesh Kumar; Jayakumar Aswathaman; Manjula Veerabhadrappa,2022,stock market covid GARCH,Yes,"The study examines the volatility characteristics of Indian stock markets and their tradeoff between the risk and return. It finds a positive but insignificant association between the risk and returns during the subsample (the pre-COVID and COVID pandemic outbreak) and whole sample periods. The study also shows that the weak form of Indian stock markets is not sustainable. Consistent with the GARCH literature, persistent and asymmetric effects are evidenced, and the magnitude of the negative shocks has a larger immediate impact than the positive shocks. These results would help measure the volatility in the Indian stock markets and provide investors and regulators with necessary information about the market efficiency, persistency (long-memory process) and asymmetric effects.",4,TEM Journal,,True,10.18421/tem111-38
Has the pandemic changed the relationships between fintechs and banks?,Barbara Będowska-Sójka; Agata Kliber; Laivi Laidroo,2023,stock market covid GARCH,Yes,"We examine the impact of COVID-19 on the banking and fintech sectors based on the relationships of the respective stock indices from December 2017 to April 2022. We analyse dynamic correlations within multivariate GARCH models and relationships in tails with the quantile coherency approach. Returns of fintech and banks dropped simultaneously at the beginning of the pandemic, but the analysis of cumulative returns and draw-downs reveals that the former recovered faster. Banks and fintechs experienced sharp declines together and fintech experienced extreme growth during the downfalls in the banking sector. However, the latter relationship disappears when we analyze only the banks from the USA and Eurozone. Thus, integrating with fintech may be especially beneficial for banks outside those regions. The ability of fintech to resurface and continue to grow demonstrates its importance in the financial system and confirms the shift toward a digital economy in financial markets.",4,Oper. Res. Decis.,JournalArticle,True,10.37190/ord230402
The Impact of COVID-19 on the Volatility of BRICS Stock Returns,H. Alkayed; I. Yousef; Ola Zalmout,2022,stock market covid GARCH,Yes,"This study analyzes for the first time the impact of the novel coronavirus known as COVID-19 on stock market volatility for the BRICS countries (Brazil, Russia, India, China, and South Africa) using the GJR-GARCH model. We find that during the coronavirus period, Brazil, India, and South Africa exhibit very high volatility, with negative returns exceeding those faced by these indices during the 2008 financial crisis. On the other hand, the Russian and Chinese indices are shown to have faced greater volatility during the 2008 crisis than they have so far exhibited due to coronavirus. Furthermore, the results of the GJR-GARCH models show that COVID-19 variable has a significant positive impact on stock market volatility for Brazil, India, China, and South Africa but an insignificant impact for Russia. Moreover, of these nations, Brazil has thus far been most heavily affected by the virus, followed by South Africa, China, and India.",4,Asian Economic and Financial Review,,False,10.55493/5002.v12i4.4470
COVID-19 and Stock Market Volatility in South Africa: A Cross-Sector Analysis,Edson Vengesai,2022,stock market covid GARCH,Yes,"The COVID-19 pandemic has created enormous economic and market uncertainty in the global economy. However, businesses and industries weren’t affected homogeneously; whilst others suffered, some blossomed. Equity markets were not spared from the detrimental effects of the pandemic. This study investigates the impact of COVID-19 on stock returns’ conditional volatility in different South African stock market sectors using standard symmetrical and asymmetrical GARCH models. The MDCC-GARCH model was employed to understand the dynamics of conditional correlations between the leading indices. The results suggest that COVID-19 has increased return volatility for the majority of the sectors; however, the sectors weren’t affected in the same way. The DCC-GARCH model shows significant, high, positive correlations between the major and Small Cap indices, suggesting insignificant diversification benefits during the pandemic. The alternative exchange (ALTX) was found to have declining correlations with the main sectors, indicating an increase in diversification benefits offered by the ALTX following the pandemic shock.",4,Asian Economic and Financial Review,,True,10.55493/5002.v12i7.4533
Has the COVID-19 Pandemic Led to a Switch in the Volatility of Biopharmaceutical Companies?,A. Davidescu; E. Manta; Oana Mihaela Vacaru (Boita); M. Gruiescu; R. Hapau; Paul Baranga,2023,stock market covid GARCH,Yes,"Biopharmaceutical companies are critical in developing vaccines, treatments, and diagnostics for COVID-19. Thus, understanding the contagion effects of their stock market can have important economic implications, especially in the context of global financial markets. Due to the COVID-19 pandemic, biopharmaceutical companies’ stock markets may have experienced sudden volatility and risk changes, which may have had spillover effects on other sectors and markets. Policymakers can take pre-emptive measures to stabilize financial markets. Analyzing the contagion effects makes it even more relevant to analyze the stock market response of four leading pharmaceutical companies that either developed vaccines against COVID-19 or drugs that help to fight the virus, namely, Pfizer, AbbVie Inc., Sanofi, and Bristol Myers Squibb. The analysis considers two periods, before and during the COVID-19 crisis, and considers the influence of the market volatility and technological market index. In order to capture the contagion effects, DCC-GARCH models have been applied, which estimate time-varying correlation coefficients using a multivariate GARCH framework, allowing for the modeling of time-varying volatility and correlations in financial returns. The results reveal the impact of market volatility on the returns of all four pharmaceutical companies. Additionally, a contagion effect between all four companies, the technological market, and market volatility was observed during the COVID-19 period.",4,Mathematics,JournalArticle,True,10.3390/math11143116
"Dynamic Equal Co-movements Measurement for Volatility of Returns in Financial Markets: Evidence from the US, China, and Some Arab Countries Using the DECO-GARCH Model",W. H. Ali Al-Anezi; A. Y. A. Al‑Joaani; Abdulrazaq Shabeeb; Faisal Ghazi Faisal,2025,stock market covid GARCH,Yes,"The research aims to use the Dynamic Equality Condition Correlation (DECO-GARCH) model to test the general movements and conditional relationships regarding the return on investment in a financial market. This is distinguished from other models, particularly from the DCC model, as it is based on calculating the pairwise correlations of assets (joint return volatilities) at one time for all assets, while relying on the history of those assets. This study focused on the returns of US stock market indices, the Chinese stock market index, and financial markets in some Middle Eastern countries, (S&P 500, DJI, NASDAQ Composite, Shanghai Composite, Saudi General, Dubai General, Bahrain General, Amman General, Iraq Stock Exchange). We conduct this research on the grounds of understanding the impact of financial crises on asset returns in these markets, the interconnections that govern them, and the extent to which investors can hedge their investments in these markets. The results have revealed significant and varying correlations between these indices, with increased equal relationships observed in 2015–2016 and 2020–2021, which corresponding to the dates of the European debt crisis, the collapse of the Chinese stock market, and the COVID-19 pandemic. Overall, there was noticeable fluctuation in the conditional dynamic equality among the studied indices during the study period, thus supporting the hypothesis of contagion effects and emphasizing the importance of considering the evolving nature of relationships between these indices when making asset allocation decisions.",4,Ekonomika,JournalArticle,False,10.15388/ekon.2025.104.3.2
Forecasting Stock Market Realized Volatility using Random Forest and Artificial Neural Network in South Africa,L. Diane; Pradeep Brijlal,2024,stock market covid GARCH,Yes,"Volatility is often used as a key input into several financial models, yet there is still no consensus on the best-performing model in forecasting stock market returns volatility. Conventional time series models such as GARCH are the preferred models in the literature. However, this project aims to first adopt two novel non-linear machine learning algorithms, namely the Random Forest and Artificial Neural Network (ANN). The project then compares the performance of these two models in predicting stock market realized volatility for the JSE Basic Material Index (JBIND) and the JSE Financials Index (JFIN) over a period of five years. Based on the results of the project, the Random Forest model outperformed the ANN model for both the JFIN and JBIND index. Lastly, the COVID effect on the model’s performance was also considered and the results show that the negative impact of COVID on the model’s performance is ambiguous.",4,International Journal of Economics and Financial Issues,JournalArticle,True,10.32479/ijefi.15431
How Volatility and Herding of the Stock Markets in the Oceania Region Influence Investors and Policymakers: A Sector-Wise Exploration in Pre and Post-COVID Period,Swarnil Roy; Sk. Riad Arefin; Avijit Mallik,2022,stock market covid GARCH,Yes,"The paper probes the sector-wise presence of volatility persistence, herding behavior and corresponding implications on investors and policymakers in the Oceania region both in Pre-COVID & Post-COVID era. The inspection is based on seven identical sectors from both Australia and New Zealand using GARCH (Generalized autoregressive conditional heteroscedasticity) methods for volatility analysis and CSAD (Cross-Sectional Absolute Deviation) method for herding behavior. This paper finds the existence of herding behavior only in the consumer discretionary sector for both countries which delineates efficient market conditions for other sectors. The market is highly favorable for the investors in Food & Beverages, IT, and Healthcare sectors in both countries due to the potential growth opportunity while Real Estate and Financial sectors should be meticulously assessed in line with the alteration of macroeconomic forces. Fiscal and monetary measures along with the influx of labor forces and technological breakthroughs should be the key concentrations for the policymakers of both countries.",4,International Journal of Economics and Finance,,True,10.5539/ijef.v15n1p24
Modelling Stock Market Volatility During the COVID-19 Pandemic: Evidence from BRICS Countries,K. Banumathy,2023,stock market covid GARCH,Yes,"The objective of the research paper is to identify the stock market volatility pattern of BRICS countries during the outbreak of the COVID-19 pandemic. The study is based on the time series data, which consists of the daily closing price of the BRICS countries' index for a two-year (pandemic) period from 1st January 2020 to 31st December 2021. Both the symmetric and asymmetric models of Generalized Autoregressive Conditional Heteroscedasticity (GARCH) have been employed in the study to investigate whether volatility changes over the pandemic period. The result of the GARCH-M (1,1) model evidenced the presence of a positive and insignificant risk premium. Based on the empirical work carried out using the market index of BRICS countries, it was found from EGARCH (1,1), and TGARCH (1,1) models that there exists a leverage effect in the countries, viz. Brazil, Russia, India, China and South Africa. Since the stock price during the pandemic period triggered the entire financial market, the investors, fund managers and portfolio managers should be more aware of the uncertainty and need to adjust their investments accordingly.",4,Managing Global Transitions,JournalArticle,True,10.26493/1854-6935.21.253-268
Modeling the returns volatility of Indonesian stock indices: The case of SRI-KEHATI and LQ45,Regi Muzio Ponziani,2022,market behavior pandemic data analysis,Yes,"The purpose of this research is to model the volatility of Stock Indices in Indonesian capital market. This research focuses on two stock indices namely SRI-KEHATI and LQ45. SRI_KEHATI is a stock index that consists of companies whose operations are sustainable and environmentally friendly. This stock index is also known as â€œgreen indexâ€ due to its environment and sustainability concern. This is the novelty of this research that fills in the gap in the literature in which not much known regarding this green index. As the comparison, LQ45 stock index was modeled. The data used in this model were daily returns data of both index. The research period extended from 2 January 2019 to 1 November 2021. The research employed four models i.e. ARCH (1), ARCH (2), GARCH (1,1) and GJR-GARCH (1,1) for both indices returns. The ARCH and GARCH model were employed to capture the conditional variance of the indices return, while GJR-GARCH was specifically chosen to investigate whether there exists asymmetric effect in which return reacts more to bad news than good news. Akaike Information Criterion (AIC) and Schwarz Information Criterion (SIC) were chosen as the parameters for choosing the best models. Data analysis showed that GJR-GARCH was the best model for modeling the returns volatility of SRI-KEHATI and LQ45. This model was able to capture the essential property of asymmetric effect present in both models. The second best model was ARCH (2). Apparently, returns variance of Indonesian stock indices are affected more by lagged residuals. The limitation of this research lies in its research period that covered both pre-pandemic and post-pandemic period. Stock market behavior might be very different between these two periods. Future research may endeavor to investigate how the volatility of stock differs between pre-pandemic and post-pandemic period.",4,Jurnal Ekonomi Modernisasi,,True,10.21067/jem.v18i1.6411
Examining contagion effects between global crude oil prices and the Southeast Asian stock markets during the COVID-19 pandemic,Mien Thi Ngoc Nguyen,2023,stock market covid GARCH,Yes,"Many previous studies identify the contagion effect among various types of assets, defined as the increase in correlation of these assets during a financial or economic crisis. During the COVID-19 outbreak, a historic fall in global fuel demand and oil prices has been witnessed. Because crude oil has a strategic position among the export products of the Southeast Asian economies, even a tiny global oil price change leads to a plunge in these stock markets. This study addresses the spillovers of the volatility between the West Texas Intermediate crude oil prices and stock indices across six ASEAN emerging economies. Besides, the study examines whether a contagion connecting the global energy prices and these stock markets exists during the coronavirus pandemic. The empirical results are acquired by applying the Bayesian test for equality of means on the dynamic conditional correlations computed from DCC-GARCH models. The findings present positive volatility transmission from crude oil prices toward these emerging equity markets. During the health crisis, co-movements intensify, indicating the occurrence of contagion effects. The empirical results provide valid implications for policymakers and international investors because a precise volatility forecast is vital for managing portfolio risk.
AcknowledgmentThis research is funded by University of Economics Ho Chi Minh City, Vietnam.",4,Investment Management and Financial Innovations,,True,10.21511/imfi.20(1).2023.08
"The Relationship between the Gold Price, Crude Oil Price, Exchange Rate and Chinese Stock Market Indexes",J. Cui,2023,stock market covid GARCH,Yes,"One of the trickiest problems for investors is how the financial and commodity markets interact with each other. The volatility in one market might affect the price of the other market. This essay aims to clarify the relationship between gold, crude oil, exchange rates, and Chinese stock market indices. In order to do this, the Shanghai Stock Exchange Index and the China Industrial Index, two indices that reflect the Chinese financial market, were subjected to the DCC-GARCH model (Generalized Autoregressive Conditional Heteroskedasticity Model). By capturing the dynamic correlations of the time series' variance, covariance, and correlation coefficient, this model aids in illuminating the long-run dynamic correlation between returns. The findings show that gold and crude oil are positively correlated with both the Shanghai Stock Exchange Index and the China Industrial Index, while the correlations between the USD CNY exchange rate and the two Chinese stock indices are negatively correlated, using monthly data from 2000-01-03 to 2022-08-30. This paper shows that stock prices in China are weakly linked to international commodity markets and exchange rate with the US. Additionally, throughout the observation period, financial crisis (2008) and the COVID-19 pandemic breakout (2020) enhanced comovement between the Chinese stock market, commodities, and exchange rate in general.",4,"Highlights in Business, Economics and Management",JournalArticle,True,10.54097/hbem.v10i.8037
Analisis Perbandingan Risiko Volatilitas Indeks Harga Saham Syariah dan Konvensional (Jakarta Islamic Indeks dan Indeks LQ45),Nur Aisyah Indarningsih; Hasbi,2022,stock market covid GARCH,Yes,"



ABSTRAK
Pada pasar modal, salah satu produk keuangan yang rutin ditransaksikan adalah saham. Ada dua jenis pasar keuangan yang berbeda: yang berdasarkan hukum syariah dan yang berdasarkan prinsip pasar konvensional. Masing-masing memiliki jenis penawaran sekuritas yang berbeda dan tingkat risiko yang diterima dapat berbeda. Pasar saham memiliki sejumlah bahaya, salah satunya volatilitas yang mengacu pada fakta bahwa harga dapat naik dan turun. Penelitian ini dilakukan dengan tujuan untuk membandingkan tingkat risiko yang terkait dengan indikasi harga syariah dan konvensional yang diperdagangkan di Bursa Efek Indonesia. Setelah itu digunakan model ARMA/ARIMA, dan setelah itu dilanjutkan dengan model volatilitas ARCH/GARCH. Kedua model ini digunakan untuk menentukan volatilitas dan membandingkannya. Jakarta Islamic Index (JII) dan indeks LQ45 digunakan untuk mengumpulkan data, yang mencakup periode waktu dari 1 Januari 2012 hingga 27 Mei 2022. Hasil penelitian yaitu pasar modal syariah relatif lebih tahan terhadap krisis jika dibandingkan dengan pasar modal konvensional, maka hasil penelitian menunjukkan bahwa risiko volatilitas indeks harga saham syariah lebih rendah daripada risiko volatilitas indeks harga saham konvensional. Alasannya ditunjukkan oleh fakta bahwa risiko volatilitas indeks harga saham syariah lebih rendah. Pasar modal syariah menyediakan media investasi yang lebih aman bagi mereka yang ingin menghindari dampak krisis. Wawasan ini dapat menjadi referensi bagi investor saat memilih indeks saham untuk diikuti.
Kata Kunci: Jakarta Islamic Indeks, Indeks LQ45, Volatilitas, Pasar Modal Syariah dan Konvensional, GARCH.
 




ABSTRACT
In the capital market, one of the financial products that are routinely traded is shares. There are two distinct types of financial markets: those based on sharia law and those based on conventional market principles. Each has a different type of security offering and the level of risk accepted may differ. The stock market has a number of dangers, one of which is volatility which refers to the fact that prices can go up and down. This study was conducted with the aim of comparing the level of risk associated with Islamic and conventional price indications traded on the Indonesia Stock Exchange. After that, the ARMA/ARIMA model is used, and after that it is continued with the ARCH/GARCH volatility model. These two models are used to determine volatility and compare them. The Jakarta Islamic Index (JII) and the LQ45 index were used to collect data, covering the time period from January 1, 2012 to May 27, 2022. The results of the study show that the Islamic capital market is relatively more resilient to crises when compared to the conventional capital market. the risk of volatility of the Islamic stock price index is lower than the risk of volatility of the conventional stock price index. The reason is shown by the fact that the volatility risk of Islamic stock price index is lower. The Islamic capital market provides a safer investment medium for those who wish to avoid the impact of the crisis. This insight can be a reference for investors when choosing a stock index to follow.
Keywords: Jakarta Islamic Index, LQ45 Index, Volatility, Islamic and Conventional Capital Markets, GARCH.
 
DAFTAR PUSTAKA
Arif, M. N. R. A. (2015). Pengantar ekonomi syariah teori dan praktek. Bandung: CV. Pustaka Setia.
Arifin, S., & Qizam, I. (2021). Quantitative sharia-screening effect on portfolio performance and volatility: Evidence from Indonesia. Global Review of Islamic Economics and Business, 9(1), 43-63. https://doi.org/10.14421/grieb.2021.091-04
Azakia, K., Supandi, A. F., Ramadhani, K., & Dani, F. U. (2020). Risiko, return investasi dan kinerja saham (Studi perbandingan volatilitas harga saham syariah dan konvensional dengan menggunakan model garch). At-Taradhi: Jurnal Studi Ekonomi, 11(2), 135. https://doi.org/10.18592/at-taradhi.v11i2.3932
Binangkit, I. D., & Savitri, E. (2016). Analisis perbandingan kinerja saham-saham syariah dan saham-saham konvensional pada portofolio optimal dengan pendekatan single index model (Studi kasus pada bursa efek Indonesia tahun 2013-2015).  Jurnal Tepak Manajemen Bisnis, 8(3), 1-16.
Cahyani, R., & Fajar, M. A. (2020). Analisis perbandingan return dan risk pada saham syariah dan saham konvensional. Jurnal Akuntansi, 9(2), 204–217. https://doi.org/10.37932/ja.v9i2.146
Chaidir, M., Iqbal, I., & Razak, S. A. (2019). Etika Investasi Syariah. Jounal of Islamic Economics, 1(1), 1-15.
Febrianti, S. (2018). Analisis perbandingan kinerja indeks saham syariah dengan indeks saham konvensional periode 2015-2017 (Studi kasus pada JII dan LQ45). Proceeding SENDI_U, 546-551.
Egam, G. E. Y., Ilat, V., & Pangerapan, S. (2017). Pengaruh return on asset (ROA), return on equity (ROE), net profit margin (NPM), dan earning per share (EPS) terhadap harga saham perusahaan yang tergabung dalam indeks lq45 di bursa efek Indonesia periode tahun 2013-2015. Jurnal EMBA: Jurnal Riset Ekonomi, Manajemen, Bisnis dan Akuntansi, 5(1), 105-114. https://doi.org/10.35794/emba.5.1.2017.15455
Gumanti, T. A. (2011). Manajemen investasi: Konsep, teori dan aplikasi. Jakarta : Mitra Wacana Media
Huda, N., & Nasution, M. E. (2008). Investasi pada pasar modal syariah. Jakarta: Kencana.
Sutapa, I. N. (2018). Pengaruh rasio dan kinerja keuangan terhadap harga saham pada indeks lq45 di bursa efek Indonesia (BEI) periode 2015-2016. Krisna: Kumpulan Riset Akuntansi, 9(2), 11-19. https://doi.org/10.22225/kr.9.2.467.11-19
Juanda, B. (2021). Ekonometrika deret waktu: Teori dan aplikasi. Bogor: IPB Press.
Khaddafi, M., & Ferdiansyah, F. (2017). Analisis perbandingan return dan risk (Studi pada saham syariah dan saham konvensional lq45 periode (2012-2016). Jurnal Akuntansi Dan Keuangan, 5(1), 33-37. https://doi.org/10.29103/jak.v5i1.1811
Kurniawan, D. R., & Asandimitra, N. (2014). Analisis perbandingan kinerja indeks saham syariah dan kinerja indeks saham konvensional. Jurnal Ilmu Manajemen, 2(4), 1354-1366.
Makkulau, A. R., & Yuana, I. (2021). Penerapan analisa fundamental dan technical analysis sebagai upaya dalam meningkatkan keinginan investasi mahasiswa di pasar modal syariah. YUME: Journal of Management, 4(3), 165–180. https://doi.org/10.37531/yume.vxix.432
Mukmin, A., & Firmansyah, F. (2020). Analisis perbandingan volatilitas indeks harga saham IHSG dan JII. Jurnal Ekonomi Dan Perbankan Syariah, 3(1), 69–84. https://doi.org/10.46899/jeps.v3i1.155
Nanang, A. U. (2016). Faktor-faktor yang mempengaruhi nilai perusahaan pada perusahaan indeks lq45 di bursa efek Indonesia. Dinamika Akuntansi, Keuangan Dan Perbankan, 5(1), 82–94. https://www.unisbank.ac.id/ojs/index.php/fe9/article/view/5573
Purbawati, N. L. K., & Dana, I. M. (2016). Perbandingan volatilitas indeks harga saham gabungan (IHSG) sebelum dan setelah krisis subprime mortgage. E-Jurnal Manajemen Universitas Udayana, 5(2), 1014-1042.
Purbowisanti, R. (2020). Forecasting volatilitas reksa dana campuran dengan Arch dan Garch. At-Tijaroh: Jurnal Ilmu Manajemen dan Bisnis Islam, 6(2), 132–146. https://doi.org/10.24952/tijaroh.v6i2.2344
Putry, G., Sugema, I., & Lubis, D. (2014). Analisis Perbandingan Excess Return Jakarta Islamic Index dan Indeks Harga Saham Gabungan. Al-Muzara'ah, 2(2), 121–134. https://doi.org/10.29244/jam.2.2.121-134
Supriati, N. P. A., & Wiagustini, N. L. P. (2019). Pengaruh volume perdagangan terhadap volatilitas (Studi pada bursa efek Indonesia dan New York Stock Exchange). 8(4), 2438–2465. https://doi.org/10.24843/EJMUNUD.2019.v8.i4.p20
Qudratullah, M. F. (2022). Analisis kinerja saham syariah Indonesia dan Malaysia Periode 2011-2018. Jurnal Ilmiah Ekonomi Islam, 8(1), 171–179. http://dx.doi.org/10.29040/jiei.v8i1.4391
Rahmiyanti, D., & Fianto, B. A. (2019). Pengaruh variabel makroekonomi dan indeks saham internasional terhadap indeks saham Jakarta Islamic index (JII). Jurnal Ekonomi Syariah Teori Dan Terapan, 6(12), 2381-2392. https://doi.org/10.20473/vol6iss201912pp2381-2392
Setiawan, B. (2017). Perbandingan kinerja pasar modal syariah dan konvensional: Suatu kajian empiris pada pasar modal Indonesia. Jurnal Ilmiah Ekonomi Global Masa Kini, 8(1), 35–40. http://dx.doi.org/10.36982/jiegmk.v8i1.234
Sholihah, A., & Asandimitra, N. (2017). Perbandingan kinerja indeks saham syariah dengan indeks konvensional periode 2011-2016 (Studi kasus pada ISSI dan IHSG). Jurnal Ilmu Manajemen (JIM), 5(3), 1–9.
Tandelilin, E. (2010). Portofolio dan investasi teori dan aplikasi. Yogyakarta: Kanisius.
Tendean, Y. P. J., Saerang, I. S., & Tulung, J. E. (2019). Analisis perbandingan risiko saham jakarta islamic index dan indeks lq45 di bursa efek Indonesia. Jurnal EMBA: Jurnal Riset Ekonomi, Manajemen, Bisnis dan Akuntansi, 7(6), 3239–3248. https://doi.org/10.35794/emba.v7i3.24206
Widarjono, A. (2013). Ekonometrika pengantar dan aplikasi disertai panduan eviews. Yogyakarta: UPP STIM YKPN.
Widodo, P., & Suryanto, D. (2021). Pengujian terhadap volatilitas return indeks saham konvensional dengan indeks saham syariah sebelum dan semasa covid 19. Jurnal Sosial Humaniora Terapan, 4(1), 55-66. https://doi.org/10.7454/jsht.v4i1.181
Winarno, W. W. (2017). Analisis ekonometrika dan statistik dengan eviews. Yogyakarta: UPP STIM YKPN.




 ",4,Jurnal Ekonomi Syariah Teori dan Terapan,Review,True,10.20473/vol9iss20225pp694-709
COVID-19 crisis and stock market volatility in Nigeria,C. Onuorah Anastasia; C. Ehiedu Victor; Okoh Ezekiel,2022,stock market covid GARCH,Yes,"The economic downturns locally and internationally due to the COVID-19 crisis were the main motivation for this study. However, rather than broadly examining economic indices, this paper focused on the reaction of the Nigerian stock market in terms of volatility to the crisis. The specific objectives of the study were to identify differences in market performance due to the COVID crisis, determine volatility persistence and ascertain the leverage effects of the news on stocks on the stock exchange floor. Adopting an ex-post facto research design, monthly time-series All-Share Index data were analyzed using descriptive statistics, GARCH(1,1), and EGARCH models. It was found that volatility existed in the market during the COVID-19 crisis however volatility persistence was low. EGARCH results showed asymmetric parameters did not exist revealing the form of leverage effect COVID-19 posed to the market. The market thus had identical responses to both bad and good news of COVID-19 announcements of the same magnitude. It was recommended that regulatory authorities and policymakers be proactive in their approach to forecasting market performance to reduce the negative effects of bad news on market indices.",4,"International research journal of management, IT and social sciences",,True,10.21744/irjmis.v9n3.2081
Does Bitcoin Provide a Hedge to Islamic Stock Markets During and Post-COVID-19 Outbreak? Evidence From Asia Based on a Multivariate-GARCH Approach,Siok Jin Lim; and K. G. Neoh,2023,stock market covid GARCH,Yes,"This paper applies the DCC-MGARCH model to investigate the role of Bitcoin as a hedge for Islamic stocks in Asia during the COVID-19 pandemic. Despite being a highly volatile cryptocurrency, evidence of low dynamic correlation between Bitcoin and Islamic stocks is confirmed across the Asian region. We find that Bitcoin’s diversification benefits improve towards the later stages of the pandemic when countries were transitioning to an endemic phase.",3,Asian Economics Letters,,True,10.46557/001c.70287
A Decade of Stock Data: Predictive Modelling with Hybrid CNN-BiLSTM Technique,Neha Solanki; Manoj Jha,2024,stock market covid GARCH,Yes,"Predicting financial market trends presents a significant challenge because of nonlinear as well as time-dependent behaviour of financial data, affected by numerous dynamic factors. Traditional prediction methods, such as ARIMA and GARCH, Commonly grapple with the non-stationary characteristics of financial time series. This work suggests a novel stock price prediction model utilizing a hybrid Convolutional Neural Network and Bidirectional Long Short-Term Memory (CNN-BiLSTM) architecture to address these complexities. Proposed model trained wiht a dataset including stock price data gathered from a selection of 25 companies traded on the national stock exchange of india (NSEI) over a 10-year period, from January 1, 2014, to January 1, 2024, sourced from Yahoo Finance. Notably, this period includes the COVID-19 crisis, during which the stock market experienced significant volatility and downturns. By incorporating technical indicators as part of feature engineering, the model enhances its predictive power, demonstrating robustness in adverse market conditions. By combining CNN ability to capture spatial features with BiLSTM strength in modelling temporal dependencies, the proposed model significantly improves prediction accuracy, achieving an accuracy rate of 97.021%. Also, the proposed model compared with traditional CNN, LSTM, and benchmark model in terms of sharp ratio, Maximum Drawdown, etc.",3,2024 IEEE Silchar Subsection Conference (SILCON 2024),Conference,False,10.1109/SILCON63976.2024.10910869
Behavioural explanations of Expectile VaR forecasting and dynamic hedging strategies for downside risk during the COVID‐19 pandemic: Insights from financial markets,Yousra Trichilli; Sahbi Gaadane; Mouna Boujelbène Abbes; A. Masmoudi,2023,stock market covid GARCH,Yes,"In this paper, we investigate the influence of confirmation bias on Expectile Value at Risk (EVaR) forecasting among fundamentalist, optimistic, and pessimistic investors in cryptocurrency, commodity, and stock markets before and during the COVID‐19 pandemic. Utilizing the DCC‐range GARCH model, we also explore the conditional minimum downside risk hedge ratios. Our findings demonstrate that confirmation bias leads to excessive EVaR for financial market returns, regardless of the period being before or during COVID‐19. Moreover, fundamentalists' expectations in all markets remain constant, while without confirmation bias, optimists' and pessimists' expectations tend to converge to zero over time but diverge significantly during turbulent periods. When confirmation bias is present, the average distance between these expectations widens. Analysing the hedge ratio results, with or without confirmation bias, also unveils the conditional minimum downside risk hedge ratios. These ratios indicate the optimal proportions for hedging downside risk in each financial market during different periods. We find that the conditional minimum downside risk hedge ratios are generally lower (higher) during the pre‐COVID‐19 (COVID‐19) period, implying that hedging costs are higher during the COVID‐19 period. These insightful findings offer valuable insights for traders and regulators in identifying and understanding the risk conditions of cryptocurrency, commodity, and stock markets. Additionally, the analysis of conditional minimum downside risk hedge ratios provides investors with essential information on how to strategically position their portfolios to mitigate and manage risk during both tranquil and turbulent market conditions, with and without confirmation bias.",3,International Journal of Finance &amp; Economics,JournalArticle,False,10.1002/ijfe.2902
METODE ARCH/GARCH UNTUK MEMPREDIKSI HUBUNGAN ECONOMIC UNCERTAINTY AKIBAT PANDEMI COVID 19 DAN VOLATILITAS SAHAM,S. Sumiyati; Boy Dian Anugra Arisandi; Panggio Restu Wilujeng,2022,stock market covid GARCH,Yes,"The capital markets of the United States and Indonesia experienced stock market crashes in which stock prices fell sharply and several stock indexes were forced to close prematurely. This study aims to determine the effect of economic uncertainty on the market reaction when the COVID-19 outbreak hit Indonesia. This research is a quantitative research with an event study approach. The time period starts from February to March 2020. The data is time series obtained from  www.policyuncertainty.com to calculate the Economic Policy Uncertainty (EPU) Index as a measure of the economic uncertainty variable. Meanwhile, stock returns used the closing stock prices of JCI from February to March 2020 to measure volatility. The data were processed using the Unit Root Test- Augmented Dickey-Fuller to test the stationary and the ARCH/GARCH method to test the effect of the variable. The results show that EPU has no effect on stock volatility in Indonesia in the short term, but has an effect in the long term. This research contributes to the development of the event study literature in the behavior of investors in the capital market as a result of unpredictable events. As well as responses to policies formulated by stakeholders to address future economic uncertainties..",3,Jurnal Bisnis dan Akuntansi,,True,10.34208/jba.v24i1.1152
Comparative analysis of volatility forecasting for healthcare stock indices amid public health crises: a study based on the Bayes-CNN model,Yanguo Li; Ruitao Gu; Dezhi Zhao,2024,stock market covid GARCH,Yes,"In recent years, public health events have significantly impacted various aspects of human production and daily life, particularly in the domains of disease transmission and economic stability. While many scholars have primarily focused on the influence of public health events from the perspective of disease prevention and control, research examining their economic implications, especially regarding public health indices in the securities market, remains relatively scarce. Such studies are crucial for ensuring public health safety and stability. This paper employs the Bayesian Convolutional Neural Network (Bayes-CNN) model to predict financial market volatility influenced by public health events and conducts a comparative analysis. To validate the feasibility of this method, the model is used to analyze the impact of the COVID-19 pandemic on the CSI (China Securities Index) Medical Service Index. The results indicate significant differences in the volatility of the CSI Medical Service Index before and after the outbreak, particularly during the pandemic period. This study also enhances the validity and reliability of its conclusions by incorporating European data and employing the GARCH model. Relevant institutions and individual investors should adopt different regulatory and investment strategies based on the specifics of various public health events to prevent the outbreak of systemic financial risks that could affect social stability. This paper offers a new perspective and methodology for predicting financial market volatility under the influence of public health events, providing valuable insights for investors and decision-makers to better understand and respond to the potential impacts of such events on financial markets.",3,Frontiers in Public Health,Study; JournalArticle,False,10.3389/fpubh.2024.1476196
Spillovers across the Asian OPEC+ Financial Market,Darko B. Vuković; Senanu Dekpo-Adza; Vladislav Khmelnitskiy; Mustafa Özer,2023,stock market covid GARCH,Yes,"This research utilizes the Diebold and Yilmaz spillover model to examine the correlation between geopolitical events, natural disasters, and oil stock returns in Asian OPEC+ member countries. The study extends prior research by investigating the dynamics of the Asian OPEC+ oil market in light of recent exogenous events. The analysis commences by creating a self-generated Asian OPEC+ index, which demonstrates significant volatility, as indicated by GARCH (1, 1) model estimation. The results obtained from the Diebold and Yilmaz spillover test indicate that, on average, there is a moderate degree of connectedness among the variables. However, in the event of global-level shocks or shocks specifically affecting Asian OPEC+ countries, a heightened level of connectedness is found. Prominent instances of spillover events observed in the volatility analysis conducted during the previous decade include the COVID-19 pandemic, the conflict between Russia and Ukraine, and the Turkey earthquake of 2023. Based on the facts, it is recommended that investors take into account the potential risks linked to regions that are susceptible to natural calamities and geopolitical occurrences while devising their portfolios for oil stocks. The results further highlight the significance of integrating these aspects into investors’ decision-making procedures and stress the need for risk management tactics that consider geopolitical risks and natural disasters in the oil equity market.",3,Mathematics,JournalArticle,True,10.3390/math11184005
The contagion effect of COVID-19 on stock markets,K. Wang,2022,stock market covid GARCH,Yes,"Abstract This article uses the global cases of COVID-19 and nine types of Morgan Stanley Capital International (MCSI) stock indexes to test the contagion effect and the impact duration of COVID-19 on the stock market between Jan 23 – Apr 14, 2020. It uses the bivariate dynamic conditional correlation generalized autoregressive conditional heteroskedasticity (DCC-GARCH) model to estimate the DCC coefficient and uses the forward forecasting test on the DCC to test the contagion effect. The empirical results show that COVID-19 has a continuous contagion effect on the ASEAN, emerging, Far-East, European with Middle Eastern, and Nordic markets, and no contagion effect on the World Index, developed, and North American markets. However, the contagion effect disappears after March 12–23.",3,Journal of Statistics and Management Systems,,False,10.1080/09720510.2021.1972621
VOLATILITY SPILLOVER EFFECTS BETWEEN STOCK MARKETS DURING THE CRISIS PERIODS: DIAGONAL BEKK APPROACH,Nehir Balcı Yıldız,2024,stock market covid GARCH,Yes,"A rise in the yield of financial market assets could lead to variations in the returns of other assets over time due to arbitrage conditions. Consequently, this phenomenon may trigger spillover effects or cointegration among the volatilities of assets within financial markets. The aim of this study is to investigate spillover effects among American, European, Russian, and Turkish stock markets during the COVID-19 pandemic and the Russia-Ukraine war. Employing the diagonal BEKK-GARCH model from 2020 to 2023, the volatility transmissions within stock returns is examined. The results reveal significant GARCH effects alongside modest ARCH effects. Notably, during the COVID-19 period, the European market exerted the most significant influence on other markets, whereas during the war period, the US market dominated, and Turkish markets displaying the least impact for two periods. Furthermore, the findings indicate that the lagged cross-volatility persistence is lower during the Russia-Ukraine war period compared to the COVID-19 period.",3,Pamukkale University Journal of Social Sciences Institute,JournalArticle,False,10.30794/pausbed.1462608
The Impact of Financial Stress on New Energy Vehicles Industry from Cross-correlation to Explainable Machine Learning: Proof from China,Xingyue Gong; Guozhu Jia,2024,stock market volatility covid machine learning,No,,3,Computational Economics,JournalArticle,False,10.1007/s10614-024-10688-0
Covid-19: The Newest Black Swan Crisis and Its Effect toward Banking Stocks,Nibras Anny Khabibah; Faqiatul Mariya Waharini,2022,market behavior pandemic data analysis,Yes,"Abstract. The outbreak of Covid-19 has changed the condition of stock markets around the world, including Indonesia. The bad news regarding this latest pandemic is forming negative sentiment in the market. Banking companies are one of the industries that have been shaken by the virus. The decline in performance and losses that occurred in many companies due to Covid-19 increased the risk of bad bank loans. This study aims to identify the effect of Covid-19 on the reaction of the banking market in Indonesia. Here, the market reaction is measured by changes in stock prices and stock trading volumes before and after the presidential announcement regarding the Covid-19 case. This study uses the efficient market hypothesis and signal theory to explain the reaction. Data analysis was tested using the Wilcoxon Signed Rank Test. The results showed that there was a change in the price of banking shares and trading volume of banking shares after the entry of Covid-19 in Indonesia.",3,Jurnal Riset Akuntansi dan Keuangan,JournalArticle,False,10.17509/jrak.v10i2.45091
Efficacy of GARCH-EVT Model in Intraday Risk Management: Evidence from Severely Pandemic-affected Countries,A. Roy,2022,stock market covid GARCH,Yes,"Countries around the world have experienced severe-to-moderate economic restrictions during the first two waves of COVID-19 pandemic. The present article captures the time frame of this unprecedented turmoil to test the efficacy of the conditional extreme value theory (EVT) model to forecast value at risk (VaR) and expected shortfall (ES). The article considers the eight most-affected countries and applies the generalized autoregressive conditional heteroskedasticity (GARCH) process in appropriate GARCH-EVT models assuming Student’s t distribution to accommodate the fat-tailed behaviour of financial return series. The study confirms that our model is substantially superior in forecasting intraday VaR and ES in comparison to other conditional EVT models with a classical assumption of normal distribution as well as an unconditional EVT model. Contrary to more commonly used 5-minute-frequency data in intraday risk management, we use hourly data, which is much less researched in the context of stock market volatility forecasting. Moreover, our study adds to the reliability of conditional EVT models because of its accuracy in predicting intraday risk during extreme economic uncertainty in severely pandemic-hit countries.",3,Global Business Review,,False,10.1177/09721509221104848
The risk transmission from the COVID-19 to MENA stock markets: what is the best safe haven asset during the pandemic?,Walid Chkili,2024,stock market covid GARCH,Yes,"PurposeThis paper investigates potential safe haven assets for Middle East and North Africa (MENA) stock markets during the uncertainty period of the COVID-19 pandemic.Design/methodology/approachThis study applies the dynamic conditional correlation–generalized autoregressive conditionally heteroskedastic (DCC-GARCH) model and the Diebold–Yilmaz spillover index for ten MENA stock markets, three precious metals and Bitcoin for the period 2013–2021.FindingsEmpirical results show, on the one hand, that the COVID-19 crisis risk has been transmitted to MENA stock markets through volatility spillover across markets. This has increased the conditional volatility for all markets. On the other hand, findings point out that the dynamic correlation between the precious metals/Bitcoin and stock markets is not stable and switches between low positive and negative values during the period under studies. Extending analysis to portfolio management, results reveal that investors should include precious metals/Bitcoin in their portfolio of stocks in order to reduce the risk of the portfolio. Finally, for the period of COVID-19, the analysis concludes that gold preserves its traditional role as a safe haven for MENA stock markets during the pandemic, while Bitcoin fails to provide this property.Practical implicationsThese results have several implications for international investors, risk managers and financial analysts in terms of portfolio diversifications and hedging strategies. Indeed, the exploration of the volatility connectedness between financial, commodity and cryptocurrency markets becomes an essential task for all market participants during the COVID-19 outbreak. Such analysis can help investors and portfolio managers to evaluate the risk of investments in the MENA stock markets during the crisis period and to achieve the optimal diversification strategy and hedging instruments.Originality/valueThe paper interests MENA stock markets that experienced the last decade a substantial development in terms of market capitalization and number of listed firms. To the author’s knowledge, this is the first study that investigates the dynamic correlation between MENA stock markets and four potential safe haven assets, including three precious metals and Bitcoin. In addition, the paper employs two types of models, namely the DCC-GARCH model and the Diebold-Yilmaz spillover index.",3,EuroMed Journal of Business,JournalArticle,False,10.1108/emjb-11-2023-0307
"COVID-19 and Uncertainty Effects on Tunisian Stock Market Volatility: Insights from GJR-GARCH, Wavelet Coherence, and ARDL",Emna Trabelsi,2024,stock market covid GARCH,Yes,"This study rigorously investigates the impact of COVID-19 on Tunisian stock market volatility. The investigation spans from January 2020 to December 2022, employing a GJR-GARCH model, bias-corrected wavelet analysis, and an ARDL approach. Specific variables related to health measures and government interventions are incorporated. The findings highlight that confirmed and death cases contribute significantly to the escalation in TUNINDEX volatility when using both the conditional variance and the realized volatility. Interestingly, aggregate indices related to government interventions exhibit substantial impacts on the realized volatility, indicating a relative resilience of the Tunisian stock market amidst the challenges posed by COVID-19. However, the application of the bias-corrected wavelet analysis yields more subtle outcomes in terms of the correlations of both measures of volatility to the same metrics. Our econometric implications bear on the application of such a technique, as well as on the use of the realized volatility as an accurate measure of the “true” value of volatility. Nevertheless, the measures and actions undertaken by the authorities do not exclude fear and insecurity from investors due to another virus or any other crisis. The positive and long-term impact on the volatility of US equity market uncertainty, VIX, economic policy uncertainty (EPU), and the infectious disease EMV tracker (IDEMV) is obvious through the autoregressive distributed lag model (ARDL). A potential vulnerability of the Tunisian stock market to future shocks is not excluded. Government and stock market authorities should grapple with economic and financial fallout and always instill investor confidence. Importantly, our results put mechanisms such as overreaction to public news and (in)efficient use of information under test. Questioning the accuracy of announcements is then recommended.",3,Journal of Risk and Financial Management,JournalArticle,True,10.20944/preprints202402.0028.v1
VOLATILITY SPILLOVER AND PANDEMIC – ANALYSIS OF SELECTED SECTORAL INDICES IN INDIA,K. K. Riyazahmed,2022,stock market covid GARCH,Yes,"The COVID-19 pandemic has impacted economies worldwide, and it has been reflected in their stock markets, as well. The effect was evident in the Indian stock markets, yet the nature and level of this impact are not very clear. This paper examines the short- and long-term spillover in the volatility between coronavirus cases on the broader market index, Nifty 50, and the indices of selected sectors: information technology, healthcare, and pharmaceuticals. Data for the period from January 2020 to July 2022 has been analyzed. The Dynamic Conditional Correlation GARCH model was used for analyzing the volatility spillover of coronavirus cases on Nifty 50, Nifty IT, Nifty Healthcare, and Nifty Pharma. The results show that there has been a significant long-term volatility spillover of infections on the broader market index, Nifty 50. However, there is no long-term persistence of COVID-19 on the sectoral indices. Only Pharma and Healthcare have exhibited significant short-term persistence. All the indices were negatively correlated with case numbers. Even though the sectoral indices did not exhibit significant long-term volatility spillover, they were positively correlated with the broader market index, Nifty 50, which in turn showed the significant long-term persistence of COVID-19. The results of the study are useful to policymakers and investors to understand the level of market impact due to the pandemic.",3,Economic Thought journal,,True,10.56497/etj2267602
Forecasting BIST100 and NASDAQ Indices with Single and Hybrid Machine Learning Algorithms,Ozgur Cemile; Sarikovanlik Vedat,2022,stock market covid GARCH,Yes,"The aim of this paper is to investigate stock market return forecasting performance of single and the developed novel hybrid machine learning (ML) algorithms. Daily returns of BIST100 and NASDAQ indices are predicted by series specific GARCH and ARMA-GARCH as well as three different ML algorithms that are Random Forest, XGBoost and Artificial Neural Networks (ANN). New hybrid ML models incorporating forecasts of the traditional (ARMA-)GARCH and the three ML algorithms are developed. Accuracy of the out-of-sample predictions of the methods are reported both for the single and hybrid models including pre-COVID-19, post-COVID-19 and the full sample test periods. Moreover, a simple trading strategy is applied in order to assess the economic impact of employing a specific forecasting model. According to the obtained accuracy metrics and the results of the trading strategy, developed novel hybrid models suggest quite promising results compared to the forecasts of the other models, especially (ARMA-)GARCH. © 2022, Bucharest University of Economic Studies. All rights reserved.",3,ECONOMIC COMPUTATION AND ECONOMIC CYBERNETICS STUDIES AND RESEARCH,,True,10.24818/18423264/56.3.22.15
"Shock transmission from global financial stress, bitcoin sentiment indices, U.S. and euro financial market uncertainty toward the GCC stock volatility",Abdullah A. Aljughaiman; M. Tabash; S. Issa; A. Almulhim,2025,stock market covid GARCH,Yes,"Abstract Most prior studies explain cross-country volatility interconnectedness without accounting for exogenous global uncertainty factors that influence equity returns. This study is the first to explore how major global uncertainty indicators such as U.S. and European financial market uncertainty indices (CBOE volatility index (VIX), VSTOXX-50), Global Financial Stress Indices (FSI) and Bitcoin Sentiment Indices (BSI) transmit shocks to the conditional volatility of Gulf Cooperation Council (GCC) stock markets. Using a novel ‘Extended Joint’ time-varying parameter vector autoregression (TVP-VAR) connectedness framework, the analysis addresses rolling-window limitations, enhances robustness to outliers, accommodates structural shifts and explains the shock transmission mechanism for the overall investment horizon. To capture transitory (short-term) and enduring (long-term) shock transmission channels from global uncertainty indicators toward the GCC financial system, a frequency-domain TVP-VAR is also employed. Furthermore, for the portfolio optimization, we also employ the hedge ratio and optimal portfolio weight strategy based on the DCC-GARCH-t copulas. Findings reveal that the conditional volatility of equity markets in Oman, Qatar, Saudi Arabia and the UAE is more sensitive to shocks from global uncertainty indicators such as VIX, VSTOXX-50 and the FSI, while Bahrain’s market shows relatively lower exposure. Kuwait’s equity market volatility exhibits the highest long-term sensitivity to FSI, VIX and VSTOXX-50, whereas the UAE demonstrates the highest sustained exposure to VIX and VSTOXX-50. Results from the DCC-GARCH-t copula model indicate that in stable periods (pre-COVID-19), optimized portfolio allocations significantly improved diversification, reducing risk by up to 83%. However, during financial stress events like COVID-19, hedge ratio strategies provided more effective risk mitigation, with reductions ranging from 3% to 43%.",3,Cogent Business & Management,JournalArticle,False,10.1080/23311975.2025.2514811
The impact of COVID-19 stringency measures on emerging stock market stability: Does economic resilience matter?,Hind Lebdaoui; Ikrame Kiyadi; Fatima Zahra Bendriouch; Youssef Chetioui; Firdaous Lebdaoui; Zainab Alhayki,2024,stock market covid GARCH,Yes,"PurposeThe current research aims to investigate the impact of coronavirus 2019 (COVID-19) evolution, government stringency measures and economic resilience on stock market volatility in the Middle East and North African (MENA) emerging markets. Other macroeconomic factors were also taken into account.Design/methodology/approachBased on financial data from 10 selected MENA countries, we tested an integrated framework that has not yet been explored in prior research. The exponential generalized autoregressive conditional heteroskedasticity (E-GARCH) was adopted to analyze data from March 2020 to February 2022.FindingsOur research illustrates the direct and indirect effects of the virus outbreak on stock market stability and reports that economic resilience could alleviate the volatility shock. This finding is robust across the various proxies of economic resilience used in this study. We also argue that the negative impact of the pandemic on equity market variation gets more pronounced in countries with higher level of stringency scores.Practical implicationsPolicymakers ought to strengthen their economic structures and reinforce the economic governance at the national level to gain existing and potential investors’ trust and ensure lower stock market volatilities in times of crisis. Our study also recommends some key economic factors to consider while establishing efficient policies to tackle unexpected shocks and prevent financial meltdowns.Originality/valueOur findings add to the evolving literature on the reaction of economic and financial markets to the sanitary crisis, particularly in developing countries where research is still scarce. This study is the first of its kind to investigate the stock market reaction to stringency measures in the understudied MENA region.",3,Journal of Economic and Administrative Sciences,JournalArticle,False,10.1108/jeas-04-2023-0083
Research on Risk Contagion among Financial Submarkets in China Based on Complex Networks,Yuhua Xu; Yue Zhao; Mengna Liu; Chengrong Xie,2022,stock market covid GARCH,Yes,"As the COVID-19 outbreak has an impact on the global economy, there will be interest in how China’s financial markets function during the outbreak. To investigate the path of risk contagion in China’s financial sub-markets before and after the COVID-19 outbreak, we divided the 2016–2021 period into two phases. Based on the time of the COVID-19 outbreak, we divided the new stage of economic development into pre-epidemic and post-epidemic stages and employed the DCC-GARCH model to investigate the dynamic correlation coefficients among the financial sub-markets in China. Furthermore, we employed complex network theory and the minimum tree model to describe the risk contagion path between two-stage Chinese financial submarkets. Finally, we provided pertinent recommendations for investors and policymakers and conducted a brief discussion based on the findings of the research.",3,Entropy,JournalArticle,True,10.3390/e24081120
Stock Market Returns and Crude Oil Price Volatility: A Comparative Study Between Oil-Exporting and Oil-Importing Countries,Salman Almutawa; H. Hassan; Jayendira P. Sankar,2025,stock market covid GARCH,Yes,"This study employs a modern GARCH framework to conduct a comparative analysis of the volatility transmission between crude oil prices and a comprehensive set of financial assets, including sectoral equities, precious metals, and cryptocurrencies, across oil-exporting and oil-importing countries. Our central finding reveals a stark pre-pandemic dichotomy: before COVID-19, oil price volatility exhibited a significant positive correlation with nearly all sectoral stock returns in oil-exporting countries (the United States and Canada), reflecting a systemic, demand-driven linkage. In contrast, this relationship was largely insignificant in oil-importing countries (the United Kingdom, France, and Japan), with the exception of the energy sector. The COVID-19 crisis temporarily erased this fundamental distinction, as sectoral stock markets in both country groups moved in significant positive correlation with oil, driven by the synchronized global demand shock. This transition underscores that the oil–equity relationship is structurally determined by a country’s net oil trade position, a dynamic that can be overridden during systemic global crises. These findings offer crucial insights for international portfolio diversification and risk management.",3,Journal of Risk and Financial Management,JournalArticle,False,10.3390/jrfm18120713
Volatility Behaviour of Bitcoin as a Digital Asset,T. Gopane,2022,stock market covid GARCH,Yes,"The objective of this study is to use the South African financial markets (Johannesburg Stock Exchange or JSE and USD/ZAR) as a case study to understand the volatility spillover dynamics of Bitcoin as a digital asset. Methodologically, the study applies the exponential generalized autoregressive conditional heteroskedastic (EGARCH) model, followed by a robustness check by applying the time-varying conditional correlation multivariate GARCH (VCC-MGARCH) model. The study utilizes the data set for the period 2011 to 2019, a period before the COVID‑19 pandemic. The research outcome revealed three interesting observations. First, Bitcoin and the South African stock market are independent of each other. Second, there is a bidirectional shock transmission between Bitcoin and USD/ZAR in the mean returns only, but not variance. Lastly, results confirm the existence of a bidirectional volatility spillover in both the mean and variance between the JSE stock market and the USD/ZAR market. The study outcome should enlighten investors who may want to consider Bitcoin as a diversifier in their investment and portfolio strategies.",3,Journal of Telecommunications and the Digital Economy,,True,10.18080/jtde.v10n2.510
Analysis of LQ45 and ESG Stock Return Volatility on the Indonesia Stock Exchange,Umi Hapsari; Hermanto Siregar; Tanti Novianti; Nimmi Zulbainarni,2025,stock market covid GARCH,Yes,"The Covid-19 pandemic created significant turmoil in global financial markets, including the Indonesia Stock Exchange, where liquidity and stability were severely disrupted by widespread panic and economic uncertainty. Investors faced heightened risks as stock prices fluctuated sharply in response to rapidly changing market conditions. This study examines the impact of the Covid-19 pandemic on stock volatility and performance by comparing conventional liquid stocks from the LQ45 index with sustainable stocks from the ESG (Environmental, Social, and Governance) indices. Using daily closing prices from January 1, 2016, to December 31, 2023, the analysis employs the Generalized Autoregressive Conditional Heteroskedasticity (GARCH) model to capture volatility patterns. The findings reveal that LQ45 stocks consistently exhibit higher volatility than ESG stocks, yet deliver superior returns across all periods. Conversely, ESG stocks show greater resilience during the pandemic, maintaining relatively stable performance despite lower returns compared to LQ45. These results underscore the value of incorporating sustainable investment strategies, particularly when combined with liquidity considerations, as a means to balance risk and return while enhancing portfolio stability during periods of market uncertainty.",3,Jurnal Ilmiah Akuntansi Kesatuan,JournalArticle,False,10.37641/jiakes.v13i4.3533
A Heteroscedastic Neural Network Framework for Volatility Prediction,Koushik Bera; Aryan Bhambu; Prakash Raj,2024,stock market covid GARCH,Yes,"— Volatility forecasting of financial market returns is vital for risk management and portfolio optimization. In the quest for accurate volatility modeling, this article introduces an Artificial Neural Network – Generalized Autoregressive Conditional Heteroscedasticity model (ANN-GARCH) that fuses the strengths of neural networks with the well-known GARCH framework to deliver superior volatility predictions. The approach integrates volatility captured by conventional GARCH models into a neural network framework, combining return and realized volatility series. Then, the ANN architecture is designed to learn and process patterns, ultimately generating enhanced volatility predictions. The proposed model consistently outperforms traditional volatility forecasting methods when applied to Dow Jones Index returns during the COVID-19 period and its aftermath. Across various error distributions, the ANN-GARCH model demonstrates superior forecasting accuracy, evidenced by significantly lower root mean square error (RMSE) and mean absolute error (MAE) compared to competing models. This underscores the model's reliability and effectiveness in volatility forecasting. This innovative model will help academics and finance practitioners make informed decisions when the market conditions are stressed.",3,Optimization and Artificial Intelligent Strategies for Engineering and Management,,False,10.37285/bsp.oaisem2025.09
"Drilling Deeper: Non-Linear, Non-Parametric Natural Gas Price and Volatility Forecasting",Dusan Bajatovic; Deniz Erdemlioglu; Nikola Gradojevic,2024,volatility forecasting covid deep learning,Yes,"This paper studies the forecast accuracy and explainability of a battery of dayahead (Henry Hub and Title Transfer Facility (TTF)) natural gas price and volatility models. The results demonstrate the dominance of non-linear, non-parametric models with deep structure relative to various competing model specifications. By employing the explainable artificial intelligence (XAI) approach, we document that the price of natural gas is formed strategically based on crude oil and electricity prices. While the conditional volatility of natural gas returns is driven by long-memory dynamics and crude oil volatility, the informativeness of the electricity predictor has improved over the most recent volatile time period. Although we reveal that predictive non-linear relationships are inherently complex and time-varying, our findings in general support the notion that natural gas, crude oil and electricity are interconnected. Focusing on the periods when markets experienced sharp structural breaks and extreme volatility (e.g., the COVID-19 pandemic and the Russia-Ukraine conflict), we show that deep learning models provide better adaptability and lead to significantly more accurate forecast performance.",2,The Energy Journal,JournalArticle,False,10.5547/01956574.45.4.dbaj
"Modelling volatility effects between stock, oil, gold and forex markets: Evidence from India",Varsha Ingalhalli; Prachi Kolamker,2023,stock market covid GARCH,Yes,"Although several studies on the integration of diverse stock markets have been conducted in the financial literature, most of them have focused on the integration and volatility spillovers across established stock markets. The present study explores the dynamics of integration and volatility spillover across gold, oil, forex, and stock markets during four significant events in India: the pre-changed government regime, the post-changed government regime, the post-Brexit referendum date, and the COVID era. Daily data from 2010 to 2022 is divided into four categories using the Chow test. This is done to examine if these events’ financial turmoil affects market interconnectivity. The unit root test determines data stationarity. The ARCH LM test examines series volatility clustering, and the BEKK GARCH test examines market volatility spillover. Results indicate that gold cannot be considered a hedge or safe haven. Secondly, market interconnectedness increased during the crisis period. Third, domestic political and geopolitical conditions globally do not increase the scale of spillover amongst financial assets, though they impact the spillover’s magnitude. The results of this study have several important implications for portfolio diversification and risk management.",2,Investment Management and Financial Innovations,JournalArticle,True,10.21511/imfi.20(2).2023.05
Evaluating the performance of futures hedging using factors-driven realized volatility,Xing Yu; Yanyan Li; Xue Gong; N. Zhang,2022,stock market covid GARCH,Yes,"The complexity and uncertainty of the financial market mainly stem from the rich market internal transaction information and a wide range effect of external factors. To this end, this paper proposes the combination factors-driven forecasting method to predict realized volatilities of the CSI 300 index and index futures. Based on the volatilities predicted by the proposed method, we further evaluate the ex-ante hedging performance in comparison to the conventional HAR model as well as GARCH-type models. The empirical results indicate that the factors-driven realized volatility model significantly dominates the other commonly used models in terms of hedging effectiveness. Furthermore, the superiority of the proposed method is robust in different market conditions, including significant rising or falling and abnormal market fluctuations in the COVID-19 pandemic, and in different index markets. Therefore, this paper improves the prediction accuracy of volatility by integrating market internal transaction information and external factor information, and the proposed method in this paper can be used by investors to obtain an excellent hedging effect.",2,International Review of Financial Analysis,,False,10.1016/j.irfa.2022.102412
A Predictive Framework for Financial Crashes Using Advanced Time Series Techniques,Arif Hossen; Yeasin Arafat; Md. Nurunnabi Sarker; Md Hossain Jamil; Md Azharul Islam; Rakibul Hasan,2024,stock market covid GARCH,Yes,"The research explores how financial markets, specifically the NASDAQ and S&P 500 indices, react under pressure and seeks to predict market crashes using advanced time series techniques. Financial market crashes, such as those in 2008 and during the COVID-19 pandemic, have significantly impacted the global economy, making accurate crash prediction essential. The study employs ARIMA and GARCH models to forecast market volatility, integrating these models with dynamic GARCH extensions and wavelet-based time series decomposition to capture non-linear market behavior. Data from January 2021 to August 2024 was collected, with 921 observations for NASDAQ and 787 for S&P 500. The stationarity of the time series was confirmed through ADF and PP tests, supporting the use of ARIMA and GARCH models. The GARCH model detected volatility clustering, where periods of high volatility were followed by further increases, particularly in NASDAQ, with a GARCH effect of 0.912741. For S&P 500, the GARCH effect was lower at 0.6785330, indicating less volatility persistence. This study also employs a Recurrent Neural Network (RNN) model to showcase thr capability of deep learning models to predict financial crashes. The RNN model with an MAPE of 5.18%, performs very well. These findings highlight the effectiveness of the predictive framework in forecasting market crashes, offering valuable insights for investors and policymakers.",2,2024 International Conference on Progressive Innovations in Intelligent Systems and Data Science (ICPIDS),Conference,False,10.1109/ICPIDS65698.2024.00080
Portfolio Optimization Based on Artificial Neural Network and GARCH-EVT-Copula Models,B. Q. Ta; Nguyen H. Q. Khai,2023,stock market covid GARCH,Yes,"Forecasting volatility is an essential task in the financial market, especially in portfolio optimization. To improve the prediction accuracy of the volatilities of assets we use a hybrid ANN-EGARCH model then combining with extreme value theory and Copula models to perform out-of-sample forecasting returns for six indices in Asia stock markets then we simulate one-day-ahead returns of these indices. We use EGARCH model to capture the leverage of return shocks due to COVID-19. Based on ANN-EGARCH-EVT-Copula models, we solve our portfolio optimization consisting of these six indices with different copula models. Using different performance measures to evaluate the efficiency of the models we show that under the Sharpe ratio and Sortino ratio the Gumbel copula gives better performance whereas with Average Drawdown and Max Drawdown measures, the Gaussian copula model is a best model for optimizing the portfolio.",2,Int. J. Uncertain. Fuzziness Knowl. Based Syst.,JournalArticle,False,10.1142/s0218488523400184
The impact of COVID-19 on stock market returns: Empirical evidence from Nigeria,M. Dogo; Osman Nuri Aras,2022,stock market covid GARCH,Yes,"The study investigates the causal relationship between COVID-19 and changes in the prices and volume of stocks in the Nigerian stock market, to identify whether there is a short and or long-run relationship between changes in the Nigerian Stock Exchange All Share Index 30 (NSE ASI 30) and NSE 30 traceable to the outbreak and continued presence of the coronavirus-19 diseases (COVID-19) during the period 31 December 2019 to June 30, 2020. 
The paper seeks to estimate the effect of the COVID-19 shocks on the volatilities of returns in the NSE30 and ASI 30 stocks. After a property check on the times series data, a correlation matrix was drawn to understand the relationship between stock returns in NSE30 and ASI30 with total cases, test units, new cases, female and male smokers, and COVID-9 deaths. The ADF results helped us in selecting what the use in the representative model. 
We then applied the Lagrange Multiplier (LM) test on the residuals of both the mean and the variance equations of the NSE30 and the Generalized Autoregressive Conditional Heteroscedastic (GARCH) to estimate the short and long-run return spillovers and conditional correlations between the shock from COVID-19 and stock market returns. 
Generally, the results indicated a weak impact of COVID-19 on the returns and volume of both the NSE30 and NSE ASI 30 stocks. This is so because of some data issues and issues relating to empirics. More data will be sought, and a proper review of the paper undertaken, to ascertain its usefulness for policy. 
The study concludes that to spur economic growth in COVID-19, Nigeria’s economic managers, particularly, the monetary, fiscal, and capital market regulators must learn to work as a team, to ensure complementary in their policies and thus, propel the economy out of a likely recession.",2,Eurasian Journal of Higher Education,Review,True,10.31039/ejohe.2022.6.70
Asymmetric Effects and Volatility Clustering in NSE NIFTY 50: A Comparative Analysis of GARCH Models,Ravi Ranjan Mishra; Shirish Mishra,2024,stock market covid GARCH,Yes,"This study aims to analyze the volatility patterns, Clustering, and asymmetric effects in the NSE NIFTY 50 index. It involves using daily returns data from the NSE NIFTY 50 from 01 Jan 2010 to 31 Dec 2023. Daily closing prices are obtained from the official NSE website, and returns are calculated based on these prices. EGARCH (1, 1), TARCH (1, 1), GARCH (1, 1), GARCH-M (1,1), and models are utilized to predict volatility, capturing volatility clustering and leverage effects. Using both the Akaike and Schwarz criteria, EGARCH (1,1) was demonstrated to be the best model. The findings reveal that Fluctuations in the Indian stock market, particularly shown in the NIFTY index of the NSE were the highest in the year 2020 due to the COVID-19 pandemic. Past NIFTY returns demonstrate a GARCH effect on today’s NIFTY returns. The results of the research suggest that the impact of negative and positive shocks on the stock returns series varies. Volatility is largely caused by negative news compared to positive news. It is suggested that the model exhibits a leverage effect and that different types of information produce various types of shock to the volatility of the Nifty index return. The findings show that investors of NSE, particularly those involved with the NIFTY50, face heightened volatility and increased risk, especially during periods of significant events.",2,"Asian Journal of Economics, Business and Accounting",JournalArticle,True,10.9734/ajeba/2024/v24i111547
Volatility Dynamics Analysis of Bitcoin (BTC-USD) and MicroStrategy (MSTR),Huazhuo Ma,2025,stock market covid GARCH,Yes,"This study examines the volatility dynamics of Bitcoin (BTC-USD) and MicroStrategy (MSTR) from September 2019 to September 2024 using the GARCH (1,1) model. Volatility is a key measure of risk in the financial market, understanding its patterns is crucial for effective portfolio management, risk management, and corporate financial strategies. Bitcoin, while known to be volatile, is very unpredictable, and given the high holding of that on MicroStrategy's balance sheet, it is closely tagged to the volatility of Bitcoin. Critical periods, such as the COVID-19 and the subsequent crypto market downturn between 2022 and 2023, demonstrate the linkages between traditional equities and digital assets. The findings of such analysis will prove that MicroStrategy's volatility has indeed closely followed the footsteps of Bitcoin, especially during the 2024 rally in that market, including all its shocks and recoveries. These find great importance in understanding volatility due to the growing integration of digital assets into corporate portfolios. This research will offer investors and corporate managers alike extensive insight into risk management and portfolio diversification by accounting for volatility dynamics between cryptocurrencies and stocks.",2,"Advances in Economics, Management and Political Sciences",JournalArticle,False,10.54254/2754-1169/2024.ld19045
Testing Safe Haven Assets for Türkiye in the Covid-19 Period,Erhan Daştan; Hüseyin Dagli,2024,stock market covid GARCH,Yes,"The aim of this study is to examine whether the assets known as safe-haven assets during crises fulfill these qualities for equity investors in Turkey during the Covid-19 pandemic. According to the results obtained under the assumption of GJR-GARCH (1,1) error terms, no asset has shown safe-haven characteristics against the stock market. However, when the BIST100 index depreciates by 5%, Ethereum, silver and Government Bonds show strong safe-haven characteristics, US dollar and Euro show weak safe-haven characteristics. When the BIST100 index depreciates by 2.5%, Bitcoin, gold and DJIMTR show weak safe haven asset characteristics. If BIST100 depreciates by 1%, gold and Government Bonds show strong safe-haven characteristics, and Bitcoin, Ethereum, Silver, the US dollar and Euro show weak safe-haven characteristics.",2,Eskişehir Osmangazi Üniversitesi İktisadi ve İdari Bilimler Dergisi,JournalArticle,True,10.17153/oguiibf.1336982
Investigation of Monday Effect in the American and Chinese Stock Markets,Xinyu YANG; Ilayda Nemlioglu,2023,stock market covid GARCH,Yes,"This paper investigates the presence of the Monday effect in the American and Chinese stock markets. The data uses the Russell 1000 index from the American stock market, as well as the Gem composite index from the Chinese stock market in the period 2012 to 2021. Moreover, this paper chooses the GARCH model and the ARMA-GARCH model to investigate the Monday effect in two different stock markets. As a result, there is no evidence to find the presence of the Monday effect in the two stock markets. Nonetheless, there is still the existence of the calendar effect in the two stock markets. We ensure the credibility of results by checking for the potential bias of COVID-19 pandemic, by omitting the last two years from the data and also changing the estimation method to OLS. Results remain parallel to our main empirical findings.",2,Bulletin of Economic Theory and Analysis,JournalArticle,True,10.25229/beta.1263271
"Examining the dynamics of risk, performance, and volatility during COVID-19: Evidence from Moroccan stock market",Mustapha Amzil; A. Bari; Lahoucine Asllam,2024,stock market covid GARCH,Yes,"This study delves into the repercussions of the COVID-19 pandemic on the Moroccan stock market, with a specific focus on the MASI index and sectoral indices. The examination en-compasses distinct pre-COVID and during-COVID periods, shedding light on the market’s evolution, marked by unique phases and fluctuations. Notably, the MASI index experienced a significant downturn in March 2020, indicative of the pandemic’s disruptive impact on investor behavior. Despite this setback, the market showcased remarkable resilience, staging a swift recovery and surpassing pre-crisis levels by the close of 2020. This rebound can be attributed to various factors, including historically low bond yields, the initiation of vaccination campaigns, and the resumption of dividend payouts by the banking sector. Our findings bring forth a nuanced understanding of performance and risk dynamics across individual sectors. Moreover, there is a noteworthy surge in correlations between sectoral returns during the COVID-19 period, limiting diversification options for investors and exposing them to heightened risks. The volatility patterns, analyzed using GARCH models, underscore the dynamic nature of the MASI index, exhibiting stability in the pre-pandemic phase and a transient disturbance during the initial pandemic shock. This study contributes to the existing body of literature on the global financial impact of COVID-19, providing valuable insights into the Moroccan context. The results emphasize the significance of comprehending sector-specific vulnerabilities and market dynamics for both investors and policymakers. In navigating the uncertainties of the post-pandemic era, these insights offer crucial perspectives for market participants to make informed decisions and adapt optimal strategies.",2,Asian Journal of Economics and Empirical Research,JournalArticle,True,10.20448/ajeer.v11i1.5487
Forecasting Indonesian Stock Index Using ARMA-GARCH Model,Dwi Susanti; Kirana Fara Labitta; S. Sukono,2024,stock market covid GARCH,Yes,"The stock market is an institution that provides a facility for buying and selling stocks. Covid-19 is an issue that has affected the stock markets of many countries, including Indonesia. Due to the pandemic, the condition of stocks before and during Covid-19 is certainly different. Stocks can be measured using stock indices. To predict future stock conditions, it is necessary to forecast the stock index. Therefore, this research aims to forecast the Indonesian stock index before and during Covid-19 using the ARMA-GARCH time series model. The results show that the best forecasting model for before Covid-19 data is ARMA(0,2)-GARCH(1,0), and for the data during Covid-19, it is ARMA(3,3)-GARCH(3,3). These findings can help investors make better investment decisions in the future.",2,Operations Research: International Conference Series,JournalArticle; Conference,False,10.47194/orics.v5i3.328
Volatility Modelling of the Johannesburg Stock Exchange All Share Index Using the Family GARCH Model,Israel Maingo; Thakhani Ravele; C. Sigauke,2025,stock market covid GARCH,Yes,"In numerous domains of finance and economics, modelling and predicting stock market volatility is essential. Predicting stock market volatility is widely used in the management of portfolios, analysis of risk, and determination of option prices. This study is about volatility modelling of the daily Johannesburg Stock Exchange All Share Index (JSE ALSI) stock price data between 1 January 2014 and 29 December 2023. The modelling process incorporated daily log returns derived from the JSE ALSI. The following volatility models were presented for the period: sGARCH(1,1) and fGARCH(1,1). The models for volatility were fitted using five unique error distribution assumptions, including Student’s t, its skewed version, the generalized error and skewed generalized error distributions, and the generalized hyperbolic distribution. Based on information criteria such as Akaike, Bayesian, and Hannan–Quinn, the ARMA(0,0)-fGARCH(1,1) model with a skewed generalized error distribution emerged as the best fit. The chosen model revealed that the JSE ALSI prices are highly persistent with the leverage effect. JSE ALSI price volatility was notably influenced during the COVID-19 pandemic. The forecast over the next 10 days shows a rise in volatility. A comparative study was then carried out with the JSE Top 40 and the S&P500 indices. Comparison of the FTSE/JSE Top 40, S&P 500, and JSE ALLSI return indices over the COVID-19 pandemic indicated higher initial volatility in the FTSE/JSE Top 40 and S&P 500, with the JSE ALLSI following a similar trend later. The S&P 500 showed long-term reliability and high rolling returns in spite of short-run volatility, the FTSE/JSE Top 40 showed more pre-pandemic risk and volatility but reduced levels of rolling volatility after the pandemic, similar in magnitude for each index with low correlations among them. These results provide important insights for risk managers and investors navigating the South African equity market.",2,Forecasting,JournalArticle,True,10.3390/forecast7020016
The Impact of COVID-19 Epidemic on the Hedging Islamic and Conventional Stock Markets with Financial Assets,Wajdi Hamma; Ahmed Ghorbel; Anis Jarboui,2024,stock market covid GARCH,Yes,"This study investigates optimal hedging ratios for Islamic and conventional stock markets during the COVID-19 pandemic using the DCC (Dynamic Conditional Correlation), ADCC (Asymmetric Dynamic Conditional Correlation), and GO-GARCH (Generalized Orthogonal GARCH) models. The effectiveness of various financial assets as hedges is evaluated, and findings indicate that the DJCOM (Dow Jones Commodity), VISTOXX (Euro STOXX 50 Volatility Index), and VIX (Chicago Board Options Exchange Volatility Index) indices exhibit superior effectiveness across both market types, particularly DJCOM showing exceptional performance during the COVID-19 period. The hedging analysis indicates that the hedge ratios vary and depend upon the hedge instrument included in the portfolio. Furthermore, the empirical results indicate that the global impact of the pandemic diminishes the viability of one of the six assets as a safe haven instrument. In conclusion, these findings provide valuable insights for investors and portfolio managers aiming to utilize Gold, Brent, VISTOXX, VIX, CDS (Credit Default Swap), and DJCOM for portfolio rebalancing to mitigate risks associated with volatile Islamic and conventional stock returns. These conclusions contribute significantly to helping investors adjust their investment strategies more effectively and adapt to changing market conditions.",2,International Journal of Economic Behavior and Organization,JournalArticle,True,10.11648/j.ijebo.20241201.11
"Impact of Macroeconomic Factors on Stock Indices Volatility: a GARCH Analysis for USA, Germany, Serbia and Croatia",Pavle Jakšić; M. Pjanić; Marko Milošević; Darko Marjanović; B. Dudić; Lazar Stošić,2025,stock market covid GARCH,No,,2,Computational Economics,JournalArticle,False,10.1007/s10614-025-11170-1
Research on the influence of securities markets on cross-border capital flows based on the DCC-MVGARCH model,Weinan Lin; Jiaxin Xie,2023,stock market covid GARCH,Yes,"In the study of the impact of cross-border capital flows, most scholars at home and abroad focus on the method of linear time series mainly based on the vector autoregressive model (VAR), ignoring the volatility of variables in time series. In order to make up for the deficiency, the dynamic conditional correlation-generalized autoregressive conditional heteroskedasticity (DCC-GARCH) model can be used to study the nonlinear time-varying correlation between variables. With the help of Eviews12 software and the DCC-MVGARCH model, this paper studies the impact of securities markets on cross-border capital flows in China from domestic and foreign perspectives in the context of two financial crises and COVID-19. The results indicate that financial crises affect the correlation between the securities markets and cross-border capital flows. China's stock market is positively correlated with short-term capital flows and negatively correlated with long-term capital flows. Its booming bond market promotes short-term capital flows but fails to affect the long-term capital flows, and China's short-term capital flows are increasingly linked to the volatility of foreign stock markets. Therefore, it is necessary to improve the mechanism for better monitoring and analyzing cross-border capital flows, promote further development of financial supervision, and guide market players to face the securities market rationally.",2,"Conference on Statistics, Data Science, and Computational Intelligence",Conference,False,10.1117/12.2656948
A New Evidence of the Relationship between Cryptocurrencies and other Assets from the COVID-19 Crisis,Zdravka Aljinović; Tea Šestanović; Blanka škrabić Perić,2022,stock market covid GARCH,Yes,"The purpose of this paper is to reinvestigate the properties of cryptocurren-cies in the COVID-19 crisis as well as their co-movements with different asset classes including different stock markets, bonds, real estate, gold and oil. To capture the change in correlation caused by crisis, we employ multivariate GARCH Dynamic Conditional Correlation model. The findings suggest that cryptocurrencies can be seen no more than a diversifier for most of the assets. For real estate and S&P500 it is confirmed to be a weak hedge, while positive and upward sloping dynamic conditional correlations with gold obtained in COVID-19 period needs to be further investigated. © 2022, Institute of Geography of the Slovak Academy of Science. All rights reserved.",2,Ekonomický časopis,,True,10.31577/ekoncas.2022.07-8.03
Analyzing the risk spillovers of international crude oil on China's corn and biofuel ethanol markets: A transition toward green economy and environmental sustainability,Jin Zhang; Zhe Lin; Jinkai Li,2022,stock market covid GARCH,Yes,"This study aims to analyze the risk spillover effects between the global crude oil market and the biofuel ethanol and corn markets in China, employing a DCC-GARCH-Copula-CoVaR model and basing the weekly price data from 2012 to 2021. The empirical results revealed that there were dynamic conditional correlations among international crude oil, China's biofuel ethanol, and corn markets. Following the COVID-19 outbreak, the CoVaR and ΔCoVaR changed, which caused a sharp increase in the mean values and volatility. Additionally, China's biofuel ethanol market is more vulnerable to the risk spillovers from the international crude oil market than China's corn market. However, China's markets do not appear to have obvious risk spillover effects on the global market. The implications of the results are discussed in financial market supervision, including the risk management and portfolio adjustment.",2,Energy & Environment,JournalArticle,False,10.1177/0958305X221140566
"Dependency structure and volatility connectedness among China-ASEAN stock market, cryptocurrencies, and crude oil",Hongjun Zeng; Abdullahi D. Ahmed,2026,stock market covid GARCH,No,,2,Financial Innovation,JournalArticle,False,10.1186/s40854-025-00841-5
The Modeling of Jakarta Composite Index Data Before and During COVID-19 Pandemic and its Alignment into Government Policy in Energy Sector,Florentina Kurniasari; Eko Endarto; Helena Dewi; Cynthia Sari Dewi; Nurhuda Nizar,2023,stock market covid GARCH,Yes,"The COVID-19 pandemic brings significant effects to the global stock market, including Indonesia. This study investigates the behavior and fluctuation of Jakarta Composite Index (JKSE) before the COVID-19 pandemic arises (2018–2019) and 2 years during the COVID-19 pandemic (2020–2021) and its alignment with the government policy in the energy sector. This study will use the JKSE data before and during the Covid-19 pandemic. The study showed that before COVID-19 pandemic, the JKSE was in normal conditions and showed an increasing trend. However, the study found anomalies in the JKSE volatility when COVID-19 pandemic was officially announced in Indonesia during 1st quarter 2020. This study is able to find the forecasted next 30 days best models that can describe the pattern of JKSE data are AR (2)–GARCH (1,1) models for the closing price of JKSE data before the COVID-19 pandemic and AR (5)–GARCH (1,1) models for the closing price of JKSE data during the COVID-19 pandemic. With the government economic recovery program related to the energy sector, this study was able to forecast the next 30 days for the closing price of JKSE during COVID-19, which showed the improvement of JKSE into the small increasing trend. These findings are expected to increase public investor trust, especially foreign investors investing their money in the JKSE. The positive trend in JKSE will ensure the government continues its economic policy recovery plan.",2,WSEAS TRANSACTIONS ON BUSINESS AND ECONOMICS,,True,10.37394/23207.2023.20.64
COVID-19 and Seasonality in Monthly Returns: a Firm Level Analysis of PSX,Farah Naz; Tooba Lutfullah; Kanwal Zahra,2024,stock market covid GARCH,Yes,"Abstract The current study scrutinizes the calendar anomalies in the context of the local market by analyzing the Pakistan Stock Exchange (PSX). For this purpose, closing prices of KSE-100, KSE-30 and KSE-All share Index from January, 2009 to June, 2021 have been used as well as a thorough individual firm level analysis is done, taking average log-returns of selected sample firms returns using OLS regression, general GARCH (1,1), asymmetric TGARCH and PGARCH models. The results indicate monthly seasonality, with significant April, July, and September effect in PSX indices returns. The findings of the study reveal that weak form inefficiency exists in Pakistan Stock Market, which implies the possibility of earning abnormal returns by investors using timing strategies. Due to global pandemic conditions, investor psychology investors turned circumspect. Consequently, the individual firms’ trading has also reduced.",2,Zagreb International Review of Economics and Business,JournalArticle,True,10.2478/zireb-2024-0010
From oil spills to electric thrills: BYD’s rise and the market dynamics powering automaker stocks,Yi Fang; Chengbo Fu; Soleiman Hashemishahraki,2025,stock market covid GARCH,Yes,"
 
 This study examines how oil market volatility and clean energy trends impact the stock performance of automakers, specifically comparing traditional manufacturers with electric vehicle (EV) producers such as BYD and Tesla. The objective is to assess the extent to which traditional automakers are sensitive to oil market fluctuations, while EV manufacturers align more closely with clean energy dynamics, particularly during global market crises.
 
 
 
 Using daily data from January 2013 to December 2023, we conduct linear regressions, GARCH, DCC-GARCH and the Diebold–Yilmaz connectedness approaches in the analysis. We use these econometric models to capture volatility patterns, correlations and cross-market spillovers.
 
 
 
 Traditional manufacturers are affected by both oil prices and clean energy development. While traditional automakers remain more vulnerable to oil price volatility, global leading EV manufacturers BYD and Tesla are less sensitive to oil price shocks and show strong alignment with clean energy indices. Significant volatility spillovers are observed during global crises, such as the COVID-19 pandemic and the Russia–Ukraine conflict.
 
 
 
 The paper uniquely integrates clean energy indices into the analysis of oil price impacts on automaker stocks. By comparing traditional and EV manufacturers using advanced econometric models, it sheds light on the literature of energy markets and sustainable financial markets.
",2,China Finance Review International,JournalArticle,False,10.1108/cfri-02-2025-0078
Feedback trading in global stock markets under uncertainty of COVID-19,E. Coşkun,2022,stock market covid GARCH,Yes,"PurposeAlthough some research has been carried out on feedback trading in different asset classes, there have been few empirical investigations that consider both major and emerging stock markets (Koutmos, 1997; Antoniou et al., 2005; Kim, 2009) stock index futures (Salm and Schuppli, 2010). In this study, the author examines positive/negative feedback trading in both developed-emerging-frontier-standalone (51) stock markets for 2010–2020 and sub-periods including COVID-19 period.Design/methodology/approachThe hypothesis “feedback trading behaviour led the price boom/bust in the stock markets during the first quarter of COVID-19 pandemic” is tested by employing the Sentana and Wadhwani (1992) framework and using asymmetrical GARCH models (GJRGARCH, EGARCH) in accordance with the empirical literature.FindingsThe following conclusions can be drawn from the present study; (1) There is no evidence to support a significant distinction between developed, emerging, frontier or standalone markets or high/upper middle, lower middle income economies in the case of feedback trading. It is more likely to be a general phenomenon reflecting the outcomes of general human psychology (2) in the long term (2010–2020) based on the feedback trading results Asian stock markets appear to be far from efficiency.Research limitations/implicationsStock markets are selected based on data availability.Practical implicationsSeveral inferences can be drawn about overall results. First, investors and portfolio managers should beware of their investment decisions during bearish market conditions where volatility is on the rise and also when there is a strong reaction to bad news/negative shocks in the market. Moreover, investing in Asia stock markets may require more attention since those markets are reputed to be more “idiosyncratic”, less reliant on economic and corporate fundamentals in their pricing. Moreover, the impact of foreign investors on stock market volatility and returns and weaker implementation of regulations also affect the efficiency of the markets (Lipinsky and Ong, 2014).Originality/valueTo the best of the author’s knowledge, most studies in the field of feedback trading in stock markets have only focused on a small sample of countries and second, the effect of COVID-19 uncertainty on the stock markets have not been addressed in the literature with respect to feedback trading. This paper fills these literature gaps. This study is expected to provide useful insights for understanding the instabilities in stock markets particularly under conditions of high uncertainty and to fill the gap in the literature by comparing the results for a large sample of countries both in the long term and in the pandemic.Highlights for reviewThis study has shown that feedback trading is more prevalent in Asian stock markets in the long run in Europe, America or Middle East for the period 2010–2020.Positive feedback traders generally dominated most of the stock markets during the early period of COVID-19 pandemic.Another major finding was that the stock markets in Malaysia, Japan, the Philippines, Estonia, Portugal and Ukraine are dominated by negative feedback traders which may be interpreted as “disposition effect” meaning that they sell the “past winners”.In Indonesia, New Zealand, China, Austria, Greece, UK, Finland, Spain, Iceland, Norway, Switzerland, Poland, Turkey, Chile and Argentina neither positive nor negative feedback trading exists even under uncertain conditions.",2,Review of Behavioral Finance,Review,False,10.1108/rbf-08-2021-0154
COVID-19 Impact on Stock Markets: A Multiscale Event Analysis Perspective,Helong Li; Guanglong Xu; Qin Huang; Rubin Ruan; Weiming Zhang,2023,stock market covid GARCH,No,,2,Computational Economics,JournalArticle,False,10.1007/s10614-023-10448-6
The Volatility and Risk-Return Trade-Off of Malaysian Islamic and Conventional Indexes During the Global Financial Crisis and COVID-19 Pandemic,Foo Siong Min; Nazrul Hisyam Ab Razak; F. Kamarudin; N. Zakaria,2023,stock market covid GARCH,Yes,"Manuscript type: Research paper Research aims: This study aims to investigate the volatility characteristics and risk-return trade-off of Islamic and conventional indexes in the Malaysian market. Design/Methodology/Approach: The research covers the daily data of the period from August 2007 to December 2022, divided into four distinct periods: the full sample, the period during and after the 2007- 08 financial crisis, and the period during the COVID-19 pandemic. The research employs a hybrid model that combines ARIMA with GARCH family models. Research findings: In this research, both Islamic and conventional indexes in the Malaysian market demonstrate a memory effect, emphasising the persistence of market volatility through the influence of past volatility. Additionally, historical data, represented by lagged values, significantly shape volatility, while negative shocks have an immediate and pronounced impact compared to positive shocks, providing valuable insights for investors and risk management. Lastly, during the COVID-19 crisis, the conventional index showed no leverage effect, and the Islamic index lacked safe haven characteristics, making this crisis unique in the Malaysian financial context. Theoretical contribution/Originality: This research contributes to the understanding of market volatility dynamics in the Malaysian context by utilising a hybrid ARIMA-GARCH model. The identification of memory effects, asymmetric responses, and the unique characteristics observed during the COVID-19 crisis adds to the body of knowledge on financial market behaviour. Practitioner/Policy implication: The findings of this study have practical implications for investors and supervisory entities operating in the Malaysian market. Understanding the persistence of volatility and the differential impact of positive and negative shocks can help investors make more informed decisions, while regulators can use this information to quantify and manage market volatility effectively. Research limitation/Implications: The limitation of the present study is that the results may be influenced by the selection of the sample period, potentially yielding different outcomes depending on market conditions, such as the presence of bull or bear markets, periods of high or low volatility, or other contextual factors.",2,Asian Journal of Business and Accounting,JournalArticle,True,10.22452/ajba.vol16no2.1
Volatility Spillover and Risk Measurement of Southeast Asian Financial Markets,F. Kesumah; Rialdi Azhar,2025,stock market covid GARCH,Yes,"ABSTRACT Objective: this study aims to examine volatility transmission in ASEAN-5 financial markets during 2019-2023, covering pre-pandemic, pandemic, and post-pandemic phases, to analyze the impact of COVID-19 and other external factors, such as political crises and geopolitical tensions, on these interconnected markets. Methods: using AR-GARCH and VECM models, the study analyzed aggregated stock index data from the five countries, with a focus on volatility spillovers and value at risk (VaR) levels to assess both short- and long-term interdependencies. Results: the findings reveal substantial volatility transmission among ASEAN-5 markets, indicating significant financial interdependencies that heighten regional risk, especially during periods of global disruption. VaR results further suggest that the Indonesian stock market (JKSE) carries a higher risk profile, reflecting the impact of local economic conditions and regional interconnectivity. Conclusions: the study underscores the need for investors to account for volatility transmission in risk management, especially given the COVID-19 pandemic and geopolitical factors. Strong market interconnectivity within the ASEAN-5 may limit the effectiveness of cross-market diversification, highlighting the importance of regional risk mitigation and coordinated policies.",2,BAR - Brazilian Administration Review,JournalArticle,False,10.1590/1807-7692bar2025240148
Econometric and stochastic analysis of stock price before and during COVID-19 in India,M. Madheswaran; Kasilingam Lingaraja; P. Duraisamy,2023,stock market covid GARCH,Yes,"Unexpected and sudden spread of the novel Coronavirus disease (COVID-19) has opened up many scopes for researchers in the fields of biotechnology, health care, educational sectors, agriculture, manufacturing, service sectors, marketing, finance, etc. Hence, the researchers are concerned to study, analyze and predict the impact of infection of COVID-19. The COVID-19 pandemic has affected many fields, particularly the stock markets in the financial sector. In this paper, we have proposed an econometric approach and stochastic approach to analyze the stochastic nature of stock price before and during a COVID-19-specific pandemic period. For our study, we considered the BSE SENSEX INDEX closing pricing data from the Bombay Stock Exchange for the period before and during COVID-19. We have applied the statistical tools, namely descriptive statistics for testing the normal distribution of data, unit root test for testing the stationarity, and GARCH and stochastic model for measuring the risk, also investigated drift and volatility (or diffusion) coefficients of the stock price SDE by using R Environment software and formulated the 95% confidence level bound with the help of 500 times simulations. Finally, the results have been obtained from these methods and simulations are discussed.",2,"Environment, Development and Sustainability",JournalArticle,True,10.1007/s10668-023-03022-5
Analysis of the market efficiency of Nigerian stock market: Evidence from post COVID-19 lockdown,Fatimoh T. Abdulrahman; K. Nageri; Saheed O. Lawal; R. O. Ibrahim,2023,stock market covid GARCH,Yes,"Goal: to assess the efficiency of the Nigerian stock market after the COVID-19 lockdown which had substantial impacts on African countries, including their local stock markets. Metodology: the empirical study was conducted by employing the GARCH models with three different error distributional assumptions with data covering the timeframe from June 2020 to December 2022. Findings: the results indicate that during the post COVID-19 period, the Nigerian stock market demonstrates inefficiency in the weak form but efficiency in the semi-strong form. Originality and contribution of the authors: this is the first empirical study in Nigeria that presents the comprehensive overview of market efficiency in the post COVID-19 period. The authors’ emphasis in the study that the levels of market efficiency are independently determined forms; the semi strong form efficiency can be attained without week form efficiency. The study emphasise the importance of implementing strict oversight, restrictions, and regulations to discourage excessively negative noise (rumour) traders and investors from engaging in short selling for profit especially in equities held by institutional investors.",2,Russian Management Journal,JournalArticle; Review,True,10.21638/spbu18.2023.404
Modelling and forecasting COVID-19 stock returns using asymmetric GARCH-ICAPM with mixture and heavy-tailed distributions,Rewat Khanthaporn; N. Wichitaksorn,2022,stock market covid GARCH,Yes,"ABSTRACT COVID-19 pandemic is an extreme event that created turmoil in stock markets around the world. This unexpected circumstance poses a critical question of whether the prevailing models can help predict the plummets of indices, hence the returns. In this study, we aim to analyse and forecast the daily stock returns using various generalized autoregressive conditional heteroscedastic (GARCH) models with intertemporal capital asset pricing structure and innovation following (1) a mixture of generalized Pareto and Gaussian distributions and (2) generalized error distribution that can capture extreme events. We also employ the parallel griddy Gibbs (GG) sampling, which is a Markov chain Monte Carlo method, to facilitate parameter estimation. Our simulation study shows that the GG estimation method outperforms the benchmark quasi-maximum likelihood estimation method. We then proceed to the empirical study of seven stock markets where the results from the in-sample period before the COVID-19 pandemic justify the use of the proposed GARCH models. The out-of-sample forecasts during the early COVID-19 period also show satisfactory results.",2,Applied Economics,,False,10.1080/00036846.2022.2141448
Forecasting Stock Price Index of Four Asian Countries During COVID-19 Pandemic Using ARMA-GARCH and RNN Methods,F. V. Ferdinand; Kie Van Ivanky Saputra; Michelle; J. S. Edbert,2023,stock market covid GARCH,Yes,"The COVID-19 pandemic has had a significant impact on the global economy, including the stock markets of many Asian countries. Forecasting stock prices is a challenging task, but it is essential for investors to make informed decisions. This study compares the performance of ARMA-GARCH and RNN models in forecasting the stock price index of four Asian countries (China, Indonesia, Japan, and South Korea) during the COVID-19 pandemic. The results show that the RNN model outperforms the ARMA-GARCH model in terms of forecasting accuracy, as measured by R-squared. The findings of this study suggest that RNN models are a more promising approach for forecasting stock prices during times of economic uncertainty. However, the methods used in this research can be further developed to improve model accuracy and precision. For example, future research could explore the use of longer time periods, other RNN variants such as LSTM, different data splitting techniques, and other hyperparameter tuning strategies.",2,2023 IEEE International Conference on Industrial Engineering and Engineering Management (IEEM),JournalArticle; Conference,False,10.1109/IEEM58616.2023.10406761
The Basel 2.5 capital regulatory framework and the COVID-19 crisis: evidence from the ethical investment market,Wassim Ben Ayed; Rim Ben Hassen,2023,stock market covid GARCH,Yes,"PurposeThis research aims to evaluate the accuracy of several Value-at-Risk (VaR) approaches for determining the Minimum Capital Requirement (MCR) for Islamic stock markets during the pandemic health crisis.Design/methodology/approachThis research evaluates the performance of numerous VaR models for computing the MCR for market risk in compliance with the Basel II and Basel II.5 guidelines for ten Islamic indices. Five models were applied—namely the RiskMetrics, Generalized Autoregressive Conditional Heteroskedasticity, denoted (GARCH), fractional integrated GARCH, denoted (FIGARCH), and SPLINE-GARCH approaches—under three innovations (normal (N), Student (St) and skewed-Student (Sk-t) and the extreme value theory (EVT).FindingsThe main findings of this empirical study reveal that (1) extreme value theory performs better for most indices during the market crisis and (2) VaR models under a normal distribution provide quite poor performance than models with fat-tailed innovations in terms of risk estimation.Research limitations/implicationsSince the world is now undergoing the third wave of the COVID-19 pandemic, this study will not be able to assess performance of VaR models during the fourth wave of COVID-19.Practical implicationsThe results suggest that the Islamic Financial Services Board (IFSB) should enhance market discipline mechanisms, while central banks and national authorities should harmonize their regulatory frameworks in line with Basel/IFSB reform agenda.Originality/valuePrevious studies focused on evaluating market risk models using non-Islamic indexes. However, this research uses the Islamic indexes to analyze the VaR forecasting models. Besides, they tested the accuracy of VaR models based on traditional GARCH models, whereas the authors introduce the Spline GARCH developed by Engle and Rangel (2008). Finally, most studies have focus on the period of 2007–2008 financial crisis, while the authors investigate the issue of market risk quantification for several Islamic market equity during the sanitary crisis of COVID-19.",2,PSU Research Review,JournalArticle,True,10.1108/prr-06-2022-0082
NETWORK ANALYSIS OF THE MEXICAN STOCK MARKET,Arturo Lorenzo-Valdes,2024,stock market covid GARCH,Yes,"This study investigates the dynamics of equity networks in Mexico from 2018 to 2023, focusing on the impact of the COVID-19 pandemic. Methodological steps include calculating stock returns, estimating annual GARCH models, constructing lower-tailed dependency matrices, and forming networks based on these matrices. The characteristics of the resulting networks are described. In addition, 10,000 Erdos-Reyni simulations are performed to estimate GNAR models up to order two, selecting the best estimates according to AIC, BIC, and llk criteria. The predictive performance of GNAR models compared to univariate AR and VAR models is evaluated. These stages help to better understand the interconnection between Mexican financial markets, offering valuable insights for risk management and decision-making.",2,Investigación Económica,JournalArticle,True,10.22201/fe.01851667p.2024.328.87209
The moderating role of major global shock events and policy effects on African frontier currency and stock market relationships,Genevieve Gyasi; K. Mireku; Josep Magnus Frimpong,2025,stock market covid GARCH,Yes,"Abstract The study investigates the relationship between stock and currency markets in African frontier economies in response to global shock events and policy changes. Using the Dynamic Conditional Correlation (DCC) GARCH model, cross-wavelet coherence (WTC) and partial wavelet coherence (PWC), the study examines volatility persistence, interdependence and spillover effects between these markets using daily data from January 2010 to March 2023. The results show that stock and currency markets in African frontier economies exhibit high volatility persistence, and that financial contagion increases with global integration. Findings suggest that external shocks, such as COVID-19, Brexit and the Russia-Ukraine conflict significantly impact market relationships, although the effects vary across countries. Furthermore, policy changes, such as the transition from Millennium Development Goals (MDGs) to Sustainable Development Goals (SDGs), exhibit moderate but lasting influence on market behavior. The study highlights the need for institutional development to mitigate contagion risks and enhance investment stability in African frontier markets. Impact Statement This study advances understanding of how major global shocks (COVID-19, Brexit, Russia–Ukraine war) and international policy shifts (MDGs to SDGs) shape the interaction between stock and currency markets in African frontier economies. By combining DCC-GARCH, cross-wavelet, and partial wavelet methods, the research provides novel evidence of heterogeneous contagion, volatility persistence, and policy influence across Ghana, Mauritius, and Tunisia. The findings highlight the importance of strengthening institutional resilience and policy frameworks to safeguard financial stability and enhance investment attractiveness in African frontier markets.",2,Cogent Economics & Finance,JournalArticle,False,10.1080/23322039.2025.2563160
"The Dynamic Relationships Among Economic Policy Uncertainty, Bitcoin, and the Stock Market",Renhong Wu; Yuantao Fang; Md. Alamgir Hossain,2025,stock market covid GARCH,Yes,"This study aims to explore the dynamic relationships among economic policy uncertainty (EPU), Bitcoin trading activity, and the NASDAQ index over the period from January 2, 2014, to March 21, 2023. Employing the dynamic conditional correlation–generalized autoregressive conditional heteroskedasticity (DCC‐GARCH) model, this research reveals significant time‐varying interdependencies between EPU and financial markets, with a specific focus on the Bitcoin sector. This paper extends the literature by examining EPU’s influence on trading volume and volatility spillovers during different market regimes and crisis events, including the COVID‐19 pandemic. The results demonstrate that the correlations between EPU and both Bitcoin and the NASDAQ index are dynamic and sensitive to market phases, with stronger effects observed during bull markets and heightened volatility during the pandemic. The findings provide new empirical evidence on the evolving role of EPU in shaping investor behavior and financial asset comovement. This study offers practical implications for investors, regulators, and policymakers, especially in designing risk management strategies under uncertainty.",2,Discrete Dynamics in Nature and Society,JournalArticle,False,10.1155/ddns/7975712
Global Commodities and the Indian Stock Market : A Post-Pandemic Volatility Spillover Analysis,Thouseef Ahamed G.; Naresh Kumar Tallapalli; P. Akula; S. K,2026,stock market covid GARCH,Yes,"Purpose : The paper analyzed the volatility spillovers between the global commodities (crude oil and gold) and the Indian stock market to find out whether the COVID-19 pandemic caused a structural break. It sought to determine whether the post-pandemic period was a new normal of risk transmission or a phase of returning to the long-run equilibrium.
Design/Methodology/Approach : A multivariate GJR-GARCH dynamic conditional correlation (DCC) model was used to analyze the daily data from January 2016 to June 2025. A two-stage structural break analysis was used to achieve robustness: An independent samples t-test was applied to detect mean changes, and the Bai and Perron endogenous breakpoint test was used to differentiate between a permanent rupture and a transitory shock.
Results : Although preliminary t-tests revealed that the post-pandemic correlation changes in the Nifty Energy and Auto index were significant compared to the pre-pandemic period, the Bai–Perron test showed that these changes were temporary stress rather than structural shifts. The aggregate market and the financial sector were resilient. Notably, the effectiveness of hedging was low (less than 2.5%), but the Auto sector experienced a certain decline in the protective power of Gold.
Practical Implications : Investors need to be aware that although market structures might be resilient, protective hedges might fail in periods of stress. The conventional methods of diversification by Gold and Crude Oil require dynamic reconsideration, especially in energy-sensitive industries.
Originality/Value : The current research has empirically distinguished between volatility stress and structural rupture at a sectoral level, which offers distinct evidence of resilience of the Indian market against non-financial global shocks.",2,Indian Journal of Finance,JournalArticle,False,10.17010/ijf/2026/v20i2/175359
Signs of Fluctuations in Energy Prices and Energy Stock-Market Volatility in Brazil and in the US,Gabriel Arquelau Pimenta Rodrigues; A. Serrano; Gabriela Mayumi Saiki; Matheus Noschang de Oliveira; Guilherme Fay Vergara; Pedro Augusto Giacomelli Fernandes; V. P. Gonçalves; Clóvis Neumann,2024,stock market covid GARCH,Yes,"Volatility reflects the degree of variation in a time series, and a measurement of the stock performance in the energy sector can help one understand the pattern of fluctuations within this industry, as well as the factors that influence it. One of these factors could be the COVID-19 pandemic, which led to extreme volatility within the stock market in several economic sectors. It is essential to understand this regime of volatility so that robust financial strategies can be adopted to handle it. This study used stock data from the Yahoo! Finance API and data from the energy-price database from the US Energy Information Administration to conduct a comparative analysis of the volatility in the energy sector in Brazil and in the United States, as well as of the energy prices in California. The volatility in these time series were modeled using GARCH. The stock volatility regimes, both before and after COVID-19, were identified with a Markov switching model; the spillover index between the energy markets in the USA and in Brazil was evaluated with the Diebold–Yilmaz index; and the causality between the energy stock price and the energy prices was measured with the Granger causality test. The findings of this study show that (i) the volatility regime introduced by COVID-19 is still prevalent in Brazil and in the USA, (ii) the changes in the energy market in the US affect the Brazilian market significantly more than the reverse, and (iii) there is a causality relationship between the energy stock markets and the energy prices in California. These results may assist in the achievement of effective regulation and economic planning, while also supporting better market interventions. Also, acknowledging the persistent COVID-19-induced volatility can help with developing strategies for future crisis resilience.",2,Econometrics,JournalArticle,True,10.3390/econometrics12030024
"Nonlinear Dependence Structure Between BRICS Stock Markets, Gold, and Cryptocurrencies",Jiale Yan,2025,stock market covid GARCH,Yes,"This study aims to conduct an in‐depth analysis of the complex nonlinear dependence relationships between cryptocurrencies and gold within the stocks of BRICS countries. The study employs a GARCH‐EVT‐Vine‐Copula and wavelet coherence models to evaluate the interconnectedness, tail risk and Co‐movement pattern of these assets before and after the outbreak of COVID‐19. The findings reveal that, prior to COVID‐19, significant tail dependence existed between China's stock market, the cryptocurrency index, and the indices of India and Russia, while other indices exhibited only weak dependence. However, after the outbreak of COVID‐19, the tail dependence among variables became more pronounced. The South African stock market appears to have emerged as the center of extreme lower‐tail risk spillovers among the studied variables. During the COVID‐19 outbreak, cryptocurrency markets demonstrated stronger coherence with global stock markets than gold, especially in the US market, potentially compromising their diversification effectiveness. Furthermore, our empirical results were validated by the Kupiec test and the Christoffersen test. The results of this study not only enhance the theoretical understanding of risk management in emerging markets during periods of extreme market crises but also provide valuable insights for policymakers in formulating strategies to ensure financial market stability.",2,The Manchester School,JournalArticle,False,10.1111/manc.70009
Assessment of Volatility Contagion Effect Between Major Financial Markets During COVID-19 Pandemic Catastrophes,P. Rai; Priya Gupta; A. Chauhan; Bhawna,2022,stock market covid GARCH,Yes,"Across the globe, the havoc of the pandemic known to be a black swan event has brought miseries, deaths, uncertainty, loss of lives and jobs holding the humanity in a state of despair. The financial markets have been equally hit by the pandemic due to on-going uncertainty and hopelessness among the masses. The aim of this study is to examine the volatility contagion and dynamic conditional correlations between eight stock indices during the gloomy period to validate that there is a scope for revisiting the investment portfolio, create natural hedge in the investment portfolio by using exponential generalised autoregressive conditional heteroscedasticity (EGARCH) and dynamic conditional correlation generalised autoregressive conditional heteroscedasticity (DCC-GARCH) approach. We conducted an in-depth analysis of capturing volatility among stock indices ranging from tracking the volatility followed by estimating persistence and multivariate volatility contagion of major stock indices of developed and developing economies during turbulent times of the pandemic when the globe was reeling under the taxing consequences of the first and second wave of COVID-19. There are very few studies that have conducted an in-depth analysis of capturing volatility of stock indices ranging from tracking the asymmetric volatility followed by estimating persistence and multivariate volatility contagion of major stock indices of developed and developing economies during turbulent times of the pandemic when the globe was reeling under the taxing consequences of the first and second wave of COVID-19.",2,Vision: The Journal of Business Perspective,,False,10.1177/09722629221104200
Nexus between monetary policy uncertainty and real estate market volatility in COVID-19 peak and recovery period,Haobo Zou; Mansoora Ahmed; Syed Ali Raza; Rija Anwar,2023,stock market covid GARCH,Yes,"
Purpose
Monetary policy has major impacts on macroeconomic indicators of the country. Accordingly, uncertainty regarding monetary policy shifts can cause challenges and risks for businesses, financial markets and investors. Thus, the purpose of this study is to investigate how real estate market volatility responds to monetary policy uncertainty.


Design/methodology/approach
The GARCH-MIDAS model is applied in this study to investigate the nexus between monetary policy uncertainty and real estate market volatility. This model was fundamentally instituted to accommodate low-frequency variables.


Findings
The results of this study reveal that increased monetary policy uncertainty highly affects the volatility in real estate market during the peak period of COVID-19 as compared to full sample period and COVID-19 recovery period; hence, a significant decline is evident in real estate market volatility during crisis.


Originality/value
This study is particularly focused on peak and recovery period of COVID-19 considering the geographical region of Greece, Japan and the USA. This study provides a complete perspective on the nexus between monetary policy uncertainty and real estate markets volatility in three distinct economic views.
",2,International Journal of Housing Markets and Analysis,JournalArticle,False,10.1108/ijhma-10-2023-0130
Can Fintech indices hedge VIX and global banking volatility? Evidence from a dynamic short-term perspective,S. B. Salem; Halilibrahim Gökgöz; A. Béjaoui; A. Jeribi,2025,stock market covid GARCH,No,,2,Digital Finance,JournalArticle,False,10.1007/s42521-025-00152-5
Islamic Capital Market Integration in 5 ASEAN Countries in the Covid-19 Era,Muhammad Ryan Romadhon; Siti Mutmainah,2023,stock market covid GARCH,Yes,"ABSTRACT
The purpose of this study was to analyze the short-term and long-term relationship between the Islamic capital markets of 5 selected countries in the Covid-19 era. This study used a quantitative approach using weekly secondary data from January 2020 to December 2022. The data analysis model used Vector Auto Regression (VAR) analysis. The results of this study show that in the short term, variants in the capital market will change due to shocks in other ASEAN Islamic capital markets, but short-term deviations in the Islamic capital market will adjust in the long term. meanwhile, in the long run, Islamic capital markets in ASEAN countries that were tested, have integrated despite the occurrence of a health crisis that also has an impact on the financial crisis. This provides an opportunity for investors to mitigate risks and increase profit margins, especially in Islamic stock exchanges in ASEAN countries. On the other hand, this research allows investors to reformulate a more diversified portfolio after the Covid-19 pandemic.
Keywords: Integration, Islamic Capital Market, ASEAN, Covid 19
ABSTRAK
Tujuan dari penelitian ini adalah untuk menganalisis hubungan jangka pendek dan jangka panjang antara pasar modal syariah 5 negara terpilih di era Covid-19. Penelitian ini menggunakan pendekatan kuantitatif dengan menggunakan data sekunder mingguan januari 2020 sampai dengan desember 2022. Model analisis data menggunakan analisis Vector Auto Regression (VAR). Hasil penelitian ini menunjukkan bahwa dalam jangka pendek, varian di pasar modal akan berubah karena guncangan di pasar modal syariah ASEAN lainnya, namun penyimpangan jangka pendek di pasar modal syariah akan menyesuaikan dalam jangka panjang. sementara dalam jangka panjang, pasar modal syariah di negara-negara ASEAN yang teruji, memiliki integrasi meskipun terjadi krisis kesehatan yang juga berdampak pada krisis keuangan. Hal ini memberikan suatu kesempatan bagi para investor untuk memitigasi risiko dan memperbesar margin keuntungan terutama di bursa saham syariah negara ASEAN. Disisi lain, dengan adanya penelitian ini memungkinkan membantu para investor untuk merumuskan kembali portofolio yang lebih terdiversifikasi setelah terjadinya pandemi covid-19.
Kata Kunci: Integrasi, Pasar Modal Syariah, ASEAN, Covid 19
REFERENCES
Abd. Majid, M. S. (2018). Who Co-Moves The Islamic Stock Market of Indonesia -The US, The UK, or Japan? Al-Iqtishad: Jurnal Ilmu Ekonomi Syariah, 10(2), 267–284. doi:10.15408/aiq.v10i2.7288
Abdul Karim, B., & Abdul-Rahman, A. (2020). Market integration in asean-5: Evidence of Islamic and conventional stock markets. Polish Journal of Management Studies, 21(1), 186–198. doi:10.17512/pjms.2020.21.1.14
Abdulkarim, F. M., Akinlaso, M. I., Hamid, B. A., & Ali, H. S. (2020). The nexus between oil price and Islamic stock markets in Africa: A wavelet and Multivariate-GARCH approach. Borsa Istanbul Review, 20(2), 108–120. doi:10.1016/j.bir.2019.11.001
Ahmed, F. (2021). Assessment of Capital Market Efficiency in COVID-19. European Journal of Business and Management Research, 6(3), 42–46. doi:10.24018/ejbmr.2021.6.3.839
Awwal, M. A. F. (2021). The corona pandemic on sharia capital market in Indonesia. Iqtishoduna, 10(2), 95–104. doi:10.36835/iqtishoduna.v10i2.864
Aziz, A., Rachmat, N., Abu, A., Adnan, Y., Islam, M. H., Islam, U., Hasan, Z., & Indonesia, G. (2020). Does integration superpower stock market for index of sharia stock in Indonesia. International Journal of Management Science and Business Research, 9(10), 170–177. doi:10.5281/zenodo.4990752
Bekaert, G., Harvey, C. R., & Ng, A. (2005). Market integtation and cintagration. The Journal of Business, 78(1), 39-70. doi:10.1086/426519
Cahyaningrum, A., & Robiyanto, R. (2021). Pengujian integrasi pasar modal di Kawasan Asia sebelum dan selama pandemi Covid-19. Jurnal Akuntansi Keuangan Dan Bisnis, 14(2), 211–220. doi:10.35143/jakb.v14i2.4673
Chen, M. P., Lee, C. C., Lin, Y. H., & Chen, W. Y. (2018). Did the S.A.R.S. epidemic weaken the integration of Asian stock markets? Evidence from smooth time-varying cointegration analysis. Economic Research, 31(1), 908–926. doi:10.1080/1331677X.2018.1456354
Chen, N. F., Roll, R., & Ross, S. A. (1986). Economic Forces and the Stock Market. Journal of Bussiness, 59(3), 383–403.
Climent, F., & Meneu, V. (2003). Has 1997 Asian crisis increased information flows between international markets. International Review of Economics & Finance, 12(1), 111–143. doi:10.1016/s1059-0560(02)00140-5
Dantes, R. (2019). Wawasan pasar modal syariah. Ponorogo: Wade Group.
Elmizan, G. H., Rahmawati, V., & Talim, A. (2022). Understanding and interest in sharia capital market investment of PTKIN and PTKIS Students. Indonesisan Interdisciplinary Journal of Sharia Economics, 5(2), 441–458. doi:10.31538/iijse.v5i2.2165
Erdo, S., Gedikli, A., & Ismail, E. (2020). Volatility spillover effects between Islamic stock markets and exchange rates : Evidence from three emerging countries. Borsa Istanbul Review, 20(4), 322-333. doi:10.1016/j.bir.2020.04.003
Fama, E. F. (1970). Efficient capital markets: A review of theory and empirical Work. The Journal of Finance, 25(2), 383–417. doi:10.2307/2325486
Fathoni, H., & Sakinah, G. (2021). Peran pasar modal syariah dalam laju pertumbuhan ekonomi di Indonesia. Khazanah Multidisiplin, 2(1), 33–44.
Gujarati, D. N., & Porter, D. C. (2009). Basic econometrics. New York: McGraw-Hill Companies,Inc.
Gunawan, D., & Cahyadi, W. (2019). Integrasi pasar saham Indonesia dengan Pasar Saham Asia. Jurnal PasarModal Dan Bisnis, 1(2), 145–154. doi:10.37194/jpmb.v1i2.27
Handini, S., & Astawinetu, E. D. (2020). Teori portofolio dan pasar modal Indonesia. Surabaya: Scopindo Media Pustaka.
Hartati, N. (2021). Investasi saham syariah di bursa efek Indonesia dalam perspektif hukum ekonomi syariah. J-HES (Jurnal Hukum Ekonomi Syariah), 5(1), 33–48. doi:10.26618/j-hes.v5i01.4819.
Karim, B. A., & Karim, Z. A. (2012). Integration of ASEAN-5 stock markets: A revisit. Asian Academy of Management Journal of Accounting and Finance, 8(2), 21–41.
Khan, K., Zhao, H., Zhang, H., Yang, H., Shah, M. H., & Jahanger, A. (2020). The impact of COVID-19 pandemic on stock markets: An empirical analysis of world major stock indices. Journal of Asian Finance Economics and Business, 7(7), 463–474. doi:10.13106/jafeb.2020.vol7.no7.463
Laopodis, N. T. (2020). Understanding investments (2nd Edition). London: Routledge.
Liu, H., Manzoor, A., Wang, C., Zhang, L., & Manzoor, Z. (2020). The COVID-19 outbreak and affected countries stock markets response. International Journal of Environmental Research and Public Health, 17(8), 1–19. doi:10.3390/ijerph17082800
Majid, M. S. A., Meera, A. K. M., & Omar, M. A. (2008). Interdependence of asean-5 stock markets from the US and Japan. Global Economic Review, 37(2), 201–225. doi:10.1080/12265080802021201
Malik, A. D. (2017). Analisa faktor – faktor yang mempengaruhi minat masyarakat berinvestasi di pasar modal syariah melalui Bursa Galeri Investasi Uisi. JEBIS: Jurnal Ekonomi Dan Bisnis Islam, 3(1), 61-84. doi:10.20473/jebis.v3i1.4693
Mustapha, M. I., Bacha, O. I., & Masih, M. (2017). Dynamics of islamic stock market returns and exchange rate movements in the ASEAN Countries in a regime-switching environment : Implications for the islamic investors and risk hedgers. Munich Personal RePEc Archive: University Library of Munich, 82218.
Noptriyani, I., Ahmadsyah, I., & Aufa, S. (2016). Faktor-Faktor yang menjadi penghambat bagi mahasiswa dalam memiliki investasi (Studi kasus pada mahasiswa Fakultas Ekonomi dan Bisnis Islam Universitas Islam Negeri Ar-Raniry). Global Journal of Islamic Banking and Finance, 2(1), 82–109. doi:10.22373/jihbiz.v2i1.8580
Nurlina., Abubakar, A., & Khalid, R. (2022). Investasi perspektif Al-Qur’an (Studi menggunakan metode Maudhu’i). E-QIEN: Jurnal Ekonomi dan Bisnis, 11(1), 997–1004. doi:10.34308/eqien.v11i1.832
Oceania, F. G., & Ardiansyah, M. (2023). Dampak shock pada indeks saham syariah global dan indeks saham syariah Regional Asean terhadap perubahan harga saham pada Jakarta Islamic Index Periode 2020-2022 2(03). (Thesis Magister, Universitas Islam Negeri Sunan Kali Jaga) https://digilib.uin-suka.ac.id/id/eprint/55880/
Pajar, R. C., & Pustikaningsih, A. (2017). Pengaruh Motivasi Investasi Dan Pengetahuan Investasi Terhadap Minat Investasi Di Pasar Modal Pada Mahasiswa Fe Uny. Profita: Kajian Ilmu Akuntansi, 5(1), 1–16.
Pardal, P., Dias, R., Suler, P., Teixeira, N., & Krulicky, T. (2020). Integration in Central European capital markets in the context of the global COVID-19 pandemic. Equlibrium: Quarterly Journal of Economics and Economic Policy, 15(4), 627-650. doi:10.24136/eq.2020.027
Peristiwo, H. (2016). Analisis minat investor di kota Serang terhadap investasi syariah pada pasar modal syariah. Jurnal Ekonomi Keuangan dan Bisnis Islam, 7(1), 37–52. doi:10.32678/ijei.v7i1.7
Prasetyo, T. A. (2022). Analisis indeks harga saham syariah internasional dan variabel makro ekonomi terhadap Jakarta Islamic Index. At Tawazun, 10(01), 41–53.
Qizam, I., Ardiansyah, M., & Qoyum, A. (2020). Integration of Islamic capital market in ASEAN-5 countries: Preliminary evidence for broader benefits from the post-global financial crisis. Journal of Islamic Accounting and Business Research, 11(4), 811–825. doi:10.1108/JIABR-08-2019-0149
Rabbani, I. A., & Saputra, I. (2022). Financial literacy dan overconfidence dalam keputusan investasi. Journal of International Management, 1(1),1–18.
Romadhon, M. R., & Ardiansyah, M. (2022). Analisis Pasar Modal Syariah 5 Negara ASEAN di Era Pandemi. E-Journal Ekonomi Bisnis dan Akuntansi Universitas Jember, 9(1), 36–41. doi:10.19184/ejeba.v9i1.30412
Saiti, B. (2015). Cointegration of Islamic stock indices: Evidence from five ASEAN countries. International Journal of Scientific & Engineering Research. 6(7), 1392–1405.
Sims, C. A. (1972). Money, income, causality. The American Economic Review, 62(4), 540–552.
Siregar, P.",2,Jurnal Ekonomi Syariah Teori dan Terapan,JournalArticle; Review,True,10.20473/vol10iss20233pp262-274
Financial contagion in financial markets: a systematic literature review and directions for future research,S. Al-Khazaleh; Nemer Badwan; Mohammad Almashaqbeh,2025,stock market covid GARCH,Yes,"Purpose
This paper aims to provide a comprehensive overview of the existing knowledge on financial contagion through a systematic literature review. Financial contagion, the phenomenon of events spreading and affecting financial markets, has gathered significant attention from scholars and practitioners. Numerous studies have been conducted on this topic, necessitating a thorough examination of the diverse approaches and findings related to financial contagion.

Design/methodology/approach
This study reviews financial contagion research in the Web of Science (WoS) and Scopus databases, analyzing 66 articles. This review, based on selected keywords and defined criteria, has a total of 1,470 citations referencing these articles as of April 2023. Notably, the GARCH model and the Copula model emerged as prominent methodologies for investigating the financial contagion effect.

Findings
The results reveal the interconnectedness of financial markets, where economic and financial instabilities in one country affect others. The insights obtained from articles retrieved from the WoS and Scopus databases are as follows: The analyzed studies span the time range of 1999–2023. The publication count was minimal in 1999–2000 (1 each) and peaked in 2021 (13 articles), indicating a rising trend in research on financial contagion in recent years, reflecting an increased focus on the topic. The majority of articles related to financial contagion and corruption have multiple authors.

Research limitations/implications
This study’s limitation is that network indicators are only used as explanatory variables. Future research could use these indicators to illustrate the topological configurations of financial structures, elucidating the dynamic evolution of financial networks and advancing a thorough understanding of contagion mechanisms from a network perspective.

Practical implications
Policymakers should consider the effects of financial contagion cross various financial markets, particularly in neighboring nations, when establishing policies address a financial crisis. Countries need to protect their economic frameworks, ensure the smooth operation of their economies and manage investment decisions within acceptable risks levels. Examining the impact of financial crises and pandemics on the financial system’s vulnerability to financial contagion is essential for policymakers and risk to develop effective strategies.

Originality/value
By synthesizing current research findings, this paper provides insights into potential avenues for future studies on this critical topic, thereby enhancing the understanding of financial contagion. This paper enriches the existing literature by presenting a systematic overview of financial contagion research, concentrating on financial contagion during periods of financial crises and pandemics and emphasizing the increasing interest in this field in recent years. Furthermore, this paper adds to the literature on the financial contagion effects of COVID-19, offering a clearer understanding of the nature of this crisis and its distinctive characteristics.
",2,Journal of Money Laundering Control,JournalArticle; Review,False,10.1108/jmlc-10-2024-0166
Combining deep learning with econometric models: volatility forecasting using the KAN-GARCH-MIDAS framework,Ting Liu; Weichong Choo; Xinping Han; Le Li,2025,volatility forecasting covid deep learning,Yes,"ABSTRACT Machine learning and deep learning are increasingly applied in finance, yet few studies explore how they can enhance traditional econometric models. This study proposes an innovative KAN-GM model, integrating the Kolmogorov–Arnold network (KAN) with the GARCH-MIDAS model to extract nonlinear macroeconomic features for volatility forecasting. Empirical results show that KAN-GM outperforms traditional GARCH in MAE and MedAE, consistently ranks in the optimal model set via MCS tests, and demonstrates strong cross-market adaptability (stocks and forex). It also maintains robustness pre- and post-COVID-19. The model effectively combines deep learning and econometrics, improving financial risk prediction.",2,Journal of Applied Economics,JournalArticle,False,10.1080/15140326.2025.2555479
Deep Learning Enhanced Realized GARCH,Chen Liu; Chao Wang; Minh-Ngoc Tran; R. Kohn,2023,volatility forecasting covid deep learning,Yes,"We propose a new approach to volatility modeling by combining deep learning (LSTM) and realized volatility measures. This LSTM-enhanced realized GARCH framework incorporates and distills modeling advances from financial econometrics, high frequency trading data and deep learning. Bayesian inference via the Sequential Monte Carlo method is employed for statistical inference and forecasting. The new framework can jointly model the returns and realized volatility measures, has an excellent in-sample fit and superior predictive performance compared to several benchmark models, while being able to adapt well to the stylized facts in volatility. The performance of the new framework is tested using a wide range of metrics, from marginal likelihood, volatility forecasting, to tail risk forecasting and option pricing. We report on a comprehensive empirical study using 31 widely traded stock indices over a time period that includes COVID-19 pandemic.",2,,,False,
Stock Volatility Prediction Using Machine Learning during Covid-19,Saba Zahid; Hassan Mujtaba; Nawaz Saleem; Ph.D. scholar,2023,stock market volatility covid machine learning,Yes,"Predicting the stock prices’ movement has been considered a tedious task due to the stock market's volatile behavior. This study is an attempt to predict stock prices based on 15 trading factors by applying deep learning algorithm support vector machine (SVM) on daily price data of three stocks of COVID-19, collected from secondary sources and processed through Python software. The finding of this study suggests that the linear kernel gives 53%, the polynomial kernel gives 46% and the radical basis function (RBF) kernel gives 62% validation accuracy, which shows the RBF kernel predictive ability is highest than others during high volatility. The current study contributes to the stock return literature-originated machine learning algorithms during the unprecedented market condition.  The finding of this study is helpful for investors and traders who calculate stock return in their portfolio diversified decisions, regulators, and policymakers in the formulation of their regulations & implementation decisions while the market condition is unprecedented. Thus, the support vector machine (SVM) algorithm offers an accurate prediction of stock return to investors who invest during high volatility.",2,"STATISTICS, COMPUTING AND INTERDISCIPLINARY RESEARCH",JournalArticle,True,10.52700/scir.v5i2.135
Impact of Healthcare on Stock Market Volatility and Its Predictive Solution Using Improved Neural Network,N. Rouf; Majid Bashir Malik; Sparsh Sharma; In-ho Ra; Saurabh Singh; Abhishek Meena,2022,stock market volatility covid machine learning,Yes,"The unprecedented Corona Virus Disease (COVID-19) pandemic has put the world in peril and shifted global landscape in unanticipated ways. The SARSCoV2 virus, which caused the COVID-19 outbreak, first appeared in Wuhan, Hubei Province, China, in December 2019 and quickly spread around the world. This pandemic is not only a global health crisis, but it has caused the major global economic depression. As soon as the virus spread, stock market prices plummeted and volatility increased. Predicting the market during this outbreak has been of substantial importance and is the primary motivation to carry out this work. Given the nonlinearity and dynamic nature of stock data, the prediction of stock market is a challenging task. The machine learning models have proven to be a good choice for the development of effective and efficient prediction systems. In recent years, the application of hyperparameter optimization techniques for the development of highly accurate models has increased significantly. In this study, a customized neural network model is proposed and the power of hyperparameter optimization in modelling stock index prices is explored. A novel dataset is generated using nine standard technical indicators and COVID-19 data. In addition, the primary focus is on the importance of selection of optimal features and their preprocessing. The utilization of multiple feature ranking techniques combined with extensive hyperparameter optimization procedures is comprehensive for the prediction of stock index prices. Moreover, the model is evaluated by comparing it with other models, and results indicate that the proposed model outperforms other models. Given the detailed design methodology, preprocessing, exploratory feature analysis, and hyperparameter optimization procedures, this work gives a significant contribution to stock analysis research community during this pandemic.",2,Computational Intelligence and Neuroscience,JournalArticle,True,10.1155/2022/7097044
Measuring the Efficiency of State-Owned Stocks Using Capital Asset Pricing Model (CAPM),I Kadek Bellyoni Dwijaya; Muhammad Yunus Kasim; Sri Dewi Fitrianingsih,2024,stock market covid GARCH,Yes,"Abstract 
Research aim : This study examines market efficiency using the Capital Asset Pricing Model (CAPM) method on BUMN stocks in Indonesia. 
Design/Methode/Approach : This model explains the relationship between risk and return in an efficient market. The analysis focuses on using stock beta calculations for 5 years. 
Research Finding : The research results are as follows: 1) the BUMN stock market in Indonesia is classified as efficient, namely 11 stocks where 5 companies have positive individual returns, namely ANTM, TINS, KRAS, BBNI, and PGAS. There are 6 companies that have negative returns, namely WSKT, ADHI, WIKA, PTPP, SMBR, and BBTN. 2) the analysis was carried out during the covid-19 pandemic period, the basic material sector is a collection of stocks that are classified as resilient during the pandemic showing positive and efficient returns. 3) overall, there is a high systematic risk of BUMN stocks in Indonesia, and actively responds to any changes that occur in market prices. 
Theoretical contribution/Originality : This contribution is expected to be a reference for investors and market participants. 
Practitionel/Policy implication : These results provide information for investors to choose efficient State-Owned Enterprises (BUMN) stocks in deciding to invest and still consider the nature and characteristics of each investor. 
Research limitation : Future research is expected to use other methods in analyzing the level of stock risk such as Arbitrage Pricing Theory (APT) or estimating future stock prices using the ARIMA / GarCH forecasting method and increasing the number of samples in the study or different market indices so that the expected results are more accurate in predicting future stock prices.",1,JURNAL NUSANTARA APLIKASI MANAJEMEN BISNIS,JournalArticle,True,10.29407/nusamba.v9i1.21162
"Volatility spillover effects of oil, gold and bulk shipping prices on financial markets",Georgiana Pleșa,2022,stock market covid GARCH,Yes,"Abstract The volatility spillover effect plays an increasingly important role in the transmission of shocks mainly in recent periods, with the further advance of globalization and the rapid development in international linkages. This analysis of the interconnections between economic and financial markets has particular importance for investors in risk hedging strategies and portfolio diversification. Moreover, current turbulent periods, characterized by a volatile oil price, instability of gold price and supply bottlenecks caused by the outbreak of the COVID-19 pandemic impose the necessity to study this effect. The novelty brought by this paper is related to the analysis of the spillover effect coming from oil, commodity and bulk shipping markets to financial markets of Eastern-Europe emerging markets, namely Czech Republic, Hungary, Poland and Romania. To assess this effect, in this study it was implemented a widely used model in research papers model, more exactly the bivariate GARCH-BEKK (1,1) from the period July 2012 – February 2022. The results suggest the long-term memory of volatility in these markets, while direct interconnection and unidirectional spillovers effects are expected to be underlined by the volatility of gold returns on the stock markets returns.",1,Proceedings of the International Conference on Business Excellence,Conference,True,10.2478/picbe-2022-0066
Impact of the COVID-19 virus on MENA stock market,Sirine Ben yaala; J. Henchiri,2024,market behavior pandemic data analysis,Yes,"This study examines the influence of contagious infectious diseases, specifically COVID-19, on stock market behavior. With the global emergence of COVID-19, we have witnessed not only the health implications of a pandemic but also its profound social and economic repercussions, exacerbated by the implementation of lockdown measures. Utilizing panel data analysis, we assess the impact of disseminated information regarding the virus on the stock markets of the MENA region. Our findings reveal that the daily increases in both total confirmed cases and total deaths attributable to COVID-19 have a consistently significant and negative effect on stock returns across all observed markets. In conclusion, our analysis confirms that the spread of COVID-19 has had a detrimental impact on stock market returns in the MENA region. This underscores the vulnerability of financial markets to global health crises and highlights the necessity for market participants to consider health-related information as a significant factor in risk assessment and investment decision-making processes.",1,Innovation Economics Frontiers,JournalArticle,True,10.36923/economa.v27i1.238
"Assessing Volatility of Returns in Select Stock Markets: Evidence from India, Singapore and USA",Arshi Firdous; Sarbapriya Ray,2025,stock market covid GARCH,Yes,"Volatility can be regarded as one of the crucial aspects to judge movements of stock price while making financial decisions. This article tried to articulate the movements of stock return during the time comprising before, after COVID-19 pandemic period empirically. To accurately incarcerate the volatility of asset returns, the study presented the commonly used GARCH (1,1) volatility model for assessing the volatility of daily returns of STI (Singapore), Dows and Jones (USA), BSE Sensex (India) stock prices from 1st Jan 2018- 31st Dec 2022, where from 1st Jan 2018 to 16th Jan 2020 is denoted as pre covid-19 phase and From 17th Jan 2020- 31st Dec 2022 is considered as during COVID- 19 phase. The findings suggest that all the markets under study had strong GARCH effect and the volatility clustering is relatively relentless and also the effect of older news upon volatility is quite persistent. In upcoming period, researchers can assess the performance of time series models  with multiple variables using day by day return data of more such global markets.",1,European Journal of Economics,JournalArticle,False,10.33422/eje.v5i1.970
Methodological insights regarding the impact of COVID-19 dataset on stock market performance in African countries: A computational analysis,M. Ogunniran; K. Tijani; Rhoda Ifeanyi Benson; K. Kareem; L. Moshood; M. Olayiwola,2024,stock market covid GARCH,Yes,"This research aims to evaluate the impact of the COVID-19 pandemic on stock markets in Africa. The study analyzes the stock market returns in nine selected African countries (South Africa, Morocco, Tunisia, Botswana, Nigeria, Uganda, Kenya, Mauritius, and Tanzania) before, during, and after the COVID-19 pandemic. We investigate the impact of COVID-19 on stock market returns and the effect of the worst-hit country's volatility on other African countries' stock market returns utilizing autoregressive conditional heteroscedasticity (ARCH), generalized ARCH (GARCH), and threshold ARCH (TARCH) tests. Additionally, we explore the implications for foreign investors in terms of portfolio diversification and risk management, contributing to the existing literature on the effects of the COVID-19 crisis on financial markets and investment risk. Thereby, we provide insights into African stock markets' interconnectedness and help foreign investors reduce their losses and manage risks associated with the COVID-19 pandemic. Finally, we discuss the need for further research.",1,Journal of Amasya University the Institute of Sciences and Technology,JournalArticle,True,10.54559/jauist.1493217
"Does the COVID-19 outbreak affect dynamic co-movement among the stock markets of China, Japan, and the USA?",Haoyun Li,2023,stock market covid GARCH,Yes,"The research examines the effect of the COVID-19 outbreak on the dynamic co-movement of the stock markets of China, Japan, and the USA using a VAR model and a DCC-GJR-GARCH model. Especially, this study focuses on during and preceding the COVID period. This study data period extends from 1 January 2016 to 31 April 2022. The results demonstrate that COVID-19’s effect increases stock market volatility. Meanwhile, the VAR model revealed that the USA’s exogeneity was greater during COVID-19. In addition, the pre-crisis Granger Causality between China–USA and Japan–China is substantially higher than during the crisis. The findings of DCC-GJR-GARCH indicate the presence of volatility clustering in each of the stock markets. Moreover, the results suggest that the time-varying correlations between China and the USA during the pre-COVID period are greater than during the COVID period. The study’s findings highlight that investors attempting to increase investment diversification opportunities worldwide should always consider dynamic co-movement in different periods to maximize returns and minimize risk.",1,International Journal of Financial Engineering,JournalArticle,False,10.1142/s2424786323500639
Self-Adaptive Machine Learning Models for Financial Risk‎ Forecasting: Handling Non-Stationarity in Banking and Cryptocurrency Time Series,P. Bhowmik; D. Subha; Abdur Rahim; A. Mohammed; Maksuda Begum; Redoyan Chowdhury; Tanveer Ehsan Chowdhury; M. Wajeed; Dr. Khan Mohammad Elyas; Mahamuda Akter Shati,2026,volatility forecasting covid deep learning,Yes,"Financial markets rarely sit still. They drift, jump, and occasionally snap into entirely new regimes, with volatility behaving differently depending on the moment. These shifts steadily erode the usefulness of static risk forecasting models. Approaches built on fixed parameters or scheduled retraining tend to lag behind reality, especially when markets are under stress and conditions change fast. This paper investigates whether self-adaptive machine learning models can generate reliable and practical volatility forecasts in live settings, without relying on repeated full retraining cycles. Using daily closing prices from the S&P 500 index and Bitcoin as examples of traditional and cryptocurrency assets, the task is set up as a strictly out-of-sample, one-step-ahead volatility forecasting problem. We compare static models, periodically retrained models, and fully self-adaptive models across calm periods and clearly defined stress regimes, including the COVID-19 crash and major cryptocurrency boom and bust cycles. The results show that self-adaptive models deliver stronger performance across both asset classes. They achieve lower forecast errors, more stable errors during stress, quicker recovery after shocks, and sharply lower computational demands. Recursive EWMA-based models stand out for their solid performance using constant memory and lightweight updates, while online gradient-based learners adapt flexibly without drifting into instability. Taken together, the evidence points to continuous adaptation as a structurally superior approach for financial risk forecasting under non-stationarity. The study demonstrates that self-adaptive models can be deployed in real-time risk systems and sets the stage for future work that connects adaptive forecasting with evolving explainability and regulatory reporting requirements.",1,International Journal of Accounting and Economics Studies,JournalArticle,False,10.14419/7x458m39
Performance comparison of CEEMDAN-LSTM and basic LSTM models in predicting realized volatility,Zheshuo Zhang,2024,volatility forecasting covid deep learning,Yes,": This paper presents a comparative analysis of the effectiveness of hybrid CEEMDAN-LSTM models and traditional LSTM models in predicting realized volatility in financial markets. By utilizing realized volatility data from 2004 to 2024, the study highlights significant market fluctuations during the 2008 financial crisis and the 2020 COVID-19 pandemic. The findings indicate that the CEEMDAN-LSTM model, which decomposes time series data into intrinsic mode functions (IMFs) before applying LSTM networks, outperforms the basic LSTM model in terms of predictive accuracy, particularly during periods of high volatility. This enhanced performance is evidenced by lower error metrics, such as Mean Absolute Error (MAE) and Mean Squared Error (MSE). The research underscores the value of integrating advanced decomposition techniques with deep learning models to better capture the complex dynamics of financial markets.",1,Multidisciplinary Journal of Engineering and Technology,JournalArticle,False,10.61784/mjet3007
Interpretable ESG–sentiment hybrid deep learning for asset return forecasting with quantified interactions and latency-aware deployment,Sasmita Mishra; Zefree Lazarus Mayaluri; C. Liew; Prabodh Kumar Sahoo; A. K. Samantaray,2026,volatility forecasting covid deep learning,Yes,"Accurate forecasting of financial time series increasingly relies on alternative data such as environmental, social and governance (ESG) scores and news-based sentiment, yet the way these signals interact and when they actually improve forecasts is still poorly understood. We introduce an interpretable hybrid framework for asset return forecasting that combines a Temporal Fusion Transformer (TFT) with a lightweight Support Vector Regression (SVR) residual corrector and an explicit gated late fusion of ESG features with aspect-based financial sentiment (FinBERT-based ABSA). The gating mechanism learns when to emphasize sustainability versus sentiment signals, while SHAP interaction values and Friedman’s H quantify ESG–sentiment interactions across assets and regimes. A finance-grade, leak-proof walk-forward protocol (252 trading days train / 10 days test, within-fold scaling, ABSA items strictly before 16:00 ET; ESG effective T+3; macro T+1, HAC-robust Diebold–Mariano tests) is applied to US large-cap technology equities, major global indices, and BTC/ETH over 2020–2024. Across \documentclass[12pt]{minimal} \usepackage{amsmath} \usepackage{wasysym} \usepackage{amsfonts} \usepackage{amssymb} \usepackage{amsbsy} \usepackage{mathrsfs} \usepackage{upgreek} \setlength{\oddsidemargin}{-69pt} \begin{document}$$n=5$$\end{document} independent seeds, the hybrid achieves aggregate mean absolute error of \documentclass[12pt]{minimal} \usepackage{amsmath} \usepackage{wasysym} \usepackage{amsfonts} \usepackage{amssymb} \usepackage{amsbsy} \usepackage{mathrsfs} \usepackage{upgreek} \setlength{\oddsidemargin}{-69pt} \begin{document}$$2.77\times 10^{-3}$$\end{document} and RMSE of \documentclass[12pt]{minimal} \usepackage{amsmath} \usepackage{wasysym} \usepackage{amsfonts} \usepackage{amssymb} \usepackage{amsbsy} \usepackage{mathrsfs} \usepackage{upgreek} \setlength{\oddsidemargin}{-69pt} \begin{document}$$5.18\times 10^{-3}$$\end{document} on next-day log returns, with directional accuracy \documentclass[12pt]{minimal} \usepackage{amsmath} \usepackage{wasysym} \usepackage{amsfonts} \usepackage{amssymb} \usepackage{amsbsy} \usepackage{mathrsfs} \usepackage{upgreek} \setlength{\oddsidemargin}{-69pt} \begin{document}$$94.5\%$$\end{document}, IC 0.39, and ICIR 0.82, significantly outperforming tuned deep-learning and machine-learning baselines (HAC-robust per-asset Diebold–Mariano tests with BH-FDR \documentclass[12pt]{minimal} \usepackage{amsmath} \usepackage{wasysym} \usepackage{amsfonts} \usepackage{amssymb} \usepackage{amsbsy} \usepackage{mathrsfs} \usepackage{upgreek} \setlength{\oddsidemargin}{-69pt} \begin{document}$$q=0.05$$\end{document}; Fisher aggregation yields \documentclass[12pt]{minimal} \usepackage{amsmath} \usepackage{wasysym} \usepackage{amsfonts} \usepackage{amssymb} \usepackage{amsbsy} \usepackage{mathrsfs} \usepackage{upgreek} \setlength{\oddsidemargin}{-69pt} \begin{document}$$p<0.01$$\end{document}). Simple long-only, thresholded simulations indicate higher risk-adjusted performance and lower maximum drawdown under conservative transaction-cost assumptions. Ablation studies show that removing either ESG or sentiment features yields the largest degradations, and that the SVR corrector stabilizes errors under regime shifts. To directly address market-cycle sensitivity, we evaluate stability across event-defined stress windows (COVID-19 crash, 2022 tightening cycle, and 2023 banking stress) and volatility-defined regimes using terciles of 20-day realized volatility. We report regime-split forecasting and strategy metrics with block-bootstrap confidence intervals, HAC-robust Diebold–Mariano tests within each regime, and residual-stabilization diagnostics that quantify the SVR variance and skewness reduction under stress. ESG–sentiment interactions are statistically non-zero and regime-dependent, with sentiment gaining importance in turbulent periods and ESG in calmer markets. A latency-optimized variant that removes auxiliary BiLSTMs retains over \documentclass[12pt]{minimal} \usepackage{amsmath} \usepackage{wasysym} \usepackage{amsfonts} \usepackage{amssymb} \usepackage{amsbsy} \usepackage{mathrsfs} \usepackage{upgreek} \setlength{\oddsidemargin}{-69pt} \begin{document}$$90\%$$\end{document} of the accuracy gains while reducing inference time by approximately \documentclass[12pt]{minimal} \usepackage{amsmath} \usepackage{wasysym} \usepackage{amsfonts} \usepackage{amssymb} \usepackage{amsbsy} \usepackage{mathrsfs} \usepackage{upgreek} \setlength{\oddsidemargin}{-69pt} \begin{document}$$55\%$$\end{document} of the full model (i.e., a reduction of about \documentclass[12pt]{minimal} \usepackage{amsmath} \usepackage{wasysym} \usepackage{amsfonts} \usepackage{amssymb} \usepackage{amsbsy} \usepackage{mathrsfs} \usepackage{upgreek} \setlength{\oddsidemargin}{-69pt} \begin{document}$$45\%$$\end{document}), supporting near-real-time deployment.",1,Scientific Reports,JournalArticle,False,10.1038/s41598-026-41985-3
Deciphering the Risk–Return Dynamics of Pharmaceutical Companies Using the GARCH-M Model,Arvinder Kaur; Kavita Chavali,2025,stock market covid GARCH,Yes,"This study focuses on the precise forecasting of stock price movement to determine returns, diversify risk, and demystify existing opportunities. It also aims to gauge the difference in terms of the stock volatility of various pharma companies before and during the pandemic era. The prediction of stock market volatility and associated risks is demonstrated by using the GARCH-M model. A sample is collected by clustering daily closing and opening prices from the official websites of the top ten pharmaceutical companies listed on the Bombay Stock Exchange for ten years, from 2012 to 2023. It is evident when using the GARCH-M model, which indicates pharma stock volatility clustering before the COVID-19 pandemic, that a significant relationship is present between risk and return and that these could cause future volatility and significant price movements. Before the COVID-19 pandemic, investors had time to adjust to market conditions, as the volatility was constant but less sensitive to transient shocks. Though it passed faster than ever, the COVID-19 pandemic produced significant market instability. The findings suggest that, especially before the COVID-19 pandemic, the high GARCH(-1) coefficients held Merton’s ICAPM, which maintains that past volatility shapes future returns. This sort of activity is compatible with the way financial markets usually operate. The findings suggest that volatility rose after the COVID-19 pandemic, but this was more because of changes in government policies and vaccines than because of regular market forces. Pricing patterns are dominated by stock interventions, liquidity constraints, and sentiments during a crisis period when volatility becomes irrelevant. Appropriate decision-making by individual investors, portfolio managers, and policymakers regarding the stock market is possible through effective prediction based on time-series analysis. The GARCH-M model is compatible with predicting future stock price changes efficiently. This study uniquely applies the GARCH-M model to the Indian pharmaceutical sector, offering valuable insights into stock volatility and risk–return dynamics, particularly during the COVID-19 pandemic.",1,Risks,JournalArticle,False,10.3390/risks13050087
The Impact of Normalized Covid-19 Pandemic on Tesla’s Yield and Volatility,Mingyuan Jia,2023,stock market covid GARCH,Yes,"COVID-19 has been going on for almost three years now and has had a significant impact on people's daily lives, industry, agriculture, etc. Meanwhile, the financial markets have been very turbulent due to the epidemic, and many inventors were also nervous as a result. Electric vehicles which are the fastest growing industry in recent years have attracted a considerable range of attention. Therefore, this paper selects Tesla which is one of the largest electric vehicle companies as the research subject. Also, this essay intercepts a lot of data, including Tesla stock market closing price, new daily confirmed cases of China, and new daily confirmed cases overseas and uses impulse response and ARMA-GARCH model, to study how Tesla’s yield and volatility have been affected by the normalized Covid-19, and to make a prediction about the future development of Tesla. Moreover, some suggestions are given to the investors and policy makers to help them to make a better decision.",1,BCP Business &amp; Management,,True,10.54691/bcpbm.v38i.3804
Feds Monetary Policy and Dynamic Changes in Stock Prices of Large Supermarket Chain,Jiabei He,2023,stock market covid GARCH,Yes,"The U.S. is experiencing the highest inflation in 40 years, and prices have been rising. The Fed adjusts this rate to achieve one goal - to maintain maximum employment and price stability in the United States. But the Fed's sharp rate hikes also raise the risk of a sharp slowdown, especially as new challenges emerge, such as Russia's war with Ukraine and China's capacity problems due to Covid lockdowns. This article assesses the impact of Fed rate hikes on the supermarket stock market. This paper builds a VAR model and an ARMA-GARCH model to analyze changes in stock prices from the perspective of value and volatility. This paper finds that Fed rate hikes unsurprisingly negatively impacted stock returns and increased their volatility, leaving stock prices in an unpredictable situation. The research paper can give the Fed a reference data. When the Fed decides to raise interest rates, it needs to consider the current world economic situation. For example, flu and war will affect the world economy, and will also have some impact when the Fed raises interest rates.",1,"Advances in Economics, Management and Political Sciences",JournalArticle,False,10.54254/2754-1169/6/20220191
THE SHORT-TERM CORONAVIRUS (COVID-19) PANDEMIC EFFECT: AN EMPIRICAL INVESTIGATION OF INDIAN STOCK MARKET (BSE),,2022,stock market covid GARCH,Yes,"India’s precautionary step toward COVID-19 led to 1.3 billion people enduring lockdown, consequently halting the wheels of the Indian economy. Though the crash of the stock market was evident and explanatory, it left all stakeholders (including the investors and government) with no choice. Deteriorating SENSEX and other indices forced investors to withdraw and lose attraction from the market and looped in more serious issues to the Indian stock market. This paper empirically analyses the short-term impact of COVID-19 on five selected BSE indices for SENSEX, FMCG, Bank, Corporate-Bond, and Industrial using econometric models. Stationarity was checked by Augmented Dickey-Fuller and Philips-Perron test. Autocorrelation was assessed and mitigated by Durbin-Watson, Breusch-Godfrey Serial Correlation LM test, and Cochrane-Orcutt transformation method. This study attempts to apply Multiple Regression, the GARCH model, Standard Vector Autoregression (S-VAR), and Impulse Response Function (IRF) to decode the relation. The results indicated that the COVID-19 pandemic is adversely affecting the performance of the Indian stock market in the short run. All the indices showed a negative relationship antecedent with the effect of COVID-19, except for the SPICBI index. This paper implies investment solutions for the investors and policymakers to cope with the unprecedented situation amidst COVID-19.",1,Indian Journal of Finance and Banking,,True,10.46281/ijfb.v10i1.1716
Regime Shift Behavior and Interconnectedness of Stock Market Volatility and Exchange Rate Movements: Empirical Evidence from Emerging and Developed Economies,Attaullah; K. Hamid; M. Y. Saeed; Shareen Hussain,2022,stock market covid GARCH,Yes,"Purpose: The purpose of this study is to examine the regime shift behavior and interconnectedness between stock market volatility and exchange rate in a pre and post COVID context. 
Design/Methodology/Approach: For this purpose Pakistan India and China has been taken as emerging economies and USA UK and Japan as developed economies.  Daily data of exchange rates and stock market indices have been used from Jan,1 2011 to Apr 30, 2021. Markov regime switching model, GARCH model and Granger causality test has been used. 
Findings: The outcomes of this study empirically confirmed that the Markov regime switching model is flexible model because it captures regime shifts in the mean and variance equation of all sample economies. Moreover, the sum of GARCH (1,1) indicates that volatility shocks are persistent except India. Study also concluded that exchange rate volatility has significant positive impact on stock market of Pakistan, USA and Japan in a pre COVID context. 
Implications/Originality/Value: A post COVID context has significant impact on the stock market of India, U.S.A. and U.K. Granger causality results indicates unidirectional relationship for Pakistan, China and USA. Whereas for Japan bi-directional relationship is found but for India and UK no directional causality exist.                                                             ",1,Sustainable Business and Society in Emerging Economies,,True,10.26710/sbsee.v4i2.2329
Currency hedging behavior for stock returns uncertainty in Ghana,Bartholomew Bilijo Bachori; Emmanuel Buabeng; D. Sakyi,2022,stock market covid GARCH,Yes,"ABSTRACT This article investigates the dynamic interaction between stock market returns and exchange rate movement and their implication for portfolio risk management in Ghana. To do so, and considering the Covid-19 crisis, the Dynamic Conditional Correlation Multivariate GARCH estimation technique was employed on daily data for Ghana Stock Exchange (GSE) Composite Index and the Ghana Cedi to USD, Euro, and GBP exchange rates from 3 January 2012 to 26 November 2021. The results revealed that: (i) the GSE market has no significant exposure to the USD, Euro, and GBP exchange rates in the full sample and periods before the crisis but was significantly exposed to the Euro rates during the crisis, (ii) the returns on holding foreign currencies were relatively higher but riskier compared to returns on stocks for the full sample and periods before the crisis, and (iii) while the Euro rates act as the most efficient hedge currency for stock returns uncertainty the correlations between stock returns and exchange rate movement were generally low and therefore, forming a portfolio of stocks and currency pairs improved an investor’s daily returns and risk. Based on the findings, relevant policy suggestions are offered to guide investors and policymakers.",1,Applied Economics,,False,10.1080/00036846.2022.2047599
"Global economic policy uncertainty, oil shocks and volatility in some Southern African Development Community stock markets: A GARCH-MIDAS approach",Bédi Guy Hervé Drama,2023,stock market covid GARCH,Yes,"This study investigates the effects of global economic policy uncertainty and oil shocks on stock market volatility in Botswana, Mauritius, and South Africa. Datasets from periods preceding and during the COVID-19 pandemic are utilized to provide evidence on the impact of global economic policy uncertainty (GEPU) and oil shocks on stock returns volatility in these countries. The examination employs a mixed data sampling model based on generalized autoregressive conditional heteroskedasticity (GARCH-MIDAS). The GARCH-MIDAS approach allows for combining high-frequency stock data with low-frequency GEPU and oil shock data to forecast the long-term component of volatility. Additionally, this method demonstrates a better fit for that relationship when compared to traditional GARCH. The results indicate that both GEPU and oil consumption demand shocks have positive and significant impacts on stock volatility for the three countries in our in-sample case (which corresponds to the period before the COVID-19 pandemic). The volatility coefficient estimates for Botswana, Mauritius, and South Africa are 0.076, 0.001 and 0.119, respectively, all significant at the 1% level. This suggests that stock returns in these countries react positively to changes in oil demand shocks. Forecasting data during the COVID-19 period also shows that incorporating global economic policy uncertainty and oil shocks using a GARCH-MIDAS approach improves forecasting accuracy. The application of the GARCH-MIDAS approach in this study facilitates the separation of short-term and long-term volatility components effectively, thus enabling us to address a significant shortfall of previous research that has explored the impact of economic policy uncertainty on stock market returns",1,Journal of Economics and International Finance,JournalArticle,True,10.5897/jeif2023.1200
Which Sectoral CDS Can More Effectively Hedge Conventional and Islamic Dow Jones Indices? Evidence from the COVID-19 Outbreak and Bubble Crypto Currency Periods,Rania Zghal; Fredj Amine Dammak; Semia Souai; N. Hachicha; Ahmed Ghorbel,2025,stock market covid GARCH,Yes,"In this study, we aim to provide a comprehensive analysis of the risk management potential of sectoral Credit Default Swaps (CDSs) within financial portfolios. Our objectives are threefold: (i) to investigate the safe haven properties of sectoral CDSs; (ii) to assess their hedging effectiveness and evaluate the diversification benefits of incorporating sectoral CDSs into both conventional and Islamic stock market portfolios; and (iii) to compare these findings with those obtained from alternative assets such as the VSTOXX, gold, and Bitcoin indices. To achieve this, we estimate time-varying hedge ratios using a range of multivariate GARCH (MGARCH) models and subsequently compute hedging effectiveness metrics. Conditional correlations derived from the Asymmetric Dynamic Conditional Correlation (ADCC) model are employed in linear regression analyses to assess safe haven characteristics. This methodology is applied across different subperiods to capture the impact of the crypto currency bubble and the COVID-19 pandemic on hedging performance.",1,Risks,JournalArticle,False,10.3390/risks13100187
Risk spillovers and extreme risk between e-commerce and logistics markets in China,Liushuang Meng; Bin Wang,2024,stock market covid GARCH,Yes,"We first utilized the Bayes positive diagonal BEKK generalized autoregressive conditional heteroskedasticity (Bayes-pdBEKK-GARCH) model to evaluate the risk spillovers between the e-commerce and logistics, then applied the adaptive Fourier decomposition method to measure the extent of these spillovers and detect structural changes. The results showed that there were structural breaks in both markets, which may lead to extreme risks. At last, we applied the GARCH-copula quantile regression model to analyze the extreme risks. We found that: (1) there were asymmetric volatility spillovers and positive correlations between them. (2) The dynamic risk spillovers exhibited heterogeneity over time. The logistics market had a smaller downside risk spillover, while the e-commerce market had a stronger upside risk spillover. (3) The study indicated that important events, such as the Chinese stock market crash, the Sino-U.S. trade friction, the COVID-19 epidemic, and the ""either-or choice"" monopoly policy of e-commerce platforms, had a significant influence on them, resulting in dramatic risk spillovers.",1,AIMS Mathematics,JournalArticle,False,10.3934/math.20241411
Covid-19 pandemic and stock returns volatility: Evidence from Vietnam’s stock marke,Nguyen Thi My Linh,2022,stock market covid GARCH,Yes,"The Covid-19 global pandemic has caused trouble for labour and financial markets worldwide, and financial and health crises resulted. This makes policy makers get confused. The study is carried out with the aim of investigating the impacts of Covid-19 on both the mean and the conditional volatility of the Vietnamese stock market returns, using a simple the Generalized Autoregressive Conditionally Heteroskedastic (GARCH) model, spanning the period 01 January 2020 to 30 July 2021. The confirmed case and deaths growth rate are used as two proxies for the Covid-19 pandemic. The empirical evidence reveals that higher confirmed cases growth rate lead to a decrease in stock returns. It is also noted that stock returns volatility is affected positively and significantly by confirmed cases growth rate. This empirical evidence may prove informative for policy makers and investors.",1,HO CHI MINH CITY OPEN UNIVERSITY JOURNAL OF SCIENCE - ECONOMICS AND BUSINESS ADMINISTRATION,,True,10.46223/hcmcoujs.econ.en.13.1.2054.2023
Pharmaceutical industry in Long-term Uncertain Market: An Empirical Research Based on Time Series Model,Zhiyang Zheng,2023,stock market covid GARCH,Yes,"The outbreak of covid-19 pandemic has brought a huge tide to the financial market across the globe, due to the fluctuation in the performance of a variety of sectors, it kept vacillating in the investors’ opinions, resulting in a drastic fall in the stock market, but pharmaceutical companies were excluded from the main trend. This paper is going to discuss whether the fluctuation in the medical market will be affected by the covid-19 pandemic and then assume the long-term performance of Chinese pharmaceutical companies under the influence of the pandemic. The main analytical methods that have been applicated are the series model, the order of VAR Model, the ARMA-GARCH Model and impulse and response analysis. Finally, we will draw our conclusion that under that if another sudden outbreak can be prevented, the long-term performance of the medical industries will have minor damage from the pandemic. The study provides investors and leaders in the industry with a front-sight of future market performance. We suggest that the medical industry needs to learn from experience to maintain the rise in performance, and the investors can also put faith in them, believing that the overall performance of the pharmaceutical market will not let them down.",1,BCP Business &amp; Management,,True,10.54691/bcpbm.v38i.3671
A Comparative Analysis on the Role and Market Linkages of Gold Backed Assets During COVID-19 Pandemic,Sruthy Madhavan; Sivaramapanicker Sreejith,2022,stock market covid GARCH,Yes,"Gold is a traditional favorite investment avenue for investors all over the globe, particularly during the crisis period. Irrespective of the nature of the crisis, investors are allocating their funds to different gold-backed assets. This paper uses various globally traded gold-backed assets to identify its role and market linkages during the Covid 19 pandemic. Daily prices of assets from March 2020 to January 2022 were employed. DCC GARCH model is used to ascertain time-varying correlations and quantile regression was employed to examine the relationship between assets in different quantiles. Based on the analysis, safe haven property of all the assets is revealed and it is associated with the severity of the stock market crash as specified by the quantiles. Moreover, double exposure of gold mining stock results in different flights to quality. Co-movement of gold bullion, gold futures, and gold volatility index is visible during this crisis. Gold Exchange Traded Funds and gold-backed cryptocurrency offer diversification by decoupling with gold bullion in the portfolio. The paper highlights the importance of the choice of gold-backed assets along with gold bullion in the investment portfolio based on its role and market linkages.",1,Scientific Annals of Economics and Business,,True,10.47743/saeb-2022-0019
Assessing the impact of the COVID-19 pandemic on the performance of the Vietnam stock exchange: An empirical analysis,P. T. Dat; Pham Dan Khanh; Vu Duy Minh; Nguyen Thanh Trung,2023,stock market covid GARCH,Yes,"The emergence of COVID-19 in Wuhan, China, in December 2019 led to a global crisis with profound implications for public health and the global economy. This study investigates the ramifications of the pandemic on the Vietnam Stock Exchange, recognizing its interconnectedness with global financial markets. Despite the considerable speculation surrounding the pandemic's influence on economic and financial systems worldwide, limited empirical research has been conducted on its specific impact on the Vietnam Stock Exchange. Employing historical data spanning from January 30, 2020, to April 27, 2022, sourced from a secondary dataset, this research empirically explores the performance of the Vietnam Stock Exchange during the COVID-19 pandemic period compared to a normal period. The findings reveal a significant decline in stock returns and heightened volatility during the pandemic, signaling adverse effects on the exchange's performance. Furthermore, the study applies Quadratic GARCH (QGARCH) and Exponential GARCH (EGARCH) models, incorporating a dummy variable, to scrutinize stock returns. The results corroborate the pandemic's negative impact on stock returns in Vietnam. This research underscores the importance of implementing strategic political and economic policies, including maintaining a stable political environment, promoting indigenous enterprises, diversifying the economy, and adopting a flexible exchange rate regime. These measures are recommended to enhance the resilience of the financial market and attract new investors to the Ho Chi Minh Stock Exchange.",1,International Journal of ADVANCED AND APPLIED SCIENCES,JournalArticle,True,10.21833/ijaas.2023.08.024
Kripto Para Piyasalarının Covid-19 Pandemisinde Asimetrik Volatilite Karakteristiği,Berkan Ataş,2022,stock market covid GARCH,Yes,"The development in technology directly affects the financial markets and contributes to introducing new products and services. The cryptocurrency market is one of the financial inventions that entered our lives due to developing technology and digitalization. Although these markets, which have a value of approximately 2 Trillion Dollars, attract a great deal of interest from investors, the information about it is at a limited level. The study investigates the asymmetric volatility characteristic in the cryptocurrency market based on the Covid-19 pandemic and before. The data covers the four largest cryptocurrencies by market capitalization. The GJR-GARCH (1,1) model is applied to estimate the volatility asymmetry. According to the results, while all cryptocurrencies do not exhibit asymmetric volatility characteristics in the pre-crisis period, they show it for the post-crisis. However, reversed asymmetric volatility is not encountered in both periods. Nevertheless, despite sizable fluctuations in the market, the mean reversion effect is observed on the conditional volatility in both periods. Abstract The study investigates the asymmetric volatility characteristic in the cryptocurrency market based on the Covid-19 pandemic and before. Asymmetric volatility is a phenomenon that becomes more evident, especially during crisis periods. The reflections of this on the cryptocurrency markets will be observed with empirical research. In this respect, it is aimed to enrich the literature on the volatility characteristics of cryptocurrency markets in times of crisis.",1,Anadolu Üniversitesi Sosyal Bilimler Dergisi,,True,10.18037/ausbd.1095129
Retrospective on the importance of sustainability in investor thinking before and after the COVID-19 syndemic,Laura Sanz-Martín; Javier Parra-Domínguez; J. Corchado,2025,stock market covid GARCH,Yes,"Abstract Non-Technical Summary The COVID-19 syndemic had a strong impact on financial market volatility. This study compares traditional indices, such as the Standard & Poor’s (S&P) 500 and the Euro Stoxx 50, with their sustainable counterparts; the Dow Jones Sustainability World Index (DJSWI); and the EURO STOXX Sustainability Index. The results show that the sustainable indices were more stable and less volatile before and after the crisis, suggesting that investors perceive less risk in sustainable companies. These findings reinforce the importance of considering sustainability in investment decisions, especially in times of uncertainty. Technical Summary With the ever-increasing importance of sustainability, it is a good time for a retrospective on the impact of the COVID-19 polycrisis on stock market volatility through a comparison of traditional indices such as the S&P 500 and the Euro Stoxx 50, with their sustainability counterparts; the DJSWI; and the EURO STOXX Sustainability Index. Using GJR-GARCH and E-GARCH models, the study reveals that sustainability indices exhibited greater stability and lower volatility before and after the syndemic, suggesting a lower risk perception by investors in sustainable companies. The implied volatility analysis confirms this stability, showing a more significant impact on traditional indices. Although all indices experienced greater sensitivity to negative shocks, sustainable indices showed a faster and more consistent recovery. These findings highlight the importance of considering sustainability factors in risk assessment and investment decision-making, especially in times of crisis. Social Media Summary Sustainable indices in Europe and the USA showed lower volatility and faster recovery after COVID-19 polycrisis.",1,Global Sustainability,JournalArticle,True,10.1017/sus.2025.18
Comparison of Systemic Financial Risks in the US before and after the COVID-19 Outbreak - A Copula-GARCH with CES Approach,Ji Ma; Xiaoqing Li; Jianxu Liu; Jiande Cui; Mingzhi Zhang; S. Sriboonchitta,2022,stock market covid GARCH,Yes,"The analysis and prediction of systemic financial risks in the US during the COVID-19 pandemic is of great significance to the stability of financial markets in the US and even the world. This paper aims to predict the systemic financial risk in the US before and during the COVID-19 pandemic by using copula–GJR–GARCH models with component expected shortfall (CES), and also identify systemically important financial institutions (SIFIs) for the two comparative periods. The empirical results show that the overall systemic financial risk increased after the outbreak of the COVID-19 pandemic, especially in the first half of the year. We predicted four extreme risks that were basically successful in capturing the high risks in the US financial markets. Second, we identified the SIFIs, and depository banks made the greatest contribution to systemic risk from four financial groups. Third, after the outbreak of the epidemic, the share of Broker–Dealer and Other Institutions in the overall systemic risk has apparently increased. Finally, we recommend that the US financial regulators should consider macro-prudential guidance for major financial institutions, and we should pay more attention to Broker–Dealers, thereby improving the financial stability of the US and the global financial markets.",1,Axioms,JournalArticle,True,10.3390/axioms11120669
Comparative Analysis of Financial Market Volatility and Correlation Risk During the Great Recession and the COVID-19 Pandemic,F. Gobbi,2024,stock market covid GARCH,Yes,"This paper offers a starting point for reflection on the similarities and differences of the impact on financial markets of the Great Recession of 2008 and of the Covid-19 pandemic of 2020 in terms of volatility and correlation risk among the most significant financial indexes in Europe. More precisely, the dataset employed includes the daily returns of Ftse100, CaC40, Dax30 and FtseMib40, with reference to the two time periods in which the two major crises manifested their effects on the markets. We use two different methodological approaches: the analysis of the daily conditional variance using various families of GARCH models and the study of the weekly realized volatility using HAR models. Furthermore, the estimation of the dependence structure of the GARCH residuals using copula functions is performed.",1,Journal of Applied Economic Sciences (JAES),JournalArticle,True,10.57017/jaes.v19.2(84).02
Prediction of the Stock Prices at Uganda Securities Exchange Using the Exponential Ornstein-Uhlenbeck Model,Juma Kasozi; Erina Nanyonga; Fred Mayambala,2023,stock market covid GARCH,Yes,"We use the exponential Ornstein–Uhlenbeck model to predict the stock price dynamics over some finite time horizon of interest. The predictions are the key to the investors in a financial market because they provide vital reference information for decision making. We estimated all the parameters of the model (mean reversion speed, long-run mean, and the volatility) using the data from Stanbic Uganda Holdings Limited. We used the parameters to forecast the stock price and the associated mean absolute percentage error (MAPE). The predictions were compared against those by the ARMA-GARCH model. We also found the 
 
 95
 %
 
 prediction intervals before and during the COVID-19 pandemic. Results indicate that the exponential Ornstein–Uhlenbeck stochastic model gives very accurate and reliable predictions with a MAPE of 
 
 0.4941
 %
 
 . All the forecasted stock prices were within the prediction region established. This was not the case during the COVID-19 pandemic; the predicted stock prices are higher than the actual prices, indicating the severe impact COVID-19 inflicted on the stock market.",1,Int. J. Math. Math. Sci.,JournalArticle,True,10.1155/2023/2377314
Volatility Analysis of the Indian Stock Market: Insights from Bank Nifty Index and Futures Trading,Tetiana Paientko; Rashmi Ravindra Kumar Pundir,2024,stock market covid GARCH,Yes,"Abstract Objective To diagnose the relationship between futures contract trading and the volatility of stocks in the Bank Nifty Index. Methodology Time series analysis and the GARCH model are employed to study the interaction between futures trading and spot market volatility. Findings The analysis revealed that out of the six banks analyzed, just two demonstrated a statistically significant influence of future trading on volatility, while the remaining four did not exhibit any such relationship. Value Added This study provides a nuanced understanding of the impact of futures trading on stock volatility within the Bank Nifty Index, specifically highlighting variations across banks. By including the COVID -19 period, this research captures the influence of unprecedented market shocks on volatility dynamics in an emerging market context, providing valuable insights into how futures trading operates under unique stress conditions. Moreover, the study fills a gap in the existing literature by including all top -weighted banks in the Bank Nifty, especially those that were previously overlooked, thereby enhancing the relevance of the findings for policymakers and market participants. Recommendations Policymakers and regulators should consider adopting tailored guidelines that reflect the different responses of individual banks to futures trading, as one-size-fits-all regulations may overlook stock -specific volatility dynamics. Market participants, especially investors and retail traders, are advised to apply targeted risk management and hedging strategies based on each bank’s unique volatility patterns rather than generalizing across the industry.",1,Journal of Intercultural Management,JournalArticle,False,10.2478/joim-2024-0013
Stock Returns Volatility in Nepal: Evidence during Covid-19,S. B. Rana,2022,stock market covid GARCH,Yes,"This study scrutinizes the stock returns volatility pattern in Nepal during the COVID-19 period from March 3, 2020 to February 27, 2022. By examining GARCH family models with Generalized Error Distribution specification, the results of symmetric GARCH models show that there is persistent volatility in daily stock returns in Nepal over the study period. The observed persistent volatility in daily stock returns indicate that the current shocks in daily stock returns exist in forecasting variance for longer period in future. The results of asymmetric TGARCH (1, 1) model show that there is the leverage effects on the volatility of daily stock returns in Nepal during the study period. The observed leverage effects implies that uncomplimentary news have larger effects on the volatility than the complimentary news of the same intensity. Finally, results establish the GARCH (1, 1) model as the best fitted symmetric model to explain the volatility persistence and the TGARCH (1,1) model as the best fitted asymmetric models to predict the leverage effects on the time varying conditional volatility of daily stock in Nepal. The main implication of findings from this study is that it offers an additional insight to form sound investment strategy to address risk structure of Nepali stock market.",1,Butwal Campus Journal,,True,10.3126/bcj.v5i1.50179
The VIX Index and the Volatility of the Latin American and G7 Stock Exchanges before and during the COVID-19 Pandemic,P. Vartanian; Roberto Simioni Neto,2023,stock market covid GARCH,Yes,"This study analyzes and compares the influence of the VIX index, known as the “fear index,” on the volatility of the stock exchanges of the main Latin American countries (Brazil, Chile, and Mexico) and on some of the main international exchanges of the member countries of the G7 (the United States, Germany, France, and the United Kingdom) from January 2017 to December 2021. Through the application of the univariate and multivariate econometric GARCH models of volatility, the research hypothesizes the existence of a negative conditional correlation between the VIX index and the other stock exchange indices, with emphasis on the Brazilian stock exchange. However, except for the pandemic period, it is not possible to identify the presence of a negative conditional correlation between the VIX and the stock exchange indices selected throughout the analyzed period, contrary to expectations, highlighting the need to advance investigations with studies that analyze the VIX index with the respective effects on the stock market as well as investor behavior and the macroeconomic and particular influences of the country of each of the stock exchanges considered.",1,International Journal of Economics and Finance,JournalArticle,True,10.5539/ijef.v15n12p25
Asymmetric High-Frequency Dynamic Connectedness and Time-Frequency Dependence Among Chinese Stock and Major Commodity Markets Around the COVID-19 Pandemic,H. Zeng; Ran Lu,2022,stock market covid GARCH,Yes,"This research examines the connectedness and time-frequency correlation of price volatility across the Chinese stock market and major commodity markets. Applying a DCC-GARCH-base volatility connectedness model and the cross-wavelet transform, we examine the transmission of risk patterns in these markets before and during the COVID-19 outbreak, as well as the leading lag relationship and synergistic movements between different time domains. First, we find that dynamic total spillovers are stronger after the COVID-19 outbreak. Chinese stocks and corn have been net spillovers in the system throughout the sample period, but the Chinese market plays the role of a net receiver of volatility relative to other markets (net pairwise directional connectedness) in the system as a whole. In terms of price correlation, there is some connection to the connectedness results, with all commodity markets except soybeans and wheat showing significant dependence on Chinese equities in the medium/long term following the COVID-19 outbreak. Secondly, the medium-to long-term frequency of the crude oil market and copper market are highly dependent on the Chinese stock market, especially after the COVID-19 outbreak. Meanwhile, the dependence among the Chinese stock market, and gold and corn is weaker in the short term, but strengthens in the medium term. Finally, the copper market is the main source of risk for the Chinese stock market, while the wheat market sends the least shocks to the Chinese stock market. The findings we report will have a direct impact on a number of important decisions made by investors and policymakers.",1,SSRN Electronic Journal,,False,10.2139/ssrn.4062663
Research on Financial Market Risks Based on VaR Model,Rongming Wang,2022,stock market covid GARCH,Yes,"With the continuous development of the Internet financial industry, its impact on people's daily life is growing. Under the influence of the information technology and the financial innovation, the volatility of the financial market has been significantly enhanced, and the financial risk has become increasingly serious. The COVID-19 in 2020 still has a profound impact on the global financial market. The reasonable measurement of the financial risks is the most important step in the financial risk management. Based on the sample analysis of the Standard & Poor's 500 Index from January 3, 2013 to June 30, 2020, this paper measures the risks by analyzing and calculating the value at risk (VaR) of the sample data by different methods. This paper mainly establishes the ARMA model, the GARCH model based on bayese statistics, and the POT model based on the extreme value theory, and compares and analyzes the VaR values obtained by the three models. Finally, the effectiveness of VaR is tested by VaR backtracking test, and the advantages and disadvantages of the methods are compared and evaluated.",1,MATEC Web of Conferences,Conference,True,10.1051/matecconf/202235901015
The Impact of COVID-19 on the Stock Market-- Taking Chinas and the United States Stock Markets as Examples,Jinyi Liu,2023,stock market covid GARCH,Yes,"As COVID-19 spreads over the world, the economy has suffered greatly since the Great Depression of the early twentieth century. The outbreak has a significant negative influence on financial markets in China and the United States, the world's two largest economies. This study addresses the influence of COVID-19 on the stock market in China and the United States, and investigates the impact on emerging stock markets in China and the United States using weekly closing prices from June 1st, 2018 to June 30th, 2022. The paper also conducts an empirical investigation of the influence of COVID-19 on the stock market using the Augmented Dickey-Fuller Test, Moving Average model, and GARCH model, and then focuses on policy variations between two countries. According to the data, the COVID-19 epidemic has had a considerable detrimental influence on stock markets and volatility in both countries. According to the research, the United States' stock market is more likely to be affected by COVID-19 than that of China, and the volatility of stock market indexes is higher in the United States during the most dangerous period of the pandemic. When compared to the United States, China had a faster response and recovery rate when COVID-19 first surfaced, but as the pandemic normalizes, China had a higher volatility rate.",1,"Advances in Economics, Management and Political Sciences",JournalArticle,True,10.54254/2754-1169/9/20230377
Volatility Spillovers Between BRIC and South African Stock Markets: Evidence from the COVID-19 and Russia-Ukraine Crises,L. Muguto; A. Moodley; S. Pillay; M. Zulu; N. Vilakazi; H. T. Muguto; P. Muzindutsi,2025,stock market covid GARCH,Yes,"The aim of this study was to assess how global crises influenced volatility spillovers between BRIC and South African stock markets. In conducting the study, the methods employed are the generalized autoregressive conditional heteroskedasticity (GARCH) framework and the time-varying parameter vector autoregressive (TVP-VAR) Diebold-Yilmaz approach, based on a sample period segmented into pre-crisis, COVID-19, and Russia-Ukraine conflict phases. The study results revealed that volatility spillovers intensified during the COVID-19 pandemic due to economic disruptions and uncertainty. At the same time, the Russia-Ukraine conflict saw reduced spillovers due to geopolitical isolation and risk aversion. South Africa consistently emerged as a key volatility transmitter, particularly during crises. The study concludes that different global crises have distinct impacts on volatility transmission and should, therefore, be treated distinctly. The key contribution lies in enhancing the understanding of crisis-driven market integration, providing valuable insights for risk management and policy-making in interconnected financial systems.",1,Review of Business and Economics Studies,JournalArticle,False,10.26794/2308-944x-2025-13-2-40-60
Government’s responses and performance of stock markets during COVID-19: Evidence from ASEAN stock markets,T. Tran; H. Pham; Thanh C Bui,2024,stock market covid GARCH,Yes,"This study aims to investigate the effects of government interventions on stock market performance of six countries within the ASEAN region that experienced the greatest impact during the COVID-19 pandemic in two aspects: stock returns and stock volatilities. The paper uses government response index and its components, including stringency index, containment and health index and economic support index as proxies for government actions. The paper first applies the GARCH(1,1) model to extract the volatilities of the studied stock markets. Subsequently, a panel regression model with fixed random effect is adopted to analyze how the performance of stock markets is influenced by government policy responses. The empirical results suggest that government’s interventions exert positive, significant effect on the stock returns of ASEAN markets. Additionally, the stock markets are more volatile under the implementation of restriction policies and containment and health policies, whereas the economic support policies are associated with decreased volatilities. The overall effect of government response policies also boosts the volatility of ASEAN stock markets. Our findings provide essential and reliable evidence for policymakers and stakeholders to alleviate the profound impact of the widespread COVID-19 outbreak.",1,"Journal of Infrastructure, Policy and Development",JournalArticle,True,10.24294/jipd.v8i7.4847
"Institutional Differences, Crisis Shocks, and Volatility Structure: A By-Window EGARCH/TGARCH Analysis of ASEAN Stock Markets",Junling Yang,2025,stock market covid GARCH,Yes,"This study examines how institutional differences and external crises shape volatility dynamics in emerging Asian stock markets. Using daily stock index returns for Indonesia, Malaysia, and the Philippines from 2010 to 2024, we estimate EGARCH(1,1) and TGARCH(1,1) models in a by-window design. The sample is split into the 2013 Taper Tantrum, the 2020-2021 COVID-19 period, the 2022-2023 rate-hike cycle, and tranquil phases. Prior work typically studies a single market or a static period; to our knowledge no study unifies institutional comparison with multi-crisis dynamics within one GARCH framework. We address this gap and show that all three markets display strong volatility persistence and fat-tailed returns. During crises both persistence and asymmetry increase, while tail thickness rises, implying more frequent extreme moves. After crises, parameters revert toward pre-shock levels. Cross-country evidence indicates a buffering role of institutional maturity: Malaysias stronger regulatory and information systems dampen amplification and speed recovery, whereas the Philippines thinner market structure prolongs instability. We conclude that crises amplify volatility structures, while institutional robustness governs recovery speed. The results provide policy guidance on transparency, macroprudential communication, and liquidity support to reduce volatility persistence during global shocks.",1,,,False,
"THE CORRELATION OF THE VOLATILITY OF FUTURE MARKET AND STOCK MARKET – A STUDY IN VIETNAM WITH 2 STAGES: COVID-19, AND GEOPOLITICS – UKRAINE INVASION",Quy T. Vo; Hanh Trang Tran,2023,stock market covid GARCH,Yes,"Since the Vietnamese derivatives market was established, futures contracts as the representative financial instrument trading in the derivatives market. The research investigates the correlation between the spot market and the futures markets in Vietnam in which VN30 and VN30 Futures Index was chosen as research sample. Additionally, the deposit interest rate with different terms was also involved to declare the correlation between these two markets. The ARMA/GARCH model was employed to examine the volatility of the spot market, futures market, and the deposit interest rate (overnight, spot week, one – month, three – month, six – month, nine – month). The VAR model was employed next step to explore the correlation as well as the impact on each other. The results indicate that the tight relationship between the futures and the spot market while a negative relationship between the deposit interest rate and the spot/future market was found. Especially, the examining term has been divided into 2 special stages: the Global Health Crisis (Covid-19: 2020-2021) and the Geopolitics – Ukraine invasion (2022 – present) to clearly observe the correlation among three research factors.",1,Economics and Finance,JournalArticle,True,10.51586/2754-6209.2023.11.3.4.19
Do I slamic S tocks Outperform C onv entional S tocks During C risis Periods? A Global Comparison,J. j,2023,stock market covid GARCH,Yes,"Purpose: This study examines the performance of Islamic and Conventional stock indices during the Covid-19 pandemic crises. The aim of the study is to find the existence of safe havens in Islamic stock indices. 
Design/methodology/approach: The study uses mean and cumulative return values and the GARCH (1 1) model to examine the volatility performance of stock returns and the impact of Covid-19 on both indices. 
Findings: Our findings indicate that Islamic stock indices tend to outperform conventional indices during crisis periods, particularly in developing economies and in the short term. However, conventional stock indices exhibit stronger performance in the long run and post-crisis periods. Moreover, the study reveals that the effects of Covid-19 cases and deaths on both indices vary across countries. Additionally, Islamic stock returns demonstrate lower volatility compared to previous shocks and returns, whereas conventional indices experience higher volatility, particularly in developing countries. Therefore, the s tudy establishes that I slamic indices can serve as safe havens for investors in certain countries, but not universally. 
Research limitations/implications: The study can be extended and more effective by adding more crisis events and a number of years to examine long-term stock moments. The study can be helpful for investors in designing investment portfolios, especially in times of crisis where the majority of investors try to find safe havens for investment. 
Originality/value: This study is the first to examine the impact of recent crises on Islamic and conventional stock indices in the world's big stock markets. The study is also the first one to use the longest data period among the recent studies to differentiate the performance of Islamic and conventional indices.",1,GLOBAL BUSINESS FINANCE REVIEW,JournalArticle,True,10.17549/gbfr.2023.28.6.23
Coronavirus and the Chinese Stock Market: Pandemic Versus Financial Crisis,M. F. Nsour; Samer A. M. Al-Rjoub; Mohammad Tayeh,2022,stock market covid GARCH,Yes,"This paper explores the impact of the COVID-19 pandemic on the Shanghai Stock Exchange (SSE) index returns and volatility from October 2019 to March 2020. The GARCH results show that the pandemic negatively affected the SSE stock returns during the spread of the virus, and the conditional variance showed increased variation at the time. However, the increased volatility did not cause a market crash as Patel & Sarkar (1998) and Mishkin & White (2002) reported. The negative effect on stock returns and the increased volatility might be justified because well-diversified markets can alter the wealth effects on composite stock markets, and they can make a quick recovery after crises. When comparing the effects of the pandemic to those of the 2008 financial crisis on SSE returns, the results show higher risk values and much thicker tails of probability distribution during the pandemic. Both the Covid-19 pandemic and the 2008 financial crisis negatively affected stock returns, but the effect on volatility was stronger during the pandemic.",1,Asian Economic and Financial Review,,True,10.55493/5002.v12i2.4432
Do cryptocurrencies provide better hedging? Evidence from major equity markets during COVID-19 pandemic North American of Economics and Finance,Mobeen Ur Rehman; S. R. Dash; S. Kang,2022,stock market covid GARCH,No,,1,,,False,
Impact of COVID-19 transmission rate on co-movement of China's stock markets,Hongfei Xiao; Deqin Lin; Zhao Zhang,2025,stock market covid GARCH,Yes,"This paper explored the impact of COVID-19 transmission rate on co-movement of China’s stock markets.By employing the rolling time series model to measure the COVID-19 transmission rate and DCC-GARCH model to analyze co-movement of China’s Stock markets, this paper managed to demonstrate a significant correlation between COVID-19 transmission rate and co-movement of China’s stock markets.The findings revealed that co-movement of China’s stock markets was significantly affected by the COVID-19 transmission rate during the pandemic period. As the transmission rate accelerated, the co-movement among China’s stock markets intensified, indicating that the shock of the pandemic strengthened their interconnectedness, leading to a broader spread of risk.This result suggests that the pandemic shock not only impacted individual stock markets but also intensified the correlations and risk spillovers among them. Such findings have important implications for investors, policymakers, and regulators. Therefore, during the virus outbreak stage, attempting to diversify risk by investing funds into different stock markets is ineffective; a more viable strategy to minimize losses would be to sell their held stocks. For policymakers, promptly introducing and effectively implementing virus prevention and containment measures is a feasible approach to mitigate the epidemic’s impact on domestic financial markets and stabilize their development.",1,Frontiers Appl. Math. Stat.,JournalArticle,True,10.3389/fams.2025.1564664
"The impact of crude oil price shocks on Spain’s macroeconomic and stock
market performance",J. Aladwani,2025,stock market covid GARCH,Yes,"Using standard GARCH-type, Markov Switching GARCH-type, and autoregressive distributed lag (ARDL) models, this study employs quarterly dataset from 1995 to 2023 to investigate the volatility shifts of macroeconomic variables, incorporating crude oil prices in Spain. The empirical results of the study clearly confirm that MSGARCH-type models extend beyond the capabilities of standard GARCH-type models, providing enhanced flexibility in modeling the volatility process. The estimated MSGARCH-type models effectively identify breakpoints in all macroeconomic variables volatilities, specifically during significant events such as the global financial crisis (GFC) in 2008, the European debt crisis in 2011, and the Covid-19 pandemic of 2020, Russia-Ukraine War in 2022. In addition, our results indicate that high crude oil price shocks during the global events are important drivers of uncertainty. There is strong evidence that the effects of crude oil price shocks on macroeconomic uncertainty are highly dependent on the prevailing regime. These impacts vary based on investor sentiment and the level of perceived volatility within financial markets. The responses of economic uncertainty to crude oil shocks appear to experience a dramatic change in the major global events, such as the post-global financial crisis (GFC), COVID-19 pandemic, and the Russia-Ukrainian war.",1,Economic Research-Ekonomska Istraživanja,JournalArticle,False,10.32728/er-ei.38.1.4
VOLATILITY PERSISTENCE IN INTERNATIONAL FINANCIAL MARKETS IN THE POST COVID-19 ERA,S. Enow,2023,stock market covid GARCH,Yes,"The long-term behaviour of stock markets are of significant importance to asset managers and financial experts due to its direct link with security price valuation. Volatility persistence has a significant impact on the returns of security prices due to its time varying properties. However, there is no real meaningful effect of current volatility on future security prices and returns if the volatility is transitory and not persistent. The aim of this study was to explore conditional volatility properties and determine whether the current volatile environment would persist in the JSE, S&P 500, Nasdaq Index, SSE, CAC 40 and DAX markets. Using a GARCH 1.1 model and a Markov switching model, the findings revealed that volatility would persist in the JSE, S&P 500, Nasdaq Index, SSE, CAC 40, and the DAX from their ARCH and GARCH coefficients, as well as the delay parameters. In addition, the effects of past volatility in the Nasdaq, CAC 40, and DAX would remain in the forecast of variance. A diversified and broader investment approach should be used in the JSE, S&P 500, Nasdaq Index, SSE, CAC 40, and DAX indexes to mitigate risk, and portfolio formation should not concentrate on any sector or asset classes.",1,International Journal of Banking and Finance,JournalArticle,True,10.32890/ijbf2023.18.2.4
Improving Quantile Forecasts via Realized Double Hysteretic GARCH Model in Stock Markets,Cathy W. S. Chen; C. T. Chien,2024,stock market covid GARCH,No,,1,Computational Economics,JournalArticle,False,10.1007/s10614-024-10563-y
The effects of monetary policy response to the Covid-19 crisis on dynamic connectedness across financial markets in Central and Eastern Europe,Wojciech Grabowski; J. Janus; Ewa Stawasz-grabowska,2023,stock market covid GARCH,Yes,"This study investigates the effects of monetary policy interventions in Central and Eastern European (CEE) economies on shifts in financial market linkages during the Covid-19-induced crisis. We explore the market reaction to both standard and non-standard (e.g., quantitative easing) monetary policy announcements by central banks in Czechia, Hungary, Poland, and Romania, and analyse the way they affected sovereign bond and stock market linkages. The analysis is further extended to include international spill-over effects. Research Design & Methods: We first quantify a set of time-varying asset correlations using asymmetric generalised DCC-GARCH models and daily data on financial asset returns. Going beyond the domestic stock-bond interdependencies, we explore cross-border connectedness between CEE economies, Germany, and the US. Next, we investigate the effects of detailed central bank announcements, as they unfolded during the Covid-19 crisis.",1,Entrepreneurial Business and Economics Review,JournalArticle,True,10.15678/eber.2023.110101
Understanding the investment behavior of FPIs and DIIs in Indian stock market in changing macroeconomic scenario: A post financial crisis (2008) analysis,Umme Hani; K. Karimullah; Firoz Alam,2025,stock market covid GARCH,Yes,"Macroeconomic shocks and opportunities are considered to be a turning point of business decisions. This study seeks to examine the changing behaviour of institutional investors in Indian stock market in the changing macroeconomic scenario after global financial crisis (2008) for the period from 2008 to 2024. The study also provides a comparative analysis of domestic and foreign institutional investor’s investment behavior and examines the impact of macroeconomic shocks and opportunities on it. The macroeconomic shocks are proxy of the time period of global financial crisis and covid-19. The opportunities are measured by technological innovation, digital payment culture and stock market return. The institutional investors are classified broadly into two types, well known as Foreign Institutional Investors (FPIs) and Domestic Institutional Investors (DIIs). The trend and impact analysis are done by graphs and regression model. The impact of macroeconomic shocks and opportunities is measured by implying dummy variable Regression models and GARCH models. The finding suggests that the growth in purchase and sale of securities by DIIs is more than the FPIs after technological innovations (2016 onwards). The empirical analysis suggests that purchase bahaviour of both type of investors is highly attracted by market return. The sale behaviour is sensitive towards both macroeconomic shocks and return in the market. When the purchase of FPIs is higher, then sale of DIIs is higher and the positive of impact of purchase of FPIs is nullifying the negative impact of the DIIs. The GARCH model result suggests that the market return has provided stability to the institutional investment while shocks have generated volatility in the institutional investment of both foreign and domestic in the Indian stock market.",1,Edelweiss Applied Science and Technology,JournalArticle,False,10.55214/2576-8484.v9i8.9675
"A Study of Spillovers between International Crude Oil, Chinese Coal and Green Energy Stock Markets",苏彤 李,2023,stock market covid GARCH,Yes,"The study of spillover effects (SEs) among energy markets is important for revealing the complexity of energy markets and risk transfer mechanisms. To explore the SEs between international crude oil, and China’s coal and green energy stock markets, this paper selects the daily closing price data of Brent crude oil futures price, CSI Coal Index and CSI Green Energy Index as the research objects. By taking outbreak time of the COVID-19 pandemic as a crucial time node, we study the change of jump SEs between markets before/after the pandemic by using the SVCJ model. Then, we construct a VAR-BEKK-GARCH model for the volatility estimated by the SVCJ model to explore the volatility SEs over the whole sample period. The conclusions are as follows: The outbreak of the pandemic makes the market jumping behavior happen more frequently. The crude oil market always dominates in the inter-market jumping spillover relationship, and its jump SE to the coal and green energy stock markets has a “one-day lag” effect. When encountering the impact of risk events, there is a risk transfer effect between the crude oil market and the domestic coal stock market, and the domestic coal stock market plays a regulating and stabilizing role in the green energy stock market. These conclusions can help investors optimize their investment portfolios, and are also helpful for the country to promote the development of green finance.",1,Operations Research and Fuzziology,JournalArticle,False,10.12677/orf.2023.136644
"Resilience in Jordan’s Stock Market: Sectoral Volatility Responses to Financial, Political, and Health Crises",Abdulrahman Alnatour,2025,stock market covid GARCH,Yes,"Sectoral vulnerability to distinct crisis types in small, open, and geopolitically exposed markets—such as Jordan—remains insufficiently quantified, constraining targeted policy design and portfolio allocation. This study’s primary purpose is to establish a transparent, comparable metric of sector-level market resilience that reveals how crisis typology reorders vulnerabilities and shapes recovery speed. Applying this framework, we assess Jordan’s equity market across three archetypal episodes—the Global Financial Crisis, the Arab Spring, and COVID-19—to clarify how shock channels reconfigure sectoral risk. Using daily Amman Stock Exchange sector indices (2001–2025), we estimate GARCH(1,1) models for each sector–crisis window and summarize volatility dynamics by persistence (α+β), interpreted as an inverse proxy for resilience; complementary diagnostics include maximum drawdown and days-to-recovery, with nonparametric (Kruskal–Wallis) and rank-based (Spearman, Friedman) tests to evaluate within-crisis differences and cross-crisis reordering. Results show pronounced heterogeneity in every crisis and shifting sectoral rankings: financials—especially banking—display the highest persistence during the GFC; tourism and transportation dominate during COVID-19; and tourism/electric-related industries are most persistent around the Arab Spring. Meanwhile, food & beverages, pharmaceuticals/medical, and education recurrently exhibit lower persistence. Higher persistence aligns with slower post-shock normalization. We conclude that resilience is sector-specific and contingent on crisis characteristics, implying targeted policy and portfolio responses; regulators should prioritize liquidity backstops, timely disclosure, and contingency planning for fragile sectors, while investors can mitigate crisis risk via dynamic sector allocation and volatility-aware risk management in emerging markets.",1,Risks,JournalArticle,False,10.3390/risks13100194
CRYPTOCURRENCY VOLATILITY AND ITS SPILLOVER EFFECTS ON ASEAN STOCK MARKETS,K. Komarudin; Diana Magfiroh,2025,stock market covid GARCH,Yes,"AbstractThe increasingly strong integration of global financial markets has increased the influence of cryptocurrency dynamics on the traditional financial system. The study analyzed the volatility of major cryptocurrencies—particularly Bitcoin and Ethereum—and their spillover effects on ASEAN stock markets, including Indonesia, Malaysia, Thailand, Singapore, and the Philippines. Using daily data for the period 2018–2024, this study applied the GARCH-BEKK multivariate model combined with the Diebold–Yilmaz spillover index to capture the transmission of volatility between markets. The results show that there is a significant two-way spillover effect between cryptocurrencies and ASEAN stock indices, with Bitcoin having a stronger influence than Ethereum. The intensity of volatility transmission is proven to be higher in periods of global economic uncertainty, such as the COVID-19 pandemic and the post-pandemic recovery phase. These findings confirm the growing linkage between digital assets and traditional equity markets in developing countries. The contribution of this research lies in the empirical evidence regarding the financial contingency channels between cryptocurrencies and the ASEAN capital market that are still rarely explored. From a practical perspective, the results of this study have implications for portfolio diversification, risk management strategies, and regulatory frameworks in the region. Policymakers and investors are advised to more closely monitor cryptocurrency developments as part of macroprudential surveillance and investment decision-making in ASEAN financial markets",1,Journal of Management Economic and Financial,JournalArticle,False,10.46799/jmef.v2i3.172
Cross-Market Volatility Dynamics Among Crude Oil and South Asian Emerging Markets During the COVID-19 Pandemic.,Shomaila Habib; Mehtab Habib; Sadia Batool,2024,stock market covid GARCH,Yes,"The COVID-19 pandemic had profound impacts on the global economy, initially triggering a severe economic downturn due to widespread lockdowns, this outbreak generated various economic shocks, a major one being the oil price crash. A brief understanding of how this pandemic is affecting the financial markets, empirical analysis is done on three financial markets. Three stock exchange markets are selected from emerging markets in South Asia (Pakistan, China, and India). The world crude oil market is selected as a reference, to how it transmits volatility to South Asian markets during the COVID-19 period. We employ a bivariate BEKK-GARCH model for analyzing the volatility spillover from November 19, 2019, to March 31, 2021. All markets show negative coefficients with the oil market, indicating that the previous day’s shocks in oil prices reduce today's stock market volatility, with significant values for India and Pakistan.  China has a negative coefficient while the rest of the two markets show a positive and significant coefficient means past volatilities in the stock market decrease today’s oil market volatility, likely indicating a reactive or adaptive market behavior to stock volatility. Generally, oil price changes have a significant impact on these markets, with both immediate effects (via ARCH terms) and persistent effects (via GARCH terms). The study's findings offer valuable insights for policymakers, as they help identify the direction of spillovers among interconnected economies. Additionally, portfolio investors can use this information to effectively allocate weights to different asset classes when making investment decisions.",1,International Journal of Management Research and Emerging Sciences,JournalArticle,True,10.56536/ijmres.v14i3.644
Spillovers across global stock markets before and after the declaration of Russia’s invasion of Ukraine,Satya Krishna Sharma Raavinuthala; Girish Jain; G. Patel,2024,stock market covid GARCH,Yes,"Since the financial meltdown, studies on systemic risk and financial contagion have gained currency. Events like the COVID pandemic and the Russian invasion of Ukraine have fueled such an importance. This study examines the impact of the invasion on volatility transmissions across major stock markets worldwide. The stock indices considered in this study are ASX 200, ESTOXX 40, FTSE 100, HNGSNG, NIFTY 50, NIKKIE, and S&amp;P 500. The work uses Vector Auto Regression (VAR) to study the transmission of returns. Later, the work performs Dynamic Conditional Covariance-Generalized Auto Regression Conditional Heteroskedasticity (DCC-GARCH) on the residuals where the transmission of returns was significant. The DCC-GARCH (E-GARCH) shows that all the asymmetric transmissions are negative. The study finds that co-movements of stock returns for the following pairs: ESTOXX 50-S&amp;P 500, NIFTY 50-FTSE100, NIFTY 50-NIKKIE, NIKKIE-ESTOXX 50, S&amp;P 500-NIFTY 50, and SP500-HNGSNG significantly intensified after the declaration of invasion. Such intensification of co-movements does establish the contagion effect triggered by invasion. The study shows that ESTOXX 50, which has the closest geographical proximity to the war zone, happens to be the highest generator of spillovers.",1,Investment Management and Financial Innovations,JournalArticle,True,10.21511/imfi.21(2).2024.10
How Central Bank Policies Influence Inflation and Market Stability in the Post Pandemic Era,Dr. R. Mayakkannan; R. Bajpai; Dr. Amardeep Bajpai; K. Koti,2025,stock market covid GARCH,Yes,"This paper examines the influence of central bank policies on inflation dynamics and financial market stability in the aftermath of the COVID 19 pandemic. Drawing on three core strands of monetary theory monetary transmission mechanisms, inflation channels, and stability channels it quantifies the effects of both conventional (policy rate adjustments, reserve requirements, open market operations) and unconventional tools (quantitative easing, targeted liquidity facilities, backstop measures) across advanced and emerging economies between 2020 and 2024. Employing a convergent parallel mixed methods design, we integrate panel VAR and GARCH(1,1) econometric models with Difference in Differences analyses, alongside qualitative case studies of the Federal Reserve, European Central Bank and Reserve Bank of India. Quantitative findings reveal that a 25 bp policy rate reduction reduces CPI growth by 0.15 pp in advanced economies (versus 0.08 pp in emerging markets) after four quarters, while large scale asset purchases lower conditional equity market volatility by approximately 12%. Reserve ratio cuts in over thirty jurisdictions released more than US$1 trillion of liquidity, compressing interbank premia by up to 20%. Qualitative evidence highlights the critical role of forward guidance and macroprudential buffers in anchoring expectations and preserving systemic resilience. Cross regional comparisons underscore significant heterogeneity in transmission speed and potency, linked to institutional depth and market structure. Our analysis demonstrates that, although traditional interest rate tools remain foundational, their efficacy wanes near the effective lower bound, necessitating a diverse toolkit of balance sheet interventions. The study concludes that policy flexibility, clear communication and international coordination are essential to manage inflationary pressures and safeguard market stability in a persistently uncertain global environment.",1,Journal of Information Systems Engineering and Management,JournalArticle,False,10.52783/jisem.v10i51s.10373
The Time-varying Impact of Covid-19 Pandemic on Bitcoin and Ethereum: Evidence from Time Series Model,Yu-ping Lian,2022,stock market covid GARCH,Yes,"At the beginning of 2020, the panic of Covid-19 had an excessive impact on global economics and the financial market. Based on the unit root test, this paper exposes the newly global Covid-19 confirmed cases and the rate of return of Ethereum and Bitcoin are stationary time series. This paper further completes the VAR model and ARMA-GARCH model. The VAR model examines the effect of newly confirmed cases on to rate of return of Bitcoin and Ethereum, and the ARMA-GARCH model scrutinizes the newly confirmed cases to the fluctuation of Bitcoin and Ethereum. This study found that the impact of the COVID-19 on cryptocurrency earnings was short-term, and did not improve the market volatility.",1,BCP Business &amp; Management,,True,10.54691/bcpbm.v28i.2395
An analysis of dependency of stock markets after unlimited QE announcements during COVID-19 pandemic,Ornanong Puarattanaarunkorn; K. Autchariyapanitkul; Teera Kiatmanaroch,2023,stock market covid GARCH,Yes,"PurposeUnlimited quantitative easing (QE) is one of the monetary policies used to stimulate the economy during the coronavirus disease 2019 (COVID-19) pandemic. This policy has affected the financial markets worldwide. This empirical research aims at studying the dependence among stock markets before and after unlimited QE announcements.Design/methodology/approachThe copula-based GARCH (1,1) and minimum spanning tree models are used in this study to analyze 14 series of stock market data, on 6 ASEAN and 8 other countries outside the region. The data are divided into two periods to compare the differences in dependence.FindingsThe findings show changes in dependence among the volatility of daily returns in 14 stock markets during each period. After the unlimited QE announcement, the upper tail dependence became more apparent, while the role of the lower tail dependence was reduced. The minimum spanning tree can show the close relationships between stock markets, indicating changes in the connection network after the announcement.Originality/valueThis study allows the dependency to be compared between stock market volatility before and after the announcement of unlimited QE during the COVID-19 pandemic. Moreover, the study fills the literature gap by combining the copula-based GARCH and the minimum spanning tree models to analyze and reveal the systemic network of the relationships.",1,Asian Journal of Economics and Banking,JournalArticle,True,10.1108/ajeb-04-2023-0037
Stock Market Resilience: Evaluating Islamic and Conventional Indices through COVID-19 Waves,Zamrud Khursheed; M. Rehman; Moeez Ahmad; Ahmad Ali,2024,stock market covid GARCH,Yes,"The study examined the impact of the five COVID-19 waves on Pakistan's conventional (KSE-100) and Islamic (KMI-30) stock indices from March 3, 2020, to August 30, 2022. The DCC GARCH (1, 1) model found weak, predominantly negative connections between COVID-19 cases each day and stock returns. Visual data indicated a slight decrease in both indices as cases increased, reflecting previous findings on pandemics' adverse effects on stock markets. A thorough examination of the linkages between COVID-19 cases and financial indicators using Wavelet Coherence analysis highlighted intricate connections that are important to policymakers and financiers. Pakistan's KSE100 and KMI-30 indices showed a constant significant positive dynamic conditional association that persisted throughout the investigation. This challenges the perception that the Islamic index serves as a safe haven during financial crises. According to the research, Islamic stock markets, as reflected by the KMI-30, were not as protective or as good at hedging during crises like the COVID-19 pandemic. In fact, they were more susceptible to economic downturns. When navigating the effects of global health crises on financial markets, investors and policymakers must have a thorough understanding of these dynamics.",1,iRASD Journal of Economics,JournalArticle,False,10.52131/joe.2024.0602.0218
The impact of news about COVID-19 on the dynamics of the Russian stock market,E. Fedorova; L. Khrustova,2023,stock market covid GARCH,Yes,"Subject. The article addresses the Russian stock market during the COVID-19 pandemic.
Objectives. The study aims at empirical substantiation of the influence of tonality of news about COVID-19 published in official sources and social networks, on the Russian stock market.
Methods. We employ a set of methods and procedures to assess the sentiment of downloaded news texts and tweets and to model the dynamics of general and sectoral stock indices (bag-of-words method, Markov-switching GARCH models, evaluation of text tonality using EcSentiThemeLex dictionary).
Results. The paper reveals the influence of the tone of coverage of events related to COVID-19 pandemic in news sources and social networks on changes in stock prices of Russian companies. We substantiated the existence of industry specifics in terms of the degree of influence of the tone of news and tweets on stock price dynamics. The findings can be used by investors and issuers to model and predict changes in securities prices, and complement the theory, by underpinning the significance of the tonality of messages in the news and social networks for the dynamics of the Russian stock market.
Conclusions. Changes in the emotional tonality of news and social media posts about COVID-19 impacted the stock market of the Russian Federation. The models enabled to prove that in a volatile economy, not only the information published about the coronavirus is significant for the stock market, but also the dynamics of the number of cases.",1,Finance and Credit,JournalArticle,False,10.24891/fc.29.11.2412
Volatility Spillover Effect of Chinese and American Stock Indices in the Context of COVID-19 based on DCC-GARCH Model,Gujingyan Zhu; Xianghan Cao,2023,stock market covid GARCH,Yes,"The COVID-19 pandemic in 2020 had a significant impact on the global economy, leading to a downturn in both the Chinese and American stock markets. The United States experienced four historic circuit breakers. This paper selects four representative indices from the Chinese and American stock markets, namely the CSI 300 Index, the Shanghai Composite Index, the S&P 500 Index, and the Dow Jones Industrial Average. Closing prices from January 2, 2018, to January 4, 2022, are selected, with January 2, 2020, serving as the dividing point. The time span is divided into pre-pandemic and post-pandemic periods to investigate the volatility spillover effects of Chinese and American stock indices under the backdrop of the COVID-19 pandemic. We employs the DCC-GARCH model to empirically analyze and quantify the volatility spillover effects of Chinese and American stock indices. Results reveal that under the backdrop of the pandemic, the volatility spillover effects between Chinese and American stock indices intensified. As time progressed, these effects gradually stabilized and began to decrease slowly. Based on the research findings, we provide relevant recommendations for policymakers’ and investors’ perspectives.",1,Academic Journal of Management and Social Sciences,JournalArticle,True,10.54097/ajmss.v5i1.14067
The Dynamic Relation between Bitcoin Volatility and Stock Volatility: DCC-GARCH Approach,Chenyang Xu,2022,stock market covid GARCH,Yes,"— Bitcoin's performance during the COVID-19 pandemic has drawn a lot of attention, with many researchers wondering whether bitcoin can act as a hedge against the stock market, and how exactly the COVID-19 pandemic has changed bitcoin's connection to the world. This paper aims to investigate the dynamic conditional volatility correlation between bitcoin and stock markets before and after the COVID-19 outbreak. Bitcoin data and stock market data are collected from Coindesk and Invest, respectively. DCC-GARCH model is built to measure the dynamic correlation between bitcoin and stock markets. As a result, it shows the overall dynamic conditional correlations increase after the COVID-19 outbreak. Based on the dynamic correlations, this paper further conducts investment portfolio analysis for bitcoin and stock markets. The GARCH model is used to extract the volatilities of bitcoin and stock markets and calculate the dynamic optimal weight of bitcoin in the portfolio. Finally, this paper finds that the dynamic relation between bitcoin and the stock markets changes before and after the COVID-19 outbreak, and this change dramatically affects the optimal weight of bitcoin in the stock-bitcoin investment portfolio.",1,"Proceedings of the International Conference on Information Economy, Data Modeling and Cloud Computing, ICIDC 2022, 17-19 June 2022, Qingdao, China",Conference,True,10.4108/eai.17-6-2022.2322628
Gold and Bitcoin as Hedging Instruments for Equity Markets under Crisis,Rubaiyat Ahsan Bhuiyan; Tze Chi Chin; Changyong Zhang,2023,stock market covid GARCH,Yes,"<p class=""MsoNormal"" style=""margin-top: 6.0pt;""><span lang=""EN-US"" style=""mso-bidi-font-size: 10.5pt; font-family: 'Cambria',serif; mso-fareast-font-family: 宋体; mso-bidi-font-family: 'Times New Roman';"">Gold has been traditionally well recognized as a safe heaven for financial markets. Lately, Bitcoin has been gradually considered as a popular alternative. Since the outbreak of COVID-19 in early 2020, it has become even more necessary and critical to examine the diversification capability of them to hedge financial risks associated with an unexpected crisis comparable to the pandemic. This paper hence employs the wavelet analysis, complemented by the multivariate DCC-GARCH approach, to measure the coherence of the gold and Bitcoin prices with six representative stock market indices, three for developed economies and three for emerging economies, all of which are heavily affected by the pandemic. To have a more balanced and comprehensive analysis, two-year data are used, spanning from 12th April 2019 to 15th April 2021, which covers approximately one year before and one year after the announcement of the COVID-19 pandemic. The results suggest that the returns of both gold and Bitcoin are generally not strongly correlated with the market returns of all six indices, particularly for short-term investment horizons. That is, investors in all six indices can benefit through gold, as well as Bitcoin, in terms of hedging. Meanwhile, compared with Bitcoin, gold shows to be less correlated with the indices, particularly for long-term investment horizons. The findings hence suggest that gold and Bitcoin offer diversification benefits to investors in the market indices during a crisis such as the COVID-19 pandemic, especially for short-term investment horizons. The study also reminds policymakers thinking beyond the pandemic about the future of the earth, including air pollution and health, for sustainable development of the whole world.</span></p>",1,Financial Economics Letters,JournalArticle,True,10.58567/fel02020002
Beneath the Surface: Disentangling the Dynamic Network of the U.S. and BRIC Stock Markets’ Interrelations Amidst Turmoil,Mohamed Nishad; J. Naushad; M. Tabash; Mujeeb Saif; Neenu Chalissery; T. M. Nishad; Mohsen Al-Absy,2024,stock market covid GARCH,Yes,"The study examines the time-varying correlation and return spillover mechanism among developed (U.S.) and emerging (BRIC) stock markets during major crises from 2000 to 2023, namely the global financial crisis, COVID-19, and the Russia–Ukraine war. To do so, we used dynamic conditional correlation (DCC-GARCH) and time-varying parameter vector autoregression (TVP-VAR) models. This study finds that the nature of market crises plays a significant role in the interrelationship and return spillover mechanisms among the U.S. and BRIC stock markets. The interconnectedness of the stock markets was strengthened by crises such as the GFC and the COVID-19 pandemic. On the other hand, the Russia–Ukraine war temporarily disrupted the interrelationships between the markets. The study yields valuable insight to local and international investors in portfolio diversification and risk management strategies during market turbulence.",1,Risks,JournalArticle,True,10.3390/risks12120202
Volatility Spillover Effects in Founding Members of BRICS Stock Markets: A DCC-GARCH Perspective,P. Agrawal; A. Syed; Alka Singh; Mohit Kumar,2026,stock market covid GARCH,Yes,"This study explores how the volatility spillover mechanism and dynamic dependence among the founding BRICS equity markets, namely IBOVESPA, MICEX, Nifty 50, SSE, and JSE, have evolved over time using a multivariate DCC-GARCH model. The analysis is conducted across three distinct regimes: the pre-COVID-19 period (1 January 2010 to 10 March 2020), the COVID-19 crisis (11 March 2020 to 23 February 2022), and the Russia–Ukraine war and sanction period (24 February 2022 to 31 March 2024). The findings indicate that, prior to the COVID-19 pandemic, the BRICS equity markets experienced significant short-term volatility spillovers and significant volatility persistence, indicative of slow financial integration, as opposed to rapid contagion. In comparison, the COVID-19 pandemic resulted in significant structural shifts in the form of increased shock transmission, greater co-movement, and evident financial contagion among the markets. During the post-COVID-19 conflict period, while there was considerable persistence in volatility, the primary drivers of volatility spillovers were geopolitical. Across the three sub-periods, the volatility spillover network shows pronounced structural changes. Before COVID-19, IBOVESPA, MICEX, and SSE act as net transmitters, while Nifty 50 and JSE are net receivers. During the COVID-19 crisis, SSE and JSE become the main shock transmitters, whereas IBOVESPA, MICEX, and Nifty 50 shift to receiver roles. In the post-COVID-19 Russia–Ukraine war period, the network becomes more asymmetric, with JSE and Nifty 50 again emerging as net transmitters, while MICEX and SSE function primarily as net receivers. Overall, this study demonstrates that BRICS equity market interdependence is regime-specific and greatly dependent on exogenous global events.",1,Economies,JournalArticle,False,10.3390/economies14020041
The Impact of COVID-19 Pandemic on the Jordanian Stock Market Returns Volatility: Evidence from ASE20,N. Saqfalhait; O. M. Alzoubi,2024,stock market covid GARCH,Yes,"This research examines the impact of the COVID-19 pandemic on the volatility behavior of Amman Stock Exchange (ASE) returns using ARMA–GARCH-type models for three sub-periods: pre-COVID-19, during COVID-19, and post-COVID-19. The research finds that volatility persistence is significant across all periods, with the pandemic period showing the highest impact of shocks. Bad news has no statistically significant impact on volatility in the pre-COVID-19 period or during the pandemic, while in the post-pandemic period, good news significantly influences volatility. Additionally, there exist notable changes in the autocorrelation and the shock structure of the AR and MA components. Considering these alterations in the asymmetric effects, the AR and MA components suggest significant shifts in market dynamics, investor sentiments, and economic policies in response to pandemic experiences.",1,Economies,JournalArticle,True,10.3390/economies12090238
Modelling extreme risks for green bond and clean energy,Jin-ming Zhuo; Xiaohang Ren; Kun Duan,2023,stock market covid GARCH,No,,1,Environmental Science and Pollution Research,JournalArticle,False,10.1007/s11356-023-27071-5
"Cryptocurrencies as shock transmitters: dynamic connectedness, hedging strategies, and portfolio management across financial markets for higher-order moments",Tuna Can Güleç; Elif Erer; Selim Duramaz,2026,stock market covid GARCH,No,,1,Financial Innovation,JournalArticle,False,10.1186/s40854-025-00886-6
Volatility and Liquidity Comparison of Indonesian and Singapore Stock Market in COVID-19 Mobility Restrictions Era,Irene Nathania; S. Sumani,2023,stock market covid GARCH,Yes,"The COVID-19 case found at the end of December 2019 became a pandemic in March 2020. The research aimed to see and understand the differences in the performance of the Indonesian and Singapore stock indices represented by the Indeks Harga Saham Indonesia (IHSG) and Straits Times Index (STI) before and after the implementation of community mobility restrictions (Pembatasan Sosial Berskala Besar (PSBB) in Indonesia and Circuit Breaker in Singapore). The stock index data were stock index prices at closing and stock trading volume. The stock index performance was measured by its volatility and liquidity. Meanwhile, data volatility with heteroscedasticity symptoms was measured using the GARCH (1,1) model. Meanwhile, the standard deviation was used to measure homoscedastic data. The results show differences in return volatility and stock index liquidity before and after restrictions on community mobility. The return volatility of the IHSG and STI is higher before the community mobility restrictions compared to the period after. IHSG experiences liquidity after PSBB I and before PSBB II. The conclusion that can be drawn from these results is that liquidity in Indonesia does not improve when PSBB I is implemented, but liquidity improves in PSBB II. Meanwhile, STI’s liquidity is higher in the period after the implementation of Circuit Breaker. These results indicate that implementing the Circuit Breaker helps to improve the stock index’s performance in Singapore because volatility decreases when the policy is implemented. The policy also reduced the liquidity of the Singapore stock index.",1,Binus Business Review,JournalArticle,True,10.21512/bbr.v14i3.9063
Oil and Stock Markets in Ongoing Flux: Impact of Current Events on Oil Price and Stock Market Performance,Maria-Cristina Zwak-Cantoriu,2024,stock market covid GARCH,Yes,"Abstract The price of oil and, indirectly, the performance of stock indices have been significantly affected by the events of recent years, with a negative impact on the global economy, including the evolution of the energy market in the context of the transition to renewable energy sources and changes in global energy policy. This paper proposes a comprehensive analysis of the evolution of stock indices, oil market volatility and investors' response to the ""black swan"" events that have recently caused changes in the global economy. Using advanced econometric and statistical models, the paper presents the complex relationship between the analyzed stock indices, the trends and changes that occurred within them and the relevant influencing factors, such as the price of Brent Oil and the Baltic Dry Index. The results obtained, based on univariate GARCH models (GJR-GARCH) and multivariate DCC-GARCH models are in accordance with specialized studies in the field and show that oil price fluctuations were higher at the beginning of the Covid-19 pandemic compared to the period after the military conflicts (stage in which no significant influence of the oil price on the stock market is observed). Also, using the Chow test, in the analyzed period there are 3 important breaking points that coincide with the dates when the COVID-19 pandemic began, the military conflict between Russia and Ukraine as well as the military conflict between Israel and Gaza, events with a strong impact on the economy. The obtained results also show another important aspect, namely that, during the selected period January 2019-November 2023, the price of oil and the stock market were much more affected by the COVID-19 pandemic than by military conflicts, which cannot be also stated in the case of the price of the Baltic-Dry Index.",1,Proceedings of the International Conference on Business Excellence,JournalArticle; Conference,False,10.2478/picbe-2024-0271
Spillovers Between Euronext Stock Indices: The COVID-19 Effect,Luana Carneiro; Luís Gomes; Cristina Lopes; Cláudia Pereira,2025,stock market covid GARCH,Yes,"The financial markets are highly influential and any change in the economy can be reflected in stock prices and thus have an impact on stock indices. The relationship between stock indices and the way they are affected by extreme phenomena is important for defining diversification strategies and analyzing market maturity. The purpose of this study is to examine the interdependence relationships between the main Euronext stock indices and any changes caused by an extreme event—the COVID-19 pandemic. Copula models are used to estimate the dependence relationships between stock indices pairs after estimating ARMA-GARCH models to remove the autoregressive and conditional heteroskedastic effects from the daily return time series. The financial interdependence structures show a symmetric relationship of influence between the indices, with the exception of the CAC40/ISEQ pair, where there was financial contagion. In the case of the AEX/OBX pair, the dynamics of dependence may have changed significantly in response to the pressure of the pandemic. On the other hand, the dominant influence of the CAC40 before and the AEX after the pandemic confirms that the size and age of these indices give them a benchmark position in the market. Finally, with the exception of the AEX/OBX and CAC40/ISEQ pairs, the interdependencies between the stock indices decreased from the pre- to the post-pandemic sub-period. This result suggests that the COVID-19 pandemic has weakened the correlation between the markets, making them more mature and independent, and less risky for investors.",1,International Journal of Financial Studies,JournalArticle,False,10.3390/ijfs13020066
Cross-market Volatility Transmission and Correlation Dynamics Between Real Estate and Financial Markets: Evidence from India,Nilotpal Sarma,2026,stock market covid GARCH,Yes,"This study investigates the volatility spillovers and dynamic conditional correlations (DCCs) among the Nifty Realty Index, Indian government bonds, commodities index and exchange rate, utilizing Baba–Engle–Kraft–Kroner (BEKK)–generalized autoregressive conditional heteroskedasticity (GARCH) and DCC–GARCH models. The results indicate that the real estate sector plays a pivotal role in propagating shocks, particularly during periods of heightened uncertainty such as the COVID-19 pandemic and geopolitical conflicts. The findings highlight short-term volatility spillovers, underscoring the interrelation between the real estate market and commodity prices, as well as macroeconomic stability. The results correspond with recent research indicating increased interconnection and heightened housing market volatility during adverse conditions. These observations have significant implications for policymakers and investors, underscoring the need for targeted macroprudential measures, portfolio diversification and hedging strategies to mitigate systemic risk in the Indian financial system. This study examines the impact of the real estate sector on financial market dynamics, thereby expanding the existing literature on cross-market volatility spillovers and laying the groundwork for future research on the effect of real estate on asset pricing and economic stability.
 
 JEL Codes:
 C58, G10, G11
",1,Global Business Review,JournalArticle,False,10.1177/09721509251411077
"Oil Prices, Sustainability Initiatives, and Stock Market Dynamics: Insights from the MSCI UAE Index",H. Zarrouk; Mohamed Khalil Ouafi,2025,stock market covid GARCH,Yes,"This study examines the interplay between oil price volatility, sustainability-driven initiatives, and the MSCI UAE Index, highlighting the challenges that oil-dependent economies face in balancing financial stability with sustainability transitions. Using a dataset of 2707 daily observations from 2014 to 2024, we applied linear regression, ARCH, GARCH, and TARCH models to analyze volatility dynamics across two key periods: the 2014–2016 oil price collapse and the 2019–2023 phase marked by the COVID-19 pandemic and increasing sustainability efforts. Our findings indicate that oil price fluctuations significantly impact the MSCI UAE Index, with GARCH models confirming persistent volatility and TARCH models revealing asymmetrical effects, where negative shocks intensify market fluctuations. While the initial sustainability policy announcements contributed to short-term volatility and investor uncertainty, they ultimately fostered market confidence and long-term stabilization. Unlike previous studies focusing solely on oil price volatility in emerging markets, this research integrates sustainability policy announcements into financial modeling, providing novel empirical insights into their impact on financial stability in oil-exporting economies. The findings suggest that stabilization funds, dynamic portfolio strategies, and transparent regulatory policies can mitigate oil price volatility risks and enhance market resilience during sustainability transitions, offering valuable insights for investors, policymakers, and financial institutions navigating the UAE’s evolving economic landscape.",1,Journal of Risk and Financial Management,JournalArticle,False,10.3390/jrfm18060314
SPILLOVER VOLATILITAS HARGA MINYAK DUNIA PADA PASAR MODAL INDONESIA PERIODE TAHUN 2017-2022,Adam Zain; Tyas Danarti; Hascaryani Ekonomi; Keuangan Dan; Perbankan,2023,stock market covid GARCH,Yes,"World crude oil prices as represented by Brent Crude and West Texas Intermediate (WTI) have decreased in line with the decline in the Indonesia Composite Index (ICI) during the Covid-19 outbreak. Many countries implemented lockdown policies during the Covid-19 period, thereby hampering the pace of Indonesia's economy as a crude oil importing country. Therefore, this study aims to explain the difference in volatility spillover from world crude oil in ICI ""before"" and ""during"" the Covid-19 crisis. This study uses ARIMAX-GARCH as a tool to obtain results from the volatility spillover of world oil prices on the Indonesian capital market in 2017-2022. Furthermore, the use of ARIMAX-GARCH in this study resulted in findings of differences in crude oil spillover in ICI in the ""before"" and ""during"" Covid-19 periods. The results before Covid-19 show that there is a negative spillover from world oil price volatility on ICI volatility. Meanwhile, when Covid-19 showed that world oil volatility did not denote spillovers to ICI volatility. This shows a change in the perspective of investors towards crude oil as a consideration for investing in the stock market in Indonesia.",1,"Contemporary Studies in Economic, Finance and Banking",JournalArticle,False,10.21776/csefb.2023.02.3.06
Bitcoin and South African Stock Market Returns during COVID-19 Pandemic: A test of the Safe-Haven Hypothesis,A. Udom; Sopuru W. Nnamani,2023,stock market covid GARCH,Yes,"This paper tests the safe-haven property of Bitcoin for South African stocks using Full and Diagonal BEKK-GARCH models. The study uses the Johannesburg stock exchange Top40 index, and bitcoin returns data before COVID-19 (August 2018 to December 2019) and during COVID-19 (January 2020 to June 2021). The results show that bitcoin cannot be considered as safe-haven for stocks in South Africa since it is weakly correlated with stock and had a high volatility during the Pandemic. Therefore, the safe-haven hypothesis of bitcoin on South African stocks is not true for the period under study. The policy implication is that bitcoin is not an appropriate safe-haven asset on South African stocks because it lacks store of value properties.",1,Central Bank of Nigeria Journal of Applied Statistics,JournalArticle,False,10.33429/cjas.14223.1/5
The Long-term Impact of Covid-19 on Game Industry: Evidence from Daily New Confirmed Cases,Wen Ying,2022,stock market covid GARCH,Yes,"In early 2020, the Covid-19 outbreak caused turmoil in global financial markets, and among the many industries that suffered severely, the gaming industry stood alone, instead growing explosively in the early stages of the outbreak. However, there was a plunge after 2021. This study evaluates how the pandemic has affected gaming markets in China and other international locations. In order to examine changes in the gaming sector in terms of ROE and volatility, a VAR model and an ARMA-GARCH model are built. This study discovers that unexpected epidemic outbreaks have a mainly beneficial influence on the ROE of the gaming sector, but that this advantage gradually diminishes over time as the normal epidemic eventually lessens investor worry. In the environment of a regular epidemic, investor panic is no longer as severe and the impact on gaming industry yields is quantitatively insignificant. Therefore, investors should invest rationally in this sector.",1,BCP Business &amp; Management,,True,10.54691/bcpbm.v35i.3249
Analysis of the Transmission of Oil Price Volatility to ECOWAS Stock Markets: An MSGARCH and GARCH BEKK Approach,Prao Yao Séraphin; Mounoufie Koffi Valery,2024,stock market covid GARCH,Yes,"This research aims to examine the transmission of oil price volatility to ECOWAS stock markets between November 3, 2017, and June 16, 2022, utilising daily data from the three major financial markets. To do this, we used the MSGARCH and GARCH BEKK models. The study concluded that oil returns and ECOWAS financial market results are volatile. Furthermore, the volatility of oil returns is considerably communicated to the returns of the BRVM, GSE, and NSE before and after the COVID-19 crisis, with the NSE showing a larger amplitude. The paper advises accelerating the integration of the zone’s financial markets and establishing a stabilisation fund.",1,International Journal of Economics and Finance,JournalArticle,True,10.5539/ijef.v16n11p1
Volatility Spillovers Between the U.S. and Romanian Markets: The BET–SFT-500 Dynamic Under Political Uncertainty,K. Aivaz; Lavinia Mastac; Dorin Jula; Diane-Paula Vancea; Cristina Duhnea; E. Condrea,2025,stock market covid GARCH,Yes,"This paper analyzes the volatility relationship between the Romanian BET index and the U.S. SFT-500 index during the period 2019–2024, with a particular focus on the impact of political and geopolitical shocks. The study investigates whether financial markets in emerging economies react symmetrically or asymmetrically to external shocks originating from mature markets, especially during periods of political uncertainty. The research period includes four major systemic events: the COVID-19 pandemic, the military conflict in Ukraine, the 2024 U.S. presidential elections, and the 2024 Romanian elections, all of which generated significant volatility in global markets. The methodological approach combines time series econometrics with the Impulse Indicator Saturation (IIS) technique to identify structural breaks and outliers, without imposing exogenous assumptions about the timing of events. The econometric model includes autoregressive and lagged exogenous variables to estimate the influence of the SFT-500 index on the BET index, while IIS variables capture unanticipated political and economic shocks. Additionally, a Fractionally Integrated GARCH (FIGARCH) specification is applied to model the persistence of volatility over time, capturing the long-memory behavior often observed in emerging markets like Romania. The results confirm a statistically significant but partial synchronization between the two markets, with lagged and contemporaneous effects from the SFT-500 index on the BET index. Volatility in Romania is markedly higher and longer-lasting during domestic political episodes, confirming that local factors are a primary source of market instability. For investors, this underscores the need to embed political risk metrics into emerging market portfolios. For policymakers, it highlights how stronger institutions and transparent governance can dampen election- and crisis-related turbulence.",1,Risks,JournalArticle,False,10.3390/risks13080150
Commodity Spillovers and Risk Hedging: The Evolving Role of Gold and Oil in the Indian Stock Market,Narayana Maharana; A. Panigrahi; S. Chaudhury,2025,stock market covid GARCH,Yes,"This study examines the volatility and hedging effectiveness of commodities, specifically gold and oil, on the Indian stock market, focusing on both aggregate and sectoral indices. Data have been collected from 1 January 2021 to 31 December 2024 to cover the post-COVID-19 period. Utilizing the Asymmetric Dynamic Conditional Correlation Generalized Autoregressive Conditional Heteroskedasticity (ADCC-GARCH) model, we analyze the volatility spillovers and time-varying correlations between commodity and stock market returns. The analysis of spillover connectedness reveals that both commodities exhibit limited and inconsistent hedging potential. Gold demonstrates low and stable spillovers in most sectors, indicating its diminished role as a reliable safe-haven asset in Indian markets. Oil shows relatively higher but volatile spillover effects, particularly with sectors closely tied to energy and industrial activities, reflecting its dependence on external economic and geopolitical factors. This study contributes to the literature by providing a sector-specific perspective on commodity–stock market interactions, challenging conventional assumptions of hedging efficiency of gold and oil. It also emphasizes the need to explore alternative hedging mechanisms for risk management in the post-crisis phase.",1,Commodities,JournalArticle,True,10.3390/commodities4020005
Volatility Dynamics and Mixed Jump-GARCH Model Based Jump Detection in Financial Markets,Min Zhu; Yuping Song; Xin Zheng,2024,stock market covid GARCH,No,,1,Computational Economics,JournalArticle,False,10.1007/s10614-024-10633-1
"Investigating the impact of COVID-19 pandemic on volatility patterns
and its global implication for textile industry: An empirical case study
for Shanghai Stock Exchange of China",Jatin Trivedi; Mohd Afjal; C. Spulbar; Ramona Birau; Krishna MURTHY INUMULA; Narcis EDUARD MITU,2022,stock market covid GARCH,Yes,"This research paper aims to examine the impact of the COVID-19 pandemic on volatility patterns and its global
implication for the textile industry in China. The COVID-19 pandemic has generated a global health crisis with profound
economic, social and financial implications, but also has triggered a ruthless global recession. The global economic
recovery as a result of the COVID-19 pandemic can also generate significant investment opportunities for the textile
industry in China. In this paper, the application of empirical methods could explain historical prices, the movement
dynamics of financial assets, and investigate various important characteristics of asset pricing that explore details of the
Chinese stock market. The econometric framework includes the following: symmetric Generalize Autoregressive
Conditional Heteroscedastic GARCH (1, 1) model, asymmetric GARCH models such as EGARCH and GJR models. The
main aim is to identify the asymmetric volatility effect, and impact of news on the SSE Composite Index and investigate
long memory properties in volatility using daily data for the sample period from 19th December 1990 to 31st December
2020. This empirical study contributes to the existing literature on the impact of the COVID-19 pandemic on international
stock markets, by investigating symmetric and asymmetric volatility patterns in the case of the Shanghai Stock
Exchange from China",1,Industria Textila,,True,10.35530/it.073.04.202148
The Volatility of Stock Market in Indonesia During Covid-19 Crisis : Evidence from Consumer Goods Industry,Muhammad Syauqy Alghifary; Marlina Ekawaty; Vietha Devia Sagita Sumantri,2023,stock market covid GARCH,Yes,"This study aims to measure the volatility of stock in consumer goods industry. The analysis in this study utilize index value of consumer goods sectoral stock in 260 days. Using the paired t-test, it was discovered that stock index of consumer goods has significant change after the announcement of Covid-19 first case in Indonesia. The volatility of stock index was raised during the pandemic as measured from its standard deviation. Furthermore, the estimation of GARCH model revealed that consumer goods stock experienced a great volatility during Covid-19 crisis. The value of volatility persistence is 0,917 or close to 1, it means that the volatility was long-lasting as long as the economic crisis. The result of study could give the information for stock investor to be careful with their investment fund during the crisis. Meanwhile, the consumer goods companies can observe this result as consideration in determining the effective strategy in managing the company’s finances in the midst of an economic crisis.",1,Journal of International Conference Proceedings,JournalArticle; Conference,True,10.32535/jicp.v6i1.2306
DAMPAK COVID-19 TERHADAP ABNORMAL RETURN DAN VOLUME PERDAGANGAN SAHAM,Elvina Cahya Suryadi; Nungky Viana Feranita,2022,market behavior pandemic data analysis,Yes,"The COVID-19 pandemic is a non-natural disaster that has a huge impact around the world. This research is a quantitative research with event study method. The purpose of this research is to test the capital market reaction by looking at abnormal returns and trading volume activity before and after the COVID-19 non-natural disaster. The event day in this study was April 13rd, 2020 when the Presidential Decree was issued regarding the designation of COVID-19 as a national disaster. Using purposive sampling method, the sample of this study were 27 companies engaged in the hotel, restaurant, and tourism sub-sectors listed on the Indonesia Stock Exchange. The event period is 11 days, namely 5 days before the event, 1 day at the time of the event and 5 days after the event. Data analysis using t-test and wilxocon signed ranks test. The results of this study are: 1) there is no abnormal return during the event period, 2) there is no difference in the average abnormal return before and after the COVID-19 non-natural disaster event, 3) there is no difference in the average trading volume activity before and after the COVID-19 non-natural disaster event and after the COVID-19 non-natural disaster event. 
Keywords: Event Study, Abnormal Return, Trading Volume Activity, COVID-19.",1,RELASI : JURNAL EKONOMI,,True,10.31967/relasi.v18i1.529
VOTES AND VALUATIONS: THE IMPACT OF LOK SABHA ELECTIONS ON STOCK MARKET,Samdish Sharma; Kashish Dua Ph.D Scholar; Dr. M.R Behera; Dr. K M Bakhru,2024,market behavior pandemic data analysis,Yes,"This paper investigates the impact of the 2024 Indian Lok Sabha elections on the stock market, a relationship of significant interest to economists, investors, and policymakers. Given the pivotal role of the Lok Sabha in shaping India's economic policies and legislative landscape, the outcomes of these elections are expected to have substantial implications for market dynamics. Historical data analysis reveals that past elections have consistently led to increased market volatility and activity, reflecting investor sentiment towards political stability and economic policy continuity. This study employs a combination of quantitative and qualitative approaches, including historical data analysis, event studies, and predictive modeling, to forecast potential market reactions. Key factors such as political stability, proposed economic reforms, global economic environment, and investor sentiment are examined to understand their influence on market behavior. The 2024 elections are especially significant as they occur during a period of post-pandemic economic recovery, technological advancements, and evolving geopolitical relations. By analyzing these factors, the paper aims to provide insights into how different election outcomes might affect various sectors, investment strategies, and overall market performance. The findings are intended to aid investors in navigating the election period, making informed decisions, and understanding the broader implications of political events on economic stability and growth. This comprehensive analysis contributes to the existing literature on political economy and market behavior, offering valuable perspectives for stakeholders involved in the Indian financial markets.",1,International Journal for Research Publication and Seminar,JournalArticle,False,10.36676/jrps.v15.i3.1547
THE IMPACT OF COVID-19 ON PRICES AND TRADING VOLUME OF STOCK IN TOURISM AND HOSPITALITY SECTOR ON SOUTHEAST ASIA STOCK MARKET,Putri Nabilah; Lilis Maryasih,2022,market behavior pandemic data analysis,Yes,"COVID-19 is an unprecedented event that has devastated the world. Almost all sectors of the economy are impacted. Coupled with the designation of this virus as a global pandemic, it caused the biggest changes in stocks. The tourism and hospitality industry suffered the most due to the travel bans and lockdown. This examines stock market reaction on Pandemic COVID-19 by measuring the differences of stock prices and stock trading volumes in the South East-Asia capital market, namely the ASEAN Exchange for the period before and after the pandemic occurred. The sample used was 49 companies from the tourism and Hospitality sector included in the ASEAN Exchange. The data analysis technique used paired sample t-test and Wilcoxon signed rank test with quantitative data. The results found that the tourism and hospitality companies from Indonesia, Singapore and Thailand reacted to the Covid-19 pandemic.",1,Jurnal Ilmiah Mahasiswa Ekonomi Akuntansi,,True,10.24815/jimeka.v7i4.21118
REAKSI PASAR ATAS PENGUMUMAN BUYBACK SAHAM PADA SAAT PANDEMI COVID-19 DI BURSA EFEK INDONESIA,Ida Bagus Surya Purwitha; Gerianta Wirawan Yasa; M. G. Wirakusuma; I. Putra,2022,market behavior pandemic data analysis,Yes,"This study aims to determine whether the market reaction to the announcement of share buybacks has a positive effect during the covid-19 pandemic. The population of this research is 68 companies. The sampling technique used purposive sampling method, the samples obtained were 60 companies. The proxy in measuring market reaction uses cumulative abnormal return (CAR). The data analysis technique used is descriptive analysis, one sample t-test. The market reacted negatively at the time of the announcement of the stock buyback, before the event and after the event. This situation is different from normal conditions if investors receive good information then the market will react positively. The Covid-19 outbreak has made market conditions uncertain, resulting in a decline in IHSG. Information on share buyback announcements and capital information issued by companies to conduct share buybacks is good information or positive information, but the information has little effect compared to the impact of covid-19 and has not been able to give confidence to investors.",1,E-Jurnal Ekonomi dan Bisnis Universitas Udayana,,True,10.24843/eeb.2022.v11.i08.p10
Hedge and Safe Haven Properties of Green Bonds and Clean Energy Stocks during COVID-19 and Russian-Ukraine War: A Comparison With Gold,Fatma Mathlouthi; Slah Bahloul,2025,stock market covid GARCH,Yes," Successions of crises are currently affecting the world, which have had an impact on the worldwide financial market. Indeed, the COVID-19 pandemic and the Russia-Ukraine war have caused significant disruption, slowing global economic and financial developments. As safe havens for their portfolios, foreign investors are focusing on more dependable assets. This paper examines the safe-haven and hedging characteristics of gold, green bonds, and clean energy. According to the Dynamic Conditional Correlation (DCC)-GARCH model, the hedging ratio and hedging effectiveness index show the hedging potential of gold, green bonds and clean energy in stable and volatile market phases. Our research shows that clean energy assets can effectively reduce portfolio risk during financial uncertainty by providing stronger hedging effects than gold. However, gold remains the more cost-effective option, balancing affordability with risk mitigation. During the COVID-19 pandemic and the Russia-Ukraine conflict, both gold and clean energy assets displayed weak safe-haven characteristics, which highlighted their ineffectiveness in protecting investors during extreme market turbulence. These insights underscore the need for cautious evaluation by investors and policymakers when considering these assets for crisis portfolio strategies.
 ",1,Scientific Annals of Economics and Business,JournalArticle,False,10.47743/saeb-2025-0024
Spillovers of Political Instability and Covid 19 Pandemic Crisis on Tunisian Sectorial Stock Price Returns,Hassan Guenichi; Néjib Chouaibi,2022,stock market covid GARCH,Yes,"To examine the effects of Political instability (PI) and Covid-19 pandemic crisis measured by death rate (DR) on Tunisian sectorial stock market returns, our paper contributes to the financial literature by providing a new study of these effects based on DCC multivariate GARCH. These effects are specially examined in mean and variance returns equations. Our results show a not significant negative effect of both variables under study in mean but significant coefficients of IP and DR in variance equation. Despite the COVID-19 pandemic crisis positively impacts the investor’s fear sentiments; the conditional volatility of all sectorial stock market returns is higher in political instability period leading high-level risk in Tunisian stock market. Our findings offer useful policy and financial implications to the policy makers also to firms, investors and all stakeholders of the Tunisian stock market",0,Journal of Economics &amp; Management Research,,True,10.47363/jesmr/2022(3)152
Crises and Stock Market Integration: Evidence from BRICS Countries,Ritu Suri; S. Gauba; A. Chandran,2024,stock market covid GARCH,Yes,"This paper examines the stock market integration in BRICS (a group of Brazil, Russia, India, China and South Africa)  countries and explores the effect of two major events; COVID-19 and Russia-Ukraine war on the stock market linkages of these countries. The study is based on weekly observations of BSE SENSEX (India), Bovespa Index (Brazil), MOEX Index (Russia), Shanghai Composite Index (China), and JSE All Share Index (South Africa) collected from Yahoo Finance and Wallstreet Journal from January 2016 to December 2023. We utilize multivariate DCC GARCH (dynamic conditional correlation) model to discern the time varying conditional correlations (TVCCs) between these equity markets. Thereafter, these TVCCs are regressed on the dummy variables to capture the existence of contagion effects among the stock markets of BRICS countries during these major events. The findings of this study indicate the existence of co-movement in the stock markets prices of BRICS countries during the sample period. We find existence of significant contagion effects among the BRICS countries during the COVID period. Results show a significant downfall in the TVCCs between BRICS stock market returns following the beginning of Russia - Ukraine war.",0,Journal of Business Management and Information Systems,JournalArticle,False,10.48001/jbmis.1102002
Calendar Anomalies in African Stock Markets: Does the Effect of Covid-19 Pandemic Matter?,Fouzia Alloul; El Mehdi Ferrouhi,2025,stock market covid GARCH,Yes,"The Covid-19 pandemic profoundly disrupted global economies and financial systems, altering investor behavior and challenging traditional market dynamics. Among these disruptions, calendar anomalies, which challenge the efficient market hypothesis, offer a unique lens to assess market efficiency during crises. The objective of this study is to examine the impact of Covid-19 on calendar anomalies in the main African stock markets, an area largely overlooked in existing research despite the region’s increasing importance in global financial systems. Using daily closing prices from January 1, 2009 to December 31, 2021, and employing a GJR-GARCH (1,1) model, the findings indicate that calendar anomalies exhibit temporal variation within the sample markets, influenced by trends that shift markets between periods of efficiency and inefficiency. Additionally, the study highlights the emergence of new calendar anomalies coinciding with the onset of the Covid-19 pandemic. These results offer lasting insights for investors, suggesting the need for dynamic trading strategies that can adapt to calendar anomalies during global crises. For policymakers, the research underscores the importance of reducing information asymmetry to enhance market resilience in times of crisis. The study also emphasizes the need for further research to explore how systemic shocks, such as Covid-19, can disrupt traditional market patterns and affect stock market behavior.",0,Organizations and Markets in Emerging Economies,JournalArticle,False,10.15388/omee.2025.16.7
Realized semicovariances: Empirical applications to volatility forecasting and portfolio optimization,R. Ricco; F. Ziegelmann,2023,volatility forecasting covid deep learning,Yes,"
We propose a two-fold empirical study applying the concept of realized semicovariances as introduced by Bollerslev et al. (2020): in the first part of the paper we aim to estimate and forecast the realized volatility of an equally weighted portfolio formed by Brazilian B3 asset returns, whereas in the second part we search and find an optimum portfolio for these returns. In both parts we use high frequency data of ten assets from different segments and among the most negotiated in B3 financial market from July 2018 to January 2021. In addition, we investigate whether a Markov Switching strategy fits well to our volatility modeling approach considering that our observed data starts some time before the Covid-19 pandemic and spans well into the pandemic period. Machine Learning Regularization (LASSO) methods are employed to select covariates and potentially improve volatility estimation and forecasting. In the portfolio optimization analysis we see that under higher frequency rebalancing periods, minimum variance portfolios using the negative semicovariance matrices present better performances in terms of risk-adjusted returns compared to those that use the standard realized covariance matrices. In general we see that the realized semicovariances bring improvements to the solutions of our two problems.
",0,Brazilian Review of Finance,JournalArticle,True,10.12660/rbfin.v21n3.2023.85622
Social Media's Impact on Stock Market Volatility: A Systematic Review of Machine Learning models for Prediction and Optimization,Asir Mubasshir Ishrak; Tasfia Islam Tinni; S. Mumtaj; Monisha Dey; Basit Mahmud Shahriar,2024,stock market volatility covid machine learning,Yes,"Social media is instantaneous information exchange whereby news, opinions, and rumors can easily spread and immediately affect investor behavior and market patterns. Therefore, research in the impact of social media on the stock market volatility, such as those based on Twitter, Reddit, and Facebook, is indeed much needed. This literature review presented the in-depth study of social media activity and stock market volatility, emphasizing the role of sentiment analysis and predictive modeling in financial markets. This paper intends to complete the crucial research lacuna by investigating different social media platforms other than Twitter and Reddit, especially during big global events like the COVID-19 pandemic. The methodological approach will be a combination of a systematized literature review and selection based on comprehensive keyword searches in Google Scholar, Research Gate, and Web of Science. According to the analysis, it would appear that models using Naïve Bayes, XGBoost, and Random Forests, combined with sentiment analysis such as VADER and GARCH, can yield rather good predictions concerning short-term movements in the stock market. However, many of the studies are burdened with a number of limitations, including the short period of data collected and their reliance on a single social media platform. By weighing both the advantages and disadvantages of social media, we contribute to insights of more accurate predictive models and point out further directions of research-most of all regarding refined techniques of sentiment analysis and nonlinear effects of social media on the market dynamics. Also, the need for multi-platform and cross-cultural studies should be emphasized.",0,Proceedings of the International Conference on Industrial Engineering and Operations Management,Conference; Review,False,10.46254/ba07.20240033
Conditional safe haven behavior of bitcoin during market stress using explainable artificial intelligence,B. R. Manjunath; C. R. Kumar,2026,stock market volatility covid machine learning,No,,0,Discover Artificial Intelligence,JournalArticle,False,10.1007/s44163-026-01374-1
Safe Havens in Turbulent Times: Assessing the Role of Gold and the USD Against Global Stock Market Indices,Mukhriz Izraf Azman Aziz; Daouia Chebab; Baliira Kalyebara; Safwan Mohd Nor,2026,stock market covid GARCH,Yes,"This study investigates the roles gold and the US dollar play as safe-haven, hedging, or diversifier assets relating to six important financial stock market indices: the S&P 500, FTSE 100, Hang Seng, CAC 40 (Paris), Shanghai Composite Index, and Nikkei 225. This paper applies the bivariate dynamic copula technique and the DCC-GARCH econometric advanced methods from January 2013 to July 2024 by focusing on four serious market crashes: the Chinese stock market meltdown (2015–2016), the trade war between the US and China (2018–2020), the COVID-19 pandemic (2020–2022), and the conflict between Russia and Ukraine (2022–2024). The results show that the US dollar displays reliable hedging and safe-haven characteristics with strong evidence mainly for its role as a safe-haven asset against the FTSE 100, Hang Seng, and S&P 500. Our findings support the idea that the US dollar serves consistently as a safe-haven asset. In contrast, gold showcased a twofold function, serving as a hedge for the FTSE 100 and the S&P 500 during crisis times and acting as a diversifier for the CAC 40 and the Shanghai Composite Index in times of market stability. This dynamic was specifically noticeable in the COVID-19 period, when gold’s hedging properties were outstanding and its role as a diversifier became more pronounced in the Paris and Shanghai markets. Our results suggest that the consistent reliability of the US dollar as a safe-haven asset combined with gold’s dual role presents a compelling argument for including both in well-diversified portfolios. This strategy enables investors to mitigate risk and safeguard their wealth, especially during periods of financial market volatility.",0,Journal of Risk and Financial Management,JournalArticle,False,10.3390/jrfm19050308
Research on the Dynamic Volatility Relationship between Chinese and U.S. Stock Markets Based on the DCC-GARCH Model under the Background of the COVID-19 Pandemic,Simin Wu; Yan Liang; Weixun Li,2024,stock market covid GARCH,No,,0,Journal of Applied Mathematics and Physics,JournalArticle,True,10.4236/jamp.2024.129184
Economic Analysis and Policy Modelling economic policy issues The impact of COVID-19 induced panic on stock market returns: A two-year experience ✩,P. Cervantes; Antonio Díaz; Carlos Esparcia; Diego Huélamo,2022,stock market covid GARCH,No,,0,,,False,
Intraday Stock Return Prediction under COVID-19: A Machine Learning Approach with High-Frequency Factor Design,Ruiyang Huang; Xuanxuan Pan,2025,volatility forecasting covid deep learning,Yes,"This research examines the constraints of the Fama-French Five-Factor (FF5) model within high-frequency trading contexts and suggests the amalgamation of Machine Learning (ML) methodologies with newly developed intraday features to more effectively capture return dynamics at the index level. We use high-frequency data from all the stocks that make up the S&P 500 to see how well linear and nonlinear predictive frameworks work when the market is very volatile and when structural changes happen because of the COVID-19 pandemic. In predicting next-day open-to-close returns, our results demonstrate that machine learning modelsin particular, XGBoostperform noticeably better than linear benchmarks, especially when enhanced with unique intraday factors like realized volatility and volume-price dynamics. In the long run, the model produces economically significant excess returns and exhibits high predictive accuracy with positive and statistically significant alpha under standard factor models. These findings suggest that traditional asset pricing models fall short in capturing short-term market dynamics, and that integrating high-frequency signals can substantially improve return forecasting in turbulent periods.",0,"Advances in Economics, Management and Political Sciences",JournalArticle,False,10.54254/2754-1169/2025.lh25205
Explainable AI for Temporal Feature Interpretation in Volatility Forecasting,Krishna Sharma; Shubh Gupta; Sanika Gadkari; Vaishnavee Rathod,2025,volatility forecasting covid deep learning,Yes,"Volatility Index (VIX), also known as ‘fear index’, is a highly renowned index for measuring the volatility of the market. While deep learning models are a popular choice for time series forecasting, their black-box nature limits their adoption in high-stakes domains like finance. This research focuses on combining volatility prediction with interpretability by applying SHapley Additive exPlanations (SHAP) and Integrated Gradients (IG) to a trained LSTM model. The model was trained on Pre-COVID market data followed by evaluation on both Pre-COVID and During-COVID periods in order to observe the consistency of contributing factors across different volatility regimes. The forecasting ability of the LSTM model achieved a Mean Absolute Error (MAE) of 1.18 and Root Mean Squared Error (RMSE) of 1.99 on the Pre-COVID test data and 2.45 and 5.21 respectively, During-COVID test data. Experimental results demonstrate that while the LSTM model performs reasonably well in both regimes, the influence of input features shifts significantly during times of crisis, emphasizing the importance of explainability in financial forecasting. This study contributes a structured framework for volatility prediction with a strong emphasis on model interpretability.",0,2025 IEEE 17th International Conference on Computational Intelligence and Communication Networks (CICN),Conference,False,10.1109/CICN67655.2025.11368102
Market Reaction to Dividend Announcement during the Covid-19 Pandemic on the Indonesian Stock Exchange,I. G. Mardita; I. Badera,2024,market behavior pandemic data analysis,Yes,"This research uses Average Abnormal Return and Trading Volume Activity to test the market reaction around the dividend announcement date. Tests using these two parameters are expected to provide a more comprehensive description of market reactions. This research is quantitative research using secondary data. Even study method with a window period of 5 days before and 5 days after the dividend announcement date. Abnormal returns were calculated using a market model for 252 dividend announcement events on the Indonesia Stock Exchange in 2020. The sample was determined using purposive sampling technique and data analysis using the IBM SPSS Statistics 25.0 application. The research results show that there is a market reaction in terms of abnormal returns and differences in trading volume activity when cash dividends are announced during the Covid-19 pandemic. The announcement of an increase in the value of cash dividends and a decrease in the value of cash dividends during the pandemic caused a market reaction characterized by a significant positive average abnormal return. Meanwhile, for the announcement of the provision of dividends and the elimination of dividends, there were no significant average abnormal returns and no significant differences in trading volume activity.",0,"Journal of Economics, Finance And Management Studies",JournalArticle,True,10.47191/jefms/v7-i11-10
How Does Stock Market Volatility Affect Business Cycles? Asymmetric Evidence from Türkiye,Veysel Karagöl,2023,stock market covid GARCH,Yes,"Öz
Bu çalışmanın amacı, 1998-2022 çeyreklik dönemi için Türkiye’de hisse senedi piyasası oynaklığının konjonktür dalgalanmalarını nasıl etkilediğini araştırmaktır. Hisse senedi piyasasının oynaklığını ve konjonktür dalgalanmalarını temsilen, sırasıyla, Borsa İstanbul 100 endeksi getiri serisi (RBIST) ve trendden arındırılmış reel Gayri Safi Yurtiçi Hasıla (BC) kullanılmıştır. Hisse senedi piyasasındaki oynaklığın, konjonktür dalgalanmalarındaki genişleme ve daralma aşamalarındaki etkisini ayrıştırabilmek adına asimetrik yöntemlerden yararlanılmıştır. İlk olarak Markov rejim değişim GARCH (MS-GARCH) yöntemiyle konjonktür dalgalanmaları, genişleme ve daralma rejimleri altında incelenmiştir. MS-GARCH yönteminin bulgularına göre, RBIST, BC’yi hem genişleme hem de daralma aşamalarında negatif etkilemektedir. Ancak 2000’li yılların başında yaşanan Bankacılık Krizi, Küresel Finansal Kriz, 2016 ve 2018 Döviz krizleri ile son yaşanan Covid-19 Pandemisi gibi daralma aşamalarında bu etki daha nispeten daha büyüktür. İkinci olarak ise bulguları daha güçlü kılmak adına doğrusal olmayan ARDL (NARDL) yöntemi uygulanmıştır. NARDL yönteminin bulguları, kısa dönemde, MS-GARCH yönteminden elde edilen bulguları desteklemektedir. Kısa dönemde RBIST’in pozitif ve negatif bileşenlerinin, BC üzerindeki etkisi negatif, ancak uzun dönemde bu etki pozitiftir. Genel olarak çalışmanın bulguları, politikaların, hisse senedi piyasasındaki oynaklık ile konjonktür dalgalanmaları arasındaki ilişkinin doğrusal olmayan özelliklerini dikkate alması gerektiğini göstermektedir.",0,"Ekonomi, Politika &amp; Finans Araştırmaları Dergisi",JournalArticle,True,10.30784/epfad.1303396
GARCH Model for Determining COVID-19 Pandemic Effect on Hospitality Stock Returns,P. Srivastava; Chandrakala D P; N. Suresh,2022,stock market covid GARCH,Yes,"The hospitality industry contributes about 6.23% to the GDP of a country and 8.78% of employment in the country. This sector has seen strong growth in recent years due to the massive inflow of foreign travelers, and the movement of national tourists has also increased. World stock markets are declining now as investors become more concerned about the economic impact of the COVID-19 pandemic. Hotels, travel & tourism, and airlines have also experienced enormous losses. This study examines the effect of hospitality stock returns during the COVID-19 pandemic period, i.e., hospitality sectors, on stock index returns (Nifty 50) during the pandemic period. The weekly rate of hospitality stock index return (Nifty50) was considered for the study. A dummy variable was used to measure the effectiveness of the hospitality stock returns during March-May 2020. The study period was restricted from March 25th, 2020 to May 31st, 2020. The GARCH Model was used to analyse the data, and the results were validated using Residual Diagnostics. Finally, this study reveals a significant impact on hospitality stock returns during the COVID-19 pandemic period.",0,Proceedings of the International Conference on Industrial Engineering and Operations Management,Conference,True,10.46254/in02.20220288
"Investigating the Dynamic Interconnections between Global Economic Policy Uncertainty, Geopolitical Crises, and Financial Markets",Muhammad Niaz Khan,2026,stock market covid GARCH,Yes,"This study investigates the dynamic volatility connections among commodities, equities, and cryptocurrency markets in response to heightened Geopolitical Risk (GPR) and Global Economic Policy Uncertainty (GEPU). To investigate dynamic volatility connectedness, the study employs Time-Varying Parameter Vector Autoregression (TVP-VAR) framework and a Dynamic Conditional Correlation-Generalized Autoregressive Conditional Heteroskedasticity (DCC-GARCH) model. The sample period spans over ten years from January 2014 to June 2024. The findings reveal that volatility spillovers are predominantly driven by crude oil and U.S. stock markets, particularly during crises episodes. The results reveal that GPR and GEPU indices have a limited role as shock transmitters, and are relatively weakly associated with gold and cryptocurrency markets. During periods of financial distress, gold and cryptocurrency markets predominantly emerged as shock absorbers rather than transmitters, suggesting a limited shock-propagation role and highlighting their potential diversification benefits. Furthermore, in comparison to the geopolitical crises’ episodes, volatility transmission was most pronounced during the COVID-19 pandemic. These insights offer valuable implications for investors, academicians and policymakers, emphasizing the necessity of robust risk management strategies in times of economic and geopolitical uncertainty.",0,Business &amp; Economic Review,JournalArticle,False,10.22547/ber/18.1.3
Whether the Air Transport is Going through the Difficulties: Evidence from Dynamic Changes in Brent Oil Prices,Jianhui Li; Xiaohan Wang; Zichun Wang,2023,stock market covid GARCH,Yes,"In 2020, the outbreak of COVID-19 caused a sharp drop in international crude oil prices. The outbreak of the Russian Ukrainian conflict in 2022 has also had a great impact on the fluctuation of international crude oil prices. So far as an important source of energy, the fluctuation of crude oil price is associated with the entire financial market. Therefore, this paper try to find how the air transport industry will going through the dynamic changes of its main source of energy——crude oil. Then the data of Brent oil price and air transportation industry index are selected from six months earlier before the Russian Ukrainian conflict broke out, used for constructing VAR model and ARMA-GARCH model with their logarithmic sequences. Through testing and observing the constructed Var model and ARMA-GARCH model, find the impact of international crude oil price changes on the yield and volatility of air transportation industry, so that the air transport industry can acquire the initiative of energy source.",0,BCP Business &amp; Management,,True,10.54691/bcpbm.v38i.3901
The Impact of COVID-19 Pandemic on the Social Media Industry: A Long-term Perspective,Zijing Chen,2023,stock market covid GARCH,Yes,"With the emergence of the coronavirus pandemic around the world, social media has rapidly become an effective tool for information generation and broadcast, entertainment, marketing, and consumption. Depending on some studies, social distancing rules, lockdown measures, business closures, self-quarantines, and the fear of infection during the COVID-19 pandemic limited people's physical social interaction; as a result, individual and organizational activities on social media platforms grow explosively. This degree of social media popularity has a double-edged impact on the expansion and financial performance of social media companies. In this article, a well-known American corporation, Twitter, lnc. was chosen and daily stock data from January 2020 to April 2022 is extracted, as well as corresponding daily new confirmed cases in the US and around the world. The VAR model was applied in the study to evaluate the link between variables, and the ARMA-GARCH model was used to determine and analyze both earning ability and stock volatility throughout the pandemic. Interestingly, Twitter's financial performance is merely a microcosm of the entire stock market, in which investors can quickly rebound from pessimism and reinvest in the market. The study forecasts the possible future of the social media industry and provides managerial and investment recommendations to its stakeholders.",0,BCP Education &amp; Psychology,,True,10.54691/bcpep.v8i.4316
Bayesian Analyses of the Two-Stage CARR-Return Models with Applications to COVID-19 Impact on the Cryptocurrency Market,H. Savage; Jennifer S. K. Chan,2025,stock market covid GARCH,Yes,"Abstract Volatility is one of the main risk measures as it describes the variability of returns; thereby it drives many investment decisions in the financial markets. Yet, the COVID-19 pandemic introduces a new source of market risk, and its impact remains in focus. This paper studies the volatility and return series of Bitcoin and Ethereum to gain a better understanding of the impact of this widespread global event on the financial markets particularly when central banks’ stimulus measures led to concerns about inflation, boosting interest in Bitcoin as the “digital gold”. We extend the conditional autoregressive range (CARR) volatility model by incorporating efficient realised range-based volatility measures taken at higher frequencies, which capture stronger short-term memory. These conditional volatility estimates are then used as inputs in return models, forming a two-stage model that models volatility and returns separately. This approach serves as a compelling alternative to the commonly used GARCH models. The key improvement comes from the choice of error distribution – the Generalized Beta Type two, which can be specified in the CARR model but not in GARCH models. For the return model, the Student-t distribution is typically the best choice. The two-stage model demonstrates strong out-of-sample forecasting performance, particularly in terms of Value-at-Risk (VaR) and Volatility-at-Risk (VoaR), underscoring its practical effectiveness. Model parameters are estimated using a Bayesian MCMC approach via the RStan package.",0,Studies in Nonlinear Dynamics & Econometrics,JournalArticle,False,10.1515/snde-2025-0027
Randow walk classifications and market risk evaluations of Malaysian stock market,Lim Qiu Ting; Lam Sing Yan; Chin Ming Jun; C. Cheong; Lim Min,2025,stock market covid GARCH,Yes,"This study delves into the characterization of random walks in the Malaysian stock market, specifically focusing on FTSE Bursa Malaysia KLCI. The examination of different types of random walks has been conducted through a battery of tests. The analysis takes into account the impact of the COVID-19 pandemic and divides the data into two distinct periods: before COVID-19 (from December 1, 2015, to May 1, 2019) and during COVID-19 (from December 1, 2015, to December 31, 2021). Subsequently, forecasting and risk determination are carried out using the ARMA-GJR model and ARMA-GARCH model. The empirical results reveal a substantial influence of COVID-19 on both the return and volatility of FTSE Bursa Malaysia KLCI.",0,Journal of Statistics and Management Systems,JournalArticle,False,10.47974/jsms-1391
Price Patterns in Agricultural Futures Markets: A GARCH Model Approach,K. D; R. A; V. N; Shivakumar Km; Pangayar Selvi R; C. K,2023,stock market covid GARCH,Yes,"The outbreak of corona virus has affected the financial market internationally in an unprecedented way. Due to the devastations that emerged in the international market, the Indian financial market proportionally reacted to the pandemic and further witnessed violent volatility. Considering the COVID-19 situation, this paper is an empirical investigation on the impact of COVID-19 on agricultural commodities, specifically on NCDEX platform. Using daily closing future prices of guar seed, jeera, turmeric, and Coriander on NCDEX, this study examines the impact of COVID-19 on the selected commodities over the period from 24th December 2019 to 24th June 2020, representing three months before and during the covid – 19 spread. This study has tried to compare the future prices in the pre-COVID-19 period and during the COVID-19 situation, by using GARCH Model. Findings reveal that the price of jeera, turmeric and coriander has encountered instability during the Corona pandemic period.",0,Madras Agricultural Journal,JournalArticle,True,10.29321/maj.10.000839
Financial Contagion: A Systematic Literature Review,Dilber Doğan; Mustafa Sayim,2026,stock market covid GARCH,Yes,"Purpose –This study aims to provide a comprehensive overview of the available information on the financial contagion/contagion effect during the COVID-19 pandemic through a systematic literature review.Design/methodology/approach –Financial contagion, the phenomenon of events spreading and affecting financial markets, has gathered significant attention from scholars and practitioners. Numerous studies have been conducted on this topic, necessitating a thorough examination to understand the diverse approaches and findings related to financial contagion. Therefore, we conducted a review of financial contagion/contagion effect studies in the Web of Science (WoS) and the Scopus databases, analyzing 37 articles.Results–His review, based on selected keywords and defined criteria, had a total of 1,160 citations referencing these articles as of December 2024. Notably, the multivariate GARCH models, the VAR model, and the Copula model emerged as prominent methodologies for investigating the financial contagion effect.Discussion –By synthesizing current research findings, we offer insights into potential directions for future studies on this vital subject, thus contributing to a deeper understanding of financial contagion/contagion effect.",0,Journal of Business Research - Turk,JournalArticle; Review,False,10.20491/isarder.2025.2134
AN ANALYSIS TO DETERMINATE THE IMPACT OF COVID-19 ON WORLD FINANCIAL MARKETS,Sibel Fettahoğlu; Osman Nuri Boran,2022,stock market covid GARCH,Yes,"In this study, it was analysed to determine whether the coronavirus, which became a global epidemic by affecting the whole world in a short time, caused any changes in the volatility and liquidity of stock market indices in the USA, Germany, China, Japan, Egypt, and Turkey. In this context, the effects of the coronavirus epidemic on DOW30 Index in USA, DAX Index in Germany, SSE Composite Shanghai Index in China, NIKKEI 225 Index in Japan, EGX30 Index in Egypt and BIST100 Index in Turkey were investigated. The results and estimations of the study were limited to the relevant countries, and this was the limitation of the study. Selected countries for the analysis were determined by their locational and financial market properties among developed and developing countries which were the most representative ones. The date of the first case for each country announced by WHO was taken as a basis date. A data set was prepared for the period from the first case had been seen to 18 November 2020 for each country. In order to determine the pre-pandemic and post-pandemic differentiation, a pre-pandemic period data set was created as well as the same amount of data. Thus, it was tried to determine whether there was a differentiation for the period before and after the pandemic. The return and liquidity series of the indices were estimated with GARCH(1,1), one of the conditional variance models, and it was observed that there were changes in the volatility and liquidity of the relevant stock market indices after COVID-19. In addition, volatility clusters were observed. Return series of all country stock market indices which were the subject of the research had determined to have thick tail and skewness features like classical financial time series.",0,Strategic Public Management Journal,,True,10.25069/spmj.1120893
Stock Market Reaction of Pharmaceutical Sector Companies to the Announcement of the Covid 19 Endemic in Indonesia,Monica Weni Pratiwi,2022,market behavior pandemic data analysis,Yes,"The transition period from the pandemic to the endemic covid 19 in Indonesia had an impact on increasing the Jakarta Composite Index on the Indonesia Stock Exchange, however, the stock prices of pharmaceutical sector companies decreased one day after the endemic announcement date. Based on this phenomenon, this study aims to analyze market reactions that cause abnormal returns in pharmaceutical sector companies listed on the Indonesia Stock Exchange. The population used in this study were pharmaceutical sector companies listed on the Indonesia Stock Exchange with a total sample size of 110. The data analysis method used was a descriptive analysis approach. The results of this study indicate that there is an increase in abnormal returns during the transition from the pandemic to the endemic Covid-19 in pharmaceutical sector companies in Indonesia.",0,"JOURNAL OF ECONOMICS, FINANCE AND MANAGEMENT STUDIES",,True,10.47191/jefms/v5-i12-19
Financial Markets’ Reaction to COVID-19 Pandemic: Panel Data Analysis for SAARC Countries,Md Shakhaowat Hossin,2022,market behavior pandemic data analysis,Yes,"This article looks at the financial markets’ reaction to COVID-19 pandemic by using Panel Data Analysis method for SAARC countries over the period January 27, 2020 to June 30, 2020. By employing the Hausman test and random effect model this study finds that stock market has negative reaction to the daily growth in number of COVID-19 confirmed case and deaths. And this reaction is very strong for COVID-19 confirmed case compared to the growth in death. Again, the daily growth in number of recovered corona patient, and the recovery rate have positive association with stock market but weakly. Correlation matrix among variables finds that the daily growth in COVID-19 confirmed cases in SAARC country has strong negative correlation with stock market returns. Overall, this investigation implies that stock markets’ reaction depends on severity of the outbreak and stages of COVID-19 spread.",0,South Asian Journal of Social Studies and Economics,,True,10.9734/sajsse/2022/v16i4620
"Financial Investment Risk Comparison Stock, Gold, and Cryptocurrency : Evidence Transition Towards Endemic COVID-19 in Indonesia",Farah Amira Firdausia; N. Nasrudin,2026,stock market covid GARCH,Yes,"Financial investment is an investment made by economic actors in financial markets through various financial instruments such as stocks, gold, and cryptocurrencies. During the COVID-19 pandemic, people were more interested in investing in financial instruments because financial investments have the attraction of liquidity. This study aims to know the conditions for stock, gold, and cryptocurrency returns and to model the volatility return of stock, gold, and cryptocurrency during the transition towards endemic COVID-19. This study used a quantitative approach with daily secondary data of the highest price during the transition towards endemic COVID-19, with the period May 1, 2022, to December 31, 2022, because this period can be good news for investment instruments. The contribution of this research to the existing literature is examining the COVID-19 pandemic specifically during the Transition Towards Endemic COVID-19, especially in Indonesia, on the three instruments. Price data was first converted into the return and then analyzed descriptively and inferentially. Data were analyzed by the EViews 10 Program. The descriptive results showed that during the transition towards endemic COVID-19, the three investment instruments had fluctuating returns. Based on ARMA modelling, those with ARCH effects are gold and cryptocurrency, so modelling using GARCH is continued. GARCH modelling during the transition period towards the COVID-19 endemic in gold and cryptocurrency using GARCH(1,1) and ARCH(1). Based on the estimated volatility, the results show that cryptocurrency is the riskiest instrument, followed by gold and stocks.  For risk-seeker investor types can invest in cryptocurrency instruments. For the type of risk-averse investors who can invest in stock investment instruments.",0,Journal of Business and Political Economy : Biannual Review of The Indonesian Economy,JournalArticle,False,10.46851/173
Stock Market Volatility of G-20 Countries before and during the COVID Crisis,Debsikha Roy; Amalendu Bhunia,2025,stock market covid GARCH,Yes,"This research explores into the intricate dynamics and drivers of stock market volatility in both emerging and developed G20 economies. Empirical results from GARCH (1,1) and EGARCH (1,1) indicate the existence of both short-run and long-run symmetric and asymmetric volatility in the market returns of the G20 countries before and during the crisis and also captured the presence of information asymmetry. Argentina and China’s markets experienced the highest symmetric short- and long-run volatility persistency during the pre-pandemic period, whereas the Russian market had the largest symmetric and asymmetric short- and long-run volatility persistency during the COVID-19 crisis among the other G20 countries. Consequently, the findings of this research contributed to the existing body of knowledge on stock market volatility, offering nuanced perspectives on the distinct characteristics and dynamics of emerging and developed economies, and paving the way for more informed decision-making in the global financial landscape.",0,Journal of Commerce and Accounting Research,JournalArticle,False,10.21863/jcar/2025.14.3.011
Will Teleworking Software Benefit from Covid-19 Pandemic: A Long-term Perspective,Jianmei Liu; Yinglun Liu; Jiadi Peng,2023,stock market covid GARCH,Yes,"Since the beginning of the epidemic brought about by the new coronavirus in early 2020, people's lives and various industries around the world have received varying degrees of impact and has continued to this day. it is the Chinese market, the U.S. market or the European market, after the rapid spread of the new epidemic in the short term, investors panic, the tendency of capital risk aversion led to a large number of capital ""flight"" from the financial market, and thus the financial market indices fell off a cliff, but after the beginning of the epidemic online office industry also appeared in the short term However, the online office industry also experienced a great deal of positive sentiment in the short term after the epidemic began, and the market reacted to this information. VAR and ARMA-GARCH models were used to examine the impact of the pandemic outbreak on telecommuting industry returns and volatility, respectively. And we get a result that the Covid-19 affect the whole financial market more dramatically in other countries, but affect online office industry more obviously in China.",0,"Highlights in Business, Economics and Management",JournalArticle,True,10.54097/hbem.v8i.7209
Market Efficiency and Volatility Dynamics in the Nigerian Stock Exchange: Evidence from the Pre- and Post-COVID-19 Lockdown Period,K. Nageri; Fatimoh Toyin Abdulrahman,2026,stock market covid GARCH,Yes,"The Efficient Market Hypothesis (EMH) posits that asset prices adjust rapidly to new information, leaving no scope for systematic excess returns. The COVID-19 pandemic represented an unprecedented global shock, generating substantial volatility across financial markets, including those in emerging African economies. This study examines the volatility dynamics and informational efficiency of the Nigerian Stock Exchange (NGX) All-Share Index before and after the COVID-19 lockdown. Using daily data from January 2018 to December 2022, the analysis applies GARCH (1,1) models under Gaussian, Student’s t, and Generalized Error Distribution assumptions to evaluate return dependence and volatility persistence across sub-periods. The empirical results confirm that returns are stationary in both pre- and post-lockdown phases. However, significant lagged return effects are observed across periods, indicating short-run return dependence inconsistent with strict weak-form efficiency. Volatility clustering is pronounced in the pre-lockdown period but weakens after the lockdown, with relatively rapid mean reversion of shocks in both phases. These findings suggest that the COVID-19 shock intensified volatility temporarily without fundamentally restructuring the informational dynamics of the Nigerian market. The study contributes to the emerging-market literature by distinguishing between volatility stabilisation and informational efficiency, demonstrating that reduced volatility persistence does not necessarily imply the elimination of return predictability. Strengthening market transparency and improving information dissemination remain essential for enhancing long-term market efficiency and resilience.",0,Innovation Journal of Social Sciences and Economic Review,JournalArticle,False,10.36923/ijsser.v8i1.343
The Asymmetric Effects of Covid-19 and the Russia-Ukraine War on Developed Countries' Stock Markets: Evidence from the GJR-GARCH Model,,2024,stock market covid GARCH,No,,0,International Research Journal of Economics and Management Studies,JournalArticle,False,10.56472/25835238/irjems-v3i10p127
Do Islamic and socially responsible stocks act as a safe refuge for the US stock market?,Yosra Ben Said; Asma Khabou,2025,stock market covid GARCH,Yes,"ABSTRACT Our work aims to compare and specify the role that Islamic and socially responsible stocks can play in times of stock market crises. For crises, we extend our study to the four crises that have occurred since 2008: the global financial crisis, the European Sovereign crisis, the COVID-19 crisis, and the Ukrainian-Russian conflict. In this paper, we study the dynamics of the correlation between Islamic stock returns, socially responsible stocks, and US stock returns for the period 2008–2022. We adopt the DCC-GARCH model to determine the best strategy to hedge a portfolio against the risk of adverse price movements in the US stock market. Our main results demonstrate the important diversifying role of Islamic and socially responsible indices for conventional US stocks and reject the role of safe haven and hedge, respectively, in times of crisis and stability.",0,Journal of Chinese Economic and Business Studies,JournalArticle,False,10.1080/14765284.2025.2472505
Does COVID-19 pandemic event alter the dependence structure breaks between crude oil and stock markets in Europe and America,Shengnan Li,2022,stock market covid GARCH,No,,0,,,False,
The impact on insurance companies trading during unexpected events: An empirical study,Huda Alsayed,2025,stock market covid GARCH,Yes,"Significant disruptions to the economy, businesses, and people's lives have been brought about by unforeseen events, such as the coronavirus disease 2019 (COVID-19) pandemic and political developments. National supervisory bodies should take action to mitigate the pandemic's impact on the insurance industry. The operations of insurance companies are at risk because they must strike a balance between maintaining capital adequacy and solvency and a sharp rise in claims. This study counts as the first to address the issue of trading in uncertain events. This study examines the impact of the COVID-19 pandemic on insurance companies, utilizing stock market data from Saudi insurance companies spanning the years 2017–2025. For this paper, we use time series; precisely, the GARCH (EGARCH) model was applied to the data extracted from the TASI index for the Saudi market.  The STATA program is used for our data analyses. The findings unequivocally demonstrate that the pandemic had a significant impact on the operation of the insurance industry. Additionally, it has been found that insurance company trading volumes reached their peak during the pandemic. COVID-19 had a much greater impact on the trading volume than other political events.",0,Edelweiss Applied Science and Technology,JournalArticle,False,10.55214/2576-8484.v9i9.10136
An Event-Driven Analysis of Volatility Forecasting for U.S. and Chinese Technology Indices: Application of GARCH Family Models,Lan Huang,2025,stock market covid GARCH,Yes,"This study investigates the distinct volatility dynamics of the U.S. (NASDAQ-100) and Chinese (ChiNext) technology stock markets in response to major geopolitical and economic shocks. Utilizing daily data from 2017 to 2024, the study employs GARCH, EGARCH, and TGARCH models to analyze market behavior, with a specific focus on four key events including the U.S.-China Trade War and the COVID-19 pandemic. The results reveal a strong, classic leverage effect in the NASDAQ-100, for which the EGARCH model provides the best fit. In contrast, the ChiNext index exhibits a weaker, threshold-based asymmetry best captured by the TGARCH model. While the models effectively captured event-driven volatility through their asymmetric components, diagnostic tests indicate that standard GARCH frameworks, though adequate for the NASDAQ-100, are insufficient to fully model the more complex risk structure of the ChiNext market. The findings underscore that risk characteristics are fundamentally market-specific, necessitating tailored modeling approaches for effective global risk management.",0,Journal of Statistics and Economics,JournalArticle,False,10.62517/jse.202511605
MEMBANDINGKAN SUMBER VOLATILITAS PASAR SAHAM KONVENSIONAL DAN PASAR SAHAM SYARIAH DI INDONESIA,F. C. Permana; Ahmad Rodoni,2025,stock market covid GARCH,Yes,"This study investigates the sources of volatility affecting the performance of Indonesia’s stock market, focusing on both the conventional Jakarta Composite Index (JKSE) and the Sharia-based Jakarta Islamic Index (JII). The analysis considers three groups of potential determinants: (a) global macroeconomic factors, proxied by Brent crude oil prices (BRENT) and gold prices (GOLD); (b) international financial market linkages, represented by the Dow Jones Industrial Average (DJIA); and (c) Indonesia’s domestic fundamentals, proxied by the Rupiah–U.S. dollar exchange rate (USDIDR) and 10-year government bond yields (INDO10). Employing stochastic econometric approaches, including a multibreak structural model and volatility models (ARCH/GARCH), this study utilizes daily data spanning from January 2, 2019, to May 31, 2022. The findings reveal that structural breaks are more frequent in the JKSE than in the JII. Moreover, the persistence of structural breaks in both indices following the declaration of the COVID-19 pandemic indicates that the crisis effects remained unresolved throughout the observation period. Furthermore, domestic fundamentals (USDIDR and INDO10) exert the strongest influence on volatility in both indices, while the significant impact of BRENT and DJIA during certain break periods underscores the importance of global market dynamics.",0,Relevan : Jurnal Riset Akuntansi,JournalArticle,False,10.65179/relevan.2025.9401
"Impact Investing in NSE-Listed ESG Indices: Abnormal Returns, Calendar Effects, and GARCH-Based Volatility Dynamics in the Indian Stock Market",S. Maheshwari; Deepak Raghava Naik; R. Garg,2026,stock market covid GARCH,Yes,"This study examines the risk–return performance of Nifty100 ESG and the Nifty Enhanced ESG equity indices listed on India’s National Stock Exchange (NSE) relative to the conventional Nifty 100 benchmark from April 2011 to June 2023. Rather than asserting formal “abnormal returns” in the asset-pricing sense as per CAPM or multi-factor alpha estimation, this study documents systematic return outperformance and time-varying volatility dynamics using unit root tests, month-of-the-year dummy regressions with ARIMA error correction, and GARCH-family conditional volatility models. The two ESG indices delivered cumulative returns much higher than the broader Nifty 100 index. Conditional volatility peaked for ESG indices when compared to Nifty 100 during the April 2020 COVID-19 shock, indicating marginally greater ESG resilience. A distinct March effect, which is analogous to the January effect in developed markets, is observed to be significant for the ESG indices. Our findings underscore the growing importance of responsible investing and time-varying risk premia in the Indian equity market.",0,Journal of Risk and Financial Management,JournalArticle,False,10.3390/jrfm19050350
Volatility Based Stock Market Analytics and News Effect,Mahak Manzoor; S. Siddiqui,2025,stock market covid GARCH,Yes,"This study examines volatility linkages within the Indian capital market, focusing on the behaviour of Nifty50, Nifty Smallcap50, and Nifty Midcap50 indices during the pre-COVID, COVID, and post-COVID periods. Using the GARCH (1,1) and EGARCH models, we analyse performance during significant market volatility. The findings reveal substantial volatility persistence in specific phases. EGARCH analysis uncovers a prevalent leverage effect, where negative shocks amplify volatility across most periods, except for a reversal in Nifty Smallcap50 during the second COVID wave. Interestingly, a symmetrical effect was observed during the normal period. The observed asymmetry between market behaviour and news deviates from existing literature, likely due to the shorter duration and proximity of the second wave. These insights provide valuable guidance for investors navigating market uncertainties and emphasize the varying impacts of news on index volatility.",0,"2025 12th International Conference on Reliability, Infocom Technologies and Optimization (Trends and Future Directions) (ICRITO)",Conference,False,10.1109/ICRITO66076.2025.11241432
Analysis of the Medical Industry in the Stock Market under the Influence of the Pandemic in China,Ziyue Mao; Ruixi Wu; Zhao Dong; Xian Zhang,2024,stock market covid GARCH,Yes,"This paper is working to analyze the influence of COVID-19 on the medical industry in Chinas stock market. Because the pandemic has influenced our society and development impressively, using statistical methods to analyze its influence is a necessary method to estimate the risk of investment. Some common statistic analyzing methods, the ARIMA model and GARCH model, will be used in this paper, and the data of the stock price of a medical manufacturing company Zhangzhou Pientzhng Phrmctcl Co Ltd during the COVID-19 is collected and introduced in the models. Meanwhile, machine learning is also implemented in the prediction and analysis of the data. The results of these two models both demonstrate the high volatility in the stock market under the influence of pandemic, which is meaningful for further research about the risks of future investment in medical industry of Chinas stock market.",0,"Advances in Economics, Management and Political Sciences",JournalArticle,True,10.54254/2754-1169/89/20231441
Dynamics of Volatility Spillover among the US and emerging Asian stock markets amid the COVID-19 pandemic,Mariyam Qadir; Dr. Saqib Gulzar; Dr Muhammad Owais,2023,stock market covid GARCH,Yes,"This study examines the dynamics of volatility Spillover among the US and emerging Asian Stock markets (China, Pakistan, India, Malaysia and Korea) amid the COVID-19 pandemic. The analysis used data of daily stock returns and the time period is divided into two phases: pre and during COVID-19. The pre period is from November 1st, 2017 to November 30th, 2019 and during period is from December 1st, 2019 to December 31st, 2021. The pre-period has been taken for comparative purpose. The Spillover index method provided by Diebold and Yilmaz (2012) is use to check these dynamics. The findings indicate the presence of integration and the asymmetric volatility Spillover among these sampled stock markets. The transmission pattern of volatility Spillover is bidirectional. The Korean Composite Stock Price Index (KOSPI) is the only market that transmitted less and also received less volatility Spillover from other stock markets. The US (S&P 500) being highly affected country by pandemic transmitted higher volatility Spillover to others rather than receiving while China being pandemic originating country lies on a moderate level; not highly affected by others nor affect others. The findings of the present study help investors and portfolio managers to diversify their portfolio accordingly while help policy makers to design strategies to protect their financial markets from future uncertain events. The study have significant implications for risk minimization and portfolio diversification.
References
Acatrinei, M., Gorun, A., & Marcu, N. (2013). A Dcc-Garch Model to Estimate. Romanian Journal of Economic Forecasting, 1(2013), 136-148.
AlAli, M. S. (2020). The effect of who COVID-19 announcement on Asian Stock Markets returns: an event study analysis. Journal of Economics and Business, 3(3).
Alber, N. (2020). The effect of coronavirus spread on stock markets: The case of the worst 6 countries. Available at SSRN 3578080.
Arshanapalli, B., & Doukas, J. (1993). International stock market linkages: Evidence from the pre-and post-October 1987 period. Journal of Banking & Finance, 17(1), 193-208.
Ashraf, B. N. (2020a). Economic impact of government interventions during the COVID-19 pandemic: International evidence from financial markets. Journal of behavioral and experimental finance, 27, 100371.
Ashraf, B. N. (2020b). Stock markets’ reaction to COVID-19: Cases or fatalities? Research in International Business and Finance, 54, 101249.
Asif, M. (2022). Integration of Information Technology in Financial Services and its Adoption by the Financial Sector in Pakistan. Inverge Journal of Social Sciences, 1(2), 23-35.
Asif, M., Adil Pasha, M., Shafiq, S., & Craine, I. (2022). Economic Impacts of Post COVID-19. Inverge Journal of Social Sciences, 1(1), 56-65. https://doi.org/10.1022/ijss.v1i1.6
Azimli, A. (2020). The impact of COVID-19 on the degree of dependence and structure of risk-return relationship: A quantile regression approach. Finance Research Letters, 36, 101648.
Bakas, D., & Triantafyllou, A. (2020). Commodity price volatility and the economic uncertainty of pandemics. Economics Letters, 193, 109283.
Baker, S. R., Bloom, N., Davis, S. J., & Terry, S. J. (2020). Covid-induced economic uncertainty.
Baruník, J., Kocenda, E., & Vácha, L. (2015). Volatility spillovers across petroleum markets. The Energy Journal, 36(3).
Bekaert, G., & Harvey, C. R. (2003). Market integration and contagion. In: National Bureau of Economic Research Cambridge, Mass., USA.
Billio, M., Donadelli, M., Paradiso, A., & Riedel, M. (2017). Which market integration measure? Journal of Banking & Finance, 76, 150-174.
Bissoondoyal-Bheenick, E., Do, H., Hu, X., & Zhong, A. (2021). Learning from SARS: Return and volatility connectedness in COVID-19. Finance Research Letters, 41, 101796.
Biswas, D. (2015). The effect of portfolio diversification theory: Study on modern portfolio theory of stock investment in the national stock exchange. Journal of Commerce and Management Thought, 6(3), 445-455.
Calvo, S. G., & Reinhart, C. M. (1996). Capital flows to Latin America: is there evidence of contagion effects? Available at SSRN 636120.
Clark, T. E., & West, K. D. (2007). Approximately normal tests for equal predictive accuracy in nested models. Journal of econometrics, 138(1), 291-311.
Diebold, F. X., & Yilmaz, K. (2009). Measuring financial asset return and volatility spillovers, with application to global equity markets. The Economic Journal, 119(534), 158-171.
Diebold, F. X., & Yilmaz, K. (2012). Better to give than to receive: Predictive directional measurement of volatility spillovers. International Journal of forecasting, 28(1), 57-66.
El-Basuon, H. (2020). Effect of COVID-19 on the Arab financial markets evidence from Egypt and KSA. IOSR Journal of Business and Management, 22(6), 14-21.
Elsayed, A., & Abdelrhim, M. (2020). The Effect Of COVID-19 Spread On Egyptian Stock Market Sectors. Available at SSRN 3608734.
Engle III, R. F., Ito, T., & Lin, W.-L. (1988). Meteor showers or heat waves? Heteroskedastic intra-daily volatility in the foreign exchange market. In: National Bureau of Economic Research Cambridge, Mass., USA.
Engle, R. (2002). Dynamic conditional correlation: A simple class of multivariate generalized autoregressive conditional heteroskedasticity models. Journal of Business & Economic Statistics, 20(3), 339-350.
Engle, R. F., & Kroner, K. F. (1995). Multivariate simultaneous generalized ARCH. Econometric theory, 11(1), 122-150.
Evans, O. (2020). Socio-economic impacts of novel coronavirus: The policy solutions. BizEcons Quarterly, 7, 3-12.
Faque, M., & Hacioglu, U. (2021). Investigating the impact of Covid-19 pandemic on stock markets: Evidence from global equity indices. International Journal of Research in Business and Social Science (2147-4478), 10(7), 199-219.
Gates, B. (2020). Responding to Covid-19—a once-in-a-century pandemic? New England Journal of Medicine, 382(18), 1677-1679.
Ghorbel, A., & Jeribi, A. (2021). Volatility spillovers and contagion between energy sector and financial assets during COVID-19 crisis period. Eurasian Economic Review, 11(3), 449-467.
Goodell, J. W. (2020). COVID-19 and finance: Agendas for future research. Finance Research Letters, 35, 101512.
Gormsen, N. J., & Koijen, R. S. (2020). Coronavirus: Impact on stock prices and growth expectations. The Review of Asset Pricing Studies, 10(4), 574-597.
Gulzar, S., Mujtaba Kayani, G., Xiaofen, H., Ayub, U., & Rafique, A. (2019). Financial cointegration and spillover effect of global financial crisis: A study of emerging Asian financial markets. Economic research-Ekonomska istraživanja, 32(1), 187-218.
Ito, T., Engle, R. F., & Lin, W.-L. (1992). Where does the meteor shower come from?: The role of stochastic policy coordination. Journal of international economics, 32(3-4), 221-240.
Jebran, K., Chen, S., Ullah, I., & Mirza, S. S. (2017). Does volatility spillover among stock markets varies from normal to turbulent periods? Evidence from emerging markets of Asia. The Journal of Finance and Data Science, 3(1-4), 20-30.
Jones, P. M., & O’Steen, H. (2018). Time-varying correlations and Sharpe ratios during quantitative easing. Studies in Nonlinear Dynamics & Econometrics, 22(1).
Kao, W.-S., Kao, T.-C., Changchien, C.-C., Wang, L.-H., & Yeh, K.-T. (2018). Contagion in international stock markets after the subprime mortgage crisis. The Chinese Economy, 51(2), 130-153.
Kim, B.-H., Kim, H., & Lee, B.-S. (2015). Spillover effects of the US financial crisis on financial markets in emerging Asian countries. International Review of Economics & Finance, 39, 192-210.
Kluwe-Schiavon, B., Viola, T. W., Bandinelli, L. P., Castro, S. C. C., Kristensen, C. H., Costa da Costa, J., & Grassi-Oliveira, R. (2021). A behavioral economic risk aversion experiment in the context of the COVID-19 pandemic. Plos one, 16(1), e0245261.
Koop, G., Pesaran, M. H., & Potter, S. M. (1996). Impulse response analysis in nonlinear multivariate models. Journal of econometrics, 74(1), 119-147.
Le, T. P. T. D., & Tran, H. L. M. (2021). The contagion effect from US stock market to the Vietnamese and the Philippine stock markets: The evidence of DCC-GARCH model. The Journal of Asian Finance, Economics, and Business, 8(2), 759-770.
Lee, J.-W., & McKibbin, W. J. (2004). Globalization and disease: The case of SARS. Asian Economic Papers, 3(1), 113-131.
Lee, S. B., & Kim, K. J. (1993). Does the October 1987 crash strengthen the co‐movements among national stock markets? Review of Financial Economics, 3(1), 89-102.
Liu, H., Manzoor, A., Wang, C., Zhang, L., & Manzoor, Z. (2020). The COVID-19 outbreak and affected countries stock markets response. International Journal of Environmental Research and Public Health, 17(8), 2800.
Liu, H., Wang, Y., He, D., & Wang, C. (2020). Short term response of Chinese stock markets to the outbreak of COVID-19. Applied Economics, 52(53), 5859-5872.
Markowitz, H. M. (1991). Foundations of portfolio theory. The Journal of Finance, 46(2), 469-477.
Mensi, W., Beljid, M., Boubaker, A., & Managi, S. (2013). Correlations and volatility spillovers across commodity and stock markets: Linking energies, food, and gold. Economic Modelling, 32, 15-22.
Molodtsova, T., & Papell, D. H. (2009). Out-of-sample exchange rate predictability with Taylor rule fundamentals. Journal of international economics, 77(2), 167-180.
Nguyen, L., Gallery, G., & Newton, C. (2019). The joint influence of financial risk perception and risk tolerance on individual investment decision‐making. Accounting & Finance, 59, 747-771.
Pasha, M. A., Ramzan, M., & Asif, M. (2019). Impact of Economic Value Added Dynamics on Stock Prices Fact or Fallacy: New Evidence from Nested Panel Analysis. Global Social Sciences Review, 4(3), 135-147.
Paskaleva, M., & Stoykova, A. (2021). Globalization Effects on Contagion Risks in Financial Markets. Ekonomicko-manazerske spektrum, 15(1), 38-54.
Pesaran, H. H., & Shin, Y. (1998). Generalized impulse respons",0,Inverge Journal of Social Sciences,JournalArticle; Review,False,10.63544/ijss.v2i3.46
Estimating optimal hedging ratio and hedging efficiency in China's stock market,Yansong Song; M. V. Charaeva; A. Bakulina; P. K. Njoroge,2023,stock market covid GARCH,Yes,"This paper examines the risk spillover mechanism between China's stock market and international commodity markets using selected industry data series on soybean copper, gold, silver, sugar, and crude oil. Based on the results of this analysis, a DCC-GARCH model is used to describe the dynamic correlation, build a risk hedging model, calculate the risk hedging efficiency, and evaluate the risk hedging effect. According to the findings, the industrial and optional consumer industries are the primary risk receiving markets, while the energy and finance industries are the primary risk export markets. The stock market crash in 2015 and the COVID-19 epidemic in 2020 made the risk spillover between China’s stock market and international commodity markets surge. On average, the commodity copper is the most efficient hedge, followed by silver, while commodities such as sugar, gold and soybeans are less effective, and copper will continue to be a good hedge for the Chinese stock market in the coming months.",0,E3S Web of Conferences,JournalArticle; Conference,True,10.1051/e3sconf/202340308016
Analysis of Bitcoin Volatility during the COVID-19 Pandemic: An Examination Using ARCH and GARCH Models,Ulaş Ünlü; Vildan Bayram,2024,stock market covid GARCH,Yes,"The COVID-19 pandemic has had a profound effect on the global economy and financial markets, including a significant impact on the cryptocurrency markets. This study analyzes the impact of the COVID-19 process on bitcoin price movements. The study examines the daily price data of bitcoin between 01/03/2020 and 01/04/2022 and uses ARCH and GARCH models to estimate volatility. The results show that there was a significant increase in bitcoin volatility during the initial period of the pandemic. This reflects a period when the pandemic increased uncertainty in financial markets and spurred investor interest in cryptocurrencies. While the ARCH model showed limited success in analyzing the short-term dynamics of volatility, the GARCH model captured the long-term trends in volatility more effectively. However, both models were insufficient to fully predict the sudden and extreme increases in volatility observed during crisis periods such as the pandemic. In addition to analyzing the impact of the pandemic on cryptocurrency markets, the study provides important implications for investor behavior and volatility management. In this context, it highlights the importance of developing risk management and regulatory frameworks in cryptocurrency markets.",0,Ekonomi Politika ve Finans Arastirmalari Dergisi,JournalArticle,True,10.30784/epfad.1588310
Application of Copula Models in Stock Market Analysis,A. M. Kendys; M. M. Troush,2024,stock market covid GARCH,Yes,Objectives. The objective of the study is to use copula models to analyze shares of the Russian stock market and describe changes in the relationship between the shares before and during the coronavirus infection (COVID-19).Methods. An algorithm for using copulas and functions of the R programming language in its implementation is presented. To model the dynamics of financial series the ARMA-GJR-GARCH process (autoregressive moving average Glosten-Jagannathan-Runkle model with generalized autoregressive conditional heteroskedasticity) is used. The selection of optimal families and parameters of copula models is carried out. The adequacy of the obtained models is checked and the results of the study of the relationship between the series are analyzed.Results. An algorithm has been developed for a relatively new approach to using copulas in conjunction with the ARMA-GJR-GARCH model. The approach was used to study the impact of coronavirus in the context of the Russian economy. It is revealed that during the COVID-19 period the dependence between different stocks increases. It is shown that the effect of volatility in financial series increases after the outbreak of the pandemic.Conclusion. The research algorithm using copula models in conjunction with the ARMA-GJR-GARCH process has shown its feasibility. This approach can be used with other GARCH-type models to study finance and other areas.,0,Informatics,JournalArticle,True,10.37661/1816-0301-2024-21-2-24-35
Spillovers in the U.S.-China Stock Markets - A Study of Returns and Volatility under Full Sample Periods and Multi-Special Periods,Yifei Wang,2024,stock market covid GARCH,Yes,"This paper adopts the ARMA-GARCH model and selects the S&P500 and the SSEC to study the return rate and volatility spillover effect of the US stock market(USM) and the Chinese stock market(CSM) in the full sample period, the Chinese stock market crash in 2015 and the duration when coronavirus spread. In both the full sample period and the two specific periods, it is discovered that the USM significantly increases the return on the CSM. While the CSM barely has any impact on the USM. Although the impact is favorable over the whole sample, it is less pronounced during the The pandemic caused by the novel coronavirus and the China's 2015 stock market debacle. In the whole sample, the S&P500 is unaffected by the SSEC's volatility, whereas the SSEC is significantly harmed by the S&P500's volatility. The S&P500's volatility will have a major beneficial influence on the SSEC, but it won't be communicated from the SSEC to the S&P500 during the global spread of COVID-19. Both of the fluctuation transmission to each other were negligible during the 2015 stock market turmoil. For risk management and stock asset allocation, this study can offer important information to financial institutions, everyday individuals, and governments.",0,"Advances in Economics, Management and Political Sciences",JournalArticle,True,10.54254/2754-1169/67/20241295
The Role of Institutional Investors in The Indian Stock Markets During the Pandemic,Nikunj Patel; Aakruti Patel; Bhavesh. K. Patel,2024,stock market covid GARCH,Yes,"Research Question: The study evaluates the behaviour of the FIIs and DIIs on the returns and volatility of the four major Indian stock indices namely, Nifty 50, Nifty Next 50, BSE Sensex, and BSE 100 before and during the pandemic of COVID-19. To capture the volatility, exogenous variable, India VIX has been used. Motivation: Due to the stringent measures taken by several countries in response to the COVID-19 pandemic, there was an initial downturn in the global economic prospects and a meltdown in the financial markets. Idea: It made the individual investors curious about the behaviour of institutional investors to take a position amidst the highly uncertain environment. Data: The daily data of buying and selling of FIIs and the DIIs and the four indices have been obtained from the period January 1, 2011, to April 3, 2020. Further, the study is divided into three sub-periods that is full, before COVID and during COVID. Method/Tools: Various analysis were performed using correlation, rolling correlation, Granger causality, GARCH, GJR-GARCH and EGARCH to gauge the relationship between activities of FIIs and DIIs and the market returns. Findings: The outcome of the analysis reveals that both the FIIs and DIIs play significant role in generating the returns and volatility in the Indian stock market. However, during the pandemic of COVID-19, the FIIs led the market returns and DIIs led the volatility. This is due to the fact that the DIIs were the net buyers during this period and the distribution of their net position was positively skewed. The leverage effect is also observed. The persistence of the volatility is highest during COVID-19. Contributions: The study is one of a kind adding to the existing body of knowledge related to the behaviour of FIIs and DIIs during the global epidemic. It is the most recent and closely related to the literature on capturing FII and DII investment patterns during a global pandemic.",0,Capital Markets Review,JournalArticle,False,10.66674/rrajcx75
Yield and Fluctuation of Cryptocurrency under the Covid-19 Pandemic: Empirical Research based on Ethereum,Runjia Gao,2022,stock market covid GARCH,Yes,"The Covid-19 pandemic has caused one of the most severe systematic shocks to global financial markets as investors discovered the sudden slumps in major global stocks indexes in March 2020. However, at the same time, the pandemic also accelerated the rise of decentralized finance and cryptocurrencies as the public began to shift their investments from traditional stock markets to the newly emerged fintech markets as the decentralized financial market’s risks hedging ability are believed to be better during global emergencies. Although it’s tempting to attribute these observed phenomena solely to the Covid-19 pandemic, other political shocks such as the US 2020 election and China’s crypto crackdown in 2021 also exacerbated the uncertainties and thus should be considered as potential reasons for the observations. Through theoretical analysis on financial and political economics as well as empirical modeling utilizing Stata17, this report has constructed a time series ARMA-GARCH model quantifying the relationship between Ethereum’s investment return and potential factors including the daily new confirmed cases of Covid-19 and other policy changes, and discovered for the first time that the rise of Ethereum’s investment return is majorly caused by the two aforementioned policy changes, and the rapid infection of Covid-19 only caused a short-term rise in Ethereum’s investment return whereas the daily new infection numbers of the later stage only caused fluctuations to the Ethereum trading market. Based on the findings, the article made recommendations for both policy makers and investors on crypto investments during the fintech era.",0,BCP Business &amp; Management,,True,10.54691/bcpbm.v31i.2647
ABNORMAL RETURN DAN VOLATILITAS INDEKS HARGA SAHAM GABUNGAN PADA PASAR EKUITAS NEGARA ASEAN 5 SELAMA PANDEMI COVID-19,Disya Seviana Putri; Ossi Ferli,2025,stock market covid GARCH,Yes,"World financial markets, particularly stock exchanges, have been affected by COVID-19. Marked by the Composite Stock Price Index (IHSG) of global exchanges which simultaneously decreased during the pandemic. This study aims to determine the difference between Abnormal Return before and after the annooncement of Covid-19 by WHO and to determine the JCI volatility on the equity markets of ASEAN 5 countries during the Covid-19 pandemic. The sample used is the closing price of the ASEAN 5 daily global stock price index using the MSCI index via the investing.com website. This study uses a descriptive analysis method approach, with event study, GARCH and regression methods. The research period for abnormal returns was the closing price of the JCI at t-10, 1 day at the time of the announcement and t+10 and JCI volatility on March 12 2020- December 12 2022. The results showed that there were significant differences in abnormal returns before and after the announcement of Covid-19 by WHO in ASEAN 5 countries. Previous volatility had an effect on current volatility, and JCI volatility had a positive effect on abnormal returns during the Covid-19 period in ASEAN 5 countries.",0,"Journal of Accounting, Management and Islamic Economics",JournalArticle,False,10.35384/jamie.v3i2.960
Overflow Effect of COVID-19 Pandemic: Evidence from China and US Based on Time Series Model,Shuiqing Han,2023,stock market covid GARCH,Yes,"It is widely acknowledged that COVID-19 which outbroke at the end of 2019 has brought great change to peoples daily lives and has had a huge impact on the global market. In order to study the intercorrelation of the pandemic in China and the United States and each others economic markets, this paper uses the VAR model and the ARMA-GARCH model. This paper mainly utilizes the data from February 03, 2020, to December 15, 2022, to study the effect of the pandemic in China on the U.S. market and the effect of the pandemic in the United States on the Chinese market. This study discovers that the increase in the pandemic in the U.S. is insignificant in relation to the Chinese market while the pandemic in China will affect the U.S. stock market. This paper reminds people of considering the consequence of the pandemic in a wider context and provides new aspects for future researchers. The results of this study suggest investors consider things more rationally before making a decision and suggest governments make wiser plans to limit the irrational behavior of investors and prevent the market from fluctuating when similar cases happened in the future.",0,"Advances in Economics, Management and Political Sciences",JournalArticle,True,10.54254/2754-1169/19/20230133
Volatility Spillovers Between Financial Markets and Cryptocurrencies,Lamia Sebai; Jahmane Abderrahman; Kefi Mohamed Karim,2025,stock market covid GARCH,Yes,"This paper analyses the relationships between the volatilities of five major stock markets (S&P 500, CAC 40, DAX, FTSE 100, and Nikkei 225) and five cryptocurrencies (Bitcoin, Dash, Ethereum, Monero, and Ripple), (WTI), and gold. The GARCH model, which describes the volatility of financial assets and cryptocurrencies, was used. A significant and higher volatility spillover was observed across these market pairs. The conditional correlation between Bitcoin and other cryptocurrencies is time-varying, but the conditional correlations between crypto-currencies and gold and all assets are negative during the period (2017-2018) and positive. At the beginning of the COVID-19 crisis, the conditional correlation between cryptocurrencies, stock indices, and WTI increased, which confirms the impact of COVID-19 related contagion between them.Our findings show that cryptocurencies and gold are considered hedges for the international investors during the period 2017-2018.",0,The Journal of Prediction Markets,JournalArticle,False,10.5750/jpm.v19i1.2214
Effect of Trading Days on Precious Metals and Stock Returns During COVID-19 and the Russia-Ukraine War,Arif Yunanto; R. Robiyanto; H. Harijono,2025,stock market covid GARCH,Yes,"This study was conducted to determine the returns generated during trading days in the commodity market and the stock market. The efficient market theory says that the return generated is the same every day. However, some studies have found positive and negative returns that occur on different days for each research period. The COVID-19 pandemic has affected the economic condition of a country. In addition, geopolitical conditions will also affect trade cooperation between countries. The method used in this study is GARCH (1,1) with data taken during the COVID-19 pandemic and the Russia-Ukraine war. The samples used in this study are the Jakarta Composite Index (JCI) and precious metal commodities. Precious metals are represented by gold, silver, platinum, and palladium. The results show that during the COVID-19 pandemic, the JCI, Platinum, and Palladium were proven to have a day-of-the-week effect. During the Russia-Ukraine War, there was no day-of-the-week effect.",0,"Journal of Accounting, Entrepreneurship and Financial Technology (JAEF)",JournalArticle,False,10.37715/jaef.v7i1.5298
Volatility in the Equity Stock Market in India from 2019 to 2024: An Empirical Analysis,S. Agarwal,2024,stock market covid GARCH,Yes,"This research investigates the volatility and fluctuations in the Indian equity stock market from 2019 to 2024, a period characterized by unprecedented global and domestic challenges. The Indian stock market, like many emerging markets, experienced heightened volatility due to a confluence of events, including the COVID-19 pandemic, geopolitical tensions, economic reforms, and shifts in global financial conditions. The study employs advanced econometric models, including GARCH (Generalized Autoregressive Conditional Heteroskedasticity) and event study analyses, to capture the time-varying nature of market volatility and to identify the key factors driving these fluctuations. Our findings reveal that the COVID-19 pandemic triggered the most significant spikes in volatility, particularly during the early months of 2020, as uncertainty regarding the pandemic's impact on the economy led to sharp market corrections and investor panic. Additionally, the study highlights the influence of macroeconomic variables such as GDP growth, inflation, and monetary policy changes on market behavior. The paper also explores the role of investor sentiment and market liquidity in exacerbating volatility during crisis periods. The results provide valuable insights into the dynamics of the Indian equity market, offering implications for investors seeking to manage risk and for policymakers aiming to enhance market stability. The study underscores the need for robust risk management strategies and proactive regulatory measures to mitigate the adverse effects of such volatility, especially in an increasingly interconnected global financial environment. Keywords: Equity Stock Market, Volatility, India, COVID-19, Economic Reforms, 2019-2024",0,INTERANTIONAL JOURNAL OF SCIENTIFIC RESEARCH IN ENGINEERING AND MANAGEMENT,JournalArticle,True,10.55041/ijsrem37237
The impact of COVID-19 on value-at-risk estimations for US and China stock markets,Jiang Yuhan; Yin Deru; Fan Suze; C. Cheong; Lim Min,2024,stock market covid GARCH,Yes,"This study seeks to assess the influence of the COVID-19 pandemic on market risk in two global financial stock markets. Employing four value-at-risk methodologies, we analyze and compare market risks before and during the pandemic. These methodologies encompass the normal distribution assumption method, historical simulation, exponential weighted moving average (EWMA) method, and the Generalized Autoregressive Conditional Heteroskedasticity (GARCH) approach. The GARCH approach incorporates auto-selection procedures to identify the optimal ARIMA-GARCH model. The quantified value-at-risk serves as a measure of the pandemic’s impact severity on both financial stock markets.",0,Journal of Statistics and Management Systems,JournalArticle,False,10.47974/jsms-1232
An Empirical Study on the Linkage between S&P 500 Index and CSI 300 Index under COVID-19,Wenjie Yao,2023,stock market covid GARCH,Yes,"Studying the linkage between US and Chinese stock markets under the context of COVID-19 outbreak in 2020 can help us to prevent related financial risks, regulate corresponding monetary policies, and avoid the herd effect of investors being blindly optimistic or pessimistic. Between January 1, 2020 and November 10, 2022, using the returns of the S&P 500 index as a proxy for the US stock market and the CSI 300 index as a proxy for the Chinese stock market, the VAR-GARCH-BEKK model was used to empirically analyze the relationship between the two. According to the findings, the rise and fall of the S&P 500 index has some favorable effects on the rise and fall of the CSI 300 index. Yet, the CSI 300 index's movement is largely determined by past data, suggesting that the S&P 500's volatility, which represents the US stock market, has little effect on the Chinese stock market, which is represented by the CSI 300.",0,"Advances in Economics, Management and Political Sciences",JournalArticle,True,10.54254/2754-1169/23/20230381
"STOCK MARKET RISKS IN EMERGING ECONOMIES: LESSONS FROM BRICS DURING GLOBAL CRISES, 1990–2023",M. Berchmans; S. Vasanthi,2025,stock market covid GARCH,Yes,"Financial crises exert disproportionate effects on emerging markets due to structural vulnerabilities, external shocks,
and limited fiscal buffers.The BRICS bloc Brazil,Russia,India,China,and South Africa have grown into an influential part
of the global economy, accounting for a significant share of global GDP and trade.Yet their financial markets remain
fragile during crises. This paper investigates the downside risk of BRICS stock markets across five crises: the Asian
Financial Crisis (1997–98), the Dot-com Bubble (2000–01), the Global Financial Crisis (2008–09), the COVID-19
Pandemic (2020–21), and the post-pandemic shocks of inflation and the Russia–Ukraine war (2022–23). We employ
Value-at-Risk (VaR),Expected Shortfall (ES), and GARCH estimations on daily stock data from 1990–2023.Results show
Brazil and Russia are consistently risky due to commodity dependence and geopolitical fragility. India suffered its
steepest declines during COVID-19, reflecting health and fiscal vulnerabilities. China showed resilience thanks to
capital controls and strong state intervention,though it faltered during the GFC.South Africa, structurally tied to global
capital flows and commodity cycles,displayed moderate but persistent risk.Correlation analysis highlights increased
co-movement during pandemic and conflict crises, reducing diversification benefits.The study concludes that hybrid
crises combining health, inflation, and geopolitics induce deeper volatility than financial crises alone. Policy
implications stress macroprudential buffers,coordinated BRICS crisis response,and global diversification strategies.",0,PARIPEX INDIAN JOURNAL OF RESEARCH,JournalArticle,False,10.36106/paripex/2502862
The Impact of the Covid-19 Pandemic Crisis on the Performance of Pharmaceutical Companies' Stock Price Case Study of Pharmaceutical Companies in Indonesia,Agus Tikno Widodo; Siti Saadah,2023,stock market covid GARCH,Yes,"This thesis analyzes the impact of the COVID-19 pandemic on the performance of pharmaceutical company stock prices, in which research was conducted on pharmaceutical company stocks in Indonesia. The impact of the COVID-19 pandemic felt by the community is a decrease in income. The decrease in income has also been felt by investors and owners of industries in various manufacturing sectors. Some companies have even closed factories and laid off their workers. Thus this also affects the stock market of the manufacturing industry in Indonesia. In this study, we will analyze the effect of the increase in the rate of positive daily cases and the death rate from COVID- 19 on the performance of pharmaceutical companies' stock prices. The selection of the research sample of 5 (five) pharmaceutical industry stock prices is based on the size of the market capitalization value that is included in the top 10 pharmaceutical industries in Indonesia. In analyzing the performance of pharmaceutical stock prices, the most appropriate GARCH model will be selected by comparing the symmetric model (SGARCH) to the a-symmetric model (TGARCH and EGARCH) and the most appropriate model is the Exponential General Autoregressive Conditional Heteroskedastic (EGARCH) model. Daily positive (dailycase) and daily cases of death (deathcase) have a positive coefficient value, which means that the impact of the COVID-19 pandemic has had a significant effect on the price of these pharmaceutical stocks.",0,International Journal of Business &amp; Management Studies,,True,10.56734/ijbms.v4n3a5
The COVID-19 and Dynamics in Financial Market: An Empirical Evidence in China,Xiaohan Lu,2022,stock market covid GARCH,Yes,"Stock markets are so sensitive that they respond to occurrences rapidly. In this paper, we examine the relationship between the Covid-19 pandemic and dynamics in the stock market of China. This paper analyzes the data between the daily increase of the confirmed cases of Covid-19 in China and worldwide and representative indices of China’s stock market. We apply the unit root test to check the variables’ stationary state. We also develop VAR and ARMA-GARCH models to analyze the dynamic relation. Based on the empirical results, we conclude that the Covid-19 pandemic does not have a significant influence on the return of China’s financial market in the long term. China’s financial market has some degree of resilience. But China and the world's new Covid-19 case growth rate has a significant impact on China’s stock market volatility.",0,BCP Business &amp; Management,,True,10.54691/bcpbm.v24i.1449
"Stock Market Panic Cycles Anad Asset Diversification Strategies: The Role of Gold, Foreign Currency, and Bitcoin as Safe Havens in Indonesia",Paulina Harun; Taufiq Pradhana; Batara Maju Simatupang; Antyo Pracoyo,2026,stock market covid GARCH,Yes,"This research examines the role of gold, foreign exchange, and Bitcoin as hedge, diversifier, and safe haven assets for the Indonesian stock market (IHSG). The study aims to identify alternative investment instruments that can serve as hedging tools, diversifiers, and safe havens during various crisis periods, including the European debt crisis (2011), taper tantrum (2013), China market crisis (2015), COVID-19 pandemic (2020), Russia–Ukraine war (2022), and Middle East geopolitical tensions (2025). Using daily data from July 2011 to December 2025, the analysis covers major crises including the European debt crisis, taper tantrum, COVID-19, the Russia–Ukraine war, and Middle East geopolitical tensions. The study applies Ordinary Least Squares (OLS) with crisis dummy variables and Dynamic Conditional Correlation Generalized Autoregressive Conditional Heteroskedasticity (DCC-GARCH). The findings show that foreign currencies, particularly the US Dollar, consistently function as the strongest safe haven assets for IHSG, followed by the Euro and Chinese Yuan. Gold demonstrates mixed characteristics depending on denomination and form. XAU/USD and ANTAM gold mainly act as diversifiers, while XAU/IDR serves as a weak safe haven due to exchange rate effects. Meanwhile, Bitcoin fails to function as a safe haven and behaves as a speculative risky asset during market crises. The study provides empirical evidence that safe haven characteristics are time-varying and asset-specific, offering practical implications for investment and portfolio diversification strategies, while emphasizing the importance of rupiah exchange rate stability and guiding future research directions.",0,Jurnal Indonesia Sosial Sains,JournalArticle,False,10.59141/jiss.v7i6.2358
Gold price volatility and forecasting evaluations with the impact of COVID-19 pandemic,Alwin Chong Kinnam; An Bin; C. Cheong,2023,stock market covid GARCH,Yes,"Gold is a precious metal that has always been recognized as a safe-haven investment for many defensive investors. As compared to the stock market, gold is considered less volatile. In early 2020, the Covid-19 pandemic has caused turbulence in the financial market. It is believed that the pandemic has affected the volatility of gold market. This study aims to investigate the volatility of gold market before the Covid-19 pandemic and during the pandemic using several different models including GARCH, EGARCH and GJR-GARCH. The use of EGARCH and GJR-GARCH is meant to capture the leverage effect of the market in order to have a better volatility forecast. With the results from the analysis, other financial applications such as determining value-at-risk and forecasting can be done. The results of this study act as a good reference to investors who are interested in gold investment.",0,Journal of Statistics and Management Systems,JournalArticle,False,10.47974/jsms-985
Can internet concern about COVID-19 help predict stock markets: new evidence from high-concern and low-concern periods,Jiqin Ren; Yuanxuan Guo; Jingjing Li; Jingjing Li,2023,stock market covid GARCH,Yes,"ABSTRACT The unprecedented outbreak of Corona Virus Disease 2019 (COVID-19) has resulted in extreme volatility in stock markets. This study mainly examines the predictive ability of the Internet concern about COVID-19 on stock index returns, based on the framework of GARCH type models. Instead of using the whole sample period, we divide the Internet concern about COVID-19 into high-concern and low-concern periods by breakpoint test method and then examine its predictive ability for stock returns in different periods, respectively. Using stock indexes of 10 countries and abnormal Google search volume of ‘coronavirus’ as study samples, the results reveal that (1) the Internet concern about COVID-19 has a negative impact on the stock index returns in the whole and high-concern periods, while its influence in the low-concern period is mixed; (2) the Internet concern about COVID-19 improves the prediction accuracy of stock index returns in the high-concern period, while seems to lose its powerful predictive ability in the whole and low-concern periods.",0,Applied Economics,JournalArticle,False,10.1080/00036846.2023.2210820
"Understanding Volatility Transmission from Global Commodity Shocks to Frontier Financial Markets: Machine Learning, Nonlinearities, and State Dependence in Kenya",Abraham Kisembe Wawire; C. Simiyu; Munene Laiboni; R. Ochenge,2026,stock market covid GARCH,Yes,"Global commodity shocks are associated with volatility in frontier financial markets, affecting exchange rates and equity indices. This study examined volatility transmission from global commodity shocks to Kenya’s USD/KES exchange rate and the NSE 20 Share Index using daily data from November 1997 to December 2024. While GARCH specifications capture clustering, they are sensitive to structural breaks and regime changes, which distort persistence and weaken risk measures. Machine learning approaches provide alternatives capable of capturing nonlinear dependencies, abrupt volatility bursts, and regime-independent dynamics. Empirical evidence demonstrates that the 2008 Global Financial Crisis and COVID-19 induced permanent volatility regime changes. This study examined volatility transmission from global commodity shocks to a frontier financial market, focusing on the USD/KES and the NSE 20 Share Index. Structural break-detection was integrated through the Iterative Cumulative Sum of Squares algorithm, alongside APARCH, FIGARCH models and ML architectures (XGBoost, LSTM). In Kenya volatility is characterized by strong persistence and long-memory dynamics, with limited evidence of leverage effects. Break-adjusted models improve inference by correcting spurious persistence, while machine learning approaches demonstrate superior tracking of volatility during stress regimes. Volatility transmission is nonlinear, break-sensitive, and state-dependent; hybrid ML–econometric methods enhance crisis forecasting and regime-sensitive financial stability analysis.",0,Journal of Risk and Financial Management,JournalArticle,False,10.3390/jrfm19050319
"Diversifier, Hedge, or Safe Haven? Bitcoin’s Role Against the Brazilian Stock Market During the COVID-19 Turmoil",Vitor Fonseca Machado Beling Dias; Rodrigo Fernandes Malaquias,2026,stock market covid GARCH,Yes,"The main purpose of this study was to analyze the dynamics of the conditional correlation between Bitcoin and BOVA11 (a Brazilian stock market ETF that has seen a significant increase in foreign investors) across the pre-, during, and post-COVID-19 pandemic periods. This analysis allowed us to investigate the Bitcoin characteristics as a diversifier, hedge, or safe haven relative to the ETF. The study employed a DCC-GARCH model using daily closing prices from 2 January 2015 to 26 September 2025. A robustness check was conducted using Large Language Models (LLMs). Results indicated that in the pre- and post-pandemic periods, Bitcoin showed no significant correlation with the ETF, potentially acting as a weak hedge. Conversely, during the pandemic, Bitcoin behaved as a diversifier for the ETF rather than a safe haven. This finding may surprise market participants, particularly given the widespread narrative of Bitcoin as “digital gold” and, therefore, a natural protection in scenarios of high uncertainty. The results suggest that, during the pandemic, Bitcoin’s behavior aligned more closely with risk assets than with safe havens, underscoring the need for cautious, context-specific empirical assessments of its protective properties.",0,Risks,JournalArticle,False,10.3390/risks14030043
From Diversifier to Amplifier? Investigating the BTC–NDX Linkage and the Modulating Role of VIX,Boyu Zhang,2025,stock market covid GARCH,Yes,"The growing interconnection between cryptocurrencies and traditional financial markets such as US equities has attracted increasing scholarly attention, with important implications for risk management and asset allocation. This study aims to quantitatively assess the volatility spillover and dynamic correlation between Bitcoin and major US technology stock indices, specifically the Nasdaq-100 (NDX), and to examine the moderating role of investor sentiment in this relationship. Using a multi-stage econometric framework combining univariate GARCH(1,1), dynamic conditional correlation (DCC-GARCH), and OLS regression models. Since Bitcoin only entered the public spotlight in 2017, this article will focus on daily data from 2017 to 2024. The results reveal significant time-varying correlations between BTC and NDX, which intensify during systemic events such as the COVID-19 crash and the US monetary tightening cycle. This article also detects a weak but notable bidirectional volatility spillover, with increased BTC volatility leading to higher NDX fluctuations. Notably, the regression results show that investor fear, represented by the VIX index in this article, significantly amplifies the BTC-NDX correlation (γ = 0.0106, p < 0.001), suggesting a sentiment-driven trend during stress periods. These findings indicate that Bitcoin is potentially no longer an isolated digital asset but a non-negligible source of volatility for US stock markets, especially for high-volatility tech stocks. Investor sentiment acts as a key amplifier of this connection. The results have a practical contribution to portfolio diversification strategies, systematic risk monitoring by policymakers, and the design of a more advanced risk management structure in financial institutions.",0,Finance &amp; Economics,JournalArticle,False,10.61173/03vr3p73
Tail Risk Spillovers from Crude Oil Prices to ASEAN-6 Stock Markets,Ngô Thái Hưng,2024,stock market covid GARCH,Yes,"This study aims to assess the tail risk spillovers from crude oil prices to the stock markets in ASEAN-6 countries (Vietnam, Thailand, Indonesia, Philippines, Malaysia, and Singapore) during the period 2017–2023. The DCC-GARCH model is employed to estimate CoVaR, ΔCoVaR, and the Kolmogorov-Smirnov test to evaluate and compare the magnitude of oil price risk spillovers on the ASEAN-6 stock markets. Empirical results reveal that tail risks from oil prices reduce the impact of risks on the ASEAN-6 stock markets over the sample period. Additionally, tail risk spillovers during the pre-COVID-19 and Russia-Ukraine conflict periods are relatively low across the selected countries. During the COVID-19 period, the ASEAN-6 stock markets experience higher risk spillovers from decreases in crude oil prices compared to other periods. Specifically, Vietnam, Thailand, and Indonesia are the three markets facing higher risk spillovers from oil prices in comparison to others. Policymakers and regulatory authorities should increase awareness, oversight, and action plans to minimize adverse oil risk effects.",0,JOURNAL OF ASIAN BUSINESS AND ECONOMIC STUDIES,JournalArticle,False,10.24311/jabes/2024.35.4.4
The Interdependence of Financial Markets in Turbulent Periods: A Comparative Analysis of the China–US Cases,Elias A. Udeaja; Kazeem O. Isah; G. Sanni,2023,stock market covid GARCH,Yes,"ABSTRACT:There has been a growing hypothesis linking the recent widespread declines in financial markets to the outbreaks of the COVID-19 pandemic. What is, however, unclear is whether the influence of the COVID-19 pandemic on the dynamics of the financial markets is as severe as those associated with traditional financial crises. Using the cases of the USA and China to represent developed and emerging economies, we examine the returns and volatility dynamics of financial market interdependence amid economic and financial crisis periods of divergent origins. Following careful consideration of relevant tests and model selection criteria, we find the VARMA-CCC-GARCH model to be the best approach for modelling financial market returns and volatility spillovers during a crisis. Employing daily financial market returns, we partitioned the study period into two sub-periods: the Great Recession (GFC) and the Great Lockdown (COVID-19), to arrive at the following empirical findings: First, we find that regardless of the type of crisis—the GFC or COVID-19—unanticipated events in the financial markets in the current period fuel high volatility in the market in the preceding period. Second, while financial markets in developed economies were by far the most affected by the 2008/2009 GFC, the great lockdown associated with COVID-19 appears to have left a permanent shock on both developed and emerging economies' financial markets. It then follows that the extent to which an economy is endowed with the ability to fend off external risks may be sensitive to the origin and nature of the crisis. In this light, it is necessary for policymakers to acknowledge that while some of the instruments used to mitigate the impact of external shocks on financial markets during the GFC may still be applicable during COVID-19 in the case of developed economies, the same appears to not be entirely true in the case of emerging financial markets during COVID-19. On the whole, financial experts and academics may want to be wary of the fact that the past realizations of both returns and volatilities matter for enhancing the forecastability of the future value of financial instruments during a crisis period.",0,The Journal of Developing Areas,JournalArticle,False,10.1353/jda.2023.a908661
The Impact of The Covid-19 Pandemic on Vietnam’s Stock Market Volatility,Hằng Nguyễn Phan Thu; Nghi Lê Đình,2022,stock market covid GARCH,Yes,"Bài báo phân tích ảnh hưởng của COVID-19 đến độ biến thiên trên thị trường chứng khoán Việt Nam. Sử dụng dữ liệu ngày của chỉ số VN-Index từ 01/01/2016 đến 31/12/2021 và mô hình GARCH, kết quả nghiên cứu chỉ ra đại dịch COVID-19 làm gia tăng độ biến thiên trên thị thường chứng khoán Việt Nam, ngoại trừ làn sóng dịch thứ 3. Ngoài ra, bài báo còn chỉ ra độ biến thiên trên thị trường lớn nhất ở làn sóng dịch thứ nhất. Như vậy, các nhà đầu tư cần có các chiến lược đa dạng hóa danh mục đầu tư phù hợp nhằm quản trị rủi ro khi đầu tư trên thị trường chứng khoán Việt Nam trong bối cảnh đại dịch. Các cơ quan quản lý thị trường cũng cần có những biện pháp phù hợp nhằm quản trị rủi ro do sự biến động giá cổ phiếu trên thị trường, đảm bảo sự phát triển bền vững của thị trường khi dịch COVID-19 còn diễn biến phức tạp.",0,JOURNAL OF ASIAN BUSINESS AND ECONOMIC STUDIES,,True,10.24311/jabes/2022.33.06.07
A Comparative Analysis of Global Stock Index Volatility Risks Before and During the Covid-19 Pandemic,Ayu Permatasari; Muhammad Irfan Islami,2025,stock market covid GARCH,Yes,"This research is motivated by the phenomenon of the Covid-19 pandemic. In recent years, the Covid-19 pandemic has caused a shock to the stock market. As a result, there is a significant difference in the stock index before or during the Covid-19 pandemic. Stock indices are important indicators to measure stock market fluctuations so that they can be taken into consideration for investor decision making. This study uses global stock indices, namely the United States stock index (S&P 500 and Nasdaq), Japan stock index (Nikkei 225), China stock index (SSE), Hong Kong stock index (Hang Seng), Germany stock index (Dax 30), and European stock index (Euronext). That is because the seven stock indices are the indices with the largest market capitalization in the world. This research is a quantitative research. This research uses time series data, which is data accumulated over time on an object in order to describe the development of the object. In this study, the type of data used is secondary data in the form of historical stock index data. Then the researchers conducted the Garch Test to determine the volatility risk of the entire stock index in the period before and during Covid-19.
 
Abstrak
Penelitian ini  dilatarbelakangi oleh fenomena pandemi Covid-19. Dalam beberapa tahun terakhir, pandemi Covid-19 menyebabkan guncangan pada pasar saham. Imbasnya, terjadi perbedaan signifikan pada indeks saham sebelum atau saat pandemi Covid-19. Indeks saham adalah indikator penting untuk mengukur fluktuasi pasar saham sehingga dapat menjadi bahan pertimbangan guna pengambilan keputusan investor. Penelitian ini menggunakan indeks saham global yaitu indeks saham Amerika Serikat (S&P 500 dan Nasdaq), indeks saham Jepang (Nikkei 225), indeks saham China (SSE), indeks saham Hong Kong (Hang Seng), indeks saham Jerman (Dax 30), dan indeks saham Eropa (Euronext). Itu karena ketujuh indeks saham tersebut merupakan indeks dengan kapitalisasi pasar terbesar di dunia. Penelitian ini merupakan penelitian kuantitatif. Penelitian ini menggunakan data time series, yakni data yang diakumulasikan dari waktu ke waktu pada suatu objek guna mendeskripsikan perkembangan objek. Dalam penelitian ini jenis data yang digunakan merupakan data sekunder berupa data historis indeks saham. Kemudian peneliti melakukan Uji Garch guna mengetahui risiko volatilitas dari seluruh indeks.",0,"Contemporary Studies in Economic, Finance and Banking",JournalArticle,False,10.21776/csefb.2025.04.1.07.
Interconnectedness of Financial Assets across the ASEAN-5 in Crisis Periods,S. Sumani; Siti Sa’adah,2026,stock market covid GARCH,Yes,"Research Originality: This study advances the financial connectedness literature by integrating a multi-asset (Bitcoin–stocks–sovereign bonds) and time-varying framework within the ASEAN-5 context. Unlike prior studies, this study uncovers a hierarchical and asymmetric spillover structure that evolves across market regimes, providing new evidence on cross-asset transmission channels in emerging markets.
Research Objectives: The study aims to investigate the magnitude, direction, and dynamics of volatility spillovers among Bitcoin, stock, and bond markets, and to assess whether these interconnections change between normal and crisis periods.
Research Method: Using daily data from January 2018 to April 2026, volatility is estimated through a GARCH model. A generalized VAR-based forecast error variance decomposition (G-FEVD), combined with a rolling window approach, is employed to capture both directional and time-varying spillovers.
Empirical Results: The findings show a hierarchical spillover pattern: sovereign bonds act as net transmitters to Bitcoin, while Bitcoin transmits risk to stock markets. Spillover intensity increases significantly during crisis periods, peaking during COVID-19, indicating strong state-dependent connectedness. Cross-asset diversification weakens under market stress.
Implications: These findings imply that financial stability cannot be assessed in isolation, as shocks propagate across asset classes in a structured, time-varying manner. This study underscores the importance of integrated cross-market surveillance frameworks that include digital assets alongside traditional markets.
JEL Classification: G15, N25, H5",0,ETIKONOMI,JournalArticle,False,10.15408/etk.v25i1.46634
Comparative Analysis of Risk Premium and Stock Market Returns in Indonesia: A Case Study of Normal and COVID-19 Pandemic Periods,Peni Rahmadani; A. H. Manurung,2024,stock market covid GARCH,Yes,"This research examines the effect of market risk premium (risk premium) on market returns (JCI). In addition, this study aims to see the effect of premium risk on market returns during the COVID-19 Pandemic. The data used in this study is secondary (JCI data and Deposit Interest Rates) for the period January 2010 – September 2023. The method used in this study is the GARCH method (1.1). The results of this study show a positive and significant influence of risk premium on market returns (JCI). During the COVID-19 Pandemic, risk premiums negatively and significantly affected JCI returns or the Indonesian stock market.",0,Jurnal Indonesia Sosial Teknologi,JournalArticle,True,10.59141/jist.v5i11.7023
An analysis of integration and volatility transmission between Latin American and US stock markets: before and after COVID-19,Felipe Vieira Passos; J. Bastos,2025,stock market covid GARCH,Yes,"
 
 This paper analyzes conditional correlations and volatility transmission between Latin American and US stock markets during the pre- and post-COVID-19 periods.
 
 
 
 The study employs a range of econometric techniques, including six-dimensional BEKK-GARCH models and the Dynamic Conditional Correlation (DCC) model, to examine market interdependencies through spillover effects–specifically mean-to-mean, volatility-to-mean and volatility-to-volatility transmissions. It also conducts hedge ratio and optimal portfolio analyses to develop informed investment strategies.
 
 
 
 The results reveal that while correlations between the markets are generally positive, they are moderate in strength and become more pronounced after the onset of the pandemic. Volatility transmission is particularly strong between the USA and Brazilian markets. Mexico, exhibiting lower correlations, presents opportunities for cost-effective hedging. In contrast, the Argentine market's high volatility reduces its suitability for inclusion in optimal portfolios.
 
 
 
 This study offers a novel contribution by integrating BEKK and DCC models with hedging and portfolio optimization frameworks, enhancing the understanding of spillovers and conditional correlations among Latin American and US equity markets. The research highlights the rise in market correlations following the COVID-19 crisis, suggesting reduced market decoupling during periods of global stress. It also considers the political and economic implications of these dynamics, including the influence of US Federal Reserve interest rate movements on conditional correlations across countries.
",0,Journal of Economic Studies,JournalArticle,False,10.1108/jes-04-2025-0269
Stock Allocation before and during COVID-19: Downside Versus Utility-Based Risk Constraints,S. Geissel; Holger Graf; Tim Scharfen; F. Seifried,2022,stock market covid GARCH,Yes,"In this paper, we leverage on real-world stock market data including the relatively calm period between 2012 and 2020, the COVID-19 shock in early 2020 and the recovery during its aftermath, to investigate asset allocation strategies with risk constraints defined in terms of optimal expected utility (OEU) risk measures. Our goal is to (a) provide a better understanding of the implied stock selection decisions, and to (b) illustrate the resulting portfolio performance. Using out-of-sample data, we compute monthly stock allocations from Monte Carlo simulations modeled via a copula-GARCH approach. We find that the OEU strategy is more unambiguous and more return-oriented in its stock allocation decisions than a downside Value-at-Risk (VaR) strategy, which becomes particularly apparent in volatile market environments and substantially explains its outperformance compared to a VaR-based strategy.",0,SSRN Electronic Journal,,False,10.2139/ssrn.4125663
"Rand, Rates, and Returns: Unravelling the Volatility Nexus in South Africa’s Financial Markets",K. Sanusi; Z. Dickason-Koekemoer,2026,stock market covid GARCH,Yes,"This study investigates the volatility nexus between exchange rates, interest rates, and stock market returns in South Africa, an emerging economy characterised by deep financial integration and exposure to global capital flows. Using monthly data from January 2003 to February 2025, the analysis employs a multi-layered econometric framework combining asymmetric GARCH models (EGARCH and GJR-GARCH), an Asymmetric Dynamic Conditional Correlation (ADCC-GARCH) specification, and a GARCH-MIDAS–DCC approach that decomposes volatility into long-run and short-run components while modelling time-varying cross-market dependence. The findings indicate that exchange rate volatility is the dominant and most persistent driver of financial market risk, highlighting the central role of the South African rand in transmitting global shocks to domestic markets. Equity market volatility is largely shock driven and mean reverting, with sharp increases during major crisis episodes such as the Global Financial Crisis and the COVID-19 pandemic. Dynamic correlations across markets are persistent but predominantly negative between stock returns and exchange rates, while linkages involving interest rates are weaker and more episodic. Overall, the results suggest that South Africa’s financial volatility nexus operates primarily through exchange rate-driven transmission rather than short-run contagion effects.",0,Journal of Risk and Financial Management,JournalArticle,False,10.3390/jrfm19030230
CATEGORIZING THE SHOCK: A COMPARATIVE ANALYSIS OF GLOBAL EVENT TYPES ON THE NIGERIAN STOCK MARKET,Hussain Shuaibu,2025,stock market covid GARCH,Yes,"Global shocks are routinely treated as a homogeneous source of risk in empirical finance, despite clear differences in their origins, transmission channels, and market consequences. This study challenges that assumption by proposing and empirically testing a tripartite classification of global events—geopolitical events, global financial/economic crises, and global public health crises—and examining their differential effects on the Nigerian stock market. Using daily data on the Nigerian Stock Exchange All-Share Index, we employ a comparative event study framework combined with an Exponential GARCH (1,1) model and liquidity regressions to analyse market responses across returns, volatility, and liquidity dimensions. The empirical analysis focuses on three canonical shocks: the 2016 Brexit referendum, the 2008 Global Financial Crisis, and the 2020 COVID-19 pandemic. The results reveal a clear hierarchy of market disruption. Global public health crises exert the most severe and persistent effects, generating the largest negative cumulative abnormal returns, the strongest volatility amplification with pronounced asymmetry, and the sharpest contraction in market liquidity. Global financial crises produce significant but comparatively more channel-specific impacts, while geopolitical events induce relatively mild and transitory market reactions, with no systemic liquidity impairment. These findings demonstrate that the Nigerian stock market’s response to external shocks is fundamentally contingent on shock typology and transmission mechanisms rather than the mere occurrence of a global event. The study contributes to the literature by introducing a structured “shock taxonomy” for emerging markets and offers policy-relevant insights for differentiated macro-prudential regulation and crisis management in frontier financial systems.",0,Gusau Journal of Business Administration,JournalArticle,False,10.57233/gujoba.v4i2.39
The impact of the COVID-19 and the Russia-Ukraine conflict on crude oil and stock market volatility,Iris Feng; Quah Aun Thye; C. Cheong; Lim Min,2025,stock market covid GARCH,Yes,"The global economy has been profoundly affected by two recent crises: the COVID-19 pandemic and the Russia-Ukraine War. These events have also driven market volatility in both West Texas Intermediate (WTI) crude oil and the S&P 500 Index. The objective of this study is to analyze the market volatility of WTI crude oil and the S&P 500 Index in the context of the two aformentioned crises. Through the implementation of randomness tests and an ARCH effect test, it has been determined that ARMA-GARCH models could be useful for modeling the data in each period. Additionally, the GARCH models have been expanded to asymmetric GJR models, which account for the leverage effect. The Box-Jenkins methodology has been employed to identify the best-fitted model. The analysis reveals that WTI crude oil is more strongly impacted by the two events compared to the S&P 500 Index, suggesting that the latter is relatively less volatile. Furthermore, forecast evaluation is conducted by comparing the predicted values obtained from the best-fitted and second-best-fitted models to assess forecast accuracy. Lastly, risk determination is performed by calculating the value at risk. Based on the calculations, it is apparent that WTI crude oil carries greater risk than the S&P 500 Index during major crises. Overall, market volatility analysis provides valuable insights into the statistical behavior of different markets, enabling market participants to evaluate market risk and enhance their risk management strategies.",0,Journal of Statistics and Management Systems,JournalArticle,False,10.47974/jsms-1372
Safe haven role of Islamic financial markets under pandemic-related uncertainty: evidence from two emerging market economies,Ö. Doruk,2025,stock market covid GARCH,Yes,"
 
 This study aims to investigate whether Islamic financial markets act as safe havens during the pandemic. By focusing on the liquidity feature of Islamic financial markets, this paper examines the relationship between pandemic-related uncertainty and the liquidity of these markets.
 
 
 
 This paper uses interrupted time series analysis and dynamic conditional correlation-based GARCH models to assess the safety of Islamic financial markets during COVID-19.
 
 
 
 The results indicate that Islamic financial markets serve as safe havens for investors during the COVID-19 period when pandemic-related uncertainty, as proxied by volatility index, is high.
 
 
 
 A liquidity-based approach may be more effective than a share price-based approach in understanding the shift of investors to Islamic financial markets during COVID-19 since Islamic finance is a very important alternative to uncertainty with the financial instruments it contains. In particular, Islamic finance is an important alternative to fluctuations based on interest-bearing assets and has important features such as gharar to reduce uncertainty.
 
 
 
 This is the first study to examine the relationship between uncertainty and Islamic stock markets in emerging markets using liquidity as a variable during the pandemic.
",0,Journal of Islamic Accounting and Business Research,JournalArticle,False,10.1108/jiabr-10-2023-0333
The Long-term Impact of Normalized Pandemic on Nasdaq and SP 500: An Empirical Evidence from Time Series,S. Lao,2023,stock market covid GARCH,Yes,"After Covid-19 pandemic, the global economy stagnated briefly and was deeply affected in the long-term. In the early days of the COVID-19 epidemic, the stock market was hit hard and stock prices fell sharply. The COVID-19 pandemic has brought turmoil to the global economy, and the implications are lasting and profound. Previous literature has highlighted the short-term impact of COVID-19 on stock and commodity markets. This study models the long-term dynamic response of the COVID 19 epidemic using time series. The VAR model was applied in the study to evaluate the link between variables, and the ARMA-GARCH model was used to determine and analyze stock volatility throughout the pandemic. Investors can easily recover from pessimism and reinvest in the market because the coronavirus pandemic has a huge short-term impact. However, long-term fluctuations in the US stock market are not significantly effected by the COVID-19 epidemic. The study forecasts the possible future of the U.S. stock market and provides managerial and investment recommendations to its stakeholders.",0,"Highlights in Business, Economics and Management",JournalArticle,True,10.54097/hbem.v5i.5044
"Connectedness of global energy markets with global agricultural, natural resources, and socially responsible investments using extended GFI",M. Shahid,2024,stock market covid GARCH,Yes,"Purpose
The study aims to investigate the risk transmission from COVID-19 to global agriculture, energy, natural resources/mining and environmentally/socially responsible investments. Additionally, it explores the connectedness of global energy indices with global agriculture, natural resources/mining and environmentally/socially responsible investments. The study develops a new COVID-19-based Global Fear Index (GFI) to achieve the objectives, thus contributing to the prevailing literature.

Design/methodology/approach
The data of Global indices are selected from January 2020 to December 2021. The study uses multivariate BEKK-GARCH and TVP-VAR models to explore COVID-19 risk transmission and connectedness between global indices.

Findings
Significant shock and volatility transmissions from COVID-19 to all global indices are observed. Results show that global agriculture, natural resource/mining markets and environmentally and socially responsible investments are safe havens during COVID-19. Furthermore, these global investment choices are barely connected with global energy indices.

Practical implications
Portfolio managers and investors should invest in global indices to gauge the risk-adjusted return during the pandemic and upcoming health-related risks. Investors in energy sectors are advised to diversify the risk by adding safe-haven assets to their portfolios.

Social implications
The findings shed light on the importance of environmentally and socially responsible investments as a separate asset class where ecologically friendly and socially sentimental investors could invest in diversifying the risk of their portfolios.

Originality/value
The paper offers valuable insights to policymakers and investors regarding asset pricing, risk management and financial market stability during pandemic-type emergencies.
",0,Journal of Financial Economic Policy,JournalArticle,False,10.1108/jfep-02-2024-0035
Volatility Spillover Stock Price Index during the COVID-19 Pandemic: A Study from ASEAN on the United States and China,Vivi Melia Hariono; R. Rokhim,2022,stock market covid GARCH,Yes,"The COVID-19 pandemic had a major impact on the world economy by restricting economic activity, including stock prices. This article examines effects of volatility spillover in the midst of the COVID-19 also at the early recovery period from the crisis using stock price index data from China, US, and ASEAN: Indonesia, Malaysia, Singapore, Philippines, and Thailand. The research was conducted using the BEKK-GARCH model to see the effect ofvolatility between countries. In the correlation test, we found that in the post-crisis period caused by COVID-19, the correlation between the US and ASEAN increased, while against China and ASEAN it decreased, and relations between ASEAN countries also decreased after the crisis period. From the VAR modeling, it was found that the S&P500 during the post-crisis period experienced a decrease in the value of transmission to ASEAN. In contrast to the SSE, which actually experienced an increase in the value of transmission to ASEAN in the post-crisis. In the results of the BEKK-GARCH modeling, it was found that the shocks that occurred in the S&P500 stock market during the pre-crisis period did not affect the volatility of JKSE & SETI returns in the post-crisis period. In contrast to the S&P500 and KLSE, STI, PSEI, where the shocks that occurred during the pre-crisis period, positively affected the post-crisis period. Between SSE and KLSE & PSEI, during the post-crisis period there was an increase, meaning that the shocks that occurred in the SSE stock market during the pre-crisis period positively affected KLSE & PSEI's return volatility in the post-crisis period. In contrast between SSE and JKSE, STI, SETI, the shocks that occurred during the pre-crisis period did not affect the shares of the 3 ASEAN countries during the post-crisis period. 
Keywords: BEKK; MGARCH; COVID-19; volatility; spillover; index",0,Proceedings of International Conference on Economics Business and Government Challenges,Conference,True,10.33005/ic-ebgc.v1i1.22
"Dynamic Interdependence and Volatility Connectedness in China-Asean Stock, Cryptocurrency and Crude Oil Markets: New Evidence from COVID-19",H. Zeng; Abudulahil D. Ahmed,2022,stock market covid GARCH,Yes,"This paper investigates the influence of the COVID-19 pandemic on the dependence and dynamic connectedness of cryptocurrencies, crude oil, developed markets, and China-ASEAN stock markets. We use the GARCH-EVT-Vine-Copula and DCC-GARCH connectedness approaches. Our findings indicate that extreme tail dependencies occur following COVID-19. This result is also supported by the Vine-Copula model, which is based on extreme value theory. Our results indicate that market portfolios with exposure to both the cryptocurrency and crude oil markets exhibit extreme down-tail correlation in the aftermath of the COVID-19 outbreak. Additionally, we discover that linkages between these markets were stronger during the COVID-19 epidemic than they were before the pandemic. However, in the Chinese equity and crude oil markets, they shifted from net transmitters to net receivers during the COVID-19 outbreak. Surprisingly, our findings show that investing in markets with a long track record of stability, such as the Singapore stock market, can result in somewhat more consistent investment returns in the case of an extreme occurrence.",0,SSRN Electronic Journal,,False,10.2139/ssrn.4067611
A COMPARATIVE STUDY ON EFFECT OF COVID-19 ON SELECTED GLOBAL STOCK,Shivani; Amitha; R.Srilekha,2025,stock market covid GARCH,Yes,"The COVID-19 pandemic, which emerged in late 2019 and rapidly escalated into a global crisis by early 2020, triggered unprecedented disruptions across economies, industries, and financial systems. Among the most immediate and visible impacts was the volatility observed in global stock markets. This research undertakes a comprehensive and comparative study of how COVID-19 affected selected global stock exchanges—including but not limited to the New York Stock Exchange (NYSE), London Stock Exchange (LSE), Tokyo Stock Exchange (TSE), National Stock Exchange of India (NSE), and Shanghai Stock Exchange (SSE)—during the initial outbreak and throughout key phases of the pandemic. The aim of the study is to assess both short-term shocks and long-term market behavior, analyzing how different economies and investor sentiment responded to pandemic-induced lockdowns, fiscal stimulus measures, supply chain disruptions, and changes in consumer behavior. By applying both traditional financial tools (such as return analysis, volatility indices, and beta coefficients) and advanced software-driven techniques—including machine learning models for trend prediction, sentiment analysis using NLP, and deep learning models for time series forecasting—this research provides a robust analysis of stock market reactions under extreme uncertainty. The study examines daily closing prices, trading volumes, and market indices before, during, and after major COVID-19 milestones (such as WHO’s pandemic declaration, vaccine rollouts, and economic recovery phases). Statistical techniques such as event study methodology, GARCH (Generalized Autoregressive Conditional Heteroskedasticity) modeling, and VAR (Vector Autoregression) are used to quantify volatility and inter-market correlations. Furthermore, sentiment scores derived from financial news headlines, press releases, and social media platforms are integrated using Natural Language Processing (NLP) to understand the psychological drivers of stock market behavior. Results reveal that markets with strong digital infrastructures and robust policy responses (such as the U.S. and China) experienced faster recoveries, while others with structural economic vulnerabilities showed slower rebounds. Sector-wise, technology, healthcare, and ecommerce stocks outperformed during lockdowns, whereas aviation, tourism, and energy sectors were heavily impacted. The analysis also highlights how investor behavior shifted from traditional assets to digital alternatives, including crypto currencies, during periods of extreme volatility. This research concludes that while COVID-19 was a black swan event, it accelerated the digital transformation of financial markets and underscored the importance of agility, data-driven forecasting, and behavioral finance. The study also identifies how AI-driven tools and machine learning algorithms can aid in crisis forecasting, portfolio optimization, and risk mitigation. As the world transitions into a post-pandemic economic environment, the findings of this study serve as a critical reference for policymakers, institutional investors, and global corporations in designing resilient financial strategies.",0,Scientific Digest : Journal of Applied Engineering,JournalArticle,False,10.70864/joae.2025.v13.i6.pp249-258
"Modeling the Nexus Between Climate Risk, Energy Consumption, and Financial Market Performance in Emerging Countries",Abdelkader Mohamed Sghaier Derbali,2026,stock market covid GARCH,Yes,"
 This paper examines the link between climate risk, energy consumption, and financial market performance in a sample of emerging countries over the period 2000–2024. The objective is to model the dynamic interactions between these three dimensions, in order to understand the extent to which energy dependence and exposure to climate risks influence the stability and resilience of emerging financial markets. We use a panel data covering a representative group of emerging countries to examine the nexus among climate risk, energy consumption, and stock market performance. The estimated models are based on a panel VAR to capture endogenous dynamic effects, on DCC‐GARCH model to analyze volatility and conditional correlations, on panel cointegration tests for long‐term relationships, and on structural break models to integrate exogenous shocks (2008 financial crisis, COVID‐19, war in Ukraine). The results show that climate risk negatively affects stock market performance in emerging countries. The dependence on fossil fuels increases financial vulnerability to climate shocks. Moreover, the increased use of renewable energy mitigates this impact and strengthens the resilience of financial markets. Finally, the intensity of the relationship varies depending on the degree of financial and energy development of emerging countries.",0,International Studies of Economics,JournalArticle,False,10.1002/ise3.70031
empirical study to estimate volatility of Indian stock market during pre and post covid times,Sapana Shaw,2025,stock market covid GARCH,Yes,"In the present study, researchers tried to measure the volatility of Indian stock exchange before and after COVID- outbreak and also to compare the volatility pattern in both groups. To conduct the study, the researchers has collected 30 months daily closing price of NIFTY 50 prior to the COVID outbreak [From 9th September 2017- 9th march 2020] and 30 months after outbreak [From 10th march 2020 – 10th September 2022].  The researcher has used various statistical tools such as descriptive statistics, Augmented Dickey fuller test and Phillips Perron test for stationarity. The researcher used ARCH model, GARCH model and GARCH-M model. The study revealed that, the daily return calculated for both categories are stationary at level, found from both ADF and PP test. From the ARCH – LM test they got that there was an arch effect in both the categories. The found that for pre-covid time and also for post-covid time GARCH [1,1] model was the best fitted model. From the study, they have concluded that in both categories’ volatility clustering was there but the shocks during the Post-pandemic time was more persistent as compared to pre pandemic. As the sum of ARCH & GARCH coefficient model was near to unity during the pre-pandemic time, indicating that the stock prices will revert back to the historical value after a certain time period.",0,Impressive Journal of Management and Social Sciences,JournalArticle,False,10.33003/ijmass-2025.v1i1.4.1-10
Analysis of Risk in the Logistics Sector Using Non-linear Time Series in Türkiye,Sultan Kuzu Yıldırım; Mustafa Can,2026,stock market covid GARCH,Yes,"This study examines the risk level of the logistics sector, which is a key sub-component of the service sector in Türkiye, by comparing it with other service sub-sectors that have a high share within the sector, namely retail trade, electricity, gas, and steam, and telecommunications indices. Daily data from the period between March 2, 2020, and October 8, 2025, when volatility in financial markets increased significantly after COVID-19, was used for the analysis. First, returns for the indices were generated, and various non-linearity tests were used to determine whether these returns were non-linear. Next, the stationarity properties of the series were tested using non-linear unit root tests, and the appropriate ARMA(p,q) model was determined for each series based on information criteria. To examine the volatility structure of the return series, symmetric conditional heteroskedasticity models (GARCH, GARCH-M) and asymmetric effect models (T-GARCH, E-GARCH, and GJR-GARCH) were applied. The most suitable model was selected by considering error criteria and log-likelihood values. The findings reveal that the risk levels among the service sector indices are close to each other but show sectoral differentiation. According to the analysis, the telecommunications sector had the highest risk during the period under review, followed closely by the logistics sector. In contrast, the retail trade sector was identified as the sub-sector with the lowest volatility.",0,Journal of Transportation and Logistics,JournalArticle; Review,False,10.26650/jtl.2026.1834544
Impact of COVID-19 Pandemic on Gold Price Volatility: Evidence from Indian Gold Market,Ashwitha Karkera N; Nalina K B; M. G Krishnamurthy,2022,stock market covid GARCH,Yes,": The outbreak of COVID-19 had an adverse impact on the stock markets across the globe. Indian financial market has also witnessed a major setback with fall in the value of the investor’s holdings. Gold has always been considered as the safe heaven for investment even in the times of crisis. With this idea, the paper aims to identify the impact of COVID-19 pandemic on Gold Price Returns in Indian Market. The study takes into account the daily closing Gold Price data from 1 st July 2019 to 31 st August 2020 in order to compare the Pre-COVID and During-COVID Gold Price and to assess the impact of COVID 19 on Gold Price fluctuations. The study used GARCH (1,1) Approach to estimate volatility due to COVID. The results revealed that there is a higher persistence of volatility shock/ volatility clustering in gold price return during COVID-19 Pandemic.",0,International Journal of Science and Research (IJSR),JournalArticle,False,10.21275/sr22429130533
Volatility of Companies with Low ESG Scores in the Indonesian Capital Market: Impact of Domestic and Global Factors,Kiki Nindya Asih; N. Achsani; Tanti Novianti; A. H. Manurung,2024,stock market covid GARCH,Yes,"This study aims to explore the volatility connectedness between various categories of ESG scores of Indonesian companies with local and global market factors during the COVID-19 pandemic. We use daily price data of 42 Indonesian companies over the period from 2018 to 2022 and employ the GARCH model, further enriched by the Diebold-Yilmaz method, to analyze the spillover effect and connectedness. Companies with the lowest ESG category (D) exhibited the highest volatility throughout the observed period. All ESG categories experienced a significant increase in volatility during the COVID-19 pandemic. Meanwhile, companies with higher ESG categories (B) had the highest level of connectedness with domestic and global factors, both before and after the pandemic. In contrast, companies with the lowest ESG category (D) exhibited the lowest level of connectedness with domestic and global factors. The volatility spillovers indicate that both global (DJI) and domestic (LQ45) stock markets are the primary sources of spillovers for all ESG categories. This underscores the importance of understanding ESG category characteristics and market risk dynamics in ESG investment strategies. The study identifies significant differences between the risk profiles of ESG categories in the Indonesian capital market, with systematic risks affecting companies with high ESG ratings, while companies with low ESG ratings are more susceptible to idiosyncratic risks. These findings suggest the need for tailored diversification strategies in ESG investment and highlight the importance of considering these dynamics for investors, market regulators, and investment managers.",0,International Journal of Social Science and Business,JournalArticle,False,10.23887/ijssb.v8i4.88286
COVID-19’s Impact on ASEAN Country Stock Markets,Phouphet Kyophilavong; Phonephet Sitthivong; Sengchan Phiakeo; Phongsili Soukchalern; Kedtysack Xayxanadasy,2025,stock market covid GARCH,Yes,"In this study, we examine the impact of COVID-19 on ASEAN countries' stock markets. In our examination, we have applied an econometrics model: the GARCH model. We find that the daily number of new cases had a significantly positive impact on IDX (Indonesia Stock Exchange) and MYX (Bursa Malaysia)but a negative impact on PSE Philippine Stock Exchange), SGX (Singapore Exchange), SET (The Stock Exchange of Thailand), and HSX (Ho Chi Minh Stock Exchange). Furthermore, the daily number of new deaths significantly affected the PSE, SGX, SET, and HSX but not the IDX and MYX indices. The results show that COVID-19 had an effect on the stock markets of ASEAN; however, that effect varied",0,Asain Journal of Development and  Innovation Studies,JournalArticle,False,10.71026/ajdis.01.01.001
Calendar Anomalies and Volatility in the Indian Equity Market: Insight from 2008 Financial Crisis and COVID-19 Pandemic,D. K; Janet Jyothi D’souza,2024,stock market covid GARCH,Yes,"This study explores the presence of calendar anomalies in the Indian equity market during two economic shocks: the 2008 Global Financial Crisis and the COVID-19 pandemic. This study employed Generalized Autoregressive Conditional Heteroscedasticity (GARCH) and Threshold GARCH models to analyze the impact of economic downturns on volatility in a sample of Indian Stock Indices. This research identifies notable patterns, including the Wednesday effect during the financial crisis and the Monday and Tuesday effects during the global pandemic. By addressing a crucial gap in the literature, this study offers a comparative analysis of these crises and elucidates market volatility and investor behaviour in emerging markets. This study illuminates the critical role of investor confidence in mitigating financial instability and emphasizes the necessity for efficacious policy interventions to address economic disruptions, enhance financial resilience, and avert future crises, particularly during endogenous economic downturns such as financial recessions. This study elucidates the multifaceted effects of crises on financial markets and the broader economy, revealing intricate mechanisms that influence market dynamics during periods of economic turbulence.",0,"Asian Journal of Economics, Business and Accounting",JournalArticle,False,10.9734/ajeba/2024/v24i121617
The Effectiveness of Cryptocurrency as a Hedging Tool for Capital Market Indices in Indonesia,Denis Christian; S. Handoyo,2025,stock market covid GARCH,Yes,"This study investigates the effectiveness of cryptocurrency, specifically Bitcoin, as a hedging tool against the Indonesian stock market index (LQ-45) during periods of economic uncertainty, particularly influenced by the COVID-19 pandemic. Utilizing a dataset spanning from January 2015 to December 2024, the research employs K-Means clustering to classify periods into normal and crisis phases based on macroeconomic indicators. The DCC-GARCH model is then applied to assess the dynamic correlations between Bitcoin, the S&P 500, and gold with the LQ-45 index. Findings reveal that Bitcoin serves as both a hedging and safe-haven asset during crises, with an effectiveness of 36.61% in protecting portfolios. Conversely, the S&P 500 and gold exhibit limited effectiveness as hedging tools and do not function as safe havens during market turmoil. This study contributes to the understanding of alternative investment strategies in managing risk within emerging markets.",0,Eduvest - Journal of Universal Studies,JournalArticle,False,10.59188/eduvest.v5i9.51204
The impact of the covid-19 pandemic on the stock markets of some countries in the MENA region: An assessment with GARCH modeling,Mosbah Lafi; Wissal Toumi,2023,stock market covid GARCH,Yes,"This study examines the impact of the COVID-19 pandemic on stock market volatility for stock indices of a few MENA countries. The analysis consists of several elements: first, we assess the impact of this infectious disease on the standard deviations of stock market variables; second, we analyze the influence of the number of new daily cases and the number of new daily deaths on the standard deviations of these returns; and third, we assess the impact of the coronavirus on stock market volatility for these market variables using GARCH models. We find that the minimum value for most indices occurred in March 2020. Additionally, the results of the regression analysis reveal that the COVID-19 dummy variable, the number of daily new cases, and the number of new daily deaths have all had a significant negative impact on stock market volatility. Finally, the GARCH model reveals that the coefficients of COVID-19  pandemic in the conditional variance equation had a significant positive impact on the conditional variance for stock indices, further indicating that the COVID-19 outbreak increased market volatility.",0,Technium Social Sciences Journal,JournalArticle,True,10.47577/tssj.v44i1.8883
Dynamic changes in US Financial Markets under the COVID-19 Pandemic,Xinran Wang,2022,stock market covid GARCH,Yes,"Covid-19 disrupted people’s lives and the world’s economic activities in major ways. The pandemic affected, businesses, companies, and investors in the stock market. This paper aims to how normalized Covid-19 affect the United States stock market by analyzing three major US stock markets: S&P500, NASDAQ, and DJIA. The aim was to examine the effect on stock market’s return and volatility. To analyze the impact of the pandemic, vector autoregression models (VAR) as well as the ARMA-GARCH-X model were used. Impulse response function graph from the VAR model revealed that the pandemic did increase or decrease the stock market returns of either of the indices. However, fluctuations in returns were shown to be higher during the early period but faded with time. The ARMA-GARCH-X model however reported that the pandemic only influenced the volatility of S&P500 returns only while the other two markets were not affected. Conclusion drawn from the study is that the pandemic influenced the stock markets in the early days but its influence tapered down due to normalization of the pandemic in the mind of investors. Government responses to the pandemic as well as the introduction of vaccines could also serve to raise investor’s confidence thus reducing the influence of the pandemic on the stock market.",0,BCP Business &amp; Management,,True,10.54691/bcpbm.v35i.3223
Dynamic Changes in US Technical Company under Uncertain Market,Yifan Zhang,2023,stock market covid GARCH,Yes,"Since the outbreak of the COVID-19 epidemic, great changes have taken place in the world's economic situation. The interest rate increase by the Federal Reserve has become one of the most influential actions. Researchers have found that the Fed's interest rate hike not only has an impact on the American financial market but also on the world economic situation to a certain extent. Therefore, this paper collects the share price of US dollar and the exchange rate between US dollar and RMB since June, 2021, and uses VAR model and ARMA-GARCH model to model and analyze the data, to examine how the Fed's interest rate hike will affect the dollar's value and Apple's share price, and to predict the future exchange rate and the development trend of Apple's share price in the case of the Fed's interest rate increase, so as to further study the dynamic changes of American technology companies in the uncertain market.",0,BCP Business &amp; Management,,True,10.54691/bcpbm.v38i.4209
The Influence of COVID-19 on Gold Price Volatility – A Comparative Study of India and Vietnam,Son Dinh Van; Anh Pham Tuan,2022,stock market covid GARCH,Yes,"The covid-19 pandemic has had far-reaching consequences for the global economy, affecting many financial market components, including the gold market. This study compares India and Vietnam based on data on several covid-19 indicators such as daily new infections, cumulative totals, daily new deaths from covid-19, and total deaths due to covid-19, affecting gold price volatility. The study's findings are based on daily observational data from the first confirmed case of covid-19 until March 11-2022, demonstrating that the covid-19 indicators have the opposite effect on gold prices in India and Vietnam. The study examined the effect of covid-19 (used as a dummy variable representing the date of covid-19 cases and the date of covid-19 deaths) using the GARCH (1,1) model. The study found no evidence of the covid-19 dummy's effect on gold price volatility in India. Meanwhile, the study's findings show that the impact of covid-19 exacerbates the negative effect on gold price fluctuations in Vietnam over time, especially on days when there is information about covid-19 deaths.",0,Journal of Trade Science,,False,10.54404/jts.2022.10.01.01
Effect of Structural Breaks on Stock Market Performance during COVID-19 Period in Sri Lanka,S. H. M. L. Walakumbura; W. Weerasinghe; T.U.I. Peiris,2024,stock market covid GARCH,Yes,"This study investigates the effects of structural breaks on the Colombo Stock Exchange (CSE) performance over the COVID-19 period. Stock market returns and volatility are used to proxy the stock market performance. Structural breaks were identified by using the Bai-Perron (2003) test. An ARMA (p,q) model fitted for stock returns was augmented using dummy variables for the structural breaks to measure the effect of structural breaks on stock market returns. The model was further extended as a volatility regression model (GARCH, EGARCH, or TGARCH) to measure the effect of structural breaks on stock market volatility. The results confirmed the presence of structural breaks following COVID-19-related news in CSE. Seventeen such breaks were identified. However, only three significantly influenced the stock market returns and the volatility. As a result, the study's consequences affect stockbrokers, multinational organizations, portfolio managers, and investors, allowing them to foresee market patterns and take preventative action in the event of structural breaks.",0,Asian Journal of Management Studies,JournalArticle,True,10.4038/ajms.v3i2.66
TIME-VARYING WEEKDAY EFFECTS IN THE VIETNAMESE STOCK MARKET: PRE- AND DURING-COVID-19 EVIDENCE,Hoang Thi Du; Vo Van Can; N. Thao; N. Huong; Phan Thi Khanh Trang,2025,stock market covid GARCH,Yes,"This study investigates the weekday effects in the Vietnamese stock market by using the data across two distinct periods, before and during the COVID-19 pandemic. The data series spans from January 2018 to March 2022 with five major indices: VN-Index, Largecap, Midcap, Smallcap, and VN30. We employ both OLS and GARCH (1,1) models with weekday dummies to capture mean and volatility dynamics. Our results show that weekday effects were weak and index-specific in the pre-pandemic period; only Largecap and Smallcap indices were observed with significant anomalies. However, a consistent and statistically significant Friday effect was presented across all indices during the pandemic. It indicates reduced market efficiency and provides empirical support for the Adaptive Market Hypothesis. In addition, volatility persistence decreased during the COVID-19 crisis, which means that volatility shocks became more intense but less persistent. These findings make some contributions to the literature. First, they offer multi-index, time-varying evidence of calendar anomalies in a frontier market. Second, they highlight how exogenous shocks can temporarily distort market efficiency.",0,Veredas do Direito,JournalArticle,False,10.18623/rvd.v22.n7.3924
The Impacts of Global Factors on Islamic Stock Market Returns: Evidence From Islamic Countries,Norashikin Adam; N. M. Sidek; Ngau Duo Seng,2024,stock market covid GARCH,Yes,"This study investigates the impact of five (5) global factors, namely in this study such as global economic policy uncertainty, geopolitical risks, oil prices, volatility index, and world uncertainty index, on six (6) Islamic stock markets in Australia, Bahrain, Indonesia, Kuwait, Malaysia, and Oman. The monthly data for 13 years from 2009:M3 to 2023:M5 within a time-frequency framework. We used the GARCH model to investigate the impacts of global factors on selected Islamic stock market returns, and the EGARCH model was used to check the robustness of the results. The results provide a few interesting insights. Firstly, it is important to note that GEPU, GPR, OIL, and VIX uncertainty typically exert a significant influence on the majority of Islamic stock returns. Secondly, WUI demonstrates an important relationship in Australia, Bahrain, and Oman only following the outbreak of the COVID-19 pandemic. These results should assist investors in re-evaluating their portfolio to fully maximize the potential of these Islamic stock markets. Policymakers could use these results to design policies to reduce the global factors as well as to investigate the impacts of externally generated uncertainties.",0,Archives of Business Research,JournalArticle,True,10.14738/abr.123.16668
COMPARATIVE ANALYSIS OF SHARIA AND CONVENTIONAL STOCK RESILIENCE TO GLOBAL UNCERTAINTY: EVIDENCE FROM ISSI AND IHSG DURING 2019–2025,Ahmad Indarta; Agus Setiawan,2025,stock market covid GARCH,Yes,"ABSTRACT : This study examines the comparative resilience of Islamic and conventional stock markets in Indonesia under global uncertainty. Using monthly data for the Indonesian Sharia Stock Index (ISSI) and the Jakarta Composite Index (IHSG) from February 2019 to July 2025, the GARCH-X model is employed to capture volatility clustering and the exogenous effects of uncertainty shocks. Global uncertainty is proxied by three major events: the COVID-19 pandemic, the Russia–Ukraine conflict, and the Trump-era trade tariffs. The results show that both indices are significantly affected by global shocks, with the VIX serving as a key driver of volatility. However, ISSI demonstrates greater resilience, reflected in lower volatility persistence and faster stabilization aftershocks. Trade-related protectionist measures and commodity price increases provide additional support to Sharia-compliant firms, while IHSG remains more sensitive to U.S. monetary policy and global capital flow volatility. These findings highlight the role of Islamic equities as a stabilizing component in emerging markets and a viable tool for portfolio diversification and risk management during periods of global turbulence.ABSTRAK : Penelitian ini mengkaji daya tahan komparatif pasar saham syariah dan konvensional di Indonesia terhadap ketidakpastian global. Data bulanan Indeks Saham Syariah Indonesia (ISSI) dan Indeks Harga Saham Gabungan (IHSG) periode Februari 2019–Juli 2025 dianalisis menggunakan model GARCH-X untuk menangkap volatility clustering serta pengaruh eksogen dari guncangan global. Ketidakpastian global diproksikan melalui tiga peristiwa utama, yaitu pandemi COVID-19, konflik Rusia–Ukraina, dan kebijakan tarif era Trump. Hasil penelitian menunjukkan bahwa kedua indeks signifikan dipengaruhi oleh guncangan global, dengan VIX sebagai pendorong utama volatilitas. Namun, ISSI terbukti lebih tangguh, ditunjukkan oleh persistensi volatilitas yang lebih rendah dan stabilisasi yang lebih cepat pascaguncangan. Kebijakan proteksionis berbasis perdagangan dan kenaikan harga komoditas memberikan dukungan tambahan bagi emiten syariah, sementara IHSG lebih sensitif terhadap kebijakan moneter Amerika Serikat dan volatilitas arus modal global. Temuan ini menegaskan peran saham syariah sebagai komponen penstabil di pasar negara berkembang sekaligus instrumen yang efektif untuk diversifikasi portofolio dan manajemen risiko pada periode ketidakpastian global.",0,Among Makarti,JournalArticle,False,10.52353/ama.v18i2.892
The Euro exchange rate's resistance to the exogenous shock caused by COVID-19,S. Balaban; Ivan Milenković; Marijana Joksimović,2025,stock market covid GARCH,Yes,"Background: The COVID-19 pandemic represents the greatest exogenous global shock in the last few decades, which has deeply affected the macro-economic aggregates around the world. Bearing in mind that COVID-19 pandemic is an exogenous shock; its effect on the macro-economic aggregates will take time to be analysed, while it has a persistent impact on the financial markets. Purpose: One-third of the transactions worldwide includes the Euro. Hence, the main objective of this study is to estimate the Euro exchange rate's resistance to the exogenous shock caused by the COVID-19 pandemic. Study design/methodology/approach: This paper employs the General AutoRegressive Conditional Heteroskedasticity (GARCH) model to examine the EUR/USD exchange rate's resistance to the global exogenous shock caused by the COVID-19. In other words, the authors try to find an answer to question whether the COVID-19 pandemic affects the EUR/USD exchange rate volatility. Finding/conclusions: The results show that the COVID-19 pandemic has no effect on the EUR/USD exchange rate volatility in the long run. These results may confirm our assumption of the resistance of the financial market to the exogenous shock and are useful for anyone needing forecasts of the exchange rate futures movements. The obtained results produce pragmatic expertise in order to manage exchange rate risk and should support policymakers to advance exchange rate policy. Limitations/future research: As a limitation of this study, the authors state the estimation of the Euro exchange rate's resistance to only one exogenous shock, caused by COVID-19. Bearing in mind that in the considered period was also the world economic crises which might have caused a higher volatility then COVID-19, for further research the authors propose an examination of the detailed estimation of the Euro exchange rate's resistance to different exogenous shocks.",0,Strategic Management,JournalArticle,True,10.5937/straman2300059b
The Impact of the COVID-19 on the Media Industry: Evidence from China,Tianyu Shen,2022,stock market covid GARCH,Yes,"The COVID-19 pandemic has had a severe impact on the global economy. Under the influence of the global pandemic, all industries are facing enormous challenges and tests. This article starts from the media industry, adopts the VAR model and the ARMA-GARCH model, comprehensively considers the overall performance of the media industry during the pandemic, and systematically analyzes the effect of the new COVID-19 pandemic on the media industry. However, the pandemic has had a substantial long-term impact on the media industry globally. The study found that the impact of the pandemic on China's media industry is relatively small. At the same time, from a short-term perspective, the COVID-19 has a negative shock effect on the stock market's volatility, but this relationship does not exist in the long term. Based on the conclusions, this thesis also explores the implications that different market roles can gain from this article.",0,BCP Business &amp; Management,,True,10.54691/bcpbm.v30i.2252
Advanced GARCH Modeling Techniques and Risk-Return Relationship in the Vietnamese Stock Market,F. Pampurini; A. Quaranta,2026,stock market covid GARCH,Yes,"This study investigates the Vietnamese stock market volatility focusing on the VN-INDEX from the Ho Chi Minh Stock Exchange, during the period 2004-2024. Both symmetric and asymmetric GARCH models are implemented with three different error term distribution assumptions to analyse the volatility persistence and clustering as well as any leverage effects on stock returns. The best fitting model for the dataset seems to be the EGARCH (2,1) using a Skew-t distribution assumption. The positive risk-return link is confirmed, with higher volatility associated with greater expected returns. This is one of the very few studies focused on a long period that moreover includes the effects that some unexpected exogenous shocks (like the Covid-19 pandemic and other recent geopolitical events) could generate on the parameters estimates. Thus, it can encompass different market phases, including years of economic growth, stability, volatility, and downturns, thus offering a comprehensive view of the Vietnamese market’s behaviour under dissimilar economic and financial conditions. This research offers valuable insights into the nature of uncertainty in the Vietnamese stock market, helping investors in their decision-making processes and contributing to the overall understanding of the market. Indeed, understanding volatility and its implications is essential for investors, policymakers, and researchers, particularly in emerging markets like Vietnam, where financial systems are evolving rapidly.",0,Asian Journal of Finance &amp; Accounting,JournalArticle,False,10.5296/ajfa.v18i1.19007
Financial Market Resilience in the GCC: Evidence from COVID-19 and the Russia–Ukraine Conflict,Farrukh Nawaz; Christopher Gan; Maaz Khan; U. Kayani,2025,stock market covid GARCH,Yes,"Global financial markets have experienced significant volatility during crises, particularly COVID-19 and the Russia–Ukraine conflict, prompting questions about how regional markets respond to such shocks. Previous research highlights the influence of crises on stock market volatility, focusing on individual events or global markets, but less is known about the comparative dynamics within the Gulf Cooperation Council (GCC) markets. Our study investigated volatility and asymmetric behavior within GCC stock markets during both crises. Furthermore, the econometric model E-GARCH(1,1) was applied to the daily frequency data of financial stock market returns from 11 March 2020 to 31 July 2023. This study examined volatility fluctuation patterns and provides a comparative assessment of GCC stock markets’ behavior during crises. Our findings reveal varying degrees of market volatility across the region during the COVID-19 crisis, with Qatar and the UAE exhibiting the highest levels of volatility persistence. In contrast, the Russia–Ukraine conflict has had a distinct effect on GCC markets, with Oman exhibiting the highest volatility persistence and Kuwait having the lowest volatility persistence. This study provides significant insights for policymakers and investors in managing risk and enhancing market resilience during economic and geopolitical uncertainty.",0,Journal of Risk and Financial Management,JournalArticle,False,10.3390/jrfm18070398
The Impact of COVID-19 on Stock Market Performance: Evidence from the Dhaka Stock Exchange Indices,Nur E Jannat; M. Ahmed; M. Sadekin; M. Alam; M. Muzib,2025,stock market covid GARCH,Yes,"The COVID-19 pandemic sent shockwaves through capital markets worldwide, and the Dhaka  Stock Exchange (DSE) was no exception. This research paper examines the impact of COVID 19 on three of the key indices in the DSE, such as the Broad Index (DSEX), the Sharia Index  (DSES), and the blue-chip index (DS30). Exploiting daily price data from January 2015 to  December 2021, respectively, and fitting the GJR-GARCH (1,1) model, the paper investigates  the effects of the pandemic on market volatility and returns in the special circumstances of the  capital market of Bangladesh. Results indicate that (i) the COVID-19 outbreak witnessed a  great surge in volatility in all three indices, (ii) DSEX had to witness the highest volatility, and  DS30 had the lowest potent impact of volatility, and (iii) there was a positive association  between COVID-19 and market returns within the sample period. The heightened volatility  may be attributed to pre-existing struggles in the DSE, the initial panic caused by the outbreak,  and the subsequent policy responses. Conversely, immediate policy interventions—such as the  introduction of floor prices and circuit breakers—appear to have contributed to positive returns.  In order to lessen the effects of financial shocks, the study emphasizes the significance of  spreading good news and putting in place prompt market-stabilizing measures.",0,South Asian Journal of Social Sciences and Humanities,JournalArticle,False,10.48165/sajssh.2024.6411
Explainable Hybrid Modeling of Stock Market Turning Points: An Integrated ARIMA-LSTM-SHAP Approach,Tsolmon Sodnomdavaa,2026,stock market covid GARCH,Yes,"—In recent years, global shocks such as the COVID-19 pandemic, geopolitical conflicts, and trade tensions have substantially intensified volatility in financial markets, thereby increasing the frequency of price turning points. This study proposes a novel approach that addresses the growing demand for artificial intelligence models that are not only highly predictive but also interpretable. Traditional econometric models, such as Autoregressive Integrated Moving Average (ARIMA) and Generalized Autoregressive Conditional Heteroskedasticity (GARCH), are effective at capturing linear dependencies but fail to adequately represent nonlinear market dynamics. Meanwhile, machine learning methods, despite their strong predictive power, often exhibit limited interpretability. To bridge this gap, this paper presents an explainable hybrid framework that integrates ARIMA, Long Short-Term Memory (LSTM), and Shapley Additive exPlanations (SHAP). Using daily data from ten major global stock indices from January 1, 2010 to September 30, 2025, the study employs a hybrid labeling approach that combines price extrema, Relative Strength Index (RSI), and Moving Average Convergence Divergence (MACD) indicators. Forecasting accuracy is further enhanced by incorporating ARIMA residual–based feature fusion. The model’s performance is evaluated using both statistical (F1-Score, Precision-Recall Area Under the Curve (PR-AUC), Root Mean Squared Error (RMSE), and economic (Sharpe ratio) metrics within a walk-forward validation framework. The results show that the ARIMA-LSTM-SHAP model achieves an optimal balance between predictive accuracy and economic efficiency, achieving an F1-Score of 0.60 and a Sharpe ratio exceeding 1.5. The findings highlight the framework’s practical relevance for investors and policymakers by facilitating the early detection of turning cycles and supporting risk-informed decision-making.",0,Journal of Advances in Information Technology,JournalArticle,False,10.12720/jait.17.3.569-582
Heterogeneity in volatility spillovers from the US equity market to developed and Visegrad stock exchanges,Izabela Pruchnicka-Grabias; D. Żebrowska-Suchodolska,2025,stock market covid GARCH,Yes,"
 
 This paper aims to analyze the difference in volatility spillovers between the American stock market and other markets, including developed and Visegrad ones. The study compares normal market conditions, the COVID-19 pandemic and the Russia–Ukraine war period.
 
 
 
 The DCC-GARCH model was used to examine pairwise relationships. An extension of the research was the examination of volatility transmission throughout the system. The study uses volatility spillover indexes by Diebold and Yilmaz for the static version, as well as the Baruník and Krehlík methodology for the dynamic version.
 
 
 
 The key finding is that historical shocks during the Russia–Ukraine war had a greater impact on current volatility in the most developed stock markets than on the Visegrad markets. The authors also find out that the American stock market represented by the S&P500 index is the volatility exporter to all examined markets for all examined periods. Its shocks influenced developed markets (NASDAQ, DJIA, FTSE100, DAX, CAC40) more during the war, whereas Visegrad markets during the COVID-19 pandemic.
 
 
 
 The results are important to policymakers, central bankers and investors who aim to diversify their portfolios. Policymakers must keep in mind that their decisions influence not only the market they are responsible for but also have far-reaching consequences. Central bankers should be aware that changes in interest rates which influence some markets will have more indirect connectedness with other markets. For investors, the results say that portfolio diversification possibilities during crisis times are not as numerous as in non-crisis times.
 
 
 
 The novum of the study is showing that although the American market does not transfer volatility in any sub-period to some markets represented by CAC40, DAX and Stoxx50, it does to Visegrad markets. The added value of this research is also pointing out that during both the COVID-19 pandemic and the Russia–Ukraine conflict, these are especially the Visegrad markets that look toward the American market. Moreover, it is shown that for the Visegrad markets, the COVID-19 pandemic and the Russia–Ukraine war increase their connectedness with the US market. In contrast, for the developed markets, the impact is less clear because relations change beyond just the COVID-19 pandemic or war.
",0,Studies in Economics and Finance,JournalArticle,False,10.1108/sef-11-2024-0826
"Financial contagion in the US, European and Chinese stock markets during global shocks",M. Malkina,2025,stock market covid GARCH,Yes,"Under globalisation, integration, and financialisation of national economies, the financial markets’ interdependence tends to swell, which increases the probability of financial disturbances spreading between countries, especially during global shocks, and calls for the development of new standards of financial regulation. The article studies the financial contagion among stock markets of different countries during global shocks associated with the COVID-19 pandemic, the energy crisis, and the special military operation of Russia in Ukraine (SMO). The concept of financial contagion underlies the methodology of the research. The financial contagion is diag nosed based on the construction of DCC-GARCH models and the calculation of dy namic conditional beta coefficients. Causal relationships in the interaction of indices are established using the Granger test. The data are average daily indices: the Ameri can S&P 500, the European STOXX 600, and the Shanghai Stock Exchange (SSE) Composite Index – for December 2018 – March 2024 obtained from the financial portal Investing.com. The study reveals a high level of connectivity in normal times between the American and European stock markets with some autonomy of the Chinese stock market. However, during the 2020 pandemic, there was a short-term strong contagion of the S&P 500 and STOXX 600 from the SSE Composite Index, as well as longer-term, moderate cross-contagion between the S&P 500 and STOXX 600. During the 2021 energy crisis and SMO, there was strong and relatively long-lasting contagion of the S&P 500 from the STOXX 600 and their much weaker contagion from the SSE Composite Index. The findings may be useful for stock market players in managing investment portfolios, and for the state in formulating financial stabilisation policies during the impact of global shocks.",0,Journal of New Economy,JournalArticle,False,10.29141/2658-5081-2024-25-4-3
Stock return volatility during SARS and COVID-19: Comparison between Malaysia and China's stock markets,S. R. Hamzah; Azah Syafinaz Azhar; N. Ishak; Ahmad Fadly Nurullah Raseedee,2022,stock market covid GARCH,Yes,"This study analyses return volatility for Malaysia and China's stock markets during the SARS and COVID-19 pandemics. Stock return volatility is estimated using GARCH family models (GARCH (1,1), TGARCH and EGARCH). Generally, GARCH (1,1) estimates symmetric conditions, whereas TGARCH and EGARCH estimate the asymmetric condition or leverage effect of return volatility. Stock return volatility in China and Malaysia are then compared to assess the severity of pandemic cases during the study period. Post pandemic, Malaysia is seen to experience higher decrements in leverage effect when using the TGARCH model. Conversely, the effect is higher for China when using the EGARCH model for the SARS pandemic. To aid in predicting future return volatility after the COVID-19 pandemic, return volatility after the SARS pandemic is forecast, with the forecast value serving as the basis for evaluating the error using the mean absolute error (MAE), root mean square error (RMSE) and Theil inequality coefficient (TIC) approaches. The forecast error performance is ranked to identify outperforming GARCH family models for the pandemic period: the TGARCH model for China's stock market but the GARCH model for Malaysia's stock market. © 2022 Author(s).",0,The 5th Innovation and Analytics Conference &amp; Exhibition (IACE 2021),Conference,True,10.1063/5.0092822
"PANDEMICS, CONFLICTS, AND ENERGY TRANSITIONS: INSIGHTS ON OIL AND STOCK MARKET",Ikram GhamguiFrikha; M. Ben Amar,2025,stock market covid GARCH,Yes,"The price of oil, and consequently, stock market indices, have been affected in recent years by factors weighing on the global economy, from energy market developments to the transition to renewable energy sources and changes in global energy policy. This paper offers a comprehensive analysis, from January 2004 to 2024, of the evolution of stock market indices, oil market volatility, and investor reactions to recent black swan events that have shaken the global economy. In other words, our research explores the complex link between oil price fluctuations and stock market performance in the G20 economies over the past decade. The econometric and statistical modeling applied by the paper highlights a complex relationship between the stock indices studied and the volatility of oil prices in a univariate GARCH modeling environment (GARCH (1.1)), and a multivariate time series model DECO-GARCH, corroborating specialized studies in the field by suggesting that oil price fluctuations were faster at the beginning of the COVID-19 pandemic with decreasing fluctuations after war events (beyond which no substantial impact of the oil price on the stock market is observed). In addition, the Chow test identified, during the period studied, three important breaks coinciding with the beginning of the COVID-19 pandemic, the subsequent military conflict between Russia and Ukraine and the military confrontation between Israel and Gaza, which had strong repercussions on the economy. The results also indicate another very important point: the COVID-19 pandemic had a greater impact on the oil price and the stock market between January 2019 and November 2024 than military conflicts.",0,International Journal of Advanced Research,JournalArticle,False,10.21474/ijar01/20936
"Crisis, Volatility, and Market Resilience: Evidence from GARCH Modelling of the BSE Sensex",Dipankar Pradhan; Binota Reang,2026,stock market covid GARCH,Yes,"This study examines the volatility behaviour of the Indian stock market by analysing the
BSE Sensex during the pre-COVID and COVID periods. The COVID-19 pandemic introduced
unprecedented uncertainty into global financial markets, significantly influencing investor
behaviour, market risk, and overall stability. Against this background, the study aims to
compare market performance and volatility dynamics across normal and crisis periods, with a
specific focus on volatility persistence and clustering. The analysis is based on secondary daily
time-series data of the BSE Sensex. Stock returns are computed using continuously
compounded log returns. Descriptive statistical measures are employed to examine the basic
characteristics of the return series, while the Augmented Dickey–Fuller (ADF) test is used to
confirm stationarity. Market volatility and risk are modelled using the GARCH (1,1)
framework, which is widely used to capture time-varying volatility and the persistence of
market shocks. The empirical results indicate that the BSE Sensex exhibited relatively stable
volatility during the pre-COVID period, whereas volatility increased sharply during the
COVID-19 phase, confirming the presence of strong volatility clustering and persistence. The
GARCH estimates show that shocks during the pandemic had a significant and long-lasting
impact on market volatility. Overall, the findings confirm that COVID-19 had a substantial
effect on stock market risk and stability. The study contributes to the existing literature by
providing a focused GARCH-based analysis of volatility behaviour during crisis conditions,
offering valuable insights for investors, policymakers, and risk managers in emerging markets.",0,PRAYUKTI Journal of Management Applications,JournalArticle,False,10.52814/pjma.2026.6102
Major Sudden Risk Shocks and US Stock Market Volatility Evidence from COVID-19,Kepeng Liu,2022,stock market covid GARCH,Yes,"The occurrence of major emergencies will impact the stock market, and the short-term fluctuation and rebound of stock prices can be estimated through relevant data to predict the impact of emergencies on the stock market. By employing a GARCH (1,1) model, the empirical analysis of the impact of Corona Virus Disease 2019 (COVID-19) on the US stock market was conducted by examining the maximum price, closing price in the stock market, and the number of newly confirmed cases. It was shown that the COVID-19 epidemic did not cause fluctuations in the US stock market in the long term. However, from the estimation results of the highest price, the new diagnosis reduces the volatility of the return series of the highest price of the stock market.",0,Proceedings of the 2022 7th International Conference on Financial Innovation and Economic Development (ICFIED 2022),Conference,True,10.2991/aebmr.k.220307.179
An Assessment of Contagion between Emerging Stock Markets and Developed Stock Markets,Amit Das; Amalendu Bhunia,2025,stock market covid GARCH,Yes,"This study investigated financial contagion between emerging and developed stock markets using the DCC-GARCH model over the period January 2010 to December 2024. Daily logarithmic return data from eight markets, namely, four emerging (India, Brazil, South Africa, Indonesia) and four developed (USA, UK, Germany, Japan) were analyzed across pre-crisis, COVID-19 crisis, and post-crisis periods. Descriptive statistics revealed non-normality and volatility clustering, justifying GARCH modeling. The ADF test confirmed stationarity at first differences. Univariate GARCH (1,1) estimates showed high volatility persistence. DCC-GARCH results revealed significant time-varying correlations, with crisis-period surges indicating contagion. Correlations remained elevated post-crisis, suggesting structural interdependence. Time-varying correlations peaked during the COVID-19 crisis, with Brazil–Germany and India–USA exhibiting the highest increases. Wavelet coherence analysis further confirmed contagion with high short- and medium-term co-movement, particularly between Indonesia–Japan and Brazil–Germany. Findings underscored that contagion was dynamic and scale-dependent, driven by trade ties, market openness, and global shocks. The study concluded that during crises, diversification benefits across these markets diminished significantly due to synchronized volatility and persistent financial linkages.",0,Saudi Journal of Business and Management Studies,JournalArticle,False,10.36348/sjbms.2025.v10i09.003
A Study on Co-movements and Information Spillover Effects Between the International Commodity Futures Markets and the South Korean Stock Markets: Comparison of the COVID-19 and 2008 Financial Crises,Yin-Hua Li; Guo-Dong Yang; M. M,2023,stock market covid GARCH,Yes,"Purpose - This paper aims to compare and analyze the co-movements and information spillover effects between the international commodity futures markets and the South Korean stock markets during the COVID-19 and the 2008 financial crises. 
Design/methodology - The DCC-GARCH model is used in the co-movements analysis. In contrast, the BEKK-GARCH model is used to evaluate information spillover effects. The statistical data used is from January 1, 2005, to December 31, 2022. It comprises the Korea Composite Stock Price Index data and daily international commodity futures prices of natural gas, West Texas Intermediate crude oil, gold, silver, copper, nickel, soybean, and wheat. 
Findings - The results of the co-movement analysis were as follows: First, it was shown that the co- movements between the international commodity futures markets and the South Korean stock markets were temporarily strengthened when the COVID-19 and 2008 financial crises occurred. Second, the South Korean stock markets were shown to have high correlations with the copper, nickel, and crude oil futures markets. The results of the information spillover effects analysis are as follows: First, before the 2008 financial crisis, four commodity futures markets (natural gas, gold, copper, and wheat) were shown to be in two-way leading relationships with the South Korean stock markets. In contrast, seven commodity futures markets, except for the natural gas futures market, were shown to be in two-way leading relationships with the South Korean stock markets after the financial crisis. Second, before the COVID-19 crisis, most international commodity futures markets, excluding natural gas and crude oil future markets, were shown to have led the South Korean stock markets in one direction. Third, it was revealed that after the COVID-19 crisis, the connections between the South Korean stock markets and the international commodity futures markets, except for natural gas, crude oil, and gold, were completely severed. 
Originality/value - Useful information for portfolio strategy establishment can be provided to investors through the results of this study. In addition, it is judged that financial policy authorities can utilize the results as data for efficient regulation of the financial market and policy establishment.",0,Journal of Korea Trade,JournalArticle,False,10.35611/jkt.2023.27.5.167
THE VAR EVALUATION OF SHARIAH STOCK MARKET IN MALAYSIA DURING COVID-19 PANDEMIC BY USING CONDITIONAL EVT METHOD,Nor Azliana; Aridi; Tan Siow Hooi; C. Cheong,2023,stock market covid GARCH,Yes,"In the current financial market, the Islamic stock market faced with a significant challenge to sustain and maintain its stability in intensified market volatility and unexpected extreme events. It can reduce the intensity and occurrence of financial crises by eliminating the primary vulnerabilities of the conventional system. This paper aims to identify the most effective method in risk evaluation by presenting the risk evaluation performance between conventional and Islamic stock market that focusing on extreme events in stock market returns. The data analysis is divided into two periods: normal and crisis COVID-19 periods. The empirical analysis, conducted within the sample employs the conditional extreme value theory (EVT) method that combine the filtered series of GARCH and EGARCH models. This filtered series will be used to generate the threshold by using the peak-over-threshold (POT) method. This threshold then will be used to estimate the generalized Pareto distribution (GPD) distribution to forecast the one-day ahead value-at-risk (VaR). The findings indicate that, in Shariah stock markets, the conditional EVT model demonstrates superior performance in forecasting stock market risk compared to the standard GARCH and EGARCH models.",0,International Journal of Business and Society,JournalArticle,True,10.33736/ijbs.6403.2023
"The Asymmetric Effect of Market Uncertainty on Safe havens, Inverted Asymmetry and Contagion During COVID-19 Periods",Meng-Shiuh Chang; Peng Huang; LinSiDi Zhang; Liang Jiang,2025,stock market covid GARCH,Yes,"This study examines the asymmetric effect of stock market uncertainty on the safe-haven status, asymmetric volatility, and contagion/flight characteristics of gold, bonds, exchange rates, crude oil, and Bitcoin during the COVID-19 pandemic in the US, Eurozone and Japan. Utilizing a quantile-based double-threshold GJR-GARCH model, we analyze how increased stock market uncertainty, indicated by high implied volatility, impacts the behavior of these assets. Our findings reveal that gold, bonds, and exchange rates exhibit safe-haven properties and inverted asymmetric volatility (where volatility spikes during market upswings due to liquidity strains, contrasting traditional leverage effects) during periods of high stock market uncertainty. In this phenomenon, volatility spikes during market upswings due to liquidity strains and surging demand as investors rush toward these assets, contrasting with traditional leverage effects where volatility rises after negative shocks. Notably, investors flee stocks toward gold and bonds during periods of high uncertainty, while contagion emerges during periods of low uncertainty due to shared investor sentiment driving correlated movements. These discoveries challenge conventional views of uniform co-movements during crises and have significant policy implications for financial regulators, policymakers, and investors alike. By understanding how safe-haven assets respond to varying levels of stock market uncertainty, policymakers can design policies to maintain market stability and prevent systemic risks. For example, measures to ensure liquidity and stability in safe-haven markets during periods of heightened uncertainty could mitigate adverse market reactions. Similarly, investors can optimize their portfolios by strategically allocating assets based on prevailing market conditions, while financial regulators can anticipate and mitigate potential market stresses. JEL Classification: G01, G11. Plain language summary How stock market uncertainty affects safe-haven assets during COVID-19 This study looks at how uncertainty in the stock market affects certain assets that are considered safe havens, like gold, bonds, exchange rates, crude oil, and Bitcoin, during the COVID-19 pandemic in the US, Eurozone, and Japan. We used a special model to analyze how high levels of uncertainty, shown by high implied volatility, change the way these assets behave. We found that when the stock market is very uncertain, gold, bonds, and exchange rates often act as safe havens. This means people tend to sell stocks and buy these assets instead because they’re seen as less risky. But interestingly, we also found that these safe-haven assets sometimes react in unexpected ways – for example, they might become more volatile when the market is very uncertain, which is the opposite of what you’d expect. We also noticed that when the stock market is less uncertain, there’s more of a connection between stocks and these safe-haven assets, which means they might move in similar ways. These findings are important for policymakers, financial regulators, and investors. For policymakers, understanding how safe-haven assets react to stock market uncertainty can help them design policies to keep the market stable and prevent big risks. For example, they might make sure there’s enough money flowing in these markets during uncertain times to prevent bad reactions. Investors can use this information to make better decisions about their investments. They can choose to put their money in different assets depending on how uncertain the market is. Financial regulators can also use these findings to predict and reduce potential stress in the market. Overall, this study helps us understand how different assets behave during uncertain times, which can help everyone make better financial decisions.",0,SAGE Open,JournalArticle,False,10.1177/21582440251378567
The Tehran Stock Exchange Reaction to Covid-19 Outbreak Announcement,Farnaz Alibeigof; M. Safarzadeh; Фарназ Алибейгоф; Хосейн Сафарзаде,2023,stock market covid GARCH,Yes,"While prior research on the Covid-19 effects on stock markets focused on developed countries, this study aims to examine the impact of Covid-19 on Iran’s emerging and developing market. The study sample comprised 245 companies listed on the Tehran Stock Exchange (TSE). This study uses panel-data regression models to evaluate the influence of the Covid-19 announcement on stock returns from February 12th to February 26th, 2020. The study results indicate that the announcement of the Coronavirus outbreak in Iran had not caused an abnormal return on the TSE. In examining the impact of this event on various industries, we have observed that other sectors did not show abnormal reactions through the news except for the three groups of banks, base metals, and pharmaceutical companies. Discussion and conclusion: the findings of this study suggest the poor market efficiency of TSE. Considering TSE is subject to macro-variables in the country, we have found that the metal industry in Iran converges with the global market of metals. Future research and implication: the investors should pay attention to international events affecting the metal industry, which brings new topics to focus on for future research. To investigate the long-term effect of this event on the capital market, future research is suggested to use models such as GARCH.",0,Economics: the strategy and practice,JournalArticle,True,10.51176/1997-9967-2023-2-204-219
ANALYZING THE RESILIENCE OF GLOBAL STOCK MARKETS DURING POST-PANDEMIC RECOVERY,Dr. Grace Ganta,2025,stock market covid GARCH,Yes,"This research explores emerging trends in the global stock market after the COVID-19 pandemic, emphasizing economic recovery, investor behavior, market volatility, and regulatory influences. The pandemic resulted in significant financial turmoil, leading to both market crashes and subsequent rapid recoveries. This study investigates how markets have adapted to post-pandemic realities, analyzing the role of fiscal stimulus, monetary policies, and technological innovations in stabilizing and shaping stock market trends. A mixed-method research design is used, incorporating both qualitative and quantitative approaches. Macroeconomic indicators, financial statements, and stock indices—including S&P 500, Nasdaq, FTSE 100, NIFTY 50, and Nikkei 225—are analyzed to evaluate performance trends. Predictive models such as GARCH and ARIMA assess market volatility, while sentiment analysis using NLP examines investor behavior. Regression analysis identifies relationships between stock performance and key economic indicators like GDP growth, inflation, and interest rates. The study primarily relies on historical stock market data, which may not fully capture future uncertainties. Sentiment analysis, while insightful, may be influenced by biases in data interpretation. Additionally, predictive models such as ARIMA and GARCH estimate future trends but cannot account for unforeseen economic disruptions. The implications suggest a need for adaptive investment strategies, improved financial regulations, and enhanced risk assessment frameworks to strengthen market resilience in the face of uncertainty.
Keywords: Stock Market Trends, Post-Pandemic Economy, Investment Behavior, Market Volatility, Behavioral Finance, Financial Technology, ESG Investments",0,EPRA International Journal of Economic and Business Review,JournalArticle,False,10.36713/epra21438
"ESTIMATION OF STOCK RETURNS VOLATILITY AND SPILLOVERS AMONG DAX, S&P 500, AND XU100 USING GARCH AND CAUSALITY TESTS",Havva Nesrin Tiryaki,2025,stock market covid GARCH,Yes,"The escalation of financial and economic interdependence among countries leads to the transmission of shocks in financial markets to other countries. Events such as the 2008 global financial crisis and the COVID-19 pandemic have induced considerable volatility in the stock markets of both developed and developing nations. This study estimated the conditional variance series of the DAX, S&P500, and XU100 indexes using the GARCH model based on their respective returns. The GARCH estimation results indicate that volatility clusters were present in all three index returns, particularly during the COVID-19 era; however, the intensity and frequency of these clusters were markedly heightened for the XU100 index during and after COVID-19. The causation link between the computed conditional variance series was assessed using the Granger and Toda-Yamamoto techniques. The findings indicate a bidirectional causal relationship between spillovers in the DAX and S&P500 indices. A relationship between DAXG and XU100G is evident at a 5% significance level; however, while XU100 strongly influences S&P500, no significant relationship is observed from SP500G to XU100G. The results indicate that volatilities in Turkish stock markets influence German and US stock markets, although all foreign shocks do not uniformly impact Turkish stock markets.",0,Anadolu Üniversitesi İktisadi ve İdari Bilimler Fakültesi Dergisi,JournalArticle,False,10.53443/anadoluibfd.1635574
Estimating and Forecasting Jakarta Composite Index in Pandemic Era Using ARIMA-GARCH Model,Agus Sofian Eka Hidayat; Gilang Primajati,2024,stock market covid GARCH,Yes,"Many industries have suffered financial losses as a result of the COVID-19 epidemic. The stock market's movement has been impacted by this circumstance. Due to the influence of some people, a large number of individuals with limited trading knowledge are attempting to participate in the stock market. Market volatility should be understandable in order to gain profit instead of having losses. Therefore, it's essential to comprehend the market of the future through analysis of the data. The purpose of this study is to use ARIMA-GARCH to predict the Indonesian stock market price during. The period covered by the dataset is January 2020–December 2022. The training data indicates that ARIMA (2,1,2) is the best model for ARIMA. The results showed that data residual fitted by ARIMA (2,1,2)-GARCH (1,2) exhibits heteroscedasticity, according to the residual analysis. The MAPE score is 2%, which is relatively small. It means that ARIMA (2,1,2)-GARCH (1,2) is good enough for forecasting the Jakarta Composite Index.",0,Jurnal Varian,JournalArticle,True,10.30812/varian.v7i2.2103
Analysing Market Volatility and Economic Policy Uncertainty of South Africa with BRIC and the USA During COVID-19,Thokozane Ramakau; Daniel Mokatsanyane; S. Ferreira-Schenk; Kago Matlhaku,2025,stock market covid GARCH,Yes,"The contagious COVID-19 disease not only brought about a global health crisis but also a disruption in the global economy. The uncertainty levels regarding the impact of the disease increased volatility. This study analyses stock market volatility and Economic Policy Uncertainty (EPU) of South Africa (SA) with that of the United States of America (USA) and Brazil, Russia, India, and China (BRIC) during the COVID-19 pandemic. The study aims to analyse volatility spillovers from a developed market (USA) to emerging markets (BRIC countries) and also to examine the causality between EPU and stock returns during the COVID-19 pandemic. By employing the GARCH-in-Mean model from a sample of daily returns of national equity market indices from 1 January 2020 to 31 March 2022, SA and China are shown to be the most volatile during the pandemic. By using the diagonal Baba, Engle, Kraft, and Kroner (BEKK) model to analyse spillover effects, evidence of spillover effects from the US to the emerging countries is small but statistically significant, with SA showing the strongest impact from US market shocks. From the Granger causality test, Brazil’s and India’s equity markets are shown to be highly sensitive to changes in EPU relative to the other countries.",0,Journal of Risk and Financial Management,JournalArticle,False,10.3390/jrfm18070400
The Impact of Covid-19 on the US Stock Market: Evidence from Time Series Model,T. Qiu,2022,stock market covid GARCH,Yes,"In this study, we conduct a time series analysis of the US stock market’s response to the COVID-19 pandemic. Using both US and global daily COVID-19 newly confirmed cases and stock market returns data represented by Nasdaq, S&P 500, and Dow Jones over the period 31 December 2019 to 30 December 2021, we examine a time-series impact of COVID-19 on the US stock market. We employ our input into a vector autoregression model (VAR) and ARMA-GARCH model to characterize the dynamic relationship between both domestic and global COVID-19 infections and the performance of the US stock market. The findings show that COVID-19 has an initial negative shock on the stock market with large volatility clustering within 60 days after the initial pandemic outbreak. After around 200 to 300 days, the number of new COVID-19 cases per day does not have a statistically significant impact on the US stock market.",0,BCP Business &amp; Management,,True,10.54691/bcpbm.v26i.2006
Analysis of the Influences of Covid-19 on the UK Financial Market from a Time Series Perspective,Yiding Wang,2023,stock market covid GARCH,Yes,"The outbreak of the Covid-19 began on December 28, 2019 and has continued to this day. The outbreak of the Covid-19 has caused varying degrees of impact on the financial markets of various countries, causing fluctuations in the stock markets of various countries to varying degrees. This article selects FTSE 100, UK daily new and Global daily new (except UK) from January 24, 2020, and uses ARMA-GARCH model and VAR model to model and analyses the data and to study how Covid-19 is affecting the UK stock market. At the same time, this article will also draw the conclusion that Covid-19 will have a greater impact on the UK stock market in the short term, but then as consumers gradually accept the fact that Covid-19 will coexist with the stock market for a long time, Covid-19 will have a greater impact on the UK stock market. The long-term impact on the UK stock market will level off. In addition, this article will also give some suggestions to investors, so that investors can better avoid the risks brought by Covid-19. For example, investors can choose the right time to invest according to our image.",0,"Highlights in Business, Economics and Management",JournalArticle,True,10.54097/hbem.v8i.7220
Portfolio Diversification and Risk Reduction: Evidence from Emerging Stock Markets,Muhammad Jamil; Sajid Mehmood; R. Shahi; Sham Kumar; Fawad Ahmad Abbasi,2026,stock market covid GARCH,Yes,"This research investigates the efficacy of asset allocation in reducing risk across the major emerging equity markets of China (SSE Composite), India (NSE NIFTY 50), Brazil (Bovespa), South Africa (JSE All Share), Pakistan (KSE-100), Indonesia (IDX Composite), and Turkey (BIST-100). Seven years of daily data (2015-2024) from 2,519 observations for each country were analyzed using a plethora of econometric techniques. These techniques included Johansen’s cointegration, DCC-GARCH(1,1), mean-variance optimization, and panel GMM regression methods. The Sharpe Portfolio achieved a value of 0.921 in contrast to the MSCI Emerging Markets, which achieved a value of 0.625, a 47.4% improvement. DCC-GARCH showed mean correlations that increased, on average, by 32.6% during the COVID-19 crisis period and exhibited a trend of sub-par mean-reversion. Three major cointegration relationships showed no complete integration of the markets, allowing for significant diversification. The KSE-100 had the lowest average cross-market correlation (ρ̄ = 0.183), allowing it the greatest potential for diversification. Panel GMM estimates showed that a standard deviation increase in the diversification index improved risk-adjusted returns by 39.4 basis points. The results obtained are useful for the management of assets and sovereign wealth funds and for the policies to be utilized for emerging markets.",0,"Physical Education, Health and Social Sciences",JournalArticle,False,10.63163/jpehss.v4i2.1381
Managing Systemic Risk in Energy and Financial Markets: Evidence from Five Portfolio Strategies Based on Connectedness,Mariem Bouzguenda; Anis Jarboui,2026,stock market covid GARCH,Yes,"This study investigates the evolving interdependencies and risk transmission mechanisms between energy and financial markets, focusing on gold, West Texas Intermediate (WTI) crude oil, the S&P 500 Index (SP500), and the Shanghai Stock Exchange Composite Index (SSE) from January 2019 to August 2025. Employing daily return data, the analysis integrates multivariate linear regression, Dynamic Conditional Correlation-GARCH (DCC-GARCH) models, and dynamic conditional R² decomposition to capture time-varying connectedness and explanatory power. Grounded in the Diebold and Yılmaz (2012, 2014) framework, augmented by R² decomposition, the findings evince heightened systemic risk during major global disruptions, notably the COVID-19 pandemic and the Russia Ukraine conflict. WTI crude oil emerges as a principal conduit of volatility spillovers, underscoring its pivotal role in the energy-finance nexus. Five portfolio strategies Minimum Variance, Minimum Correlation, Minimum Connectedness, Minimum R², and Minimum Decomposed R² are constructed and evaluated under systemic stress. While the Minimum Variance Portfolio delivers robust risk-adjusted returns, strategies based on connectedness metrics demonstrate superior resilience during crises. These insights offer valuable implications for policymakers, investors, and scholars concerned with energy market stability, financial contagion, and adaptive portfolio design.",0,International Journal of Energy Economics and Policy,JournalArticle,False,10.32479/ijeep.22010
Research on Co-movement Between China and USA Stock Market under the Impact of COVID-19,Qing Yan,2023,stock market covid GARCH,Yes,"The worldwide economic market has fluctuated wildly due to COVID-19, therefore revealing the co-movement of international stock markets should reduce its destructive force and shock. Based on the ""Economic Basic Hypothesis"" and ""Market Contagion Hypothesis,"" this work uses VECM and GARCH models to examine international market volatility using the Shanghai Composite Index (SSEC), Shenzhen Composite Index (SZSE), and S&P 500 index. The total trading data of three indexes are divided into 2 periods, with September 01, 2019 as the cut-off point. The period 1 is from January 5, 2015 to August 30, 2019 and the period 2 is from September 3, 2019 to December 30, 2022. The study shows that: 1) During the COVID-19, the short-term return of both stock markets has declined and volatility has increased; 2) there is no reliable co-integration relationship between S&P 500, SSEC and SZSE which also declaims no long-run equilibrium between two markets; 3) before and during the COVID-19, the close to close return rate of America stock market guided the return rate of China stock market; 4) both S&P 500, SSEC shows an asymmetric effect and the leverage effect is distinct; 5) the co-movement was stronger when the rate of return was relatively high; 6) volatility spillover effect of China to USA stock market was significant.",0,"Advances in Economics, Management and Political Sciences",JournalArticle,True,10.54254/2754-1169/23/20230360
Is the effect of a health crisis symmetric for physical and digital financial assets? An assessment of gold and bitcoin during the pandemic,Waqar Badshah; Mohammed Musah; A. Khan,2023,stock market covid GARCH,Yes,"The emergence of the covid-19 health crisis, in this advanced technological era where connections between markets, nations, and economies have grown stronger than ever before, the shock of the COVID-19 pandemic quickly had an impact on both physical and digital financial assets. The Chinese financial market experienced the first consequences of the covid-19 pandemic, then spilled over to other financial markets, including those for cryptocurrencies and the precious metals. This study examines the impact of the covid-19 pandemic on the volatilities of the dynamics of bitcoin and gold. Both assets share some characteristics, such as online trading platforms, however, gold is a tangible financial asset unlike bitcoin, which is digitally generated without any physical form. This study argues that the similarities and differences between bitcoin and gold play major roles in how the covid-19 crisis affected their respective dynamics. Using daily data ranging from 9/22/2014 to 1/31/2023 and employing ARMA as the mean equation for GARCH model, the impact of the health crisis (covid-19) is examined on the volatilities of the prices and volumes of bitcoin and gold. Empirical evidence points out that, the pandemic has a symmetric impact on the volatilities of bitcoin and gold price returns, causing them to be more volatile. The impact of the covid-19 observed on the volume returns of the assets, however, is asymmetrical. The empirical results give evidence to the role that the vital differences existing between these assets played during the covid-19 pandemic.",0,PLOS ONE,JournalArticle,True,10.1371/journal.pone.0288762
Dynamic Hedging and Risk Optimization: Evidence from Sectoral Indices in the Indian Stock Market,Narayana Maharana,2026,stock market covid GARCH,Yes,"The primary focus of this study is to examine how shocks and volatility are transmitted across sector indices in the Indian stock market. This study employs a dynamic conditional correlation generalized autoregressive conditional heteroscedasticity (DCC-GARCH) model, utilizing daily data from five prominent sectoral indices of the National Stock Exchange (NSE) in India, from 1 January 2016 to 31 May 2024. The study shows that sectoral volatility responds very differently across pre-COVID, COVID, post-COVID and geopolitical-crisis periods, with pro-cyclic sectors displaying sharper shock sensitivity during the pandemic and defensive sectors showing stronger stability under geopolitical stress. Consumer durables and financial services consistently provide the strongest hedging benefits during COVID and post-COVID periods, while IT-linked pairs exhibit weak hedging relationships throughout. The geopolitical shock generates volatility but does not compress sector movements as strongly as the pandemic, resulting in shallower and less persistent spillovers. Dynamic hedge ratios and portfolio weights reveal that IT becomes more relevant only in the post-COVID phase, but it does not function as a strong hedge during crisis-driven volatility. Crisis conditions tend to compress diversification opportunities by increasing correlations and connectedness, requiring more careful portfolio rebalancing. These findings offer new insights into how sector-specific behaviours and hedging performance evolve under varying macro-financial conditions, contributing to adaptive risk-management and portfolio-optimization strategies.",0,Global Business Review,JournalArticle,False,10.1177/09721509261417611
Exchange Rate Shocks and Sectoral Returns Dynamics in Pre-Covid Era: An Examination through GARCH Based Dynamic Models,Hassan Javed; Arshad Hassan,2023,stock market covid GARCH,Yes,"Purpose: The main goal of this article is to examine, using daily data from June 2000 to June 2018, the relationship between the exchange rate and sectoral returns in Pakistan.
 Design and Methodology: Using the ARMA GARCH model, mean and volatility Spillover are evaluated. DCC-GARCH models are also utilized to investigate the dynamic disposition of constant correlation.
 Findings: The study's findings suggest that exchange rate volatility has a significant Spillover effect on industries such as those that assemble cars, cement, chemicals, commercial banks, oil and gas, and power generation and distribution, although there is little evidence to support this claim. Strong evidence is discovered against industries using the DCC-GARCH model, which is also utilized to assess the time-varying conditional correlation.
 Implications: The results' implications are crucial for the advantages of portfolio diversification as well as risk management in erratic foreign exchange and stock markets. The insights of this study can be used by investors to develop investing strategies for risk control and portfolio diversification.
Keywords: Mean & Volatility Transmission, Exchange Rate, Sectoral Returns, Time-varying Conditional Correlation & DCC-GARCH models.",0,UW Journal of Management Sciences,JournalArticle,False,10.56220/uwjms.v7i1.122
"The Dynamic Relationship among Stock, Bond, and Exchange Rate Market Volatility using A-DCC GARCH Models",Wansoo Choi,2023,stock market covid GARCH,Yes,"Purpose - This research aims to analyze the interrelationship among the volatility of stock price, interest rate, and exchange rate in Korea. The main topics are volatility spillovers and the asymmetric behaviors of each market’s volatility and correlation. 
Design/Methodology/Approach - This research adopts Engle et al.’s (2006) asymmetric dynamic conditional correlation (A-DCC) GARCH models with student t error distribution. The models are a GJR GARCH model with spillovers and a revised Koutmos (1996) EGARCH model. The full sample is divided into four sub-sample periods, including the global financial crisis and the COVID-19 pandemic. 
Findings - The results show no volatility spillovers among the returns of stock price, interest rate, and exchange rate. However, there are unidirectional spillovers originating from the exchange rate in the global crisis period, and from stock price to exchange rate in the COVID-19 period. Volatility asymmetry is consistently shown in stock price, while the others vary by period. Finally, the asymmetric correlation effects are found only in recent times. 
Research Implications - In the long-run, the volatility spillovers among financial markets are not shown. However, there is also evidence that volatility spillovers are time-varying, intensifying in times of stress. In the global financial crisis period, the exchange rate influences other markets, while in recent the COVID-19 period stock price seems to play that role. Asymmetric volatility is also time-varying, except in stock price, and recently correlation asymmetry is shown very significantly.",0,Korea International Trade Research Institute,JournalArticle,False,10.16980/jitc.19.5.202310.257
Bitcoin's Role as a Diversification Instrument for ASEAN Investors During COVID-19 Pandemic,Siok Jin; Lim; Frank M. Song; P. Goh; Andaeus Zun; K. Neoh; V. Wai; Yan-Ling Ng; Frankie Lim; Song Peng; Andaeus Zun Goh,2025,stock market covid GARCH,Yes,"Should ASEAN-based conventional and Islamic equity investors invest in Bitcoin to gain portfolio diversification benefits during the Covid-19 pandemic? Motivation: Prior research on the diversification benefits of Bitcoin during the recent pandemic is not conclusive especially from the ASEAN perspective. Convergence of volatility among all stock index returns during the pandemic period may limit investor’s portfolio diversification options due to higher financial integration of international markets. Thus, we propose the possible use of Bitcoin as a diversification tool. With ASEAN region playing a significant role in the world economy, our findings would help many investors understand the implications of including Bitcoin in their portfolios during troubled times. Idea: We examine the conditional volatilities and correlations of Bitcoin returns with conventional and Islamic stock indices during the Covid-19 pandemic era. Our observation period starts from day one after Covid-19 is declared a pandemic until June 2022. Data: We use daily prices of Bitcoin and index returns of six largest stock markets in the ASEAN region from March 13, 2020, to June 30, 2022. We have data for over 600 trading days. We retrieve all data from Thomson-Reuters DataStream and Yahoo Finance. Method/Tools: We use the multivariate GARCH DCC to examine time-varying volatilities and correlations amongst stock indices with Bitcoin. The stages involved include estimating univariate volatility parameters in the first stage and subsequently time varying correlation matrix are estimated in the second stage. Findings: Conditional volatilities are at high levels across all indices when Covid-19 was declared a pandemic and correlations with Bitcoin remains below 0.2. Bitcoin being the most volatile compared to the rest of the indices in the study period, exhibited low correlations with the returns of ASEAN stocks thus revealing potential portfolio diversification benefits. Our findings complement some prior research and contrast with others and bring some new insights on the diversification properties of Bitcoin. Contributions: We provide new evidence that Bitcoin provide diversification benefits to ASEAN-based investors especially Vietnamese-based conventional and Islamic equity investors during Covid-19 pandemic. Overall, Islamic indices despite recording higher volatilities, exhibit lower correlation with Bitcoin than conventional indices.",0,Capital Markets Review,JournalArticle,False,10.66674/8x4bab72
Investigating the Impact of COVID-19 on Stock Market Volatility Using the Smooth Threshold Model with an Emphasis on Economic Policies,Fatemeh Ghanbari; Mohammad Ebrahim Mohammad Porzarandi; Zadollah Fathi,2024,stock market covid GARCH,Yes,"Objective: This study aims to investigate the impact of the COVID-19 pandemic on stock market volatility, with a specific focus on the role of economic policies. The primary objective is to identify and analyze how the stock market responds to the COVID-19 crisis and the influence of economic policies on these responses. Methodology: To achieve the research objectives, the Smooth Transition Regression (STR) model was used to analyze stock market data from 1991 to 2022. Initially, stock market volatility was calculated using the ARCH and GARCH models. Then, the impact of COVID-19 and other economic variables on stock market volatility was assessed using the smooth threshold model. Findings: The findings of this study indicate that the COVID-19 crisis has had a positive and significant impact on stock market volatility. Additionally, changes in economic policies during the pandemic have led to increased market volatility. The study also revealed that during the COVID-19 period, stock market volatility was highly influenced by macroeconomic variables such as interest rates and industrial production indices. Conclusion: The study concludes that the COVID-19 crisis significantly increased stock market volatility, largely due to economic uncertainties and investors' psychological behaviors. The findings provide valuable insights for policymakers and market participants in better managing market volatility during similar economic and health crises.",0,Dynamic Management in Business Analysis,JournalArticle,False,10.61838/dmbaj.3.2.1
The Effects of COVID-19 on the Returns and Volatilities of Global Stock Indexes,Jingfei Fang,2024,stock market covid GARCH,Yes,"At the beginning of 2020, COVID-19 broke out around the world, and its impact on the global economy exceeded expectations. Countries declared states of emergency one after another. The outbreak not only triggered a crisis of supply, demand, investment, and supply chain disruptions but also transmitted to the financial sector. Global risk aversion is rising rapidly, and global stock markets continue to plummet, threatening to trigger further financial crises. To investigate the impact of COVID-19 on the financial sector and to prevent and mitigate financial risks, this paper examines the impact of COVID-19 on global stock markets from a global perspective. Firstly, selected data of seven global stock indices using WRDS and S&P Capital IQ databases. After processing these data, ARMA-GARCH modeling was carried out using the data before the outbreak and the data for the whole sample period respectively. Then, the residuals of the model were subjected to L-B and ARCH-LM tests to determine the fit of the model for different stock indices and different periods. Next, determine if the return and volatility of the equity index have changed during COVID-19 based on the goodness of fit. The results of the study show that: (1) The outbreak of COVID-19 has had a serious impact on the yields and volatility of major global equity indices. As can be seen from the descriptive statistics of the data, particularly around March 2020, each of the sample equity indices experienced high volatility. (2) By fitting the post-outbreak data using the pre-outbreak fitted model, it was found that the fit was poor. This suggests that the outbreak of the new crown epidemic had a significant impact on the process of generating stock data. (3) The results of this paper show that the data for the China SSE Composite Index after the outbreak still fit the pre-outbreak fitted model well. This also indicates that the Chinese mainland stock market has shown greater stability than other markets when all major world stock indices were significantly hit by COVID-19.",0,International Journal of Global Economics and Management,JournalArticle,True,10.62051/ijgem.v5n1.14
Decisions regarding the role of bad news and asymmetric effects in the Middle East stock markets,Rula Alhalaseh,2024,stock market covid GARCH,Yes,"This paper aims to study the impact of the COVID-19 pandemic, the Russian invasion of Ukraine, and the Turkey-Syria earthquake on the Middle East’s developed, emerging, and frontier markets. For this purpose, panel data of nine Middle East financial markets listed in Morgan Stanley from January 2, 2018, to July 27, 2023, were analyzed using multi criteria. In the event study, two approaches were deducted to analyze the price impact: 1) a standard event study and 2) an independent sample, following Brown and Warner (1985). The generalized autoregressive conditional heteroskedasticity (GARCH) group captures asymmetric and leverage effects. The results show volatility in financial market index returns and the impact of bad news and leverage in all markets. However, this effect is asymmetric across markets, indicating a low integration. Moreover, the negative impact of COVID-19 was more pronounced than that of both the Russian invasion of Ukraine and the Turkey-Syria earthquake. This study’s findings can help investors make informed investment decisions and select optimal portfolios. It will also add to the existing body of knowledge by shedding new light on the factors that influence stock price volatility and risk management in Middle Eastern international fiscal issues.",0,Risk Governance and Control: Financial Markets &amp; Institutions,JournalArticle,True,10.22495/rgcv14i2p12
Volatility Spillover Among Sectoral Indices of the Indian and US Stock Markets,Hema Saini; D. Sharma,2025,stock market covid GARCH,Yes,"The main aim of this study is to empirically analyze the volatility spillover among the sectoral equity returns for Indian and US markets. The paper extracts the time‐varying conditional correlations between the sector indices using the Dynamic Conditional Correlation model. The analysis of the DCC-GARCH model indicates a conditional correlation between the Indian and US stock markets. Furthermore, despite market volatility and a significant disruption caused by the COVID-19 crisis in 2019, the consistent presence of a positive correlation highlights the strong and lasting connection between Indian and foreign stock exchanges in the financial services, FMCG sector, and the Healthcare sector. The fluctuation in conditional correlation coefficients over time showcases the evolving connectivity and volatility spillover effect between Indian and United Nations stock markets in the Information and Technology sector. The findings indicate that offering proper direction for risk management and developing investment strategies in uncertain and unstable market conditions is essential for understanding the' continuous impact and interconnectedness of global financial markets.",0,International Journal of Management and Humanities,JournalArticle,False,10.35940/ijmh.g1801.11090525
Consequences of COVID-19 for Currency Markets of US Dollar and RMB,Haorui Li,2023,stock market covid GARCH,Yes,"The present research explores the influence of the COVID-19 epidemic on the currency markets of the US dollar and RMB, with the aim of comprehensively grasping the operational mechanisms of global financial markets. Through time series analysis, ARIMA and GARCH models are constructed to capture the short - and long-term effects of currency markets fluctuations. The findings showed that the market uncertainty surged in the early stage of the epidemic, leading investors to turn to the US dollar, making the US dollar/RMB currency markets fluctuate significantly in the short term. This paper emphasizes that exchange rate fluctuations are affected by multiple factors, including economic activity, investor sentiment and government policy intervention. Investors are advised to diversify their portfolios and consider the impact of currency markets fluctuations over immediate and extended periods. Policymakers should also prepare plans to deal with market uncertainty, including intervening in foreign exchange markets, stabilizing the financial system, and adopting targeted monetary policy. In conclusion, this paper provides an in-depth examine how the USD/RMB exchange rate has been influenced by the COVID-19 pandemic. and provides practical advice for investors and policymakers.",0,"Advances in Economics, Management and Political Sciences",JournalArticle,True,10.54254/2754-1169/61/20231189
Volatility Dynamics and Spillover Effects in Emerging Stock Markets During Black Swan Events,Soniya Devi; Dr. Ekta Rani,2026,stock market covid GARCH,Yes,"This study investigates the impact of two major black-swan events the 2008 Global Financial Crisis and the COVID-19 pandemic on stock market volatility and cross-market linkages in five emerging economies: India, China, Brazil, South Korea, and Malaysia. Using daily closing price data from Yahoo Finance for the periods December 2007–June 2009 and March 2020–February 2022, the study applies SGARCH (1, 1) models to capture volatility dynamics and the DCC-GARCH framework to examine time-varying correlations. The results show that both crises triggered sharp market declines and strong volatility clustering across all countries. However, COVID-19 led to a faster recovery compared to the more prolonged effects of the 2008 crisis. The findings also reveal differences across countries in volatility persistence and shock absorption, while cross-market correlations increased significantly during both crises, reducing diversification benefits. Overall, the study highlights the varying resilience of emerging markets and emphasizes the importance of effective policy responses during extreme global shocks.",0,"Journal of Economics, Finance And Management Studies",JournalArticle,False,10.47191/jefms/v9-i5-46
Forecasting stock market volatility using GARCH models: A comparative study of the U.S. and Saudi markets,S. Alalmai,2026,stock market covid GARCH,Yes,"The paper analyzes the volatility trends of the Saudi Arabian Tadawul All Share Index (TASI) and the S&P 500 index, focusing on the COVID-19 pandemic as a key market shock. The analysis incorporates daily stock return data covering the period from January 2015 to May 2025. The volatility of emerging and developed markets is examined through EGARCH and GARCH approaches to study characteristics such as volatility clustering and asymmetry. The effect of the pandemic is directly embedded by introducing COVID-19 dummy variables into the models. Empirical findings suggest that both indices are characterized by volatility clustering, and the EGARCH model is more appropriate than the GARCH model for estimating asymmetric volatility, particularly during crisis periods. Additionally, the COVID-19 dummy variable is statistically significant in the EGARCH model, as opposed to the GARCH model. The results support the leverage effect, indicating that negative shocks have a more significant impact on market volatility than positive ones. The S&P 500 showed a faster recovery after the COVID-19 crisis, whereas TASI was slower in mean reversion, indicating structural and behavioral divergence between the markets. This comparative study contributes to the literature by providing a clear picture of volatility dynamics in diverse financial contexts and highlighting the superiority of EGARCH models during crisis periods. The findings offer guidance to policymakers aiming to improve market stability and to investors seeking diversification into both developing and mature markets.",0,The Economics and Finance Letters,JournalArticle,False,10.18488/29.v13i1.4816
Autoencoder Enhanced Realised GARCH on Volatility Forecasting,Qianli Zhao; Chao Wang; Richard H. Gerlach; Giuseppe Storti; Lingxian Zhang,2024,stock market covid GARCH,Yes,"Realised volatility has become increasingly prominent in volatility forecasting due to its ability to capture intraday price fluctuations. With a growing variety of realised volatility estimators, each with unique advantages and limitations, selecting an optimal estimator may introduce challenges. In this thesis, aiming to synthesise the impact of various realised volatility measures on volatility forecasting, we propose an extension of the Realised GARCH model that incorporates an autoencoder-generated synthetic realised measure, combining the information from multiple realised measures in a nonlinear manner. Our proposed model extends existing linear methods, such as Principal Component Analysis and Independent Component Analysis, to reduce the dimensionality of realised measures. The empirical evaluation, conducted across four major stock markets from January 2000 to June 2022 and including the period of COVID-19, demonstrates both the feasibility of applying an autoencoder to synthesise volatility measures and the superior effectiveness of the proposed model in one-step-ahead rolling volatility forecasting. The model exhibits enhanced flexibility in parameter estimations across each rolling window, outperforming traditional linear approaches. These findings indicate that nonlinear dimension reduction offers further adaptability and flexibility in improving the synthetic realised measure, with promising implications for future volatility forecasting applications.",0,ArXiv,JournalArticle,False,10.48550/arXiv.2411.17136
"Differential impacts of COVID-19 on Indian sectors: Resilience of pharmaceuticals and automobiles, contrasting with negative effects on IT and real estate - An ARIMA-GARCH analysis",Debanjalee Bose; Sakthi Srinivasan K.,2024,stock market covid GARCH,Yes,"The COVID-19 pandemic had a profound impact on financial markets worldwide, including those in India, and it has resulted in increased volatility with spillover effects across various industries. This study provides insights into the differential impact of COVID-19 on various industries in India by employing the ARIMA-GARCH model. The study utilized daily data spanning from 2017 to 2023 to examine industry responses during the COVID-19 pandemic, delineating three distinct periods: 2017 to 2021, denoting the pre pandemic era; 2020 to 2023, encompassing the turbulent during-COVID phase; and 2021 to 2023, representing the post-COVID era. In this study, the IT and real estate sectors are considered dependent variables, while the automotive and pharmaceutical sectors are regarded as independent variables. The primary aim is to uncover the complex influence of the IT industry on the automotive, pharmaceutical, and real estate sectors during these time frames; and to elucidate how the real estate industry reciprocally affects these sectors. Our empirical analysis provides insights into the asymmetric transmission mechanism of spillovers. By disentangling overall shocks into macroeconomic impacts affecting all sectors and industrial influences exclusive to specific sectors, we discern that macroeconomic shocks, rather than industrial shocks, primarily dictate the asymmetry in spillover transmission dynamics. This study contributes to a comprehensive understanding of how industries responded to the unprecedented challenges posed by the pandemic, offering valuable insights for strategic decision-making and policy formulation in the post-COVID-19 era.",0,Multidisciplinary Science Journal,JournalArticle,True,10.31893/multiscience.2024140
"A Study on the Linkage of Shanghai, Shenzhen, and Hong Kong Stock Markets in the Context of the COVID-19",Xuan Zhao; Shengyu Xu,2023,stock market covid GARCH,Yes,"— In this paper, we use the representative stock indices of Shanghai, Shenzhen, and Hongkong as the research objects and the daily closing prices of stock indices from January 2, 2019, to January 20, 2021, as the sample data, and employ Granger causality tests, impulse response function analysis and the construction of DCC-GARCH models to empirically study the dynamics of the linkage between Shanghai, Shenzhen, and Hong Kong markets in the context of the occurrence of the COVID-19. The findings show that, first, the mainland stock market returns are affected by the historical returns of the Hong Kong market. Second, the occurrence of the COVID-19 strengthens the Mainland-Hong Kong stock market linkage effect and prolonged the shock. Third, the occurrence of the COVID-19 increases the volatility correlation between Shanghai and Hong Kong markets and decreases the volatility correlation between Shenzhen and Hong Kong markets.",0,"Proceedings of the 4th International Conference on Economic Management and Model Engineering, ICEMME 2022, November 18-20, 2022, Nanjing, China",Conference,True,10.4108/eai.18-11-2022.2326950
The outbreak of COVID-19 pandemic and its impact on volatility of Indian stock market: evidence from top ten stocks of Bombay Stock Exchange,N. Vikram; Deba R. Mohanty; A. Agrawal,2022,stock market covid GARCH,Yes,"This study estimates the influence of COVID-19 on the volatility of the top ten companies of the Indian stock market. For the purpose of estimation, daily return series of these companies have been examined for a period of five years from May 2016 to May 2021. COVID-19 as variance exogenous in the GARCH (1, 1) model was employed. The time period is divided into three phases, pre-COVID (2016-2019), first phase of COVID (2020), and the second phase (2021). The results reveal that there has been a significant impact of COVID-19 on the volatility of the companies. HDFC Bank has considered being the most volatile of all, whereas, Infosys is considered the least volatile of all, taking only three days to die out the change. The study can be of most relevant to portfolio managers and financial analyst to make an informed decision regarding the diversification of their portfolio.",0,"African J. of Accounting, Auditing and Finance",,False,10.1504/ajaaf.2022.123971
Reaction of the USD/PLN currency pair exchange rate to the published macroeconomic data,Jolanta Pasionek,2023,stock market covid GARCH,Yes,"Abstract The results of the research presented in the article regard the importance of publication of macroeconomic data from the United States for the short-term USD/PLN currency pair exchange rate volatility. The main purpose of the research was to indicate what macroeconomic data is important for the short-term USD/PLN exchange rate volatility. The following research questions have been posed does the USD/PLN exchange rate react to the published macroeconomic data from the American economy and second could greater USD/PLN exchange rate volatility be observed during the COVID pandemic and has the war in Ukraine impacted the USD/PLN exchange rate volatility. International Foreign Exchange Market is the largest and most dynamically developing financial market in the world. In the globalized world the exchange rates are mainly influenced by economic factors. The most significant economic factors that impact short-term exchange rate volatility are primarily macroeconomic data from the American economy. Therefore in this article the author attempts to analyze macroeconomic data and their impact on short-term USD/PLN exchange rate volatility. Data based on which the research was made is as follows: Consumer Price Index, Non-Farm Payrolls (NFP), Services PMI, Manufacturing PMI, Empire State Manufacturing Index or Retail Sales. The analysis of connections between the publication of macroeconomic data and the reaction of exchange rates was carried out using the linear regression model with GARCH process for the random parameter. Conclusions of this research is exchange rate volatility USD/PLN was higher after publications of the macroeconomic data from Americans economy. The strongest exchange rate reaction was after publication of data regarding inflation, Manufacturing PMI and Retail Sales. In the COVID (1.03.20—14.02.22) period we observed increased USD/PLN exchange rate volatility. Exchange rate volatility was expressly larger in the period of war in Ukraine (15.02.22 – end of experiment).",0,Financial Internet Quarterly,,True,10.2478/fiqf-2023-0001
The Impact of the COVID-19 Pandemic on Global Stock Market Volatility: An Integrated Analysis Using Event Study and GARCH Models,Shang Ma,2025,stock market covid GARCH,Yes,"The COVID-19 pandemic, which started in late 2019, caused unprejudiced swings in the global stock markets that showed in a turbulent economy and financial system. This research expands the investigation to the main stock indices, such as S&P 500 (U.S.), CSI 300 (China), FTSE 100 (UK), and DAX (Germany), to show their response to the pandemic-induced shocks which occurred during 2019 to 2021. Carrying out event studies and the GARCH (Generalized Autoregressive Conditional Heteroskedasticity) model, the researchers bring to light that there are significant negative abnormal returns after the occurrence of major world events. The events investigated by this approach are WHO’s declaration of a Public Health Emergency of International Concern (PHEIC) and lockdowns worldwide. The results of GARCH analysis, which also show emerging markets bearing greater volatility persistence than their developed counterparts, point to the discussed structural vulnerabilities in capital distribution, liquidity, and the communication mechanisms of crises. Such differences are probably indications of the importance of specific market strategies of risk association and, therefore, emphasize the reflection of resilience of the system to the external shocks. The inclusion of various analytical tools not only enhances the comprehension of market behavior during the times of pandemic but also instills a concrete framework to help contextualize the investor reactions in periods marked by the uncertainty and asymmetric information.",0,SHS Web of Conferences,JournalArticle; Conference,False,10.1051/shsconf/202522502006
An Integrated Mean–Variance Model for Assessing Risk-adjusted Market Efficiency and Shifts in Investors’ Behaviour: Evidence from the Indian Stock Market,Varuna Sharma; G. Anand,2026,stock market covid GARCH,Yes,"The study uses mean–variance modelling to examine market anomalies and test the existence of the market in the Indian stock market. The analysis includes leading firms by market capitalization across sectors, focusing on daily log returns and excess returns over short-, medium- and long-term horizons. A novel integrated model, combining mean and variance properties through both mean modelling and Generalized Autoregressive Conditional Heteroskedasticity (GARCH) estimation, is applied to capture risk-adjusted market anomaly effects and their implications for investors. The findings highlight persistent and statistically significant anomalies that question the validity of market efficiency. These anomalies are most pronounced during periods of heightened market volatility caused by global events, such as the COVID-19 pandemic, the Russia–Ukraine conflict and other geopolitical crises, challenging the validity of the market availability. Negative ‘Monday’ and positive ‘Tuesday’ effects are consistently observed across all stocks, with variations in their magnitude and direction after applying risk adjustments. Compared to mean modelling, the integrated approach reveals volatility patterns and yields higher or lower risk-adjusted returns. The study demonstrates how to capitalize on positive returns from the market anomalies while managing risks.",0,Global Business Review,JournalArticle,False,10.1177/09721509251415309
“Reaction of the USD/PLN Exchange Rate to Published Macroeconomic Data under Conditions of Imperfect Information: Data Analysis from October 2018 to December 2023”,Jolanta Pasionek,2025,stock market covid GARCH,Yes,"The foreign exchange market is the largest and most dynamic financial market globally, with exchange rates predominantly influenced by economic factors. U.S. macroeconomic data play a critical role in driving short-term volatility in exchange rates. This study examines the impact of U.S. macroeconomic data releases on short-term volatility in the USD/PLN exchange rate under conditions of imperfect information. The aim is to identify which macroeconomic indicators most significantly affect fluctuations in this currency pair. This research addresses a significant gap in the existing literature, as no prior studies have specifically investigated the effect of six types of U.S. macroeconomic data on the USD/PLN exchange rate within the M30 interval. The findings are intended to provide valuable insights for Forex market participants trading the USD/PLN pair, helping them make more informed investment decisions.

The study employs regression and statistical analysis techniques, utilizing a linear regression model with a GARCH process to model the stochastic component. Parameters were estimated using 30-minute exchange rate data for three currency pairs, with the analysis conducted in Stata 15. The results demonstrate that USD/PLN volatility increases following the release of U.S. macroeconomic data. The most notable reactions were observed after the release of Non-Farm Employment Change and Consumer Price Index data, while New Home Sales and Unemployment Claims also triggered significant responses. The COVID-19 pandemic was linked to elevated volatility in the USD/PLN exchange rate, while the outbreak of the war in Ukraine further intensified fluctuations in this currency pair.",0,Communications of International Proceedings,JournalArticle,False,10.5171/2025.4523525
ARIMA-GARCH Markov switching method for forecasting the share price of PT. Bank Rakyat Indonesia (Persero) Tbk.,Hilda Nurlaila Afida; Atina Ahdika,2024,stock market covid GARCH,Yes,"Shares are financial instruments that represent a small ownership in a company and give the holder the right to receive dividends and participate in the company’s decisions. The Covid-19 pandemic is also believed to have a major impact on the world stock market, so it is also important to analyze stock price fluctuations before and after the outbreak. One of the suitable methods for predicting stock price volatility is ARIMA-GARCH Markov Switching. The data used is secondary data from PT. Bank Rakyat Indonesia (PERSERO) Tbk. From January 2, 2019 to November 30, 2023. PT stock price data forecast. Bank Rakyat Indonesia (PERSERO) Tbk. Using ARIMA-GARCH Markov Switching method, the best model is ARIMA(2,1,2) GARCH(1,1) and the forecast value obtained is 5280.935; 5275.403; 5276.776; 5279.255; 5275,760 for 5 periods and divided into 2 regimes, namely the first regime with data that has low volatility and the second regime with data that has high volatility.",0,Desimal: Jurnal Matematika,JournalArticle,False,10.24042/djm.v7i2.22151
Robust Anomaly Detection in Financial Markets Using LSTM Autoencoders and Generative Adversarial Networks,Jian Yang; Lili Liu,2025,stock market covid GARCH,Yes,"Anomalies in financial markets—characterized by sudden shifts in returns or volumes—can indicate systemic risk, structural
breakpoints, or market manipulation. Detecting such events is critical for ensuring the resilience of trading systems, earlywarning tools, and financial surveillance mechanisms. However, the absence of labeled anomaly data and reliance on highfrequency datasets often limit the practical deployment of sophisticated detection models.
In this study, we present a novel hybrid anomaly detection framework that operates effectively on widely available daily return
and volume data. Our approach integrates a Long Short-Term Memory (LSTM) Autoencoder with a Generative Adversarial
Network (GAN), capturing both temporal dependencies and distributional shifts in financial time series. To enhance precision in
latent anomaly identification, we incorporate a One-Class SVM atop the LSTM-encoded representations. Additionally, we
propose an artificial anomaly injection mechanism that simulates realistic market irregularities—such as price shocks and
volume spikes—enabling quantitative evaluation in the absence of ground truth labels.
We conduct extensive experiments across six representative stock categories (e.g., indices, mega-cap, small-cap, high/low
volatility, and penny stocks) and multiple macroeconomic regimes—including the Global Financial Crisis and the COVID-19
recovery. Our hybrid model consistently outperforms classical baselines (e.g., GARCH, Z-Score, One-Class SVM) in recall
and F4-score, demonstrating robustness under both stable and turbulent conditions. Key contributions include: (1) a scalable,
interpretable LSTMGAN hybrid framework tailored for anomaly detection on lowfrequency financial data, (2) a novel anomaly
injection protocol for model validation, and (3) a systematic evaluation pipeline across diverse asset types and historical market
regimes.
This study presents a practical and generalizable solution for anomaly detection in financial time series, rigorously evaluated to
ensure reliability. It aims to bridge the gap between academic modelling and real-world deployment, particularly in dataconstrained environments.",0,Engineering: Open Access,JournalArticle,False,10.33140/eoa.03.08.02
Stock Market Volatility: A Bibliometric Review of Research Trends,Swapna Kurian,2026,stock market covid GARCH,Yes,"Introduction: Stock market volatility plays a vital role in financial markets and economic stability, drawing considerable academic attention over the past two decades. However, a comprehensive review of the literature examining the landscape of stock market volatility research has been lacking.Objective: This study aims to fill that gap by conducting a systematic bibliometric analysis to identify key authors, journals, documents, contributing countries, and collaborative networks, while mapping thematic trends in stock market volatility research.Method: The analysis employs VOS Viewer and the Bibliometrix R-package to examine 1,418 articles published between 2005 and 2022, retrieved from the Scopus database. The study utilizes keyword co-occurrence analysis and bibliographic coupling to map research themes and collaborative networks.Results: Findings reveal a significant rise in research output after 2015, with a notable surge during the COVID-19 pandemic. The top 10 most-cited papers amassed over 4,700 citations, with crisis-related studies demonstrating substantial influence. Key contributors include Gupta R., Ma F., and Zhang Y., while the USA, China, and the UK emerge as the leading publishing countries. Four main research streams are identified: volatility measurement and forecasting, crisis and contagion effects, macroeconomic influences, and spillover effects across markets. ""Realized volatility"" and ""GARCH"" emerge as dominant themes driving the field.Conclusions: This study offers a foundational overview of stock market volatility research, supporting scholars in identifying trends and research gaps, and providing practitioners with a structured understanding of the domain's evolution.",0,Management (Montevideo),JournalArticle; Review,False,10.62486/agma2026355
THE VOLATILITY SPILLOVER EFFECT OF COVID-19 ON INVESTOR SENTIMENT IN JOHANNESBURG STOCK EXCHANGE,Kago Matlhaku; S. Ferreira-Schenk,2024,stock market covid GARCH,Yes,"This study investigates the volatility spillover effect of the COVID-19 pandemic on investor sentiment for the Johannesburg Stock Exchange (JSE). The study analyses how new cases and deaths affected the sentiment of participants in the stock market during the pandemic. It uses the South African Volatility Index (SAVI) as the main measure of market sentiment and the returns of the JSE main index. Daily data on the pandemic from 03/01/2020 to 19/03/2023 was obtained from the World Health Organisation (WHO) while the rest of the financial data was obtained from Yahoo Finance. The methods used are the Baba, Engle, Kraft and Kroner (BEKK) and dynamic conditional correlation (DCC) multivariate GARCH with the mean equations as a Vector Auto-Regressive (VAR) system. The results show that the pandemic had a spillover effect on investor sentiment. This spillover was asymmetric implying that negative news had more effect than positive news. Furthermore, new cases had more spillover effects on investor sentiment than new deaths recorded. The study recommends that investors should trade cautiously during pandemics considering the increased volatility and that policymakers need to minimise contagion effect from the virus to financial markets by calming down the markets or even halting trading temporarily.",0,Acta Economica,JournalArticle,False,10.7251/ace2441131m
Understanding the Impact of COVID-19 on the Volatility Dynamism of Brics Stock Market,Meenal Sharma; Gill Sunita,2022,stock market covid GARCH,Yes,"The current study is aimed at examining the impact of COVID-19 on the volatility of stock market returns in the BRICS economies known as trading partners. Due to the pandemic situation all over the world, it had influence on the working of the stock markets as the investors were vigilant of their investment position. Since the World Bank declared the first confirmed case of covid-19 on 31 st December 2019, hence the daily data of the stock indices of the each of the BRICS economies has been fetch ranging from 1 st January 2020 to 31 st march2021. The impact of Covid-19 has been studied by taking the number of daily Covid-19 cases in the respective economies. The study employed GARCH family of models such as GARCH(1,1), EGARCH(1,1) and MGARCH(1,1) in order to understand the nature and dynamics of volatility of the stock markets of BRICS economies so that investors can make decisions regarding portfolio management while investing in such economies acting as global trading partners. The study found that except China and South Africa, the rising number of cases has significant impact on BRICS economies volatility. The level of persistence is found to be high, revealing that it takes time to volatility to wipe out from the market, indicating that the BRICS stock market remained volatile for a longer period of time due to the arrival of Covid news.",0,Acta Universitatis Bohemiae Meridionalis,,True,10.32725/acta.2022.017
The Effect of the COVID-19 Crisis on the Risk and Return Relationship in the Stock Markets of Emerging Countries,İnci Merve Altan,2022,stock market covid GARCH,Yes,"When the crises experienced throughout history are examined, it is seen that although the crises have common aspects in economic and financial terms, they are not the same. Unlike all previous crises, however, instead of economic and financial considerations, we are faced with the COVID-19 crisis, which is an epidemic disease. Examining the effects of financial crises on financial markets is very important for both investors and countries. Therefore, in the study, the risk-return relationship between the stock markets of India, Brazil, Indonesia, Turkey and South African countries were analyzed with the GARCH-M method in Pre-COVID-19 crisis term and COVID-19 crisis term. As a result of the analysis, it was observed that the response to the COVID-19 crisis occurred mostly in the Turkish stock market, while the reason for the volatility in other stock markets was the previous period. During the COVID-19 crisis, it has been obtained that they provide additional returns to their investors in response to the increased risk in the Indonesian and Turkish stock markets.",0,OPUS Journal of Society Research,,True,10.26466/opusjsr.1118709
A Research on the Impact of Global Stock Market Co-movement during Covid-19 Epidemic,Li Cheng; Jermoe Kueh Swee Hui,2023,stock market covid GARCH,Yes,"Covid-19 has brought huge fluctuations to world economy and such volatilityis evidently indicated by global stock market. In light of econometric hypotheses, this paper explained the comovement mechanism of global stock markets, made descriptive statistical analysis to the market returns of sample countries with VAR and DCC-GARCH models, and examined the comovement of market returns. The result shows that stock market in Brazil was the most volatile among all sample countries. Meanwhile, after the outbreak, VIX and WTI’s influence on dynamic correlation coefficients increased, showing a positive and significant impact and thereby strengthening the comovement of global stock markets.  ",0,International Business Research,,True,10.5539/ibr.v16n3p31
An Empirical Investigation of the Volatility Dynamics of SENSEX and GREENEX Using the GARCH Model,Saba Abid; V. Saghir; Sana Beg,2025,stock market covid GARCH,Yes,"Purpose: This study aims to analyse the volatility dynamics of two key Indian stock market indices—SENSEX and GREENEX—by employing GARCH-type models. The objective is to compare the volatility behaviour between the traditional market index (SENSEX) and the sustainability-focused index (GREENEX), thereby providing insights into the risk–return profiles of conventional versus green investments in the Indian financial market. Design/Methodology: The research utilises the GARCH (1,1), EGARCH (1,1) and TGARCH (1,1) models to assess the volatility patterns of the SENSEX and GREENEX indices over a period spanning January 2013 to December 2023. Stationarity of the time series is verified using the augmented Dickey–Fuller (ADF) test. The GARCH models are then applied to capture volatility persistence, clustering effects and asymmetric responses to both positive and negative market shocks for each index. Findings: The results demonstrate significant volatility clustering and persistence in both indices, with the GARCH (1,1) model indicating that volatility shocks in SENSEX and GREENEX tend to persist over time. The EGARCH model highlights asymmetries in volatility, particularly for GREENEX, where negative shocks have a larger impact on future volatility compared to positive shocks. The TGARCH model confirms the presence of leverage effects, with SENSEX exhibiting a more pronounced reaction to negative shocks. Overall, GREENEX shows relatively lower downside risk, making it a potentially more stable option compared to SENSEX. Research Limitations: Additionally, the analysis could be expanded by including macroeconomic variables such as inflation, interest rates and oil prices. Future studies might also apply advanced volatility models such as FIGARCH or DCC-GARCH for robustness. While SENSEX and GREENEX were chosen to represent traditional and sustainable finance, other indices and macroeconomic variables were not included, potentially limiting the scope. Additionally, factors such as liquidity, investor behaviour and the impact of extraordinary events like COVID-19 were not explicitly addressed, which may influence volatility patterns. Value: This study offers valuable insights into the volatility characteristics of both traditional and green investments in India. By comparing the volatility behaviour of SENSEX and GREENEX, it enlightens investors, policymakers and researchers about the risk dynamics of sustainable investments. The outcomes provide practical implications for portfolio management, investment strategies and risk assessment, highlighting the growing importance of green finance in the Indian market.",0,Asia-Pacific Journal of Management Research and Innovation,JournalArticle,False,10.1177/2319510X251408575
Yield and Volatility of Cryptocurrency under Long-term Uncertain Situation: Evidence from Covid-19 Pandemic,Jingmin Chen; Xiaoqing Jiang; Hongyuan Tian,2023,stock market covid GARCH,Yes,"The birth of Bitcoin, the development of cryptocurrency, the establishment of digital platforms, and the investment of international capital. As the meta-cosmic era approaches, how does the blockchain platform occupy a place in the financial market, and how does it affect the world economy? What changes have taken place in the international financial sector? How has the economic downturn caused by the epidemic positively affected Bitcoin? As a market participant, how to reach a consensus on bitcoin, and how to invest, is a rational decision. This article is intended to use the Augmented Dickey-Fuller (ADF) Unit Root Test, Vector Autoregression (VAR) Model, ARMA-GARCH Model, Impulse Response, and the application of models such as ARMA-GARCH Estimation Results and Variance Equation analyzes the causes of bitcoin price fluctuations in the epidemic and how the epidemic has positively affected cryptocurrencies. Based on data, assisted by ICONS, the text analyzes the connection between the epidemic and cryptocurrencies.",0,"Highlights in Business, Economics and Management",JournalArticle,True,10.54097/hbem.v5i.5045
Dynamic Changes in Noble Metal Prices under Long-term Uncertain Situation: Evidence from Normalized Covid-19 Pandemic,Hanjuan Zhu,2022,stock market covid GARCH,Yes,"Covid-19 has severely hit global financial market since its outbreak. Investors who withdrawal funds in other areas will seek protection under the precious metals, a market known for its safety. This paper assesses the global and China regional daily new confirmed cases’ impacts on gold and silver price. A VAR and an ARMA-GARCH model are built to analyze the changes of the value and volatility. The paper finds that Chinese epidemic still has a positive impact on international precious metal market price while the effects other continents are little. As for volatility, the shock brought by the virus has no significant influence on gold and silver volatility. The paper aims to study how precious metal investors response to newly confirmed cases under normalized Covid-19 Pandemic. Based on the results, global gold and silver market overreacts to the cases in China in comparison with other lands; Thus, the research suggests Chinese Government to further stabilize local pandemics while investors decrease the reaction towards China side’s epidemic.",0,BCP Business &amp; Management,,True,10.54691/bcpbm.v34i.3037
ANALYZING THE IMPACT OF GOVERNMENT’S RESPONSES TO THE COVID-19 PANDEMIC ON THE VIETNAMESE STOCK MARKET’S PERFORMANCE: A SECTOR-INDEX APPROACH,Tran Thi Bich Ngoc; Pham Hoang Cam Huong; Bui Thanh Cong,2022,stock market covid GARCH,Yes,"This study aims to investigate the impact of the COVID-19 pandemic and how the government’s intervention influenced the performance of the Vietnamese stock market, including Ho Chi Minh and Hanoi stock exchanges, at the whole market level and especially at the sector level. Panel data at the sector level is obtained from 31 January 2020 to 23 July 2021 and divided into four different periods corresponding to the COVID-19 waves in Vietnam. GARCH (1,1) is used to predict stock market volatility and the random effect is employed in the panel regression model. The findings show that while stock market returns on the Ho Chi Minh stock exchange did not witness a significant change before and during the pandemic, empirical result indicates that stock market returns on the Hanoi stock exchange significantly changed. Stock market volatilities indicate a significant increase once the pandemic occurs in Vietnam on both stock exchanges. Specifically, the magnitude of the Covid-19 influence weakens over time. More importantly, we find that the intervention of the Vietnamese government significantly lessens the influence of the Covid-19 pandemic on the stock market, especially in the fourth period corresponding to the ongoing wave of COVID 19. The results of this study might offer a useful reference for governors, investors, and other scholars in future public policies and empirical research.",0,Hue University Journal of Science: Economics and Development,JournalArticle,False,10.26459/hueunijed.v131i5b.6523
Time-Varying Efficiency and Volatility Regimes in Nepal Stock Exchange (NEPSE): Evidence from Daily Data under the Adaptive Market Hypothesis,Saurav Karki,2026,stock market covid GARCH,Yes,"This study evaluates the Adaptive Market Hypothesis (AMH) in the Nepalese stock market using daily index returns from July 1995 to February 2025, representing nearly three decades and the longest high-frequency analysis of the market to date. Comprehensive efficiency diagnostics reveal clear time-varying dynamics: persistent inefficiency from 1999 to 2019 is followed by emerging signs of efficiency from 2021 to 2025, coinciding with financial digitization and regulatory reforms. Employing GARCH and Markov-switching models, the results indicate highly persistent volatility (α + β ≈ 0.90) and the presence of two distinct volatility regimes. Low-volatility states persist for approximately 15 trading days, whereas high-volatility episodes last around 9 days, and are associated with major macroeconomic shocks, including the 2015 earthquake and the COVID-19 pandemic. Unlike developed markets, NEPSE does not exhibit a statistically significant leverage effect (γ₁ = 0.0279, p =0.120), suggesting symmetric volatility responses to positive and negative shocks. These findings contradict the assumption of static market efficiency and provide empirical evidence in support of the AMH’s prediction of evolving efficiency in emerging markets. The results carry important implications for regime- dependent investment strategies and countercyclical regulatory policies during high-volatility states.",0,NRB Economic Review,JournalArticle,False,10.3126/nrber.v37i1.92673
Effects of Global Pandemic on Stock Liquidity in the Nigerian Stock Exchange,S. Fakunmoju; C. A. Jegede; A. Oluchi,2022,stock market covid GARCH,No,,0,EuroEconomica,,False,
Assessing Oil Price and Stock Market Nexus in GCC: The Impact of the COVID-19 Pandemic and the Russia–Ukraine War,Abdulrahman Atllah Alharbi,2026,stock market covid GARCH,Yes,"Purpose: An oil economy is usually driven by an economy, and economic performance is explained by following the stock market performance. Although some studies have aimed at the oil prices-stock market nexus and how various developments affect the nexus, a gap still exists in studies carried out in GCC countries. This work seeks to harness how the two significant world shocks, including the COVID-19 pandemic and the Russia-Ukraine War, have influenced the oil prices-stock market nexus in the GCC countries with directional hypotheses clearly defined on the basis of the demand-supply shock theory. 
Methodology: Stock returns of GCC countries and crude oil prices on a daily basis were calculated between 1st January 2017 and 31st December 2022. To overcome non-normality, the study uses descriptive statistics, normality and stationarity tests, and the GARCH (1,1) model with the Researcher t error distribution. Dummy variables in both the mean equation and variance equation of the GARCH model are introduced as event windows of COVID-19 (11 March 2020 to 31 December 2020) and the war in Russia and Ukraine (24 February 2022 to 31 December 2022) that allow the analysis of the mean effects and conditional volatility at the same time. 
Results: Stock markets in the majority of GCC countries have a positive correlation with oil prices, which is in line with the economies being oil exporters, but statistically insignificant with most indices. Saudi Arabia has the most sensitive Tadawul to changes in oil prices. The COVID-19 pandemic and the Russia-Ukraine war did not cause any impactful and long-lasting effects on the oil price and stock market nexus in the GCC countries. The disruptions were also dramatic and transient, and the oil market reabsorbed the shocks during the period of observation. 
Practical Implications: The oil and gas supply chains of GCC economies have now become resistant to structural disruptions. The negative yet insignificant nexus of oil stocks in the majority of GCC markets indicates the short listings of oil and gas companies in these markets rather than the absence of economic connectivity. Further research can be done by taking shorter event windows and firm-level data.",0,International Journal of Social Science Research and Review,JournalArticle,False,10.47814/ijssrr.v9i5.3373
Modelling time-varying volatility using GARCH models: evidence from the Indian stock market [version 1; peer review: awaiting peer review],Farman Ali; Pradeep Suri; Tarunpreet Kaur; Deepa Bisht,2022,stock market covid GARCH,No,,0,,Review,False,
SECTORAL SENSITIVITY TO OIL PRICE SHOCKS AND STRUCTURAL CHANGES DURING COVID-19: EVIDENCE FROM THE IRAQ STOCK EXCHANGE,Mohammed Faez Hasan; Noor Sabah Hameed Al-Dahaan; Hussein Hadi Abdulameer; Haider Kadhem,2025,stock market covid GARCH,Yes,"This research examines the responsiveness of sectoral stock returns in the Iraq Stock Exchange (ISX) to oil price shocks, focusing on the period during the COVID-19 pandemic. The Iraqi economy is still highly reliant on oil exports, which renders its financial markets vulnerable to global oil prices. This study examines the nature and extent of vulnerability in the Iraqi financial markets by employing a combination of methods, including event study methodology, fixed effects panel regression, GARCH (1,1) volatility modeling, and structural break and Granger causality tests. The data includes daily stock returns from seven sectors of ISX along with Brent and WTI prices between 2014 and 2023. The study focuses on three key oil-related events, which are the mid-March to April 2020 oil price crash, the COVID-19 pandemic alongside its role as a systemic market shock, and the recovery in prices post-pandemic. The analysis uncovers particularly heterogeneous sectoral responses to oil shocks. Banking, industry, and investment sectors show strong and statistically significant sensitivity to oil price changes, particularly during the pandemic. On the contrary, the insurance and services sectors behaved relatively more stably, indicating a defensive market. Results of the event study demonstrate a short-lived overreaction followed by a correction for some sectors. The results of panel regression demonstrated that there was a weakening in the relationship between oil and returns during the period of COVID-19, indicating a change in the forces driving the connection between oil and stocks. The GARCH results also confirm the existence of persistent volatility clustering in oil-sensitive sectors, while the structural break tests reveal critical regime changes during the pandemic. The study provides useful information for oil-exporting countries' investors, regulators, and policymakers. It highlights the need for more sector-focused portfolio tactics, more comprehensive financial supervision frameworks, and the incorporation of oil market risk into the general financial stability policies of the country.",0,Financial and credit activity problems of theory and practice,JournalArticle,False,10.55643/fcaptp.5.64.2025.4836
Volatility of the Chinese Stock Market: Evidence from the GARCH Model,Yilin Zhu; S. Taasim; Junjie Cai,2025,stock market covid GARCH,Yes,"This study conducts an empirical analysis of the volatility characteristics of SSE, SZSE and CNI using GARCH model, aiming to investigate the dynamic volatility patterns of the Chinese stock market and its response to external shocks. The findings reveal that the volatility of the Chinese stock market exhibits significant persistence, asymmetry, and sensitivity to external disturbances. Among the three indices, SSE, which primarily consists of large capitalization enterprises, demonstrates the lowest volatility, whereas CNI, which includes a greater proportion of small and medium sized oriented firms, exhibits the highest level of volatility. Furthermore, major financial and economic disruptions, such as 2015 stock market crash, 2018 trade conflict between China and the US, and 2020 outbreak of the COVID-19 pandemic, significantly increased market volatility, with CNI being the most affected and SSE remaining relatively stable. Based on these findings, this study suggests enhancing market risk monitoring systems by leveraging financial technology to improve early warning mechanisms and implementing appropriate regulatory measures in extreme market conditions. Additionally, it advocates for optimizing financial policies and promoting long term investments by encouraging greater participation from institutional investors. Furthermore, a differentiated regulatory approach should be adopted, requiring stricter disclosure and governance standards for highly volatile market segments. Lastly, strengthening international cooperation is essential to reduce uncertainties arising from external economic disturbances and ensure overall market stability. This study provides valuable insights for investors and regulators, contributing to improved risk management and the resilience of financial markets.",0,International Journal of Academic Research in Business and Social Sciences,JournalArticle,False,10.6007/ijarbss/v15-i2/24754
Do Sectoral Indices React Differently to Lockdowns Imposed Due to Covid-19? Lessons for Wealth Generation,S. Agarwal; Megha Agarwal; Renu Ghosh,2022,stock market covid GARCH,Yes,"This research paper is an attempt to study the impact of Covid-19 on the sectoral indices using Event Study Methodology (EVM) and regression models. It tries to analyze the differences in mean returns of one composite and ten sectoral indices on India’s premier National Stock Exchange during four periods-before lockdowns, during the lockdown, during unlocking and post unlock. The analysis is based on 15346 daily observations. Imposition of Lockdown is found to have a positive impact on the daily mean return of the eleven Nifty indices under study. The mean returns of sectoral indices are compared using non-parametric tests. The mean returns across four periods are compared using Friedman’s ANOVA and are found to be significantly different over the four periods. Post Hoc Analysis using Wilcoxon signed-rank test revealed that the daily mean returns during the lockdown were more than the daily mean returns during the period before lockdown, during unlock period or post unlock period. Kruskal Wallis test was used to investigate the equality of means of eleven indices found, mean returns of indices to be equal to each other during all the four alternate periods studied separately. GARCH (1,1) model is then used to estimate returns and variance of sectoral indices A significant portion of variances in sectoral index returns was explained by the variances in market proxy Nifty 50. The study highlights the emerging relevance of the Energy, FMCG, Healthcare, IT and Pharma sector during the lockdown as the abnormal positive returns have increased in these sectors. Infrastructure, Media and realty sectors have been severely affected due to the lockdown. The robustness of estimated parameters is checked by using a dummy variable regression model and it is found that stock markets were strengthening during the period of lockdown. The results of the dummy variable regression model are in line with the results of the Event Study Methodology (EVM) and GARCH (1,1). Overall, the imposition of lockdown as a policy initiative by the Government of India helped in mitigating the effect of Covid-19 on the stock market.",0,Journal of Business Thought,,True,10.18311/jbt/2022/30158
An Empirical Analysis of Sustainable volatility spillovers and Network Dynamics in the Indian Equity Market,N. S; Syed Maaz Ahmed; R. D,2026,volatility forecasting covid deep learning,Yes,"This paper explores the sustainable volatility spillovers and the systemic risk structure in the Indian equity market. It uses a high-frequency multifaceted approach. We utilize 5-minute intraday data from 2015 to 2024 for the NIFTY 50, India VIX, and five key sectoral indices to calculate daily Realized Volatility for building a very accurate risk measure that is free from models. Next, the authors use the Diebold-Yilmaz (2012) spillover index in a rolling-window VAR framework to measure the time-varying intensity and direction of risk flow in the market system. The study is deepened with several contemporary methods to depict the market scene. They visualize the market's dynamic network to follow the contagion paths, produce a new Spillover Vulnerability Index (SVI) as a which they use to assess the sectors' risk, and, finally, they switch to GARCH-in-Mean models that allow them to empirically test the risk-return tradeoff for each sector. Our results tell us that systemic risk is very volatile and its highest point can be observed during the times of market frictions such as the COVID-19 pandemic. In that period, the market's risk architecture changes from a loosely interconnected to a densely interconnected network, with the NIFTY Bank index as the major net transmitter of shocks all the time. Besides, the global risk sentiment, represented by CBOE VIX, as well as the domestic monetary policy are mentioned to be the important sources of these spillovers. The paper also illustrates a careful out-of-sample forecasting test that compares traditional econometric models with modern machine learning (XGBoost) and deep learning (LSTM) approaches. The authors argue that even the highest models do not keep outperforming a simple Random Walk benchmark. The authors interpret this result as a great support for the Efficient Market Hypothesis, indicating that the spillover system is very fast in the absorption of information, which leads the future path to be quite an open question. This study offers a granular toolkit for investors and policymakers to monitor and manage financial stability in a key emerging market.",0,OIDA International Journal of Sustainable Development,JournalArticle,False,10.64211/oidaijsd190414
Modeling and Generating Extreme Fluctuations in Time Series with a Multilayer Linear Response Model,Yusuke Naritomi; Tetsuya Takaishi; Takanori Adachi,2025,volatility forecasting covid deep learning,Yes,"A multilayer linear response model (MLRM) is proposed to generate time-series data based on linear response theory. The proposed MLRM is designed to generate data for anomalous dynamics by extending the conventional single-layer linear response model (SLRM) into multiple layers. While the SLRM is a linear equation with respect to external forces, the MLRM introduces nonlinear interactions, enabling the generation of a wider range of dynamics. The MLRM is applicable to various fields, such as finance, as it does not rely on machine learning techniques and maintains interpretability. We investigated whether the MLRM could generate anomalous dynamics, such as those observed during the coronavirus disease 2019 (COVID-19) pandemic, using pre-pandemic data. Furthermore, an analysis of the log returns and realized volatility derived from the MLRM-generated data demonstrated that both exhibited heavy-tailed characteristics, consistent with empirical observations. These results indicate that the MLRM can effectively reproduce the extreme fluctuations and tail behavior seen during high-volatility periods.",0,Entropy,JournalArticle,False,10.3390/e27080823
Monetary Policy and U.S. Treasury Yield Volatility: Evidence from Pandemic and Non-Pandemic Regimes Using Econometric and Machine-Learning Methods,Xingchen Qi,2025,volatility forecasting covid deep learning,Yes,"The COVID-19 pandemic precipitated profound instability in global financial markets and prompted unprecedented monetary policy interventions by the Federal Reserve. These actions raised important questions about how policy instruments modulate the volatility of U.S. Treasury yields during periods of heightened uncertainty. This study examines how the effects of policy rate adjustments and quantitative easing on the volatility of the 10- year Treasury yield differ between pre-pandemic and pandemic periods. Using daily data, this paper construct a realized volatility measure and employ a hybrid approach combining traditional econometric models and a machine-learning framework to analyze the interaction between monetary policy, market conditions and volatility dynamics. The analysis focuses on whether the transmission of monetary policy varies across regimes and whether non- linear patterns improve volatility forecasting. The results show that policy impacts on yield volatility are state-dependent, and that machine-learning methods provide superior out-of-sample forecasting performance. These findings offer new insights for policy design and financial risk management.",0,Proceedings of the 2025 International Conference on Digital Transformation and Management,Book; Conference,False,10.1145/3795546.3795553
Borsa İstanbul’da Mevsimsel Duygulanım Bozukluğu,Zeliha Can Ergün,2024,stock market covid GARCH,Yes,"Seasonal Affective Disorder (SAD) is a severe depression that stems from the decreased daylight hours in the autumn and winter. The SAD makes investors more risk-averse, which in turn affects the financial markets. This study aims to examine the effect of SAD on Borsa Istanbul (BIST) for the period January 2015 - May 2023. The BIST-100 index is used to represent the overall stock market, and the BIST-Industrials, Financials, Technology, and Food Beverage indices are used to evaluate any sectoral disparities. Furthermore, autumn, tax-loss selling, Mondays, and COVID-19 outbreak effects are included in the model. The results show that there is a statistically significant and positive SAD effect on BIST-100 index returns. The SAD also has an impact on every sectoral index, except for BIST-Food Beverage. Moreover, there is no asymmetrical effect of the autumn in any indices. Among the control variables, the Monday effect is determined to be statistically significant and positive for BIST-100, BIST-Industrials, and BIST-Technology indices. Finally, only for the BIST-Industrials index the COVID-19 dummy is statistically significant and positive. Additionally, the GARCH model has also been used as a robustness test, and consistent findings with the previous analysis are found.",0,Bulletin of Economic Theory and Analysis,JournalArticle,True,10.25229/beta.1325453
THE CO-MOVEMENT BETWEEN EMERGING STOCK MARKETS USING DCC-GARCH MODEL: EVIDENCE FROM GCC AND AMMAN STOCK EXCHANGE,Ali Matar,2024,stock market covid GARCH,Yes,"This study examines the existence of interrelationships among GCC and Jordanian stock markets. The study applied weekly data for stock price indices for the Amman Exchange (ASE) and Gulf Cooperation Council (GCC) countries, namely, Saudi Arabia, Qatar, Bahrain, Kuwait, Oman and the United Arab Emirates. In this analysis, weekly market returns were employed to avoid the overlapping of recognized holidays and trading hours in the GCC and the ASE. During the global financial crisis and the COVID-19 pandemic crisis, the sample period spanned from January 7, 2009 to December 30, 2020 for overall (626) weekly observations The main contribution of this study is to shed light on the dynamics of cross-market associations, particularly in the context of emerging economies can be concluded as follows: First, this study is a forefront study that tested the linkages between GCC and Jordanian Markets. Second, the period of this study covered various crises such as the global financial crisis, and COVID-19. Third, the empirical study of multivariate integration, which considers both pairwise interactions and the overall integration of different stock markets by utilizing cutting-edge econometric methods like VECM and DCC-GARCH. As a result, an examination of ASE’s weekly stock price index was conducted. The findings show that there is causality and correlation among stock market indices. Three unidirectional causality relationships running from KUW, OMAI, and UAEI to ASEI. Moreover, the results revealed two bidirectional causality relationships, one between ASEI and BAHI and the other between ASEI and UAEI. The conditional correlations appear to be generally negative, implying that higher ASE volatility causes worse GCC stock returns. Saudi Arabia has the highest conditional connections, followed by Bahrain, Qatar and the United Arab Emirates, while Kuwait and Oman’s stock markets are the least connected with the ASE among their peers. Since financial indices are essential for investors, portfolio managers, risk management and fiscal and monetary policy, the findings of this study may be interest of many parties of them, especially for investors, policymakers and governments.",0,Annals of Financial Economics,JournalArticle,False,10.1142/s2010495223500112
The Linkage between Crude Oil and Stock market: Evidence from China and the United States,S. Liu,2022,stock market covid GARCH,Yes,"The global crude oil and stock markets have been extremely volatile in recent years, with prices fluctuating rapidly. We considered the linkages between the crude oil market and the stock market in China and the US, applying a time-varying t-Copula-GARCH model based on the Chinese INE crude oil futures price and the SSEC, and American WTI crude oil futures price and the S&P 500. We found that there are positive correlations between crude oil and stock markets in both China and the United States. Although the linkages between the two markets are weaker in China than in the United States, the magnitude of the changes and the volatility are larger. In addition, the linkages between the two markets in China and the U.S. increase significantly under extreme risk events such as the COVID-19 pandemic. These findings enrich the research on the linkages between commodity and stock markets.",0,BCP Business &amp; Management,,True,10.54691/bcpbm.v19i.832
The dynamic impact of COVID 19 on the US stock market,Jiatong Ye,2022,stock market covid GARCH,Yes,"The outbreak of Corona Virus Disease in 2019 (COVID-19) has had a severe and long-lasting impact worldwide, with unprecedented disruptions to the US stock market in particular. This paper collects global and US data throughout the outbreak and develops empirical models, including a VAR model and an ARMA-GARCH model, to examine the dynamic impact of COVID-19 on the US stock market. According to the findings, COVID-19 will induce market volatility in the short term, as evidenced by shocks from new confirmed cases causing future shocks in returns that are decreasing in magnitude. In the long term, however, COVID-19 will not cause volatility in the US equity market. Therefore, depending on the stage, it is beneficial for investors to adopt appropriate strategies and the US government must develop effective policies.",0,BCP Business &amp; Management,,False,10.54691/bcpbm.v24i.1453
Risk Modeling and Connectedness Across Global and Industrial US Fintech Stock Market: Evidence from the COVID‑19 Crisis,O. Gharbi; M. Boujelbène; R. Zouari,2024,stock market covid GARCH,Yes,"The main purpose of this paper is to test the performance of GARCH models in estimating and forecasting VaR (value at risk) of the US Fintech stock market from July 20, 2016, to December 31, 2021. In addition, this study examines the impact of COVID‑19 on the risk spillover between the adequate VaR series of the US global KFTX index and the five Fintech industries. Specifically, we compare different VaR estimates (862 in‑sample daily returns) and predictions (550 out‑of‑sample daily returns) of several GARCH model specifications under a normal and Student‑t distribution with 1% and 5% significance. The Backtesting results indicate that I‑GARCH with Student‑t distribution is a good model for estimating and forecasting VaR of the US Fintech stock market before and during COVID-19. Moreover, the total connectedness results suggest that global and each Fintech industry increases significantly under turbulent market conditions. Given these considerations, this paper provides policymakers and regulators with a better understanding of risk in the Fintech industry without inhibiting innovation.",0,Finance: Theory and Practice,JournalArticle,True,10.26794/2587-5671-2025-29-2-6-19
"Decoding the Nifty50 Puzzle with ANN: FIIs, DIIs and Market Magic",N. Seth; S. Siddiqui,2025,stock market covid GARCH,Yes,"In the context of a dynamic and highly competitive financial market, understanding the behaviour of various categories of investors becomes a key factor in developing effective investment strategies and forecasting market trends. This study examines the phenomenon of Nifty50 — a group of the 50 most liquid and significant stocks in the Indian stock market, which play an important role in forming the overall index. The purpose of the study is to determine the influence of foreign institutional investors (FIIs) and domestic institutional investors (DIIs) on the dynamics of Nifty50.The authors apply classical research methods: correlation analysis, a statistical model for analysing and forecasting the volatility of time series (GARCH), and artificial neural networks (ANN).The study is based on daily data on investments from the two specified groups of investors and the values of the Nifty50 index of the National Stock Exchange. The study period from 31.12.2019 to 30.11.2023 is divided into two sub-periods: before COVID‑19 and after. In periods of economic shocks, such as the COVID‑19 pandemic, the behaviour of these two types of investors becomes particularly contrasting. The results of the study showed that FIIs and DIIs are opposite to each other: when FIIs invest, DIIs are net sellers, and when FIIs sell, DIIs are net investors. In the context of the pandemic, FIIs often increased their investments in Indian assets, while DIIs, on the contrary, reduced their positions. However, in the post-pandemic period, the situation changed: DIIs began to play a more significant role in the dynamics of Nifty50, while the influence of FIIs decreased. Thus, the analysis of the interaction between FIIs and DIIs allows us to conclude the complex and multifaceted nature of the influence of institutional investors on the Indian stock market. Their strategies and behaviour have a significant impact on market indices and volatility, which requires careful monitoring and analysis for effective management of investment risks and making informed decisions in unstable conditions.",0,Finance: Theory and Practice,JournalArticle,False,10.26794/2587-5671-2025-29-3-59-71
Stock market reactions to merger announcements: COVID-19-induced transactions,Baneng Naape; Thabang Ndlovu,2025,market behavior pandemic data analysis,Yes,"
 
 The central aim of this study was to analyse stock market reactions to merger announcements in South Africa.
 
 
 
 The study identified thirteen mergers and acquisitions (n = 13) that took place following the COVID-19 pandemic. An event study approach was utilized for data analysis, given its relevance to the study. The event window was made up of 20 business days (−10 t +10).
 
 
 
 Overall, the cumulative average abnormal returns remained positive throughout the event window, suggesting that, at an aggregate level, the markets reacted positively to merger decisions, particularly regarding mergers that received clearance from South African competition authorities. Notably, on the event day (t+0), cumulative average abnormal returns peaked at 2%, which indicates that the markets were highly efficient in absorbing information about merger decisions.
 
 
 
 These observations support the semi-strong form of the efficient market hypothesis, suggesting that stock prices rapidly reflect publicly available information, including announcements related to mergers and acquisitions.
 
 
 
 Firstly, research on this topic remains limited in South Africa, and the few existing studies have produced ambiguous results. Secondly, earlier research primarily focused on the period prior to the COVID-19 pandemic, before and after the 2008 financial crisis. In contrast, this proposed study concentrates on transactions induced by the COVID-19 pandemic, investigating whether such transactions have positively influenced the stock returns of either the acquiring and/or target firm’s shareholders. Exploring this new context helps enrich the understanding of market efficiency and investor reactions to M&A news in emerging economies.
",0,Journal of International Economics and Management,JournalArticle,False,10.1108/jiem-05-2025-0033
A GARCH Framework Analysis of COVID-19 Impacts on SMEs Using Chinese GEM Index,Xuanyu Pan; Zeyu Guo; Zheng Nan; Sangeet Srivastava,2022,stock market covid GARCH,No,,0,Advances in Intelligent Systems and Computing,,False,10.1007/978-981-16-6887-6_26
A Study on the Uncertainty of Critical Minerals and the Systematic Risk of Global Industries,Byungjo Yoon,2026,stock market covid GARCH,Yes,"This study estimated the beta of the stock price index by sector using the DCC GARCH model and conducted a regression analysis between the uncertainty of the core mineral and the industrial beta to investigate the uncertainty of the critical mineral in the US stock market from January 2016 to December 2025. 
The results of empirical analysis during the sample period are as follows. First, the uncertainty of critical minerals was found to have a negative effect on the consumer staples and healthcare industries and a positive effect on the energy and utility industries. Second, during the COVID-19 pandemic, communication services, consumer staples, energy, industrials, information technology, materials, real estate, and utility industries were exposed to the uncertainty of critical minerals, and the impact of consumer staples, energy, and utility industries increased when compared to the analysis results over the entire period. Third, even when considering control variables, consumer staples, energy, healthcare, and utility industries were affected by the uncertainty of critical minerals, and the strength of the model slightly increased or changed. These findings are empirical evidence to explain the heterogeneous impact of critical mineral uncertainty and predictability of industrial beta, suggesting that policy authorities should focus on financial stability measures that may be affected by mineral uncertainty when designing support policies for economic growth.",0,The Academic Society of Global Business Administration,JournalArticle,False,10.38115/asgba.2026.23.2.26
The performance Islamic verses conventional mutual funds during extreme event: new evidence from Saudi Arabia,Manal Alqahtani; Darren Henry; M. I. Bhatti,2025,stock market covid GARCH,Yes,"
 
 This paper aims to compare the performance of Islamic and conventional mutual funds in Saudi Arabia, focusing on their behavior during extreme events such as the Global Financial Crisis (GFC) and the COVID-19 pandemic. It analyses risk-adjusted returns, volatility and spillover effects to provide insights into the resilience and performance of these fund types under varying market conditions.
 
 
 
 The study uses 22 years of data from 254 funds, covering 1,172 weekly intervals from 2000 to 2022. It uses financial ratios, panel data regression, CAPM, GARCH modeling, and Wavelet Coherence analysis to assess fund performance. The research examines four distinct periods: pre-GFC, during GFC, pre-COVID-19 and during COVID-19, allowing for a comprehensive evaluation across different market environments.
 
 
 
 Islamic mutual funds (IMFs) consistently outperformed conventional mutual funds (CMFs) in terms of returns and volatility during both the GFC and COVID-19 pandemic, demonstrating lower systematic risk. While CMFs exhibited slightly higher returns prior to the GFC, IMFs showed greater resilience during economic downturns. The study reveals that IMFs may be a more strategic choice for investors during periods of economic uncertainty due to their diversification benefits and lower risk profile.
 
 
 
 The findings provide valuable insights for investors, fund managers and policymakers in understanding the performance dynamics of Islamic and conventional mutual funds during extreme market events. The research suggests that IMFs offer a potentially more stable investment option during economic crises, which could inform investment strategies and policy decisions in the Saudi Arabian financial market.
 
 
 
 This study contributes to the understanding of mutual fund performance in the context of Islamic and conventional funds within Saudi Arabia, offering a comprehensive analysis across various economic cycles. It provides empirical evidence on the comparative resilience of Islamic mutual funds during extreme events, filling a gap in the literature on Islamic fund performance in emerging markets.
",0,Journal of Islamic Accounting and Business Research,JournalArticle,False,10.1108/jiabr-06-2025-0325
Hedging market risk using gold: A wavelet quintile correlation approach,Melan Sinaga; Agoestina Mappadang; Bayu Adi Nugroho,2024,stock market covid GARCH,Yes,"This research assesses gold's hedging and haven qualities against stock market fluctuations. This study uses the daily returns of three exchange-traded funds that best reflect the gold market and the stock markets of developed and emerging economies: iShares MSCI World (URTH), SPDR Gold (GLD), and SPDR S&P Emerging Markets (EDIV). The data set spans January 13, 2012, to December 29, 2023. For analytical purposes, this study estimates the dynamic correlation from the DCC-GARCH model and the newly constructed wavelet quantile correlations (WQC). According to WQC, gold has consistently been a short- and long-term haven for emerging markets during the COVID-19 pandemic and the Russia-Ukraine conflict. However, gold only shows the long-term safe-haven status for the developed markets. Further, this study shows that gold and stock correlations, both short- and long-term, do change with time. Lastly, this research suggests trading strategies based on a constant proportion approach. 
Public interest statements 
This study is useful for people to understand hedging methods and trading strategies for gold products",0,AKURASI: Jurnal Riset Akuntansi dan Keuangan,JournalArticle,False,10.36407/akurasi.v6i3.1459
Impact of AI-Driven Trading on Market Liquidity and Volatility: An Empirical Analysis of Modern Financial Markets,Sohaib Mehmood; A. Mir,2026,stock market covid GARCH,Yes,"Financial markets across the world have undergone significant change over the past two decades, and majority of that has been pushed by computing power, fast data feeds, and the steady automation of order execution. Among the more recent developments, AI-driven trading systems have begun to alter how decisions are made on the buy and sell side. These systems read large volumes of market and non-market data, revise their own strategies on the fly, and place orders without interference of human. Using daily data on the NIFTY 50 index, the India VIX, and the policy repo rate from January 2015 to December 2024, the analysis used 2,475 trading-day observation. The testing strategy is indirect because exchanges in India do not publish any data of AI-driven order flow. The argument for the study is that if the market is being shaped by AI-style trading, then its observable behaviour should look like what the literature already documents for algorithmically intensive markets. The descriptive results are consistent with that view: daily log returns are sharply negative skewed (-1.4144) and heavy-tailed (kurtosis = 23.53), a far cry from the Gaussian benchmark. India VIX turns out to be a strong determinant of both the Amihud illiquidity measure (t = 6.83, p < 0.001) and short-run absolute returns (t = 8.90, p < 0.001). Estimated GARCH(1,1) parameters give α + β = 0.970 — close to a unit-root volatility process — and the GJR-GARCH leverage term γ = 0.150 (p = 0.0003) is highly significant, so negative shocks raise conditional variance much more than positive shocks of the same size. Splitting the sample into pre-COVID, COVID, and post-COVID windows shows that realized volatility during COVID was 2.05 times its pre-crisis level, while post-crisis liquidity (lower Amihud values) was about 46 percent better than the pre-COVID baseline. All three null hypotheses are rejected at the 1 percent level. Taken together, the NIFTY 50 displays the kind of liquidity, volatility, and stability behaviour the literature associates with markets shaped by AI-driven activity. The paper’s contribution is twofold: it shows that an indirect, outcome-based testing framework can be applied where direct trading-system data are not available, and it draws out specific implications for SEBI, the RBI, and large institutional participants in India.",0,International Journal For Multidisciplinary Research,JournalArticle,False,10.36948/ijfmr.2026.v08i03.80391
The East-Asian stock markets during the COVID-19 pandemic,Antonio Ruiz Porras; Clemente Hernandez Rodriguez,2023,stock market covid GARCH,Yes,"We study the dynamics and volatilities of six East Asian stock market indices during the COVID-19 pandemic with five types of ARCH/GARCH models.  The main results are: 1) Most of the volatilities of the series of returns show leverage effects; 2) the FIGARCH(1,1,1) model is the best one to describe the series of returns associated to the Shenzen and Shangai-Composite indices; 3) the GJR-GARCH(1,1,1) model is the best one to describe the series associated to the Hang-Seng, KOSPI and Nikkei-225 indices; and, 4) the APARCH(1,1,1,1) model is the best one to describe the series associated to the Taiwan-Weighted index.  We develop the study with daily indices for the period between January 2nd, 2020 and December 16th, 2021.                                                                    ",0,China Global Review,JournalArticle,False,10.53897/revchinagr.2023.01.04
GARCH Model for Evaluating Volatility Based on the Share Price of Airlines Company During the COVID-19 Outbreak,Nashirah Abu Bakar; S. Rosbi; Kiyotaka Uzaki,2022,stock market covid GARCH,Yes,"The COVID-19 outbreak has affected economic activities in the worldwide financial market. The instability of financial markets makes investors uncomfortable because there is not enough study to prove the volatility of share price movements. One of the most affected sectors is tourism namely airlines company. Therefore, this study is implemented to analyze the volatility rate for the share price of financial markets based on airlines company. This study uses one sample of companies from Malaysia Stock Exchange for an airline company that was affected by the COVID-19 outbreak. Data were collected from February 2020 until June 2022. The number of daily observations is 545 days. The distribution of return rate data follows non-normal distribution according to Jarque-Bera statistical test. Next, this study performed three types of unit root tests namely ADF, PP, and KPSS. All three statistical tests agreed that the return data achieved stationarity characteristics at the level. The mean equation for this study is using ARMA (2,2). Then, this study uses Generalized Auto-Regressive Conditional Heteroskedasticity (GARCH) for modeling volatility. The result shows there is high volatility clustering that exists during the COVID-19 outbreak. The value of AIC, SC, and HQN show the fittest model is TGARCH (1,1). The threshold effect is positive and significant. Therefore, the bad news is likely to be pronounced rather than the good news. Thus, it is important to investors in carefully evaluate their investment strategy to reduce their investment risk. The findings of this study help the government to develop suitable policies in assisting the economic and financial stability",0,THE INTERNATIONAL JOURNAL OF MANAGEMENT SCIENCE AND BUSINESS ADMINISTRATION,,True,10.18775/ijmsba.1849-5664-5419.2014.91.1004
Measuring the Spillover Effects from the Stock Market Volatility in Selected Major Economies to the Stock Market Volatility in the United Kingdom,Minko Markovski; Salman Almutawa; Jayendira P. Sankar,2026,stock market covid GARCH,Yes,"This study investigates volatility spillovers from the stock markets of the United States, Germany, China, and Japan to the UK stock market using daily data from major benchmark indices (FTSE 100, S&P 500, DAX, Shanghai Composite, and Nikkei 225) and Brent crude oil prices. Using a novel two-stage bootstrap framework, we first model time-varying conditional volatilities with GARCH-family models and compare them with long-memory FIGARCH specifications to account for persistent volatility dynamics. These volatilities are then incorporated into a VAR-X model, treating Brent crude oil price volatility as an endogenous or exogenous variable in robustness checks. To overcome limitations of traditional VARs, bootstrap-corrected GIRFs are employed to trace dynamic, order-invariant impacts across key sub-periods: the global financial crisis, Brexit, COVID-19, and the Ukraine war. We also benchmark our results against the Diebold–Yilmaz connectedness index and conduct rigorous out-of-sample forecasting and Value-at-Risk backtesting. Results reveal heterogeneous spillovers: US and German shocks trigger strong, immediate, and persistent UK market volatility, reflecting deep integration; Chinese shocks are delayed and gradual, while Japanese shocks are muted or short-lived. Spillover intensity is time-varying, peaking during global crises. Our model outperforms standard benchmarks in out-of-sample volatility forecasting and risk management applications. The study offers critical insights for investors seeking international diversification and for policymakers aiming to manage systemic risk in an interconnected global financial system.",0,Journal of Risk and Financial Management,JournalArticle,False,10.3390/jrfm19020117
Safe haven or risky bet? A study of gold prices during Indian stock market volatility,Amalendu Bhunia; Amit Das,2025,stock market covid GARCH,Yes,"The purpose of this study was to investigate whether gold served as a safe haven or a risky asset during periods of heightened volatility in the Indian stock market. Given India’s cultural and economic attachment to gold, this study explored the dynamic relationship between gold prices and stock market fluctuations, particularly during times of financial uncertainty. Using daily data from 2005 to 2023, the research employed GARCH (1,1), EGARCH (1,1), and DCC-GARCH models to analyze both the unconditional and time-varying correlations between gold returns and Nifty 50 returns. The findings revealed that gold exhibited significant safe-haven characteristics during extreme market downturns, offering protection to investors against stock market losses, with strong volatility persistence in both markets and significant leverage effects in the stock market. The DCC-GARCH model showed that gold exhibited a negative correlation with equities, particularly during periods of global financial crisis (2008–09), COVID-19 crash (2020), and Russia-Ukraine conflict (2022), confirming its role as a safe haven. The practical implications of this study are particularly relevant for investors, portfolio managers, and policymakers. Investors can use gold as an effective diversification tool to mitigate stock market risk, while policymakers can monitor gold price movements as indicators of investor sentiment and financial stability. The study contributed to the understanding of gold’s dual role in the Indian financial system as both a safe-haven asset and a speculative instrument, depending on market conditions.",0,Economy,JournalArticle,False,10.20448/economy.v12i2.7726
Cross-Market Risk Spillovers and Tail Dependence Between U.S. and Chinese Technology-Related Equity Markets,Xinmiao Zhou; Huihong Liu,2025,stock market covid GARCH,Yes,"This study investigates risk contagion and dependence structures between U.S. and Chinese technology-related stock markets, focusing on the electronics and semiconductor sectors. We employ DCC-GARCH models to capture time-varying correlations and copula models to analyze nonlinear and tail dependencies. To highlight extreme risk dynamics, we extend the analysis to Value-at-Risk (VaR) series derived from a GARCH(1,1)-Skewed-t model. Empirical results reveal three major findings. First, volatility clustering and negative skewness are evident across markets, with extreme downside risks concentrated during the 2015 Chinese stock market crash and the 2020 COVID-19 pandemic. Second, copula results show stronger upper-tail dependence in cross-border broad markets and more symmetric dependence within domestic Chinese markets, while U.S. sectoral linkages exhibit the highest vulnerability during downturns. Third, dynamic copula analysis indicates that downside contagion is episodic and crisis-driven, whereas rebound co-movements are structurally persistent. These findings contribute to understanding systemic vulnerability in global technology markets. They provide insights for investors, regulators, and policymakers on monitoring cross-market contagion and managing systemic risk under stress scenarios.",0,International Journal of Financial Studies,JournalArticle,False,10.3390/ijfs13040242
The impact of United States macroeconomic news announcements on the Johannesburg Stock Exchange,Chad V. Alfonso; I. Botha; Lydia Pelcher,2023,stock market covid GARCH,Yes,"Orientation: Macroeconomic news announcement poses a risk to stock returns, especially that of United States (US) on emerging markets because of globalisation.Research purpose: The purpose was to investigate the impact that US macroeconomic news announcements have on the Johannesburg Stock Exchange (JSE).Motivation for the study: Investment in financial markets is volatile. Globalisation means that greater economies’ macroeconomic news announcements could impact emerging financial markets. Knowing which announcements have an influence could improve investment decisions.Research design, approach and method: This study is qualitative, following secondary data analysis. Analysis was carried out using volatility modelling, paired with an event study to add robustness.Main findings: The generalised autoregressive conditional heteroskedastic (GARCH) models indicated that US macroeconomic news announcements made in relation to unemployment were statistically significant, with a negative impact on the JSE. This was supplemented by the event study in which interest rate announcements that were made in August 2008 (during the global financial crisis) were found to have a statistically significant impact on the JSE. The coronavirus disease 2019 (COVID-19) pandemic did not appear to have a statistically significant impact in the results obtained from the event study.Practical/managerial implications: Investment industry professionals and policymakers should consider unemployment announcements from the US to enhance investment decisions while managing stock market volatility.Contribution/value-add: The results make a novel contribution towards the findings during the initial COVID-19 period and generalisability of the method as well as the theoretical expansion of the theoretical application of globalisation on stock markets.",0,Acta Commercii,JournalArticle,True,10.4102/ac.v23i1.1135
Cryptocurrencies as a safe tool for portfolio before and during COVID-19 pandemic: cases of Bitcoin and Ethereum,Ghanem Shamseen; Salavat Sayfullin; Metin Mercan,2023,stock market covid GARCH,Yes,This research aims to analyze and explain the importance of diversification benefit of cryptocurrencies and its nature in accordance with its relation with other financial assets before and especially during the Covid-19 pandemic era. This paper will help investors to understand that how to manage a portfolio of cryptocurrencies in parallel with other financial assets and mainly cryptocurrencies since they were a safe investment option during the pandemic period due to the good defense these digital currencies activated against the covid-19 shock back in 2020. Paper used DCC-GARCH model to examine the safety of Bitcoin and Ethereum with financial market of S & P 500 and FTSE100.,0,Journal of Business,JournalArticle,True,10.31578/job.v12i1.233
PENGARUH PERGERAKAN RETURN BURSA SAHAM NEGARA ASEAN: TINJAUAN FENOMENA SPILLOVER ATAUKAH DAMPAK NILAI TUKAR?,I. Hidayatulloh,2022,stock market covid GARCH,Yes,"In March 2018, the United States announced a policy regarding import duties which contained restrictions on incoming goods from the People's Republic of China and early 2020, the whole world was faced with the COVID-19 pandemic causing many changes to macroeconomic indicators in many countries, including the stock market. This study uses historical data on the stock markets of the Americas, Indonesia, Singapore, Malaysia, the Philippines and Vietnam and the exchange rates of the Indonesian, Singaporean, Malaysian, Philippine and Vietnamese currencies against the USD to test whether there is a significant influence between the returns on the American stock market and the exchange rates. money of each country on stock market returns in Indonesia, Singapore, Malaysia, the Philippines and Vietnam. The author analyzes stock market returns using the Threshold GARCH method and continues by using the Standard GARCH method for heteroscedastic stock market returns and the Vector Autoregressive (VAR) method for non-heteroscedastic stock market returns. The results of the study show that the return on the American stock market and the exchange rates of currencies of ASEAN countries against the USD are related to the stock market returns of Indonesia, Singapore, Malaysia, the Philippines and Vietnam.",0,J-REMA: Jurnal Riset Ekonomi Manajemen dan Akuntansi,JournalArticle,True,10.25170/jrema.v1i3.4592
Investor’s Perspectives on Gold and Silver Investment in India,M.T. Shihabudheen; P.K. Santhosh Kumar,2025,stock market covid GARCH,Yes,"Gold and silver are considered precious metals not only because of their beautiful presentation but also because they would serve a role as investments. Thus, understanding how well they form part of investment portfolios and their capacity for hedging is critical. This study seeks to evaluate the investment prospects of gold and silver with respect to their functionality as hedging instruments against inflation and market volatility in the Indian market. We analysed the time-varying correlation between the Nifty index, inflation, gold, and silver using the GARCH-DCC framework, considering market volatility during the 2008 financial crisis and the COVID-19 pandemic. This study addresses the gap in the existing literature by analysing the role of gold and silver as hedging instruments in the Indian financial market over a comprehensive period from 2003 to 2023. Findings reveal that there is indeed a statistically significant positive correlation between silver and inflation, making silver an excellent hedge against inflation- albeit likely better than gold. During the financial crisis, gold’s correlation was a significant negative to the Nifty index- in other words, gold served as a strong hedge against declines in the stock market. The research focuses on the importance of gold as an asset in the financial market downturn, which was evidenced by its performance during the crisis of 2008. These findings will have practical implications in terms of hedging strategies and portfolio management within the ambit of the Indian financial market.",0,SDMIMD Journal of Management,JournalArticle,True,10.18311/sdmimd/2025/43844
Does the Jakarta Islamic Index Reflect Efficient Market? Insights from Calendar Effects and Volatility Modelling,Purwanto Widodo; Faizi Faizi; A. Kusuma,2025,stock market covid GARCH,Yes,"This study examines the efficiency of the Jakarta Islamic Index (JII) by testing for anomalies such as the Day of the Week Effect, Monday Effect, Friday Effect, and Week-Four Effect, both under normal conditions and during the Covid-19 crisis. This study seeks to determine whether JII adheres to the Efficient Market Hypothesis (EMH) or exhibits predictable patterns in stock returns. The study utilizes daily return data from JII, covering periods before (January 2008–February 2020), during (March 2020–December 2022), and combined before and during the Covid-19 crisis. Stationarity tests (Augmented Dickey-Fuller and Philips–Perron) were conducted, followed by ARMA/ARIMA modelling to address autocorrelation and heteroscedasticity. ARCH-GARCH models, including EGARCH, TARCH, and PARCH, were employed to analyze the volatility and leverage effects. Dummy variables for trading days and weeks are used to test for anomalies.  The results confirm the presence of the day of the week, Monday, and Week four effects in JII returns, indicating market inefficiency. However, the Covid-19 crisis did not significantly alter return patterns, suggesting resilience in the Islamic stock market. The study also identifies asymmetric volatility responses, with EGARCH (1,1) being the most suitable model, following a non-normal distribution (GED). These findings align with some prior research but contrast with others, highlighting mixed evidence on market anomalies in Islamic indices.",0,Journal of Social Commerce,JournalArticle,False,10.56209/jommerce.v5i3.184
MEASURING THE IMPACT OF COVID-19 PANDEMIC ON THE OIL PRICES VOLATILITY BY GARCH MODELING,O. Amiri; M. Remita,2022,stock market covid GARCH,Yes,"The aim of this work is the study of crude oil price volatility, particularly during the Covid-19 pandemic, which changed the world scene and inflicted serious crises not only in the global health system, but also in the international financial markets and economy. This economic situation has many policy makers, financiers and portfolio managers worried about avoiding the risk of potential damage. Hedging strategies are based on the correct estimation of price volatility. For this aim, we use the $GARCH$ model to measure the impact of volatility and shocks. More precisely, the model used for predicting volatility associated with the price variable is the $GARCH(1,2)$ model, in through this analysis. Although the $EGARCH$ and $TGARCH$ models are better for their asymmetry property of volatility, but the $GARCH(1,2)$ model was adopted because it presents lower values of the forecasting criteria compared to the two other models. The forecast is made for the last thr\'{e}e months of 2021. The result concludes that the predicted values and the current values are very close. The oil price series that will be examined here is $WTI$ (West Texas Intermediate).",0,Advances in Mathematics: Scientific Journal,,True,10.37418/amsj.11.6.2
The Financial Derivatives Market and the Pandemic: BioNTech and Moderna Volatility,A. Manelli; Roberta Pace; M. Leone,2023,stock market covid GARCH,Yes,"Global society’s comfort and well-established certainties have been unpredictably and foundationally undermined by the emergence of the COVID-19 virus. The announcement of the pandemic by the WHO has halted global economic activities, and the financial markets have recorded drastic losses. In this context of uncertainty and economic downturn, many traditional companies have been negatively impacted, but the biotechnology sector, which has already been growing for some years, registered high growth rates and earnings. In particular, this study focused on the two most significant biotech companies, BioNTech and Moderna, the two start-ups that first commercialized COVID-19 vaccines. The GARCH (1,1) model examines the relation of two stock prices and the volatility of derivatives markets before and after the outbreak of the pandemic. The variables used in the analysis are the U.S. technologic market index, the market volatility, and Brent future prices. The results suggest a different reaction of market volatility and Brent future prices on the return of both companies. Additionally, during the COVID-19 period, a contagion effect between both companies and the technological market was observed.",0,Journal of Risk and Financial Management,JournalArticle,True,10.3390/jrfm16100420
Comparisons of Market Crash Risks Between SARS and Covid-19 in China,Pin Li,2023,stock market covid GARCH,No,,0,,,False,
The Long-term Impact of Covid-19 on Insurance Industry: Evidence from Time Series Model,Chen Li; Yuyang Wang; Jiaxiang Zou,2023,stock market covid GARCH,Yes,"The worldwide COVID-19 pandemic had a significant influence on the global financial market. As one of the most important compositions of the market, insurance industry, inevitably, was also influenced severely by such pandemic both in China and abroad. To study the impact of COIVD-19 on the profit of business insurance, the source of data and the methods utilized to estimate it, including Unit Root Test, VAR Model, and ARMA-GARCH Model were introduced in this paper. The analysis pointed out that two influences COVID-19 brought to the insurance field were opposite. First, the growing demand for business insurance benefited the insurance company. Nevertheless, the capital escaped from the financial market due to its tendency of avoiding risks, which led to the drastic diving of the market. In the short term, the disadvantage of the pandemic to the insurance industry overwhelmed the advantage. Nonetheless, the market will recover and return to normal in the long run.",0,BCP Business &amp; Management,,True,10.54691/bcpbm.v38i.3819
The Predictive Power of Implied Volatility and GARCH Forecasted Volatility During the COVID-19 Pandemic: Evidence from Chinas Stock Market,Wei Zhang,2023,stock market covid GARCH,Yes,"In this study, we explore how the performance of several popular historical and forward-looking forecasting measures for equity index volatility is affected by the COVID-19 related uncertainty. Our findings present convincing evidence for the advantages of implied volatility in predicting future volatility in the context of the COVID-19 pandemic. Our results also reveal that GARCH forecasted volatility contains unique information about market risk, but the information efficiency is sensitive to economic uncertainty. Therefore, the empirical evidence from Chinas stock market is supportive of a popular theoretical view that GARCH and implied volatility capture different aspects of market uncertainty and an appropriate combination of both measures may perform best in terms of information efficiency. This article contributes to the stream of postCOVID19 literature on its impact on financial markets and provides useful implications for financial practitioners.",0,"Advances in Economics, Management and Political Sciences",JournalArticle,True,10.54254/2754-1169/4/2022937
Dynamic Return and Volatility Forecasts for Selected Economies: An Analysis of the Covid-19 Pandemic and the Russo-Ukraine Saga,Mohammad Talha; Gaytri Malhotra; Sabia Tabassum; Syed Mohammad Faisal,2025,stock market covid GARCH,Yes,"The goal of this paper is to forecast the return and volatility of specific emerging-market stock market returns. We gather adjusted daily closing prices covering the COVID-19 pandemic and RUSSO-Ukraine evasion, from December 31, 2019, to December 31, 2023. Standardised generalised autoregressive conditional heteroscedasticity (GARCH) models and autoregressive integrated moving averages (ARIMA) are used for empirical results. In terms of ARIMA, it shows that only 5 of the 11 countries have predictable stock returns when different autoregressive and moving average orders are followed. With reference to GARCH, it is discovered that every stock market records new information and experiences persistent volatility. It also shows that, in comparison, the volatility of the Chinese stock market is declining quickly. In order to help investors, portfolio managers, and stock market analysts make investment decisions based on expected return and risk, this paper provides insights. Plain Language Summary Dynamic Forecasts of Return and Volatility: Impact of COVID-19 and the Russia-Ukraine Conflict This study focuses on predicting stock returns and volatility in emerging markets during two major global events: the COVID-19 pandemic and the Russia-Ukraine conflict. Using daily stock market data from December 31, 2019, to December 31, 2023, we apply advanced statistical models (ARIMA and GARCH). The findings reveal that only 5 out of 11 countries show predictable stock returns using ARIMA models. However, GARCH analysis indicates that all markets experience persistent volatility as they respond to new information. Notably, China’s stock market shows a rapid decline in volatility. These insights aim to guide investors, portfolio managers, and analysts in making informed decisions about returns and risks in these markets.",0,SAGE Open,JournalArticle,False,10.1177/21582440251369158
Dynamic Linkages between Macroeconomic Indicators and the U.S. Stock Market,Zhenni Jin; Kunyang Guo,2025,stock market covid GARCH,Yes,"This study empirically examines the dynamic, predictive, and long-term relationships between major macroeconomic variables and U.S. stock market performance during the 2000–2023 period. Using the S&P 500 Total Return Index as a proxy for the U.S. equity market, the analysis applies an advanced econometric framework encompassing Granger causality tests, GARCH modeling, and Johansen cointegration analysis. Five key macroeconomic indicators interest rates, inflation, real GDP growth, exchange rates, and unemployment are selected for their relevance to monetary policy, investor sentiment, corporate valuation, and economic fundamentals. The results reveal that GDP growth and interest rates exert the most significant and consistent influence on stock returns, while inflation primarily affects market volatility, especially during periods of economic instability, and exchange rates and unemployment show weaker, short-lived effects. Impulse response analysis indicates that positive GDP shocks generate sustained gains in equity prices, whereas rising interest rates lead to declines by increasing discount rates. These findings support the semi-strong form of the Efficient Market Hypothesis and align with the Arbitrage Pricing Theory, suggesting that macroeconomic information is efficiently reflected in stock prices. The inclusion of time-varying volatility models, orthogonalized shocks, and out-of-sample forecasting enhances the robustness of the results. Covering major economic events such as the dot-com bubble, the 2008 financial crisis, the era of quantitative easing, and the COVID-19 pandemic, this study offers important insights for policymakers, institutional investors, and portfolio managers, emphasizing the importance of macroeconomic awareness in asset pricing, risk management, and strategic financial decision-making in today’s increasingly complex global markets.",0,Modern Economic Science,JournalArticle,False,10.65967/mes.v47i6.81
An Empirical Study of Bonds as a Safe Haven in Indonesia During COVID-19 and Russia-Ukraine War,Fahmi Arifin; R. Robiyanto; Yefta Andi Kus Noegroho; H. Harijono,2026,stock market covid GARCH,Yes,"This study examines whether government and corporate bonds in Indonesia act as hedging or safe haven assets during the COVID-19 pandemic and the Russia–Ukraine war. This study using data started from March 3, 2020 which is the date of the first Covid-19 case emerged in Indonesia to March 29, 2024 even though the war is not over yet on the time this study being conducted. The cut-off date for the Russia-Ukraine war is February 24, 2022. Generalized Autoregressive Conditional Heteroskedasticity (GARCH) is used in order to test the potential of bonds as hedges, while QREG used in order to test the potential of bond as safe haven. The findings show that during the period of financial and geopolitical crisis, Indonesian government and corporate bonds cannot be an effective safe haven or hedge against the stock market. While they can serve as diversification assets due to their stable volatility, these bonds lack the consistent negative correlation with the Composite Stock Price Index (CSPI) required for safe haven assets. Investors and portfolio managers should be cautious in relying on government bonds and corporate bonds as hedge against stock market declines. The results suggest that bonds may not provide the expected protection against stock market declines, so investors need to consider alternative diversification strategies or other hedging instruments when making investment decisions.",0,Media Ekonomi dan Manajemen,JournalArticle,False,10.56444/mem.v41i1.6311
The Effect of Covid-19 Pandemic on Stock Market Volatility: Tales from Two Sectors,William Tjandra Anter; M. Modjo,2023,stock market covid GARCH,Yes,"This study investigates the impact of the Covid-19 pandemic on the volatilities of two sectoral indices in Indonesia. The primary objective is to empirically examine the relationship between the occurrence of the pandemic, volatility, and trading volume. The authors employ GARCH modeling to analyze the two measurements, incorporating the Covid-19 variable as an external regressor. Data samples from two distinct sector indices of the Energy and Technology sectors in the Indonesian Stock Exchange are utilized, encompassing the periods before and after the initial Covid-19 case in Indonesia.",0,E3S Web of Conferences,JournalArticle; Conference,True,10.1051/e3sconf/202342601036
An examination of impact of gold and oil prices on the stock markets indices during COVID-19,Samreen Fatima; Fouzia Sohail; Yumna Sajid,2023,stock market covid GARCH,Yes,"Understanding stock market volatility has remained significantly important because of its diverse implications. The current pandemic COVID-19 has brutally exaggerated the financial market across the board. This study inspects the volatility of Pakistan, India and USA stock markets due to pandemic of COVID-19 using the GARCH model. Furthermore, the price of oil and gold is used as exogenous variables in the conditional mean equation of the GARCH (1,1) model to assess the volatility of stock indices KSE-100 (Pakistan), BSESN (India) and NASDAQ (USA). Moreover, the data covering the period from 1st June 2018 to 31st December 2022 are divided into pre-COVID-19 (1st June 2018 to 30th January 2020) and during-COVID-19 (31st January 2020 to 31st December 2022. Findings reveal that the stock market dependency of NASDAQ experienced oil and gold impact followed by pre-COVID-19 and during-COVID-19 periods, respectively. Whereas, the Indian stock market had a significant impact on gold and oil during the COVID-19 period but the Pakistani stock market was not influenced by oil and gold in the entire considered study period. In addition, NASDAQ market and BSESN have the highest risk-return trade-off and are more persistent followed by pre-COVID-19 and during-COVID-19 periods, respectively.",0,International Journal of Financial Engineering,JournalArticle,False,10.1142/s2424786323500111
Exploring illiquidity risk pre and during the COVID-19 pandemic era: Evidence from international financial markets,S. Enow,2023,stock market covid GARCH,Yes,"Research aims: Illiquidity risk is one of the complex issues that institutional investors and market participants continually face over time. It is because the constructs of illiquidity risk are sometimes complicated, robust, and not so evident in secondary markets. Hence, this study aims to empirically explore illiquidity risk before and during the COVID-19 pandemic to understand how much investors were expected to lose if they invested in stock markets during these periods.Design/Methodology/Approach: This study used a GARCH model and the Amihud illiquidity ratio to achieve its objective. Trading volumes and price returns for the JSE, CAC 40, DAX, Nasdaq, BIST 100, and SSE were from June 30, 2017, to June 30, 2019, and January 1, 2020, to December 31, 2021.Research findings: As expected, the findings revealed higher illiquidity risk during periods of financial distress, such as the COVID-19 pandemic. During the financial crisis, investors could lose up to $22268.44 a day in less developed markets, such as the JSE, while the average loss in developed markets ranged between $0.22 to $11.53 in the Nasdaq and DAX, respectively. On average, a much lower figure was observed before the financial crisis. The BIST100, CAC 40, DAX, and Nasdaq are excellent options for those seeking lower-risk premiums.Theoretical and Practitioner/Policy implication: Policies such as adequate market microstructure and greater transparency in trading are strongly recommended for less developed markets, especially during periods of financial distress. Also, the findings of this study provide valuable insight into short-term traders and market participants attracted to liquid markets, where they can easily enter and exit their positions with minimal transaction costs. To the author's knowledge, this paper is the first to model illiquidity risk in stock markets.Research limitation/Implication: It is possible that the current study did not accurately capture the cost of illiquidity in the sampled financial markets and cannot be applied to other financial markets.",0,Journal of Accounting and Investment,JournalArticle,True,10.18196/jai.v24i3.18139
