Price,Close,High,Low,Open,Volume
Ticker,^STOXX,^STOXX,^STOXX,^STOXX,^STOXX
Date,,,,,
2016-01-04,356.6600036621094,365.4800109863281,354.8299865722656,365.4800109863281,243130400
2016-01-05,358.8800048828125,360.5,354.94000244140625,358.0299987792969,206352600
2016-01-06,354.3500061035156,358.44000244140625,352.04998779296875,358.44000244140625,232094300
2016-01-07,346.510009765625,351.4700012207031,341.4599914550781,351.4700012207031,337412400
2016-01-08,341.3500061035156,349.5199890136719,341.3500061035156,346.5899963378906,268821900
2016-01-11,340.2300109863281,344.510009765625,340.19000244140625,340.5799865722656,269748200
2016-01-12,343.2200012207031,346.6700134277344,339.04998779296875,339.6600036621094,270171300
2016-01-13,344.6300048828125,349.5799865722656,343.2200012207031,345.29998779296875,279898100
2016-01-14,339.4200134277344,342.94000244140625,333.260009765625,342.94000244140625,348787600
2016-01-15,329.8399963378906,339.79998779296875,327.9200134277344,338.8800048828125,378769900
2016-01-18,328.6400146484375,333.8500061035156,327.1099853515625,330.04998779296875,284947300
2016-01-19,332.92999267578125,336.4599914550781,331.1499938964844,331.1499938964844,313181900
2016-01-20,322.2900085449219,328.7900085449219,320.4599914550781,328.7900085449219,409270100
2016-01-21,328.510009765625,330.2200012207031,321.69000244140625,322.510009765625,413156400
2016-01-22,338.3599853515625,340.5299987792969,330.7300109863281,330.7300109863281,364672300
2016-01-25,336.2699890136719,339.6000061035156,334.8500061035156,338.989990234375,279402700
2016-01-26,339.20001220703125,339.8299865722656,329.489990234375,333.510009765625,313560600
2016-01-27,340.239990234375,340.239990234375,335.8599853515625,338.69000244140625,275772100
2016-01-28,334.8900146484375,341.30999755859375,332.7799987792969,339.7200012207031,339279700
2016-01-29,342.2699890136719,342.2699890136719,336.4599914550781,337.1000061035156,342367500
2016-02-01,341.6099853515625,344.0799865722656,338.1400146484375,343.510009765625,296422100
2016-02-02,334.5899963378906,341.1300048828125,332.8900146484375,341.1300048828125,328707000
2016-02-03,329.42999267578125,335.1000061035156,326.010009765625,334.6400146484375,367537400
2016-02-04,328.760009765625,332.95001220703125,324.6600036621094,330.6400146484375,372182400
2016-02-05,325.8999938964844,331.1499938964844,325.3599853515625,328.29998779296875,385851000
2016-02-08,314.3599853515625,327.760009765625,313.239990234375,326.7799987792969,364791100
2016-02-09,309.3900146484375,316.54998779296875,306.1199951171875,314.67999267578125,449796900
2016-02-10,315.19000244140625,318.3900146484375,309.04998779296875,310.2799987792969,398242700
2016-02-11,303.5799865722656,313.6499938964844,302.5899963378906,313.6499938964844,445088400
2016-02-12,312.4100036621094,312.4100036621094,305.54998779296875,305.54998779296875,406347100
2016-02-15,321.760009765625,322.8699951171875,315.9700012207031,315.9700012207031,320025700
2016-02-16,320.3699951171875,324.25,318.6199951171875,322.760009765625,324463000
2016-02-17,328.7699890136719,328.80999755859375,320.45001220703125,320.45001220703125,350329500
2016-02-18,328.9100036621094,332.1099853515625,326.8699951171875,329.5,333436800
2016-02-19,326.3699951171875,329.7300109863281,324.0799865722656,328.2099914550781,298087000
2016-02-22,331.82000732421875,332.4200134277344,327.3299865722656,327.3299865722656,268581300
2016-02-23,327.7799987792969,331.8599853515625,327.510009765625,331.05999755859375,287281600
2016-02-24,320.2300109863281,326.989990234375,318.489990234375,326.989990234375,314745900
2016-02-25,326.5400085449219,327.79998779296875,321.7900085449219,321.7900085449219,300927000
2016-02-26,331.5400085449219,333.2300109863281,328.010009765625,328.010009765625,296913600
2016-02-29,333.9200134277344,334.1300048828125,327.4700012207031,330.3399963378906,333329300
2016-03-01,338.7200012207031,338.8699951171875,332.4100036621094,333.760009765625,303862300
2016-03-02,340.9700012207031,341.7200012207031,338.1199951171875,339.7900085449219,357191000
2016-03-03,339.4200134277344,341.260009765625,338.3500061035156,341.239990234375,310408500
2016-03-04,341.79998779296875,343.6700134277344,339.0899963378906,339.760009765625,314619500
2016-03-07,340.92999267578125,342.3699951171875,338.45001220703125,341.42999267578125,289626400
2016-03-08,337.4800109863281,340.2900085449219,336.19000244140625,339.75,330896000
2016-03-09,339.1400146484375,341.80999755859375,337.7900085449219,338.2799987792969,283276200
2016-03-10,333.5,347.6400146484375,333.5,339.6400146484375,462474900
2016-03-11,342.2300109863281,342.30999755859375,335.79998779296875,335.79998779296875,392427200
2016-03-14,344.6600036621094,346.1000061035156,342.9599914550781,342.9599914550781,341033600
2016-03-15,340.8599853515625,343.2300109863281,340.0899963378906,343.2300109863281,308785000
2016-03-16,341.0,342.4200134277344,338.75,340.9100036621094,275499300
2016-03-17,340.67999267578125,342.2900085449219,334.760009765625,341.75,359535700
2016-03-18,341.7099914550781,342.44000244140625,339.30999755859375,340.9100036621094,474060600
2016-03-21,340.82000732421875,343.6499938964844,338.82000732421875,340.3399963378906,242190000
2016-03-22,340.29998779296875,340.29998779296875,335.4200134277344,339.5400085449219,254996900
2016-03-23,340.07000732421875,342.45001220703125,338.54998779296875,340.2300109863281,226634400
2016-03-24,335.1000061035156,339.04998779296875,334.7099914550781,339.04998779296875,220577100
2016-03-29,336.7900085449219,338.3599853515625,334.6600036621094,335.82000732421875,253180400
2016-03-30,341.17999267578125,342.5,338.1400146484375,338.1400146484375,259962900
2016-03-31,337.5400085449219,340.25,336.8999938964844,340.25,308446700
2016-04-01,333.1499938964844,335.8800048828125,329.4700012207031,335.8800048828125,284105900
2016-04-04,334.489990234375,336.70001220703125,331.3299865722656,332.7799987792969,227780500
2016-04-05,328.1499938964844,332.9200134277344,327.75,332.9200134277344,290021000
2016-04-06,330.6499938964844,330.6499938964844,327.7699890136719,328.7300109863281,282276900
2016-04-07,328.1000061035156,332.0799865722656,327.0799865722656,330.3699951171875,294974700
2016-04-08,331.8599853515625,332.4100036621094,328.6199951171875,328.6199951171875,268151700
2016-04-11,332.8699951171875,334.7099914550781,329.1099853515625,331.79998779296875,259100100
2016-04-12,334.6400146484375,334.94000244140625,330.3999938964844,333.1600036621094,296168100
2016-04-13,343.05999755859375,343.05999755859375,336.45001220703125,336.45001220703125,394021400
2016-04-14,343.989990234375,344.4100036621094,341.7699890136719,342.8999938964844,342372100
2016-04-15,342.7900085449219,344.17999267578125,341.8900146484375,343.9100036621094,266573800
2016-04-18,344.20001220703125,344.6400146484375,338.1199951171875,341.6000061035156,241948400
2016-04-19,349.239990234375,349.42999267578125,345.2099914550781,345.2099914550781,297963600
2016-04-20,350.75,350.92999267578125,347.6199951171875,348.760009765625,284092400
2016-04-21,349.5899963378906,351.510009765625,346.9800109863281,350.8800048828125,332358300
2016-04-22,348.4599914550781,349.1199951171875,346.9200134277344,349.0899963378906,286886000
2016-04-25,346.67999267578125,349.3299865722656,345.3800048828125,348.5199890136719,236238300
2016-04-26,347.30999755859375,349.260009765625,346.6000061035156,346.92999267578125,278697000
2016-04-27,348.32000732421875,348.7900085449219,345.9700012207031,347.17999267578125,284990600
2016-04-28,348.8999938964844,348.8999938964844,343.1199951171875,347.3299865722656,301890200
2016-04-29,341.4800109863281,347.19000244140625,341.4100036621094,347.19000244140625,297051900
2016-05-02,341.239990234375,342.30999755859375,340.55999755859375,341.55999755859375,236250300
2016-05-03,335.55999755859375,341.1700134277344,335.05999755859375,341.1700134277344,313739400
2016-05-04,331.79998779296875,336.0199890136719,331.510009765625,335.25,279994900
2016-05-06,331.6700134277344,332.69000244140625,328.6400146484375,332.17999267578125,265394600
2016-05-09,333.2200012207031,336.3699951171875,332.260009765625,332.7200012207031,232003200
2016-05-10,336.239990234375,337.8900146484375,334.3800048828125,334.3800048828125,261187300
2016-05-11,334.739990234375,336.3900146484375,333.29998779296875,336.0400085449219,253656100
2016-05-12,333.1099853515625,337.55999755859375,331.3999938964844,334.04998779296875,257175300
2016-05-13,334.67999267578125,335.04998779296875,330.44000244140625,332.1600036621094,266942600
2016-05-17,334.7200012207031,338.7300109863281,333.29998779296875,336.0400085449219,269029700
2016-05-18,337.5799865722656,337.5799865722656,333.010009765625,334.1199951171875,255766800
2016-05-19,333.9100036621094,337.0799865722656,333.8999938964844,337.0299987792969,269472000
2016-05-20,338.010009765625,338.17999267578125,334.7300109863281,334.7300109863281,251900400
2016-05-23,336.69000244140625,339.3900146484375,335.2200012207031,337.8900146484375,213923100
2016-05-24,344.1199951171875,344.8699951171875,335.0,336.3900146484375,310513800
2016-05-25,348.55999755859375,349.2699890136719,345.2699890136719,345.2699890136719,309710900
2016-05-26,348.9100036621094,349.2300109863281,347.3800048828125,347.8800048828125,258499400
2016-05-27,349.6400146484375,349.6700134277344,348.05999755859375,348.42999267578125,209400200
2016-05-30,350.1400146484375,350.3599853515625,349.1400146484375,349.6600036621094,141681800
2016-05-31,347.45001220703125,351.1400146484375,346.9800109863281,350.4599914550781,547237200
2016-06-01,344.1199951171875,346.9200134277344,342.7300109863281,346.9200134277344,313199200
2016-06-02,344.3500061035156,345.0799865722656,343.1400146484375,343.8800048828125,289074100
2016-06-03,341.2900085449219,346.760009765625,339.45001220703125,344.75,283833000
2016-06-06,342.4100036621094,343.20001220703125,340.17999267578125,340.17999267578125,241084700
2016-06-07,346.260009765625,347.2900085449219,343.7300109863281,343.7300109863281,323059100
2016-06-08,344.55999755859375,345.69000244140625,343.4599914550781,345.69000244140625,273415000
2016-06-09,341.25,343.760009765625,340.4700012207031,343.760009765625,246199700
2016-06-10,332.9200134277344,340.7699890136719,332.70001220703125,340.7699890136719,294569100
2016-06-13,326.79998779296875,331.0899963378906,326.69000244140625,331.0899963378906,313840100
2016-06-14,320.5299987792969,325.260009765625,320.5299987792969,325.260009765625,396230500
2016-06-15,323.6300048828125,325.4700012207031,321.3500061035156,321.3500061035156,352173700
2016-06-16,321.2900085449219,321.94000244140625,318.510009765625,321.2699890136719,365468100
2016-06-17,325.7799987792969,326.9800109863281,322.6300048828125,322.6300048828125,495742600
2016-06-20,337.6700134277344,338.3800048828125,328.8399963378906,328.8399963378906,350830500
2016-06-21,340.0400085449219,340.9800109863281,336.19000244140625,337.70001220703125,322321500
2016-06-22,341.32000732421875,343.57000732421875,339.25,340.92999267578125,278346700
2016-06-23,346.3399963378906,348.1600036621094,341.7799987792969,341.79998779296875,350090300
2016-06-24,321.9800109863281,339.0400085449219,315.3599853515625,339.0400085449219,1109144300
2016-06-27,308.75,320.2799987792969,307.80999755859375,319.1700134277344,754137700
2016-06-28,316.70001220703125,319.2900085449219,311.45001220703125,311.45001220703125,507496200
2016-06-29,326.489990234375,326.489990234375,317.6000061035156,317.6000061035156,467263900
2016-06-30,329.8800048828125,329.8800048828125,323.4100036621094,325.6199951171875,471386100
2016-07-01,332.239990234375,333.04998779296875,328.7300109863281,330.510009765625,336413900
2016-07-04,329.7799987792969,333.6300048828125,329.3699951171875,332.7699890136719,259626800
2016-07-05,324.1700134277344,328.9200134277344,323.57000732421875,328.9200134277344,354040000
2016-07-06,318.760009765625,324.2300109863281,317.239990234375,322.8399963378906,451299600
2016-07-07,322.1199951171875,324.70001220703125,320.239990234375,320.239990234375,315960800
2016-07-08,327.3500061035156,327.6099853515625,320.9700012207031,321.5299987792969,355879800
2016-07-11,332.7200012207031,333.0,327.6499938964844,328.44000244140625,325997900
2016-07-12,336.260009765625,336.6199951171875,332.82000732421875,333.0199890136719,397449400
2016-07-13,335.8299865722656,338.1099853515625,335.8299865722656,336.8900146484375,364620400
2016-07-14,338.5,339.8800048828125,336.54998779296875,336.54998779296875,307132000
2016-07-15,337.9200134277344,338.8399963378906,336.19000244140625,338.2300109863281,270526300
2016-07-18,338.70001220703125,340.6099853515625,337.239990234375,338.0,249796900
2016-07-19,337.32000732421875,338.42999267578125,335.1700134277344,337.9599914550781,242530900
2016-07-20,340.80999755859375,340.8500061035156,337.6199951171875,337.92999267578125,247825700
2016-07-21,340.5799865722656,341.80999755859375,338.3599853515625,341.2699890136719,291767100
2016-07-22,340.3299865722656,340.7300109863281,338.1300048828125,340.239990234375,228449300
2016-07-25,340.92999267578125,343.0799865722656,339.7900085449219,340.8599853515625,221183300
2016-07-26,341.260009765625,342.19000244140625,338.9200134277344,340.4200134277344,243216400
2016-07-27,342.739990234375,344.0199890136719,341.8699951171875,341.8699951171875,307255100
2016-07-28,339.4700012207031,343.8399963378906,339.4700012207031,342.3999938964844,350850800
2016-07-29,341.8900146484375,342.1400146484375,339.6600036621094,340.55999755859375,320084400
2016-08-02,335.4700012207031,339.4599914550781,335.07000732421875,339.4599914550781,340782500
2016-08-03,335.5799865722656,336.7200012207031,334.20001220703125,336.29998779296875,303452000
2016-08-04,337.8399963378906,338.489990234375,336.0899963378906,336.3299865722656,264966700
2016-08-05,341.3800048828125,341.67999267578125,338.0,338.0,263348700
2016-08-08,341.5299987792969,343.04998779296875,340.9800109863281,341.3699951171875,219581000
2016-08-09,344.6700134277344,344.92999267578125,340.8900146484375,340.989990234375,240675200
2016-08-10,343.9800109863281,344.8800048828125,343.260009765625,344.20001220703125,219303000
2016-08-11,346.6600036621094,346.6600036621094,343.1600036621094,344.2099914550781,205627300
2016-08-12,346.0899963378906,346.989990234375,345.6499938964844,346.7300109863281,180891800
2016-08-15,346.04998779296875,347.5400085449219,345.69000244140625,346.2300109863281,153481800
2016-08-16,343.32000732421875,345.8299865722656,343.29998779296875,345.1099853515625,194725200
2016-08-17,340.4700012207031,344.69000244140625,340.2099914550781,344.17999267578125,204096100
2016-08-18,342.9100036621094,343.05999755859375,341.19000244140625,341.19000244140625,195802100
2016-08-19,340.1400146484375,342.8500061035156,338.82000732421875,342.69000244140625,222254700
2016-08-22,340.42999267578125,343.2699890136719,339.1600036621094,340.3399963378906,189702700
2016-08-23,343.6000061035156,344.260009765625,341.2300109863281,341.2300109863281,206004700
2016-08-24,344.92999267578125,345.70001220703125,341.55999755859375,342.760009765625,236403900
2016-08-25,342.0199890136719,343.8800048828125,340.79998779296875,343.8800048828125,202874300
2016-08-26,343.7200012207031,344.2900085449219,340.95001220703125,341.9200134277344,161379500
2016-08-29,343.20001220703125,343.4700012207031,341.3699951171875,343.239990234375,131220100
2016-08-30,344.75,345.8599853515625,343.4800109863281,343.4800109863281,196899300
2016-08-31,343.5299987792969,346.0299987792969,343.4200134277344,344.5400085449219,290557700
2016-09-01,343.6600036621094,346.8999938964844,342.7200012207031,344.2099914550781,308843700
2016-09-02,350.44000244140625,350.8500061035156,343.5299987792969,344.0400085449219,290333900
2016-09-05,350.6199951171875,351.7699890136719,350.45001220703125,350.70001220703125,191005900
2016-09-06,349.4599914550781,351.55999755859375,349.0899963378906,351.32000732421875,210267800
2016-09-07,350.4599914550781,351.010009765625,348.510009765625,349.55999755859375,253336200
2016-09-08,349.32000732421875,351.5199890136719,346.3399963378906,350.1499938964844,255448100
2016-09-09,345.5199890136719,348.8800048828125,344.8999938964844,348.67999267578125,246497900
2016-09-12,342.2300109863281,343.6199951171875,338.5,343.6199951171875,279348600
2016-09-13,338.7200012207031,344.1400146484375,338.7200012207031,342.739990234375,280878400
2016-09-14,338.4200134277344,340.6199951171875,338.260009765625,339.7099914550781,258835200
2016-09-15,340.3399963378906,340.6400146484375,337.8500061035156,338.29998779296875,243758500
2016-09-16,337.82000732421875,340.7799987792969,337.2799987792969,340.3800048828125,605509000
2016-09-19,341.2699890136719,341.5799865722656,338.7900085449219,338.7900085449219,196575600
2016-09-20,341.0,342.7799987792969,340.2900085449219,340.7900085449219,203933600
2016-09-21,342.4599914550781,344.8999938964844,342.25,342.8299865722656,212168300
2016-09-22,347.8599853515625,348.7900085449219,343.489990234375,343.489990234375,227712600
2016-09-23,345.3399963378906,347.3299865722656,344.75,347.3299865722656,206921000
2016-09-26,340.0,344.2699890136719,339.67999267578125,344.2699890136719,233062300
2016-09-27,340.19000244140625,342.2099914550781,337.6099853515625,340.94000244140625,234085600
2016-09-28,342.57000732421875,344.30999755859375,340.9700012207031,340.9700012207031,202707400
2016-09-29,342.7200012207031,346.25,341.9100036621094,344.0899963378906,229317000
2016-09-30,342.9200134277344,343.5400085449219,336.739990234375,341.2699890136719,345314800
2016-10-03,343.2300109863281,343.7799987792969,341.9800109863281,342.17999267578125,182350900
2016-10-04,346.1000061035156,347.2900085449219,343.2900085449219,343.3599853515625,295981400
2016-10-05,344.20001220703125,344.80999755859375,342.0299987792969,344.1700134277344,263230500
2016-10-06,342.82000732421875,345.45001220703125,342.82000732421875,344.70001220703125,247423200
2016-10-07,339.6400146484375,342.4599914550781,338.8999938964844,342.1099853515625,308332100
2016-10-10,341.9800109863281,342.29998779296875,337.67999267578125,339.2099914550781,226390900
2016-10-11,340.1700134277344,343.010009765625,339.8900146484375,341.6099853515625,244321200
2016-10-12,338.55999755859375,340.8900146484375,338.489990234375,340.3800048828125,252858600
2016-10-13,335.6199951171875,337.489990234375,333.7099914550781,337.489990234375,282680600
2016-10-14,339.95001220703125,341.3599853515625,336.2699890136719,336.2699890136719,259036000
2016-10-17,337.4200134277344,339.8800048828125,337.2200012207031,339.57000732421875,225795600
2016-10-18,342.4800109863281,342.760009765625,338.6499938964844,338.6499938964844,248877400
2016-10-19,343.6400146484375,344.25,341.239990234375,342.2799987792969,235608000
2016-10-20,344.2900085449219,344.9599914550781,340.760009765625,343.69000244140625,274164900
2016-10-21,344.2900085449219,345.44000244140625,343.2799987792969,344.5299987792969,231507400
2016-10-24,344.260009765625,347.0299987792969,344.19000244140625,344.95001220703125,229863200
2016-10-25,343.07000732421875,345.6499938964844,342.5799865722656,344.6099853515625,245621400
2016-10-26,341.760009765625,342.79998779296875,339.8299865722656,342.79998779296875,259996100
2016-10-27,341.7099914550781,343.32000732421875,339.9100036621094,341.5799865722656,276663500
2016-10-28,340.79998779296875,341.1099853515625,338.29998779296875,340.7699890136719,266681600
2016-10-31,338.9700012207031,340.4100036621094,338.30999755859375,340.4100036621094,227155400
2016-11-01,335.3299865722656,340.739990234375,335.04998779296875,340.0400085449219,211364000
2016-11-02,331.54998779296875,334.5400085449219,331.54998779296875,334.5400085449219,259488100
2016-11-03,331.55999755859375,334.04998779296875,330.9700012207031,331.6300048828125,268058500
2016-11-04,328.79998779296875,330.8900146484375,327.75,330.8900146484375,257188100
2016-11-07,333.8399963378906,333.8399963378906,329.6499938964844,329.6499938964844,249527200
2016-11-08,334.9100036621094,335.0799865722656,333.0,334.05999755859375,224518900
2016-11-09,339.80999755859375,339.8999938964844,327.0199890136719,330.3500061035156,447491500
2016-11-10,338.8800048828125,344.29998779296875,337.4800109863281,341.2200012207031,498051500
2016-11-11,337.5,341.0899963378906,336.5899963378906,339.5899963378906,325752900
2016-11-14,338.2300109863281,341.9800109863281,337.3599853515625,338.45001220703125,322645900
2016-11-15,339.1600036621094,339.760009765625,337.2300109863281,337.79998779296875,297759300
2016-11-16,338.4700012207031,341.20001220703125,337.1700134277344,340.4700012207031,263727300
2016-11-17,340.6000061035156,340.80999755859375,337.5400085449219,338.1099853515625,280621400
2016-11-18,339.3900146484375,342.0799865722656,339.0799865722656,341.260009765625,300175700
2016-11-21,340.2300109863281,340.8399963378906,336.6700134277344,339.4200134277344,235935300
2016-11-22,341.0199890136719,342.6099853515625,340.9599914550781,341.3900146484375,263751400
2016-11-23,340.7699890136719,341.80999755859375,338.95001220703125,340.7699890136719,261940800
2016-11-24,341.8399963378906,342.1099853515625,340.1700134277344,341.1700134277344,163999200
2016-11-25,342.45001220703125,342.55999755859375,340.7099914550781,341.5199890136719,170081200
2016-11-28,339.8299865722656,341.8699951171875,339.010009765625,341.8699951171875,233793000
2016-11-29,340.95001220703125,341.07000732421875,338.1199951171875,339.260009765625,242485700
2016-11-30,341.989990234375,343.3399963378906,340.25,340.5199890136719,411378500
2016-12-01,340.8599853515625,342.3699951171875,339.55999755859375,342.1199951171875,304144900
2016-12-02,339.3599853515625,340.19000244140625,336.3599853515625,338.8900146484375,248258900
2016-12-05,341.2699890136719,344.7900085449219,338.9700012207031,339.8800048828125,314821900
2016-12-06,344.57000732421875,344.57000732421875,340.3800048828125,341.5400085449219,316147600
2016-12-07,347.70001220703125,347.70001220703125,345.4599914550781,345.4599914550781,394374100
2016-12-08,351.9599914550781,352.1499938964844,347.2699890136719,348.4599914550781,388524300
2016-12-09,355.3800048828125,355.8599853515625,352.0400085449219,352.0400085449219,298049100
2016-12-12,353.739990234375,355.9599914550781,353.1499938964844,355.25,280674300
2016-12-13,357.5,357.67999267578125,352.8599853515625,353.4200134277344,349473900
2016-12-14,355.7200012207031,357.04998779296875,355.45001220703125,356.6400146484375,322903300
2016-12-15,358.7900085449219,359.3800048828125,355.80999755859375,356.1099853515625,378172100
2016-12-16,360.0199890136719,360.57000732421875,357.8399963378906,358.6300048828125,405534300
2016-12-19,359.5899963378906,360.0,358.95001220703125,359.8599853515625,221117000
2016-12-20,361.32000732421875,361.32000732421875,359.4200134277344,359.7799987792969,246186500
2016-12-21,360.55999755859375,361.32000732421875,359.92999267578125,360.6600036621094,217080700
2016-12-22,359.82000732421875,360.4200134277344,358.7200012207031,360.0899963378906,189152900
2016-12-23,359.9800109863281,360.3999938964844,359.4800109863281,359.8900146484375,126177200
2016-12-27,360.4800109863281,360.79998779296875,360.260009765625,360.260009765625,92394100
2016-12-28,361.5299987792969,361.5299987792969,360.3399963378906,360.5199890136719,145947500
2016-12-29,360.260009765625,360.8800048828125,359.3900146484375,360.4200134277344,124520500
2016-12-30,361.4200134277344,361.6600036621094,358.8299865722656,360.2200012207031,117833700
2017-01-03,365.7099914550781,367.07000732421875,364.25,364.25,254745400
2017-01-04,365.260009765625,366.19000244140625,363.95001220703125,365.6099853515625,223362800
2017-01-05,365.6400146484375,365.9200134277344,363.6600036621094,364.0199890136719,217579800
2017-01-06,365.45001220703125,365.7799987792969,364.3299865722656,365.07000732421875,179973000
2017-01-09,363.6700134277344,365.5299987792969,363.0400085449219,365.1000061035156,213225700
2017-01-10,364.07000732421875,364.3299865722656,362.2300109863281,363.4800109863281,243849800
2017-01-11,364.8999938964844,366.3699951171875,362.8399963378906,364.260009765625,245177300
2017-01-12,362.510009765625,364.45001220703125,361.9700012207031,364.2300109863281,247813200
2017-01-13,365.94000244140625,365.94000244140625,363.1199951171875,363.1199951171875,241537800
2017-01-16,362.9700012207031,364.5199890136719,362.9700012207031,364.5199890136719,183428100
2017-01-17,362.4200134277344,363.760009765625,360.4599914550781,362.70001220703125,234072300
2017-01-18,363.07000732421875,363.5799865722656,361.0299987792969,362.6199951171875,221042000
2017-01-19,362.8500061035156,364.1400146484375,361.6600036621094,363.2099914550781,235406000
2017-01-20,362.5799865722656,363.6400146484375,361.3900146484375,362.4800109863281,243232900
2017-01-23,361.010009765625,362.17999267578125,359.9200134277344,362.17999267578125,200686200
2017-01-24,361.9200134277344,362.4200134277344,360.9700012207031,361.29998779296875,268658600
2017-01-25,366.5899963378906,366.9200134277344,363.0400085449219,363.0400085449219,314694400
2017-01-26,367.5,368.8500061035156,366.989990234375,367.4200134277344,271127100
2017-01-27,366.3800048828125,367.19000244140625,365.3500061035156,367.1400146484375,237454400
2017-01-30,362.54998779296875,365.8999938964844,361.989990234375,365.8999938964844,237722300
2017-01-31,360.1199951171875,363.8599853515625,360.1199951171875,362.4800109863281,280616700
2017-02-01,363.20001220703125,364.8299865722656,361.19000244140625,361.19000244140625,245008500
2017-02-02,361.95001220703125,363.55999755859375,361.4100036621094,362.8299865722656,252427800
2017-02-03,364.07000732421875,364.80999755859375,362.510009765625,362.67999267578125,250320200
2017-02-06,361.6000061035156,364.9100036621094,361.5,364.3399963378906,214155300
2017-02-07,362.739990234375,363.8699951171875,361.3900146484375,361.94000244140625,225314800
2017-02-08,363.94000244140625,365.010009765625,361.7900085449219,363.8399963378906,271661800
2017-02-09,366.7900085449219,367.0400085449219,364.2099914550781,364.54998779296875,240412600
2017-02-10,367.3900146484375,368.1000061035156,366.2900085449219,367.0799865722656,237218800
2017-02-13,370.1300048828125,370.8999938964844,367.82000732421875,367.82000732421875,195354800
2017-02-14,370.20001220703125,370.3599853515625,369.1400146484375,370.1700134277344,213784200
2017-02-15,371.4700012207031,372.0899963378906,370.239990234375,370.67999267578125,224924800
2017-02-16,370.1000061035156,371.55999755859375,369.4599914550781,371.3500061035156,210963800
2017-02-17,370.2200012207031,370.6400146484375,367.739990234375,370.2799987792969,245513100
2017-02-20,371.0400085449219,371.8900146484375,370.3999938964844,371.19000244140625,165844600
2017-02-21,373.3999938964844,373.94000244140625,369.94000244140625,371.20001220703125,227992800
2017-02-22,373.3800048828125,375.42999267578125,372.5400085449219,374.1300048828125,290006600
2017-02-23,372.8500061035156,374.2099914550781,372.42999267578125,373.2300109863281,257813000
2017-02-24,370.010009765625,372.75,367.70001220703125,372.7099914550781,264898800
2017-02-27,369.5199890136719,370.5799865722656,368.4700012207031,369.7200012207031,224144800
2017-02-28,370.239990234375,370.6400146484375,369.1300048828125,369.69000244140625,269255200
2017-03-01,375.69000244140625,375.7699890136719,371.5199890136719,371.5199890136719,313372000
2017-03-02,375.6099853515625,376.1499938964844,374.9100036621094,375.6199951171875,255438300
2017-03-03,375.2300109863281,375.2300109863281,373.82000732421875,374.8999938964844,256669800
2017-03-06,373.2699890136719,374.42999267578125,372.4200134277344,374.42999267578125,208225600
2017-03-07,372.2699890136719,373.45001220703125,371.6000061035156,373.04998779296875,213126900
2017-03-08,372.5799865722656,373.42999267578125,371.239990234375,372.2200012207031,233453900
2017-03-09,372.8900146484375,373.44000244140625,371.0799865722656,372.5299987792969,300592600
2017-03-10,373.2300109863281,374.8900146484375,373.0199890136719,373.4200134277344,283263600
2017-03-13,374.6400146484375,375.0799865722656,373.19000244140625,373.25,193675600
2017-03-14,373.4599914550781,374.3299865722656,372.5899963378906,374.29998779296875,240977800
2017-03-15,375.1000061035156,375.19000244140625,373.8999938964844,374.2099914550781,231515700
2017-03-16,377.7300109863281,377.760009765625,375.9100036621094,375.9100036621094,312455200
2017-03-17,378.32000732421875,378.5,376.239990234375,376.7900085449219,415325100
2017-03-20,377.67999267578125,378.4100036621094,377.1499938964844,377.95001220703125,186100800
2017-03-21,375.6700134277344,379.2200012207031,375.2799987792969,377.8599853515625,265800200
2017-03-22,374.0299987792969,374.6099853515625,371.9700012207031,374.6099853515625,267156000
2017-03-23,377.20001220703125,377.20001220703125,373.55999755859375,374.1099853515625,237995200
2017-03-24,376.510009765625,376.8800048828125,375.3800048828125,376.8699951171875,197246600
2017-03-27,375.010009765625,375.44000244140625,372.92999267578125,375.44000244140625,214748200
2017-03-28,377.29998779296875,377.3699951171875,375.25,375.54998779296875,228090400
2017-03-29,378.5299987792969,378.6099853515625,376.7200012207031,377.17999267578125,215446000
2017-03-30,380.4599914550781,380.4800109863281,378.4200134277344,378.5799865722656,208396100
2017-03-31,381.1400146484375,381.5,378.760009765625,380.4200134277344,252625200
2017-04-03,379.2900085449219,382.739990234375,379.260009765625,382.19000244140625,230954200
2017-04-04,380.0299987792969,380.0799865722656,378.6300048828125,379.04998779296875,235319300
2017-04-05,380.0899963378906,381.7099914550781,379.82000732421875,380.07000732421875,222021800
2017-04-06,380.7699890136719,380.9800109863281,377.1600036621094,379.0400085449219,228192000
2017-04-07,381.260009765625,381.260009765625,378.8999938964844,380.0199890136719,208137700
2017-04-10,381.25,381.6700134277344,380.3999938964844,381.6400146484375,180661100
2017-04-11,381.17999267578125,382.5199890136719,379.30999755859375,380.57000732421875,236871400
2017-04-12,381.8999938964844,383.9100036621094,381.6000061035156,381.7799987792969,236708100
2017-04-13,380.5799865722656,381.3599853515625,379.8500061035156,381.3599853515625,203785000
2017-04-18,376.3500061035156,381.3699951171875,376.3500061035156,380.9599914550781,276057500
2017-04-19,377.239990234375,378.0199890136719,376.2300109863281,376.4700012207031,268246900
2017-04-20,378.05999755859375,378.54998779296875,376.2799987792969,376.9599914550781,240977200
2017-04-21,378.1199951171875,379.2099914550781,377.1700134277344,378.2200012207031,277920200
2017-04-24,386.0899963378906,386.2300109863281,379.04998779296875,379.04998779296875,395930900
2017-04-25,386.9100036621094,387.989990234375,386.1499938964844,386.2099914550781,260042900
2017-04-26,388.7300109863281,388.8800048828125,386.2900085449219,386.6099853515625,277452700
2017-04-27,387.7900085449219,388.2099914550781,386.8299865722656,388.1700134277344,283817900
2017-04-28,387.0899963378906,387.6700134277344,386.7300109863281,387.3599853515625,296350500
2017-05-02,389.5299987792969,389.5299987792969,386.69000244140625,386.69000244140625,245993000
2017-05-03,389.3699951171875,389.3900146484375,388.4599914550781,389.3399963378906,208832200
2017-05-04,391.9800109863281,391.9800109863281,389.7099914550781,389.7099914550781,308256200
2017-05-05,394.5400085449219,394.5400085449219,390.45001220703125,391.44000244140625,292496800
2017-05-08,394.0400085449219,395.1499938964844,393.2699890136719,394.94000244140625,253340100
2017-05-09,395.80999755859375,396.239990234375,394.4599914550781,394.4599914550781,233450800
2017-05-10,396.45001220703125,396.45001220703125,394.6099853515625,395.82000732421875,253936800
2017-05-11,394.3900146484375,396.4700012207031,393.4700012207031,396.4700012207031,279011100
2017-05-12,395.6300048828125,395.6300048828125,394.20001220703125,394.57000732421875,252208400
2017-05-15,395.9700012207031,396.54998779296875,394.70001220703125,396.1000061035156,216307800
2017-05-16,395.9100036621094,396.44000244140625,394.75,395.7200012207031,251078300
2017-05-17,391.1400146484375,395.44000244140625,390.1499938964844,394.760009765625,277400100
2017-05-18,389.19000244140625,390.6000061035156,386.4599914550781,390.6000061035156,324214400
2017-05-19,391.510009765625,391.70001220703125,389.1199951171875,389.1199951171875,257159600
2017-05-22,391.1400146484375,392.4800109863281,390.79998779296875,391.8999938964844,208410600
2017-05-23,392.0199890136719,392.6199951171875,390.4700012207031,390.7900085449219,214533400
2017-05-24,392.3699951171875,392.7799987792969,391.6300048828125,392.4200134277344,214143900
2017-05-26,391.3500061035156,391.57000732421875,389.44000244140625,391.5,218006200
2017-05-29,391.25,391.6600036621094,390.7799987792969,391.6600036621094,179035700
2017-05-30,390.5,391.0,388.9700012207031,390.510009765625,217479300
2017-05-31,389.989990234375,392.2699890136719,389.510009765625,390.0899963378906,441743700
2017-06-01,391.6600036621094,391.92999267578125,389.54998779296875,389.54998779296875,254851000
2017-06-02,392.54998779296875,394.67999267578125,391.75,392.1600036621094,250269500
2017-06-06,389.3999938964844,391.29998779296875,388.8599853515625,391.29998779296875,227166200
2017-06-07,389.17999267578125,391.80999755859375,388.45001220703125,389.32000732421875,257828300
2017-06-08,389.1499938964844,390.510009765625,388.3699951171875,389.4200134277344,256795700
2017-06-09,390.3900146484375,390.6400146484375,387.55999755859375,387.55999755859375,256925900
2017-06-12,386.6199951171875,389.6000061035156,386.1700134277344,389.6000061035156,206200800
2017-06-13,388.75,389.489990234375,387.2799987792969,387.2799987792969,200151500
2017-06-14,387.5799865722656,391.44000244140625,387.5799865722656,389.4800109863281,251817200
2017-06-15,386.04998779296875,387.5299987792969,383.739990234375,387.5299987792969,270359000
2017-06-16,388.6000061035156,388.67999267578125,386.489990234375,386.489990234375,453412700
2017-06-19,391.94000244140625,392.45001220703125,389.8299865722656,389.8299865722656,170201800
2017-06-20,389.2099914550781,393.260009765625,389.2099914550781,391.9599914550781,221844300
2017-06-21,388.5,389.0899963378906,385.8299865722656,388.69000244140625,223803300
2017-06-22,388.5299987792969,388.7099914550781,386.1000061035156,388.2099914550781,210175500
2017-06-23,387.6199951171875,388.760009765625,386.4100036621094,388.6600036621094,195310200
2017-06-26,389.04998779296875,390.9100036621094,388.3500061035156,388.3500061035156,193992000
2017-06-27,385.9800109863281,388.6400146484375,385.57000732421875,388.6400146484375,219752300
2017-06-28,385.82000732421875,386.5799865722656,382.010009765625,384.95001220703125,265893600
2017-06-29,380.6600036621094,387.7300109863281,380.2200012207031,386.2300109863281,279651200
2017-06-30,379.3699951171875,382.79998779296875,379.0400085449219,380.67999267578125,255432400
2017-07-03,383.4100036621094,383.79998779296875,379.9599914550781,379.9599914550781,198747000
2017-07-04,382.29998779296875,383.57000732421875,381.739990234375,382.8399963378906,165789200
2017-07-05,382.989990234375,383.2799987792969,381.1199951171875,382.29998779296875,223712000
2017-07-06,380.42999267578125,382.9700012207031,378.45001220703125,382.9700012207031,218181400
2017-07-07,380.17999267578125,380.3299865722656,378.8299865722656,380.30999755859375,169003000
2017-07-10,381.6400146484375,382.2099914550781,380.6300048828125,380.7699890136719,163494700
2017-07-11,379.1499938964844,382.9700012207031,378.95001220703125,381.7900085449219,178211500
2017-07-12,384.8999938964844,385.5799865722656,379.239990234375,379.239990234375,206258600
2017-07-13,386.1400146484375,387.17999267578125,385.0400085449219,385.2200012207031,218776000
2017-07-14,386.8399963378906,386.8399963378906,385.489990234375,386.42999267578125,188759600
2017-07-17,386.8599853515625,387.8900146484375,385.9200134277344,387.1099853515625,157998500
2017-07-18,382.5799865722656,386.2900085449219,382.0299987792969,386.2099914550781,190231800
2017-07-19,385.5400085449219,385.70001220703125,383.1700134277344,383.7699890136719,188610400
2017-07-20,384.07000732421875,387.3399963378906,382.94000244140625,385.3699951171875,205080800
2017-07-21,380.1600036621094,384.54998779296875,379.010009765625,383.7699890136719,207258700
2017-07-24,379.2300109863281,380.7699890136719,378.0,380.5199890136719,227795600
2017-07-25,380.7699890136719,382.3800048828125,379.0400085449219,379.0400085449219,207666400
2017-07-26,382.739990234375,383.7300109863281,380.75,380.760009765625,186515900
2017-07-27,382.32000732421875,383.6400146484375,381.510009765625,382.3999938964844,216392700
2017-07-28,378.3399963378906,380.7799987792969,377.239990234375,380.7799987792969,208541000
2017-07-31,377.8500061035156,380.07000732421875,377.57000732421875,378.4200134277344,209676800
2017-08-02,378.6300048828125,380.4800109863281,377.9100036621094,380.010009765625,178749900
2017-08-03,378.92999267578125,379.5299987792969,377.1700134277344,378.510009765625,191090900
2017-08-04,382.5299987792969,383.0799865722656,378.20001220703125,378.6600036621094,185831900
2017-08-07,382.010009765625,383.1400146484375,381.3999938964844,382.3999938964844,145694300
2017-08-08,382.6499938964844,383.2300109863281,380.80999755859375,381.8500061035156,150433100
2017-08-09,379.8399963378906,382.32000732421875,378.6499938964844,382.32000732421875,196034800
2017-08-10,376.04998779296875,379.510009765625,375.4200134277344,379.510009765625,177155000
2017-08-11,372.1400146484375,374.6499938964844,371.5799865722656,374.6499938964844,192495100
2017-08-14,376.1600036621094,376.8900146484375,372.80999755859375,372.80999755859375,142400200
2017-08-15,376.5,377.7900085449219,375.8500061035156,376.70001220703125,131267300
2017-08-16,379.0899963378906,379.8599853515625,376.8999938964844,376.8999938964844,151178800
2017-08-17,376.8699951171875,379.4800109863281,376.6700134277344,378.6700134277344,159580000
2017-08-18,374.20001220703125,375.489990234375,372.8900146484375,375.489990234375,173245100
2017-08-21,372.7200012207031,374.510009765625,371.7300109863281,373.45001220703125,140671000
2017-08-22,375.79998779296875,375.9700012207031,373.4100036621094,373.4100036621094,159373600
2017-08-23,373.9200134277344,376.32000732421875,373.2099914550781,375.70001220703125,153689900
2017-08-24,374.510009765625,376.1300048828125,374.4599914550781,374.4800109863281,178062800
2017-08-25,374.07000732421875,376.19000244140625,374.07000732421875,374.92999267578125,133353500
2017-08-28,372.2900085449219,373.6300048828125,371.8500061035156,373.2099914550781,115130100
2017-08-29,368.4200134277344,371.2300109863281,365.989990234375,371.2300109863281,199029100
2017-08-30,371.010009765625,371.6199951171875,369.8800048828125,369.8900146484375,154536800
2017-08-31,373.8800048828125,374.7900085449219,371.7300109863281,371.7300109863281,210610000
2017-09-01,376.1400146484375,376.8500061035156,374.55999755859375,374.55999755859375,156019700
2017-09-04,374.17999267578125,375.0299987792969,373.739990234375,375.0299987792969,110400800
2017-09-05,373.7099914550781,375.8900146484375,373.4100036621094,374.19000244140625,154858400
2017-09-06,373.95001220703125,374.6300048828125,371.6199951171875,372.9599914550781,190717300
2017-09-07,374.95001220703125,375.9100036621094,373.3999938964844,374.1300048828125,182415900
2017-09-08,375.510009765625,375.6400146484375,373.4200134277344,374.3299865722656,165574300
2017-09-11,379.42999267578125,379.42999267578125,376.3900146484375,376.3900146484375,169796200
2017-09-12,381.4200134277344,381.9800109863281,379.79998779296875,379.79998779296875,191566000
2017-09-13,381.3399963378906,382.1600036621094,379.92999267578125,381.0,208580700
2017-09-14,381.7900085449219,382.20001220703125,380.55999755859375,381.239990234375,246391100
2017-09-15,380.7099914550781,381.9800109863281,380.0199890136719,381.9800109863281,345195600
2017-09-18,381.95001220703125,383.0799865722656,381.55999755859375,381.92999267578125,182126000
2017-09-19,382.1199951171875,382.1600036621094,380.9700012207031,381.260009765625,177053400
2017-09-20,381.9800109863281,382.5799865722656,381.29998779296875,381.739990234375,182333600
2017-09-21,382.8800048828125,383.5899963378906,382.2300109863281,382.6199951171875,197519500
2017-09-22,383.2200012207031,383.67999267578125,382.07000732421875,382.260009765625,164962000
2017-09-25,383.8999938964844,384.5299987792969,383.44000244140625,383.6400146484375,160841700
2017-09-26,384.0299987792969,384.6199951171875,383.4700012207031,384.0799865722656,168058900
2017-09-27,385.6199951171875,386.30999755859375,384.1300048828125,384.1300048828125,215333300
2017-09-28,386.3599853515625,386.3599853515625,384.9599914550781,385.6600036621094,190236700
2017-09-29,388.1600036621094,388.1600036621094,385.9200134277344,386.25,202290800
2017-10-02,390.1300048828125,390.1300048828125,388.42999267578125,388.42999267578125,208558700
2017-10-03,390.7200012207031,390.7200012207031,389.8599853515625,390.32000732421875,158753600
2017-10-04,390.3999938964844,391.0899963378906,389.29998779296875,390.95001220703125,246650300
2017-10-05,391.0299987792969,391.0299987792969,389.2699890136719,389.8299865722656,215419900
2017-10-06,389.4700012207031,390.9700012207031,388.8699951171875,390.760009765625,187569100
2017-10-09,390.2099914550781,391.05999755859375,389.7099914550781,389.9800109863281,166770000
2017-10-10,390.1600036621094,390.6099853515625,389.3699951171875,389.80999755859375,192484900
2017-10-11,390.1499938964844,390.57000732421875,389.29998779296875,389.9800109863281,260032200
2017-10-12,390.2799987792969,390.57000732421875,389.32000732421875,390.3699951171875,177535900
2017-10-13,391.4200134277344,392.05999755859375,390.6400146484375,391.3800048828125,181652900
2017-10-16,391.4100036621094,392.4200134277344,391.29998779296875,392.0899963378906,179941100
2017-10-17,390.44000244140625,391.8999938964844,390.44000244140625,391.7099914550781,208291700
2017-10-18,391.55999755859375,392.2799987792969,390.489990234375,390.6499938964844,163187600
2017-10-19,389.1099853515625,391.1700134277344,387.80999755859375,391.1700134277344,211707600
2017-10-20,390.1300048828125,390.510009765625,389.32000732421875,389.3900146484375,202514800
2017-10-23,390.739990234375,391.5899963378906,389.79998779296875,390.6499938964844,148676400
2017-10-24,389.3299865722656,391.30999755859375,389.1400146484375,390.44000244140625,192482300
2017-10-25,387.1300048828125,390.5199890136719,386.739990234375,388.9800109863281,208234300
2017-10-26,391.2699890136719,391.45001220703125,386.44000244140625,387.0199890136719,269944400
2017-10-27,393.42999267578125,393.760009765625,392.2200012207031,392.25,240508300
2017-10-30,393.9100036621094,394.489990234375,392.82000732421875,393.239990234375,193021200
2017-10-31,395.2200012207031,395.5299987792969,393.95001220703125,394.0199890136719,182574000
2017-11-01,396.7699890136719,398.04998779296875,395.9100036621094,395.9100036621094,244139500
2017-11-02,394.94000244140625,397.0400085449219,393.6300048828125,396.3999938964844,231624100
2017-11-03,396.05999755859375,396.17999267578125,394.8800048828125,395.3599853515625,178824000
2017-11-06,396.5899963378906,396.9200134277344,395.3999938964844,395.8999938964844,165717000
2017-11-07,394.6499938964844,397.79998779296875,394.30999755859375,397.0400085449219,194627000
2017-11-08,394.45001220703125,395.1700134277344,393.010009765625,394.67999267578125,214841300
2017-11-09,390.07000732421875,394.739990234375,389.6400146484375,394.5799865722656,237674800
2017-11-10,388.69000244140625,390.989990234375,388.3599853515625,390.3399963378906,210929000
2017-11-13,386.1300048828125,388.80999755859375,384.04998779296875,388.1499938964844,201814700
2017-11-14,383.8599853515625,387.0799865722656,383.05999755859375,385.7900085449219,260318800
2017-11-15,381.9599914550781,383.44000244140625,379.94000244140625,383.44000244140625,243606000
2017-11-16,384.92999267578125,385.29998779296875,382.7900085449219,382.7900085449219,214756900
2017-11-17,383.79998779296875,385.3500061035156,382.67999267578125,385.0899963378906,118283500
2017-11-20,386.3900146484375,386.760009765625,383.260009765625,384.32000732421875,176821300
2017-11-21,388.1000061035156,388.95001220703125,385.1300048828125,386.0400085449219,195874600
2017-11-22,387.05999755859375,389.67999267578125,387.05999755859375,388.20001220703125,195743400
2017-11-23,387.1199951171875,387.67999267578125,384.6499938964844,386.32000732421875,158888400
2017-11-24,386.6300048828125,388.6499938964844,386.5199890136719,387.1700134277344,149938400
2017-11-27,384.8699951171875,387.760009765625,384.8699951171875,386.1400146484375,163541200
2017-11-28,387.0199890136719,387.29998779296875,384.739990234375,385.05999755859375,193612400
2017-11-29,387.9599914550781,390.70001220703125,387.9200134277344,388.8900146484375,243882800
2017-11-30,386.69000244140625,390.44000244140625,386.69000244140625,388.1600036621094,362903600
2017-12-01,383.9700012207031,387.45001220703125,383.2099914550781,386.7200012207031,202704500
2017-12-04,387.4700012207031,388.989990234375,384.8900146484375,384.8900146484375,192489400
2017-12-05,386.739990234375,387.7200012207031,385.2300109863281,386.6099853515625,202736300
2017-12-06,386.32000732421875,386.9599914550781,383.0,385.8800048828125,216358600
2017-12-07,386.4100036621094,387.75,385.6300048828125,386.1600036621094,230557800
2017-12-08,389.25,390.1700134277344,387.7699890136719,387.7699890136719,254148500
2017-12-11,389.04998779296875,390.1199951171875,388.7699890136719,389.3800048828125,216404100
2017-12-12,391.6300048828125,391.6300048828125,388.45001220703125,389.3500061035156,245924100
2017-12-13,390.70001220703125,391.55999755859375,390.70001220703125,391.55999755859375,260873400
2017-12-14,388.9100036621094,390.3599853515625,388.8999938964844,390.2799987792969,242942600
2017-12-15,388.19000244140625,388.6700134277344,387.07000732421875,388.5400085449219,342148700
2017-12-18,392.6600036621094,393.010009765625,389.010009765625,389.010009765625,186947000
2017-12-19,391.0199890136719,393.3999938964844,390.79998779296875,392.69000244140625,187030400
2017-12-20,388.3699951171875,391.1700134277344,387.7799987792969,391.0299987792969,179849000
2017-12-21,390.69000244140625,390.8399963378906,386.80999755859375,387.9599914550781,174596400
2017-12-22,390.2799987792969,390.8800048828125,389.6000061035156,390.6099853515625,102669700
2017-12-27,390.5400085449219,391.1600036621094,389.5,389.82000732421875,122973900
2017-12-28,389.5400085449219,390.82000732421875,389.0899963378906,390.67999267578125,102386700
2017-12-29,389.17999267578125,390.04998779296875,388.7799987792969,389.7099914550781,101566900
2018-01-03,390.2200012207031,391.1000061035156,388.739990234375,388.739990234375,173214100
2018-01-04,393.67999267578125,394.260009765625,391.1099853515625,391.1099853515625,211746500
2018-01-05,397.3500061035156,397.3500061035156,393.9800109863281,393.9800109863281,179155700
2018-01-08,398.4100036621094,398.9599914550781,397.7200012207031,397.9200134277344,175894800
2018-01-09,400.1099853515625,400.30999755859375,398.489990234375,398.489990234375,190142200
2018-01-10,398.6000061035156,399.8800048828125,397.4700012207031,399.760009765625,239336700
2018-01-11,397.25,399.1199951171875,396.55999755859375,398.8599853515625,241332200
2018-01-12,398.489990234375,398.8699951171875,396.95001220703125,397.4200134277344,242930700
2018-01-15,397.8299865722656,398.54998779296875,397.45001220703125,398.45001220703125,147833700
2018-01-16,398.3500061035156,399.8699951171875,397.5899963378906,398.1499938964844,199112800
2018-01-17,397.9700012207031,398.760009765625,396.94000244140625,397.5199890136719,210958000
2018-01-18,398.7300109863281,399.489990234375,397.4599914550781,398.5,202402800
2018-01-19,400.8800048828125,401.1499938964844,398.7799987792969,398.9100036621094,213280600
2018-01-22,402.1099853515625,402.1600036621094,400.55999755859375,401.0,200530400
2018-01-23,402.80999755859375,403.7200012207031,401.9700012207031,402.7799987792969,199681900
2018-01-24,400.7900085449219,403.2300109863281,400.7900085449219,402.7300109863281,193673700
2018-01-25,398.55999755859375,401.8699951171875,397.57000732421875,400.5199890136719,209966300
2018-01-26,400.57000732421875,401.05999755859375,398.5799865722656,398.6000061035156,183604200
2018-01-29,399.79998779296875,400.9100036621094,399.510009765625,400.44000244140625,172993000
2018-01-30,396.1199951171875,398.82000732421875,395.57000732421875,398.42999267578125,226456400
2018-01-31,395.4599914550781,397.4599914550781,395.0199890136719,396.4599914550781,237841600
2018-02-01,393.489990234375,398.5,392.7099914550781,396.42999267578125,243269000
2018-02-02,388.07000732421875,392.8999938964844,388.0,392.8999938964844,238316600
2018-02-05,382.0,386.8599853515625,381.6400146484375,386.8599853515625,243873900
2018-02-06,372.7900085449219,377.5799865722656,369.7699890136719,375.739990234375,385045700
2018-02-07,380.1300048828125,381.3800048828125,374.2099914550781,374.4800109863281,296526900
2018-02-08,374.0299987792969,380.42999267578125,373.2099914550781,380.42999267578125,281772900
2018-02-09,368.6099853515625,373.8999938964844,367.5,372.8900146484375,285572300
2018-02-12,372.92999267578125,375.1199951171875,370.010009765625,370.010009765625,209157500
2018-02-13,370.5799865722656,374.0,370.5799865722656,373.1000061035156,192954400
2018-02-14,374.5299987792969,375.17999267578125,369.45001220703125,371.3900146484375,253332500
2018-02-15,376.510009765625,378.32000732421875,375.1300048828125,375.1300048828125,218184100
2018-02-16,380.6199951171875,381.17999267578125,377.4800109863281,377.4800109863281,191128300
2018-02-19,378.239990234375,381.4800109863281,377.79998779296875,381.010009765625,129476700
2018-02-20,380.510009765625,380.510009765625,377.54998779296875,378.2300109863281,181406100
2018-02-21,381.1000061035156,381.30999755859375,377.57000732421875,380.1199951171875,213082500
2018-02-22,380.3399963378906,380.8599853515625,376.9200134277344,379.8699951171875,221796600
2018-02-23,381.1600036621094,381.4599914550781,379.3299865722656,381.0199890136719,193378500
2018-02-26,383.05999755859375,384.1300048828125,382.1400146484375,382.2300109863281,164815000
2018-02-27,382.3599853515625,384.1199951171875,381.239990234375,383.2300109863281,191357700
2018-02-28,379.6300048828125,382.239990234375,379.6300048828125,381.9700012207031,229250100
2018-03-01,374.8599853515625,378.7099914550781,374.239990234375,378.6499938964844,222976400
2018-03-02,367.0400085449219,373.2699890136719,366.57000732421875,373.2699890136719,286048200
2018-03-05,370.8699951171875,371.1700134277344,366.239990234375,366.79998779296875,238419100
2018-03-06,371.3699951171875,374.1300048828125,371.3599853515625,371.6099853515625,231039600
2018-03-07,372.7099914550781,373.3599853515625,369.17999267578125,370.7200012207031,227622100
2018-03-08,376.6199951171875,377.05999755859375,372.4200134277344,372.57000732421875,225934200
2018-03-09,378.239990234375,378.8900146484375,376.1099853515625,376.4700012207031,201404200
2018-03-12,379.20001220703125,380.1099853515625,378.1099853515625,379.1000061035156,177792100
2018-03-13,375.489990234375,380.0899963378906,374.6600036621094,379.1700134277344,214176700
2018-03-14,374.94000244140625,377.7099914550781,374.3699951171875,375.30999755859375,203255800
2018-03-15,376.8800048828125,377.5400085449219,374.55999755859375,375.3299865722656,221224000
2018-03-16,377.7099914550781,379.1000061035156,376.55999755859375,376.6700134277344,397723600
2018-03-19,373.67999267578125,377.3599853515625,373.1300048828125,377.3599853515625,203029200
2018-03-20,375.57000732421875,375.9800109863281,373.0899963378906,374.1000061035156,187288300
2018-03-21,374.9599914550781,375.9800109863281,373.69000244140625,375.6600036621094,199246900
2018-03-22,369.1499938964844,374.0899963378906,367.1199951171875,373.94000244140625,245814400
2018-03-23,365.82000732421875,367.9200134277344,363.04998779296875,367.8699951171875,261933400
2018-03-26,363.17999267578125,368.1000061035156,362.0400085449219,366.07000732421875,196408900
2018-03-27,367.57000732421875,368.94000244140625,364.760009765625,364.760009765625,189921700
2018-03-28,369.260009765625,369.260009765625,362.739990234375,366.5799865722656,217867800
2018-03-29,370.8699951171875,372.6300048828125,369.2900085449219,369.489990234375,211983100
2018-04-03,369.07000732421875,370.6600036621094,366.92999267578125,369.7099914550781,201476300
2018-04-04,367.3299865722656,369.7300109863281,364.3599853515625,369.30999755859375,208221800
2018-04-05,376.1300048828125,376.19000244140625,369.4599914550781,369.4599914550781,220047500
2018-04-06,374.82000732421875,376.2099914550781,373.8900146484375,374.8999938964844,203378900
2018-04-09,375.29998779296875,377.1099853515625,373.8800048828125,375.42999267578125,198010700
2018-04-10,378.4200134277344,378.4800109863281,376.5199890136719,376.5199890136719,223834600
2018-04-11,376.17999267578125,377.95001220703125,375.30999755859375,377.8299865722656,226392200
2018-04-12,378.82000732421875,379.04998779296875,375.45001220703125,376.19000244140625,195646500
2018-04-13,379.20001220703125,380.8299865722656,378.3800048828125,379.2099914550781,187462200
2018-04-16,377.739990234375,379.55999755859375,377.04998779296875,379.17999267578125,182284300
2018-04-17,380.7699890136719,381.5,377.95001220703125,377.9800109863281,206701100
2018-04-18,381.8599853515625,382.010009765625,380.29998779296875,380.45001220703125,210457800
2018-04-19,381.95001220703125,382.4100036621094,381.1600036621094,381.7799987792969,200988700
2018-04-20,381.8399963378906,382.54998779296875,380.510009765625,380.8900146484375,224787600
2018-04-23,383.17999267578125,383.30999755859375,380.5799865722656,381.8699951171875,217946100
2018-04-24,383.1099853515625,384.3399963378906,381.5199890136719,383.2300109863281,228802000
2018-04-25,380.1700134277344,382.2099914550781,378.1700134277344,382.2099914550781,234234000
2018-04-26,383.75,383.79998779296875,379.4599914550781,380.1499938964844,218036600
2018-04-27,384.6400146484375,384.8399963378906,383.19000244140625,384.0899963378906,0
2018-04-30,385.32000732421875,385.6000061035156,383.7699890136719,383.9200134277344,212711800
2018-05-02,387.44000244140625,387.8500061035156,385.05999755859375,385.05999755859375,233630400
2018-05-03,384.6199951171875,387.05999755859375,384.05999755859375,386.9700012207031,209661600
2018-05-04,387.0299987792969,387.0299987792969,384.9100036621094,385.010009765625,235199500
2018-05-07,389.510009765625,389.5299987792969,387.0199890136719,387.0199890136719,90442800
2018-05-08,390.0,390.0,388.1300048828125,389.3900146484375,246467600
2018-05-09,392.44000244140625,392.44000244140625,390.2900085449219,390.2900085449219,221045900
2018-05-11,392.3999938964844,392.55999755859375,391.5400085449219,391.9599914550781,195449000
2018-05-14,392.19000244140625,392.489990234375,390.7799987792969,392.25,184727600
2018-05-15,392.3699951171875,393.3900146484375,391.1400146484375,391.79998779296875,238826200
2018-05-16,393.2099914550781,393.6099853515625,391.82000732421875,392.760009765625,259698100
2018-05-17,395.7900085449219,395.7900085449219,392.92999267578125,393.05999755859375,225447900
2018-05-18,394.6700134277344,396.0400085449219,393.7900085449219,395.3699951171875,271700000
2018-05-22,396.94000244140625,397.8599853515625,395.6600036621094,396.0199890136719,221288400
2018-05-23,392.5799865722656,396.44000244140625,391.4200134277344,396.44000244140625,232930000
2018-05-24,390.5400085449219,394.1099853515625,389.510009765625,392.6600036621094,228014300
2018-05-25,391.0799865722656,392.9100036621094,389.7200012207031,391.20001220703125,258451700
2018-05-28,389.82000732421875,392.239990234375,389.19000244140625,390.489990234375,122837600
2018-05-29,384.4700012207031,388.82000732421875,382.8399963378906,388.82000732421875,372981000
2018-05-30,385.489990234375,385.489990234375,383.2099914550781,383.9800109863281,288006000
2018-05-31,383.05999755859375,386.70001220703125,382.1400146484375,385.4100036621094,428819300
2018-06-01,386.9100036621094,388.1099853515625,383.3500061035156,383.3500061035156,255755000
2018-06-04,388.1099853515625,389.4700012207031,387.6600036621094,387.95001220703125,204466600
2018-06-05,386.8900146484375,390.0199890136719,386.8900146484375,387.8599853515625,237182900
2018-06-06,386.8800048828125,387.92999267578125,384.6000061035156,386.95001220703125,240478300
2018-06-07,385.94000244140625,389.05999755859375,385.3299865722656,387.1300048828125,241763400
2018-06-08,385.1199951171875,386.0,382.7799987792969,385.6000061035156,205271900
2018-06-11,387.94000244140625,388.239990234375,385.29998779296875,385.29998779296875,221028600
2018-06-12,387.5299987792969,389.6400146484375,387.3299865722656,388.70001220703125,208766700
2018-06-13,388.25,389.1300048828125,387.0799865722656,388.0,215362600
2018-06-14,393.0400085449219,393.8900146484375,385.5199890136719,386.989990234375,268872800
2018-06-15,389.1300048828125,393.9599914550781,389.1300048828125,393.07000732421875,421497300
2018-06-18,385.9100036621094,388.8699951171875,384.5899963378906,388.75,185139300
2018-06-19,383.2099914550781,384.7099914550781,380.8299865722656,384.7099914550781,228404300
2018-06-20,384.2900085449219,386.54998779296875,383.9599914550781,383.9599914550781,213372100
2018-06-21,380.8500061035156,386.1199951171875,380.1499938964844,384.7200012207031,205930100
2018-06-22,385.010009765625,385.010009765625,381.0299987792969,381.0299987792969,188533000
2018-06-25,377.1700134277344,383.79998779296875,377.04998779296875,383.79998779296875,177039000
2018-06-26,377.25,378.7799987792969,376.82000732421875,377.82000732421875,222734600
2018-06-27,379.9700012207031,381.7699890136719,374.3800048828125,377.3599853515625,309646900
2018-06-28,376.8699951171875,380.239990234375,375.1099853515625,379.0199890136719,208336200
2018-06-29,379.92999267578125,381.69000244140625,378.3299865722656,378.3299865722656,238836100
2018-07-02,376.75,378.5899963378906,375.2200012207031,378.5899963378906,194615800
2018-07-03,379.80999755859375,380.9800109863281,377.2099914550781,377.3399963378906,222886100
2018-07-04,380.04998779296875,380.6000061035156,379.0,379.55999755859375,144260300
2018-07-05,381.5899963378906,383.4100036621094,379.7099914550781,379.7099914550781,185366800
2018-07-06,382.3599853515625,382.9100036621094,380.30999755859375,382.1199951171875,0
2018-07-09,384.5899963378906,385.1499938964844,383.45001220703125,383.45001220703125,164196600
2018-07-10,386.25,386.8699951171875,384.6600036621094,385.1700134277344,179714200
2018-07-11,381.3999938964844,384.55999755859375,381.0799865722656,384.55999755859375,190817800
2018-07-12,384.3699951171875,384.4700012207031,381.2900085449219,382.0799865722656,181611200
2018-07-13,385.0299987792969,386.5299987792969,384.6700134277344,384.9200134277344,0
2018-07-16,384.04998779296875,385.9800109863281,383.32000732421875,385.2099914550781,150853900
2018-07-17,384.9800109863281,385.4599914550781,382.739990234375,384.0299987792969,184450000
2018-07-18,387.05999755859375,387.55999755859375,385.6000061035156,385.6000061035156,178108200
2018-07-19,386.17999267578125,387.5199890136719,385.6400146484375,387.0299987792969,182629800
2018-07-20,385.6199951171875,386.8399963378906,382.9100036621094,385.6300048828125,201307200
2018-07-23,384.8800048828125,385.69000244140625,383.5899963378906,385.54998779296875,151097800
2018-07-24,388.17999267578125,389.30999755859375,385.70001220703125,385.70001220703125,203110200
2018-07-25,387.1700134277344,388.69000244140625,386.6000061035156,388.4200134277344,186766200
2018-07-26,390.5299987792969,390.6300048828125,387.6499938964844,387.6499938964844,186401100
2018-07-27,392.0799865722656,392.20001220703125,390.3399963378906,390.3399963378906,204004600
2018-07-30,390.9200134277344,391.7200012207031,390.3900146484375,391.1700134277344,165734200
2018-07-31,391.6099853515625,392.69000244140625,390.3699951171875,390.760009765625,228526400
2018-08-02,386.6400146484375,389.4599914550781,385.92999267578125,389.4599914550781,246471500
2018-08-03,389.1600036621094,389.6300048828125,387.0899963378906,387.3299865722656,173871300
2018-08-06,388.6600036621094,390.30999755859375,387.5899963378906,389.44000244140625,175738400
2018-08-07,390.489990234375,391.4700012207031,388.8500061035156,388.8500061035156,165096600
2018-08-08,389.69000244140625,390.6600036621094,388.8800048828125,389.7300109863281,156946400
2018-08-09,390.04998779296875,390.1000061035156,388.07000732421875,389.010009765625,145276800
2018-08-10,385.8599853515625,389.9100036621094,384.9700012207031,389.9100036621094,0
2018-08-13,384.9100036621094,385.7200012207031,383.6499938964844,385.6199951171875,163845000
2018-08-14,384.9200134277344,387.2200012207031,384.010009765625,385.510009765625,178708100
2018-08-15,379.70001220703125,385.8699951171875,378.7300109863281,385.17999267578125,206087600
2018-08-16,381.42999267578125,381.75,379.8500061035156,380.29998779296875,188229800
2018-08-17,381.05999755859375,382.0899963378906,379.0899963378906,381.44000244140625,166943800
2018-08-20,383.2300109863281,384.04998779296875,381.3299865722656,381.3299865722656,137083500
2018-08-21,384.1499938964844,385.2699890136719,382.3599853515625,382.7099914550781,144744800
2018-08-22,384.0199890136719,385.0,383.2699890136719,383.6600036621094,155519500
2018-08-23,383.3800048828125,385.30999755859375,383.32000732421875,384.1600036621094,142908400
2018-08-24,383.55999755859375,384.79998779296875,382.9599914550781,383.3699951171875,130058200
2018-08-27,385.57000732421875,385.8299865722656,384.07000732421875,384.07000732421875,57123300
2018-08-28,385.4599914550781,386.79998779296875,385.3999938964844,386.0,156738200
2018-08-29,386.5799865722656,386.75,384.6600036621094,385.8900146484375,163970800
2018-08-30,385.3599853515625,386.5199890136719,383.8999938964844,386.5199890136719,172187500
2018-08-31,382.260009765625,385.05999755859375,382.0199890136719,385.05999755859375,220640500
2018-09-03,382.510009765625,382.760009765625,381.6000061035156,381.9200134277344,123130600
2018-09-04,379.8299865722656,384.0199890136719,378.5899963378906,383.17999267578125,215320800
2018-09-05,375.67999267578125,379.07000732421875,375.45001220703125,379.07000732421875,241104700
2018-09-06,373.4700012207031,376.3599853515625,373.45001220703125,375.19000244140625,193841700
2018-09-07,373.7699890136719,374.0899963378906,371.8900146484375,373.5899963378906,218264400
2018-09-10,375.510009765625,376.4599914550781,373.6600036621094,374.0400085449219,192490700
2018-09-11,375.30999755859375,375.989990234375,373.489990234375,375.55999755859375,0
2018-09-12,377.0799865722656,377.44000244140625,375.54998779296875,375.6700134277344,186724000
2018-09-13,376.5199890136719,378.6099853515625,376.3900146484375,377.1499938964844,174092800
2018-09-14,377.8500061035156,378.239990234375,376.739990234375,377.010009765625,151654000
2018-09-17,378.30999755859375,378.69000244140625,376.92999267578125,377.8999938964844,170185400
2018-09-18,378.7300109863281,379.5299987792969,377.04998779296875,378.17999267578125,189217900
2018-09-19,379.9800109863281,380.5199890136719,378.55999755859375,378.9599914550781,212253800
2018-09-20,382.6300048828125,382.8599853515625,379.8399963378906,379.8999938964844,236668700
2018-09-21,384.2900085449219,385.20001220703125,382.7300109863281,382.7300109863281,423531200
2018-09-24,382.1400146484375,384.07000732421875,381.7900085449219,383.92999267578125,0
2018-09-25,383.8900146484375,384.3299865722656,382.2300109863281,382.2300109863281,190885100
2018-09-26,385.0400085449219,385.07000732421875,383.32000732421875,384.3299865722656,177686200
2018-09-27,386.3800048828125,386.6199951171875,382.7099914550781,384.7099914550781,185403800
2018-09-28,383.17999267578125,385.9700012207031,381.82000732421875,385.9700012207031,274247800
2018-10-01,383.94000244140625,384.8299865722656,382.739990234375,383.17999267578125,210820100
2018-10-02,381.94000244140625,383.2900085449219,380.70001220703125,383.2900085449219,226311800
2018-10-03,383.8399963378906,384.760009765625,382.1600036621094,382.1600036621094,203839300
2018-10-04,379.67999267578125,383.6099853515625,379.1499938964844,383.6099853515625,218593500
2018-10-05,376.4100036621094,379.8299865722656,376.2799987792969,379.8299865722656,196855200
2018-10-08,372.2099914550781,376.0899963378906,371.9700012207031,376.0899963378906,190827700
2018-10-09,372.92999267578125,373.4200134277344,369.239990234375,372.5799865722656,220542400
2018-10-10,366.92999267578125,373.3599853515625,366.92999267578125,373.3599853515625,0
2018-10-11,359.6499938964844,364.3999938964844,359.1700134277344,364.3999938964844,302631200
2018-10-12,358.95001220703125,363.07000732421875,358.95001220703125,360.80999755859375,225548300
2018-10-15,359.30999755859375,359.6700134277344,356.3399963378906,358.7200012207031,174396300
2018-10-16,364.989990234375,365.05999755859375,359.29998779296875,359.739990234375,207874700
2018-10-17,363.5400085449219,367.3699951171875,362.1600036621094,365.5400085449219,190427400
2018-10-18,361.6700134277344,365.6099853515625,361.57000732421875,363.4800109863281,216046600
2018-10-19,361.239990234375,362.75,359.0,361.70001220703125,266262700
2018-10-22,359.739990234375,363.8299865722656,359.4100036621094,361.7799987792969,201180700
2018-10-23,354.05999755859375,358.44000244140625,353.25,358.44000244140625,251235100
2018-10-24,353.2699890136719,358.5299987792969,353.19000244140625,354.4700012207031,218015500
2018-10-25,355.07000732421875,355.1099853515625,349.5799865722656,351.94000244140625,0
2018-10-26,352.3399963378906,354.54998779296875,348.44000244140625,354.54998779296875,238156500
2018-10-29,355.510009765625,358.6000061035156,352.6499938964844,352.6499938964844,206780300
2018-10-30,355.5299987792969,356.8900146484375,352.7799987792969,355.7699890136719,206014400
2018-10-31,361.6099853515625,362.739990234375,357.2900085449219,357.2900085449219,264283300
2018-11-01,363.0799865722656,364.70001220703125,361.1099853515625,361.7300109863281,232910500
2018-11-02,364.0799865722656,367.6300048828125,363.8500061035156,364.9800109863281,206249200
2018-11-05,363.5,365.2300109863281,363.2900085449219,364.260009765625,152334900
2018-11-06,362.54998779296875,364.44000244140625,361.42999267578125,364.0199890136719,0
2018-11-07,366.3900146484375,367.1199951171875,363.29998779296875,363.29998779296875,195098300
2018-11-08,367.0799865722656,369.1199951171875,366.55999755859375,367.3399963378906,192534900
2018-11-09,365.739990234375,366.3800048828125,363.8500061035156,366.3800048828125,204679800
2018-11-12,362.0299987792969,367.79998779296875,362.0199890136719,366.3800048828125,187956200
2018-11-13,364.44000244140625,365.260009765625,361.7200012207031,362.7300109863281,227146800
2018-11-14,362.2699890136719,365.45001220703125,359.9200134277344,363.3800048828125,218783800
2018-11-15,358.42999267578125,364.010009765625,356.0,362.29998779296875,252097600
2018-11-16,357.7099914550781,361.3999938964844,355.6300048828125,358.8999938964844,235607800
2018-11-19,355.1099853515625,360.2699890136719,355.010009765625,358.239990234375,190873700
2018-11-20,351.05999755859375,354.29998779296875,349.2900085449219,354.29998779296875,232015100
2018-11-21,355.07000732421875,355.2699890136719,351.8500061035156,351.8599853515625,213352300
2018-11-22,352.57000732421875,354.57000732421875,351.6700134277344,354.57000732421875,172230500
2018-11-23,353.9800109863281,354.20001220703125,351.3599853515625,352.4599914550781,158132100
2018-11-26,358.3299865722656,358.79998779296875,355.0199890136719,355.0199890136719,216349500
2018-11-27,357.3999938964844,358.8500061035156,355.6199951171875,358.1199951171875,205964600
2018-11-28,357.3900146484375,359.20001220703125,357.1000061035156,358.010009765625,202303700
2018-11-29,358.1000061035156,360.05999755859375,357.0799865722656,358.1000061035156,193676500
2018-11-30,357.489990234375,358.3900146484375,356.010009765625,358.2099914550781,279656100
2018-12-03,361.17999267578125,364.8900146484375,359.55999755859375,359.55999755859375,219781200
2018-12-04,358.42999267578125,360.9800109863281,358.3599853515625,360.7200012207031,196708300
2018-12-05,354.2699890136719,357.3900146484375,354.0,357.3900146484375,182040800
2018-12-06,343.30999755859375,352.5899963378906,342.3699951171875,352.5899963378906,266617400
2018-12-07,345.45001220703125,349.20001220703125,344.2900085449219,344.2900085449219,206344300
2018-12-10,338.989990234375,344.1499938964844,338.7900085449219,344.1499938964844,210027400
2018-12-11,344.17999267578125,346.82000732421875,340.6600036621094,340.6600036621094,212836500
2018-12-12,350.0,350.8500061035156,344.45001220703125,344.45001220703125,247930400
2018-12-13,349.4200134277344,351.30999755859375,348.7200012207031,350.1300048828125,208526000
2018-12-14,347.2099914550781,348.260009765625,344.54998779296875,348.20001220703125,181882900
2018-12-17,343.260009765625,346.739990234375,342.4599914550781,346.739990234375,190246000
2018-12-18,340.4599914550781,343.0799865722656,340.4599914550781,342.6600036621094,225167400
2018-12-19,341.5199890136719,342.489990234375,340.4200134277344,340.4200134277344,212682700
2018-12-20,336.5799865722656,339.45001220703125,335.4100036621094,339.45001220703125,249277600
2018-12-21,336.6700134277344,337.04998779296875,333.1499938964844,336.1499938964844,397335700
2018-12-27,329.5799865722656,337.04998779296875,327.3399963378906,336.2300109863281,191239400
2018-12-28,336.2300109863281,336.9200134277344,330.57000732421875,330.57000732421875,152229200
2019-01-03,333.9200134277344,336.7799987792969,333.510009765625,335.6400146484375,179435900
2019-01-04,343.3800048828125,343.8999938964844,335.4700012207031,335.4700012207031,187893200
2019-01-07,342.8800048828125,344.75,341.3800048828125,344.0299987792969,174999300
2019-01-08,345.8500061035156,348.05999755859375,342.989990234375,342.989990234375,185633800
2019-01-09,347.70001220703125,349.80999755859375,346.7900085449219,346.8699951171875,207981400
2019-01-10,348.8800048828125,348.9200134277344,344.8399963378906,347.07000732421875,168325000
2019-01-11,349.20001220703125,350.17999267578125,347.739990234375,349.0299987792969,174461600
2019-01-14,347.510009765625,348.2699890136719,345.8599853515625,348.2699890136719,163204500
2019-01-15,348.7099914550781,350.6000061035156,347.1099853515625,348.260009765625,183600000
2019-01-16,350.5899963378906,350.92999267578125,348.82000732421875,349.9200134277344,200106700
2019-01-17,350.7300109863281,351.07000732421875,348.2900085449219,349.7099914550781,162532800
2019-01-18,357.04998779296875,357.2900085449219,351.9800109863281,351.9800109863281,252804300
2019-01-21,356.3599853515625,356.42999267578125,355.5799865722656,356.3900146484375,134780100
2019-01-22,355.0899963378906,356.510009765625,353.739990234375,355.489990234375,189881000
2019-01-23,354.8900146484375,356.8599853515625,352.9700012207031,354.489990234375,0
2019-01-24,355.6700134277344,356.6400146484375,353.8299865722656,355.05999755859375,191854000
2019-01-25,357.8399963378906,358.760009765625,357.2799987792969,357.2799987792969,196811100
2019-01-28,354.3800048828125,357.260009765625,354.0299987792969,357.010009765625,172653600
2019-01-29,357.2300109863281,358.70001220703125,354.19000244140625,354.45001220703125,177719900
2019-01-30,358.510009765625,359.0299987792969,356.6400146484375,356.7200012207031,183219500
2019-01-31,358.6700134277344,360.510009765625,356.25,358.67999267578125,288681500
2019-02-01,359.7099914550781,360.0299987792969,357.30999755859375,359.0199890136719,213254100
2019-02-04,359.9200134277344,360.20001220703125,358.2799987792969,359.79998779296875,181954000
2019-02-05,364.989990234375,364.989990234375,359.94000244140625,359.94000244140625,202196400
2019-02-06,365.5199890136719,365.9100036621094,364.1400146484375,364.8599853515625,182689000
2019-02-07,360.0799865722656,365.25,360.0799865722656,364.7300109863281,215112400
2019-02-08,358.07000732421875,360.7699890136719,357.3699951171875,359.75,182473700
2019-02-11,361.1199951171875,361.8299865722656,358.8699951171875,358.8699951171875,164740000
2019-02-12,362.7799987792969,363.67999267578125,362.07000732421875,362.07000732421875,162288600
2019-02-13,364.9700012207031,365.82000732421875,363.239990234375,363.239990234375,173423100
2019-02-14,363.79998779296875,367.05999755859375,363.4800109863281,365.4200134277344,180357400
2019-02-15,368.94000244140625,369.2699890136719,363.239990234375,363.8299865722656,238297000
2019-02-18,369.7799987792969,370.1400146484375,368.6600036621094,368.8999938964844,144049900
2019-02-19,368.9700012207031,370.0199890136719,367.3599853515625,369.3999938964844,169069200
2019-02-20,371.4599914550781,371.70001220703125,369.260009765625,369.3800048828125,204932200
2019-02-21,370.4100036621094,371.7200012207031,369.4800109863281,371.1199951171875,207970100
2019-02-22,371.2300109863281,371.8999938964844,369.8699951171875,370.2699890136719,179928000
2019-02-25,372.17999267578125,373.17999267578125,371.55999755859375,371.8999938964844,177169100
2019-02-26,373.6400146484375,374.1099853515625,370.2799987792969,372.0400085449219,193945200
2019-02-27,372.5799865722656,373.05999755859375,371.25,372.9599914550781,217440600
2019-02-28,372.79998779296875,373.19000244140625,370.4700012207031,371.19000244140625,253194400
2019-03-01,374.239990234375,375.6700134277344,373.4800109863281,373.4800109863281,195326400
2019-03-04,375.0899963378906,376.32000732421875,375.0400085449219,375.0400085449219,166645400
2019-03-05,375.6400146484375,376.1199951171875,373.7200012207031,374.8999938964844,199250700
2019-03-06,375.4800109863281,376.8500061035156,374.9800109863281,375.5799865722656,206853400
2019-03-07,373.8800048828125,376.3399963378906,372.3699951171875,374.95001220703125,238054200
2019-03-08,370.57000732421875,372.6000061035156,369.75,372.6000061035156,198044700
2019-03-11,373.4700012207031,373.6300048828125,370.8800048828125,370.989990234375,171836200
2019-03-12,373.25,375.20001220703125,372.3699951171875,374.6499938964844,202680200
2019-03-13,375.6000061035156,375.6099853515625,372.79998779296875,373.0299987792969,189707000
2019-03-14,378.5199890136719,379.07000732421875,375.80999755859375,375.80999755859375,203795300
2019-03-15,381.1000061035156,381.4700012207031,378.2200012207031,378.2200012207031,381955700
2019-03-18,382.1099853515625,382.19000244140625,381.2200012207031,381.2200012207031,185298000
2019-03-19,384.2900085449219,385.3299865722656,382.30999755859375,382.4100036621094,174806000
2019-03-20,380.8399963378906,383.70001220703125,380.8399963378906,383.6700134277344,193386900
2019-03-21,380.69000244140625,381.2900085449219,378.4800109863281,380.2699890136719,181440300
2019-03-22,376.0299987792969,381.82000732421875,375.6099853515625,381.0899963378906,224104500
2019-03-25,374.3299865722656,375.4700012207031,372.9599914550781,374.82000732421875,170468200
2019-03-26,377.20001220703125,377.8699951171875,374.1099853515625,374.8399963378906,170220800
2019-03-27,377.2799987792969,379.5899963378906,375.69000244140625,377.5,213129800
2019-03-28,376.8399963378906,378.80999755859375,376.6400146484375,377.1199951171875,167889000
2019-03-29,379.0899963378906,379.54998779296875,376.7300109863281,376.7300109863281,237631800
2019-04-01,383.6700134277344,383.7900085449219,379.7200012207031,379.7200012207031,199699500
2019-04-02,385.0299987792969,385.67999267578125,383.19000244140625,383.19000244140625,184963100
2019-04-03,388.9200134277344,388.9200134277344,386.0799865722656,386.0799865722656,223164300
2019-04-04,387.8699951171875,388.6499938964844,387.17999267578125,388.4800109863281,175526300
2019-04-05,388.2300109863281,388.94000244140625,387.5400085449219,387.80999755859375,172839600
2019-04-08,387.510009765625,388.5,386.8399963378906,388.4599914550781,150003700
2019-04-09,385.67999267578125,389.1099853515625,385.3599853515625,387.6199951171875,175574100
2019-04-10,386.67999267578125,387.1300048828125,385.70001220703125,385.80999755859375,165949300
2019-04-11,386.9100036621094,387.7799987792969,384.9200134277344,386.3299865722656,182103000
2019-04-12,387.5299987792969,387.7099914550781,385.80999755859375,386.29998779296875,212761400
2019-04-15,388.1000061035156,388.5899963378906,387.1099853515625,387.1099853515625,160715300
2019-04-16,389.2099914550781,389.6300048828125,387.989990234375,387.989990234375,175464800
2019-04-17,389.5899963378906,390.3399963378906,388.25,389.1400146484375,197728100
2019-04-18,390.4599914550781,391.07000732421875,388.1600036621094,389.3599853515625,174311500
2019-04-23,391.3500061035156,391.54998779296875,389.2900085449219,389.8399963378906,195188300
2019-04-24,390.9800109863281,392.2200012207031,390.32000732421875,391.0899963378906,197393000
2019-04-25,390.1499938964844,390.8699951171875,388.8500061035156,390.760009765625,177399800
2019-04-26,391.010009765625,391.0899963378906,389.239990234375,390.19000244140625,193417200
2019-04-29,391.32000732421875,392.04998779296875,389.6300048828125,390.8599853515625,147488700
2019-04-30,391.3500061035156,391.3500061035156,389.92999267578125,390.8599853515625,194267900
2019-05-02,388.8399963378906,390.6300048828125,388.70001220703125,390.44000244140625,189679400
2019-05-03,390.3699951171875,391.0899963378906,388.8299865722656,389.1400146484375,146894500
2019-05-06,386.95001220703125,389.05999755859375,384.1700134277344,389.05999755859375,93836900
2019-05-07,381.6400146484375,387.8500061035156,381.1000061035156,386.9100036621094,226427100
2019-05-08,382.2300109863281,382.70001220703125,379.8900146484375,381.3800048828125,208520600
2019-05-09,375.9200134277344,381.2200012207031,375.4800109863281,381.2200012207031,219006800
2019-05-10,377.1400146484375,379.5899963378906,376.29998779296875,376.6499938964844,183036500
2019-05-13,372.57000732421875,377.30999755859375,371.760009765625,377.25,201569200
2019-05-14,376.3399963378906,376.3399963378906,372.6700134277344,372.6700134277344,193138100
2019-05-15,378.05999755859375,378.05999755859375,373.79998779296875,376.3999938964844,225333200
2019-05-16,382.8800048828125,382.8800048828125,376.3599853515625,377.4700012207031,198989900
2019-05-17,381.510009765625,382.3500061035156,379.2799987792969,382.3500061035156,200207000
2019-05-20,377.4599914550781,381.8900146484375,375.95001220703125,381.1199951171875,202916500
2019-05-21,379.5,380.25,377.42999267578125,377.42999267578125,195792200
2019-05-22,379.19000244140625,380.3599853515625,376.9100036621094,378.9200134277344,197173500
2019-05-23,373.7900085449219,378.3900146484375,373.30999755859375,378.3900146484375,212833500
2019-05-24,375.8900146484375,377.1199951171875,373.8999938964844,373.8999938964844,177635500
2019-05-27,376.7099914550781,378.5400085449219,376.3599853515625,376.3699951171875,64122400
2019-05-28,375.8999938964844,377.6099853515625,374.7799987792969,376.9800109863281,327583700
2019-05-29,370.510009765625,388.9599914550781,369.9100036621094,375.2699890136719,181319300
2019-05-31,369.05999755859375,371.510009765625,366.6400146484375,371.510009765625,224341700
2019-06-03,370.489990234375,370.489990234375,365.7699890136719,368.7900085449219,187431800
2019-06-04,372.6700134277344,373.3500061035156,367.80999755859375,369.8900146484375,220931900
2019-06-05,374.0799865722656,374.8999938964844,372.5400085449219,372.760009765625,195205300
2019-06-06,374.010009765625,376.75,373.1499938964844,374.04998779296875,190999000
2019-06-07,377.4800109863281,378.3900146484375,374.25,374.25,169772300
2019-06-11,380.8900146484375,382.07000732421875,378.5400085449219,378.5400085449219,184205700
2019-06-12,379.739990234375,380.19000244140625,378.3399963378906,379.8599853515625,182879500
2019-06-13,380.3299865722656,381.3999938964844,378.7099914550781,379.3599853515625,158462500
2019-06-14,378.80999755859375,379.989990234375,377.4100036621094,379.989990234375,151846200
2019-06-17,378.4599914550781,379.69000244140625,377.75,378.8299865722656,139021100
2019-06-18,384.7799987792969,385.42999267578125,376.7300109863281,378.2200012207031,232721700
2019-06-19,384.7699890136719,385.0299987792969,383.5400085449219,384.8299865722656,214462400
2019-06-20,386.1600036621094,387.8699951171875,385.3999938964844,385.3999938964844,224556200
2019-06-21,384.760009765625,387.07000732421875,384.0799865722656,386.1600036621094,390221200
2019-06-24,383.7900085449219,385.8800048828125,383.3800048828125,384.6099853515625,166616300
2019-06-25,383.3999938964844,383.8299865722656,382.3900146484375,383.7300109863281,163190500
2019-06-26,382.20001220703125,384.29998779296875,381.8999938964844,382.9700012207031,173240100
2019-06-27,382.2099914550781,383.55999755859375,380.7200012207031,382.1199951171875,173572600
2019-06-28,384.8699951171875,385.1000061035156,382.1199951171875,382.1400146484375,188861900
2019-07-01,387.8699951171875,389.9800109863281,385.3399963378906,385.3399963378906,178476100
2019-07-02,389.2900085449219,389.69000244140625,387.8800048828125,388.3500061035156,159594900
2019-07-03,392.5799865722656,392.6700134277344,389.3599853515625,389.3599853515625,194983900
2019-07-04,392.94000244140625,393.3999938964844,392.42999267578125,392.6499938964844,153293800
2019-07-05,390.1099853515625,392.9100036621094,389.0899963378906,392.8999938964844,164808400
2019-07-08,389.8999938964844,390.8999938964844,389.05999755859375,390.010009765625,152065000
2019-07-09,387.9200134277344,389.2699890136719,386.4700012207031,389.2699890136719,161241600
2019-07-10,387.1499938964844,389.3699951171875,386.7900085449219,387.69000244140625,162182100
2019-07-11,386.70001220703125,388.6400146484375,386.2699890136719,387.8500061035156,154199900
2019-07-12,386.8500061035156,387.7300109863281,386.3900146484375,386.7200012207031,149459800
2019-07-15,387.75,388.7300109863281,385.7200012207031,386.82000732421875,134063300
2019-07-16,389.1000061035156,389.7099914550781,387.19000244140625,387.54998779296875,161530400
2019-07-17,387.6600036621094,389.70001220703125,387.19000244140625,388.82000732421875,168047700
2019-07-18,386.79998779296875,388.0799865722656,385.0199890136719,387.0899963378906,162573900
2019-07-19,387.25,389.45001220703125,386.19000244140625,387.2200012207031,185397900
2019-07-22,387.739990234375,388.5400085449219,386.6300048828125,387.1499938964844,147291400
2019-07-23,391.5400085449219,392.489990234375,388.2799987792969,388.2799987792969,178178700
2019-07-24,391.7300109863281,392.04998779296875,390.3599853515625,391.55999755859375,174044400
2019-07-25,389.5199890136719,395.1000061035156,387.6400146484375,392.0799865722656,213756400
2019-07-26,390.7300109863281,391.1199951171875,389.05999755859375,389.2699890136719,201208600
2019-07-29,390.8500061035156,392.55999755859375,389.7699890136719,390.3800048828125,172729800
2019-07-30,385.1099853515625,390.70001220703125,384.4599914550781,390.4200134277344,226829600
2019-07-31,385.7699890136719,386.3399963378906,384.4700012207031,384.95001220703125,238227700
2019-08-02,378.1499938964844,385.7200012207031,377.30999755859375,385.7200012207031,268689500
2019-08-05,369.42999267578125,376.739990234375,368.6499938964844,376.739990234375,263606600
2019-08-06,367.7099914550781,371.9800109863281,367.55999755859375,369.07000732421875,200723900
2019-08-07,368.6000061035156,371.70001220703125,365.989990234375,368.0799865722656,216032100
2019-08-08,374.7099914550781,374.7099914550781,370.0199890136719,370.0199890136719,190009500
2019-08-09,371.55999755859375,374.9700012207031,371.1099853515625,374.7300109863281,220401000
2019-08-12,370.4100036621094,375.3500061035156,370.0799865722656,372.0899963378906,168007700
2019-08-13,372.3999938964844,374.2099914550781,367.1700134277344,370.1199951171875,224926500
2019-08-14,366.1600036621094,372.79998779296875,364.9599914550781,372.739990234375,231321300
2019-08-15,365.0899963378906,367.0299987792969,361.07000732421875,366.2799987792969,232058900
2019-08-16,369.6300048828125,369.95001220703125,365.30999755859375,365.30999755859375,240284700
2019-08-19,373.8599853515625,374.1700134277344,370.42999267578125,370.42999267578125,177666500
2019-08-20,371.29998779296875,375.1700134277344,371.05999755859375,373.8699951171875,182073700
2019-08-21,375.79998779296875,376.3699951171875,371.6099853515625,371.6099853515625,152871000
2019-08-22,374.2900085449219,376.69000244140625,373.42999267578125,375.32000732421875,176995100
2019-08-23,371.3599853515625,376.5199890136719,371.3599853515625,374.8999938964844,175734700
2019-08-26,371.2799987792969,372.2300109863281,369.0799865722656,370.57000732421875,73312000
2019-08-27,373.6199951171875,374.3699951171875,370.05999755859375,371.3699951171875,209015700
2019-08-28,372.8599853515625,373.4800109863281,369.8599853515625,373.4800109863281,174336600
2019-08-29,376.739990234375,377.1700134277344,371.94000244140625,372.4100036621094,194338500
2019-08-30,379.4800109863281,380.5799865722656,376.760009765625,376.760009765625,197014500
2019-09-02,380.69000244140625,382.0899963378906,379.8800048828125,379.8800048828125,123004500
2019-09-03,379.80999755859375,380.3999938964844,378.1499938964844,380.3999938964844,160857200
2019-09-04,383.17999267578125,384.4100036621094,380.8599853515625,380.8599853515625,192143200
2019-09-05,385.9200134277344,386.1099853515625,383.75,383.75,210410200
2019-09-06,387.1400146484375,387.1400146484375,385.3599853515625,386.0,189282100
2019-09-09,386.05999755859375,387.9200134277344,385.44000244140625,387.1199951171875,198146300
2019-09-10,386.44000244140625,386.4800109863281,383.7900085449219,386.0899963378906,271531200
2019-09-11,389.7099914550781,389.82000732421875,386.6000061035156,386.6000061035156,236874900
2019-09-12,390.4800109863281,392.739990234375,388.1300048828125,389.92999267578125,237982200
2019-09-13,391.7900085449219,392.2900085449219,389.92999267578125,390.2900085449219,244894900
2019-09-16,389.5299987792969,391.1400146484375,389.1300048828125,391.1400146484375,224996500
2019-09-17,389.3299865722656,389.7300109863281,387.6600036621094,389.44000244140625,207733500
2019-09-18,389.4100036621094,390.1600036621094,388.6099853515625,389.0299987792969,180516700
2019-09-19,391.79998779296875,392.0299987792969,388.8999938964844,389.3500061035156,188672800
2019-09-20,392.95001220703125,393.6700134277344,391.8999938964844,392.8299865722656,425274900
2019-09-23,389.79998779296875,392.4200134277344,388.7099914550781,392.3999938964844,170834100
2019-09-24,389.8399963378906,390.9599914550781,389.6400146484375,390.3699951171875,161979400
2019-09-25,387.5899963378906,389.1400146484375,384.17999267578125,389.1400146484375,186402600
2019-09-26,389.95001220703125,390.739990234375,386.9100036621094,387.0299987792969,174951800
2019-09-27,391.7900085449219,392.489990234375,390.3699951171875,390.3699951171875,0
2019-09-30,393.1499938964844,393.57000732421875,391.0400085449219,391.6400146484375,180739400
2019-10-01,387.989990234375,394.69000244140625,387.7900085449219,393.3500061035156,204808700
2019-10-02,377.5199890136719,387.7099914550781,377.5199890136719,387.7099914550781,224777600
2019-10-03,377.4599914550781,378.42999267578125,374.6600036621094,377.05999755859375,170773600
2019-10-04,380.2200012207031,380.2200012207031,376.7099914550781,377.6000061035156,176109900
2019-10-07,382.9100036621094,383.1099853515625,379.5400085449219,380.1300048828125,146527300
2019-10-08,378.7099914550781,383.5199890136719,378.42999267578125,383.2099914550781,174854600
2019-10-09,380.29998779296875,381.75,377.94000244140625,378.4700012207031,156951100
2019-10-10,382.760009765625,383.54998779296875,378.17999267578125,380.489990234375,194967200
2019-10-11,391.6099853515625,391.6099853515625,383.7099914550781,384.1400146484375,310829400
2019-10-14,389.69000244140625,390.80999755859375,387.0899963378906,390.80999755859375,171175600
2019-10-15,394.0199890136719,395.07000732421875,390.55999755859375,390.55999755859375,243560900
2019-10-16,393.4599914550781,394.6000061035156,392.25,393.8500061035156,241969100
2019-10-17,393.0799865722656,396.8599853515625,392.2300109863281,392.94000244140625,256881500
2019-10-18,391.8399963378906,393.4599914550781,391.32000732421875,392.80999755859375,210704700
2019-10-21,394.2200012207031,394.7300109863281,391.9200134277344,392.1099853515625,200954600
2019-10-22,394.5899963378906,394.8299865722656,392.5899963378906,394.1099853515625,185676800
2019-10-23,395.0299987792969,395.2900085449219,392.82000732421875,393.5899963378906,195789900
2019-10-24,397.3699951171875,397.7799987792969,395.5299987792969,395.5299987792969,215257400
2019-10-25,398.010009765625,398.0199890136719,395.6600036621094,397.19000244140625,163726700
2019-10-28,398.989990234375,399.7799987792969,397.1700134277344,398.04998779296875,168790700
2019-10-29,398.3699951171875,398.8999938964844,396.8599853515625,398.8999938964844,187411700
2019-10-30,398.70001220703125,398.70001220703125,396.5,398.0,200763400
2019-10-31,396.75,399.8800048828125,395.7300109863281,399.1499938964844,231643700
2019-11-01,399.42999267578125,399.8599853515625,397.3399963378906,397.3399963378906,153115500
2019-11-04,403.4100036621094,403.989990234375,400.1400146484375,400.1400146484375,190169500
2019-11-05,404.2300109863281,404.6499938964844,402.82000732421875,403.54998779296875,208785500
2019-11-06,405.07000732421875,405.2300109863281,403.0400085449219,404.010009765625,193317500
2019-11-07,406.55999755859375,406.94000244140625,405.3699951171875,405.3699951171875,208608200
2019-11-08,405.4200134277344,406.1000061035156,404.4599914550781,406.0199890136719,200720300
2019-11-11,405.3399963378906,405.6400146484375,403.05999755859375,404.9200134277344,189148600
2019-11-12,406.8999938964844,407.6300048828125,405.19000244140625,405.55999755859375,201186000
2019-11-13,405.8599853515625,406.57000732421875,403.5299987792969,406.57000732421875,201172300
2019-11-14,404.4100036621094,406.0,404.3800048828125,405.7099914550781,183436800
2019-11-15,406.0400085449219,406.739990234375,403.510009765625,405.2099914550781,192312200
2019-11-18,405.989990234375,407.1600036621094,404.69000244140625,406.3399963378906,181006900
2019-11-19,405.5,409.239990234375,404.79998779296875,406.17999267578125,172925800
2019-11-20,403.82000732421875,404.6499938964844,401.7799987792969,404.6499938964844,196558800
2019-11-21,402.2200012207031,403.1000061035156,400.0199890136719,403.1000061035156,186803900
2019-11-22,403.9800109863281,405.44000244140625,402.3900146484375,402.3900146484375,176172400
2019-11-25,408.0899963378906,408.25,405.2300109863281,405.2300109863281,151159500
2019-11-26,408.489990234375,409.0400085449219,406.9700012207031,407.9800109863281,275539100
2019-11-27,409.80999755859375,410.3900146484375,408.5400085449219,409.0,165679700
2019-11-28,409.25,409.6300048828125,408.44000244140625,409.6300048828125,130992400
2019-11-29,407.42999267578125,409.6400146484375,407.3399963378906,408.57000732421875,156046100
2019-12-02,401.010009765625,410.0400085449219,400.57000732421875,407.4800109863281,232121600
2019-12-03,398.4800109863281,402.989990234375,397.17999267578125,401.8399963378906,208437800
2019-12-04,403.19000244140625,403.2799987792969,398.510009765625,398.6199951171875,176234200
2019-12-05,402.6600036621094,405.3699951171875,402.4100036621094,403.7099914550781,158191200
2019-12-06,407.3500061035156,407.4800109863281,403.0,403.0,147394100
2019-12-09,406.3900146484375,407.54998779296875,406.2200012207031,407.5,167280100
2019-12-10,405.3399963378906,406.1600036621094,401.4599914550781,406.1600036621094,183381000
2019-12-11,406.2200012207031,406.489990234375,403.989990234375,405.04998779296875,188022400
2019-12-12,407.5799865722656,409.3399963378906,404.989990234375,406.32000732421875,221436100
2019-12-13,412.0199890136719,414.9100036621094,410.6099853515625,410.6099853515625,366684700
2019-12-16,417.75,418.5299987792969,412.9100036621094,412.9100036621094,222055700
2019-12-17,414.9200134277344,416.6400146484375,414.1000061035156,416.6400146484375,233655100
2019-12-18,414.3800048828125,416.1199951171875,414.3800048828125,414.57000732421875,179845400
2019-12-19,415.07000732421875,415.45001220703125,413.5299987792969,414.9800109863281,186840600
2019-12-20,418.3999938964844,418.45001220703125,414.9800109863281,414.9800109863281,337268900
2019-12-23,418.2699890136719,418.8599853515625,417.55999755859375,417.9700012207031,126235100
2019-12-27,419.739990234375,420.7200012207031,418.9200134277344,419.1600036621094,102948900
2019-12-30,416.1700134277344,419.4599914550781,416.1700134277344,419.4599914550781,94199100
2020-01-03,418.3299865722656,418.7300109863281,415.5799865722656,418.7300109863281,149647500
2020-01-06,416.6300048828125,417.3399963378906,412.6300048828125,417.3399963378906,151853000
2020-01-07,417.6700134277344,419.7300109863281,416.3500061035156,417.25,153736700
2020-01-08,418.3599853515625,418.6300048828125,415.1300048828125,416.9100036621094,181395100
2020-01-09,419.6400146484375,421.42999267578125,419.1600036621094,419.260009765625,193931100
2020-01-10,419.1400146484375,420.8500061035156,419.1400146484375,420.20001220703125,165853000
2020-01-13,418.3900146484375,420.0,417.260009765625,418.7300109863281,166725600
2020-01-14,419.5899963378906,419.5899963378906,415.6099853515625,418.45001220703125,181115200
2020-01-15,419.6300048828125,420.010009765625,418.19000244140625,419.57000732421875,196390300
2020-01-16,420.5400085449219,421.29998779296875,419.04998779296875,420.0,80913800
2020-01-17,424.55999755859375,424.8999938964844,421.3399963378906,421.3399963378906,174188200
2020-01-20,423.9800109863281,424.4800109863281,423.07000732421875,424.0199890136719,107860400
2020-01-21,423.3800048828125,423.3800048828125,419.7900085449219,422.9800109863281,165562200
2020-01-22,423.0400085449219,424.94000244140625,422.57000732421875,423.510009765625,178126300
2020-01-23,420.0299987792969,422.5400085449219,419.3699951171875,422.5299987792969,182917800
2020-01-24,423.6400146484375,425.3599853515625,421.010009765625,421.010009765625,173980700
2020-01-27,414.07000732421875,420.55999755859375,413.4700012207031,420.55999755859375,203735500
2020-01-28,417.55999755859375,417.8900146484375,413.1600036621094,414.3699951171875,176695200
2020-01-29,419.4100036621094,420.0899963378906,417.75,417.9200134277344,175283900
2020-01-30,415.1600036621094,417.5199890136719,414.0199890136719,417.5199890136719,206815500
2020-01-31,410.7099914550781,416.989990234375,410.42999267578125,415.9800109863281,238102500
2020-02-03,411.7200012207031,413.1600036621094,410.19000244140625,410.9599914550781,182184000
2020-02-04,418.4700012207031,418.489990234375,412.2099914550781,412.2099914550781,206100300
2020-02-05,423.6199951171875,424.2699890136719,417.55999755859375,417.989990234375,244720200
2020-02-06,425.489990234375,426.70001220703125,424.1600036621094,425.1000061035156,228035100
2020-02-07,424.3599853515625,425.4100036621094,422.95001220703125,425.4100036621094,208740100
2020-02-10,424.6400146484375,424.6700134277344,422.239990234375,423.69000244140625,160073400
2020-02-11,428.4800109863281,429.0199890136719,425.82000732421875,425.82000732421875,197702000
2020-02-12,431.1600036621094,431.1600036621094,428.8500061035156,429.0,195616500
2020-02-13,431.0799865722656,431.0799865722656,426.3399963378906,430.6000061035156,227961100
2020-02-14,430.5199890136719,432.260009765625,430.1300048828125,431.2099914550781,167725200
2020-02-17,431.9800109863281,432.4800109863281,431.0400085449219,431.1300048828125,0
2020-02-18,430.3299865722656,431.3500061035156,428.55999755859375,430.5400085449219,228610300
2020-02-19,433.8999938964844,433.8999938964844,431.44000244140625,431.44000244140625,182531600
2020-02-20,430.19000244140625,433.5400085449219,430.19000244140625,433.3599853515625,210644200
2020-02-21,428.07000732421875,430.8699951171875,426.1300048828125,429.3900146484375,241012300
2020-02-24,411.8599853515625,424.29998779296875,409.989990234375,424.29998779296875,336174500
2020-02-25,404.6000061035156,414.75,403.9599914550781,412.9100036621094,283347500
2020-02-26,404.6199951171875,405.7799987792969,392.8900146484375,403.25,316567300
2020-02-27,389.45001220703125,401.239990234375,385.05999755859375,401.239990234375,366660200
2020-02-28,375.6499938964844,385.04998779296875,371.20001220703125,385.04998779296875,533260100
2020-03-02,375.9700012207031,384.20001220703125,369.05999755859375,378.7300109863281,439821300
2020-03-03,381.1300048828125,388.44000244140625,378.6700134277344,378.6700134277344,374556200
2020-03-04,386.29998779296875,388.82000732421875,379.42999267578125,381.4200134277344,328466500
2020-03-05,380.760009765625,389.1000061035156,378.0400085449219,387.9700012207031,341903600
2020-03-06,366.79998779296875,378.3399963378906,364.0299987792969,378.3399963378906,395356800
2020-03-09,339.5,362.3800048828125,336.5400085449219,362.3800048828125,606630700
2020-03-10,335.6400146484375,353.3999938964844,334.2799987792969,341.739990234375,513551800
2020-03-11,333.1700134277344,343.3800048828125,332.260009765625,337.20001220703125,427769400
2020-03-12,294.92999267578125,327.9800109863281,294.32000732421875,327.9800109863281,694157300
2020-03-13,299.1600036621094,320.760009765625,295.2300109863281,297.9200134277344,596027500
2020-03-16,284.6300048828125,294.30999755859375,268.57000732421875,294.30999755859375,614569800
2020-03-17,291.07000732421875,295.19000244140625,275.2900085449219,287.1600036621094,520611300
2020-03-18,279.6600036621094,288.67999267578125,275.9200134277344,288.67999267578125,478145500
2020-03-19,287.79998779296875,288.2200012207031,275.7200012207031,277.510009765625,508812200
2020-03-20,293.0400085449219,301.9700012207031,291.010009765625,291.010009765625,672273700
2020-03-23,280.42999267578125,292.0400085449219,278.4100036621094,288.30999755859375,0
2020-03-24,304.0,304.0,284.010009765625,284.010009765625,420301900
2020-03-25,313.3800048828125,318.5199890136719,301.8500061035156,307.8599853515625,452247300
2020-03-26,321.3800048828125,321.3800048828125,306.0400085449219,310.0199890136719,373673300
2020-03-27,310.8999938964844,319.1700134277344,306.70001220703125,319.1700134277344,342220200
2020-03-30,314.8800048828125,314.8800048828125,303.3800048828125,311.3999938964844,294024800
2020-03-31,320.05999755859375,321.489990234375,313.9700012207031,316.3800048828125,386418100
2020-04-01,310.7699890136719,316.3500061035156,308.0299987792969,316.3500061035156,349682800
2020-04-02,312.0799865722656,314.010009765625,306.5799865722656,311.45001220703125,346144100
2020-04-03,309.05999755859375,312.010009765625,308.4100036621094,311.9800109863281,299157000
2020-04-06,320.5799865722656,321.05999755859375,312.4200134277344,312.4200134277344,301512500
2020-04-07,326.6099853515625,331.739990234375,323.239990234375,323.239990234375,376254100
2020-04-08,326.6700134277344,326.6700134277344,321.57000732421875,325.6199951171875,266335900
2020-04-09,331.79998779296875,332.8900146484375,326.3399963378906,328.4200134277344,309218200
2020-04-14,333.9100036621094,336.3500061035156,333.4200134277344,333.92999267578125,277928100
2020-04-15,323.05999755859375,333.70001220703125,322.3699951171875,333.510009765625,322323100
2020-04-16,324.9200134277344,327.239990234375,323.1000061035156,324.4700012207031,280862100
2020-04-17,333.4700012207031,335.8800048828125,328.57000732421875,328.57000732421875,310811200
2020-04-20,335.70001220703125,335.70001220703125,329.54998779296875,334.19000244140625,215334600
2020-04-21,324.30999755859375,333.8800048828125,324.30999755859375,333.8800048828125,239345400
2020-04-22,330.1400146484375,330.2200012207031,325.4800109863281,325.4800109863281,221466900
2020-04-23,333.239990234375,335.32000732421875,328.6300048828125,330.94000244140625,230040500
2020-04-24,329.5899963378906,332.9200134277344,328.4200134277344,331.55999755859375,216929200
2020-04-27,335.44000244140625,335.8800048828125,331.82000732421875,331.82000732421875,203319700
2020-04-28,341.0899963378906,342.8299865722656,335.55999755859375,335.760009765625,297910000
2020-04-29,347.05999755859375,347.2099914550781,340.3999938964844,341.3900146484375,307402300
2020-04-30,340.0299987792969,349.2200012207031,339.6199951171875,347.6700134277344,406684800
2020-05-04,328.44000244140625,334.8999938964844,327.4700012207031,334.8999938964844,280681200
2020-05-05,335.5,335.5,330.67999267578125,330.67999267578125,250569800
2020-05-06,334.3399963378906,337.3800048828125,333.8699951171875,335.7699890136719,235985200
2020-05-07,337.9800109863281,338.20001220703125,334.80999755859375,334.80999755859375,232301800
2020-05-08,341.04998779296875,341.1300048828125,339.0899963378906,339.0899963378906,88057400
2020-05-11,339.70001220703125,343.3800048828125,337.07000732421875,342.1000061035156,230687900
2020-05-12,340.57000732421875,341.6099853515625,338.3800048828125,338.9100036621094,225192200
2020-05-13,333.9700012207031,338.79998779296875,333.760009765625,338.79998779296875,259089900
2020-05-14,326.7099914550781,332.44000244140625,322.8699951171875,332.44000244140625,289337400
2020-05-15,328.239990234375,331.7200012207031,327.29998779296875,328.2300109863281,239373600
2020-05-18,341.5899963378906,341.82000732421875,330.70001220703125,330.70001220703125,242578300
2020-05-19,339.489990234375,343.2699890136719,337.44000244140625,342.2699890136719,329491500
2020-05-20,342.82000732421875,343.04998779296875,336.8800048828125,338.82000732421875,286044400
2020-05-22,340.1700134277344,340.8299865722656,334.57000732421875,338.70001220703125,253880700
2020-05-25,345.17999267578125,345.17999267578125,340.9800109863281,340.9800109863281,85563200
2020-05-26,348.9200134277344,349.7200012207031,347.010009765625,347.010009765625,314648700
2020-05-27,349.75,352.75,347.4100036621094,349.4200134277344,407509000
2020-05-28,355.4700012207031,356.04998779296875,350.8500061035156,350.8500061035156,322521100
2020-05-29,350.3599853515625,354.0,349.7799987792969,354.0,580548500
2020-06-02,359.7699890136719,360.6099853515625,355.9700012207031,355.9700012207031,322723400
2020-06-03,368.9200134277344,369.0899963378906,360.7799987792969,360.7799987792969,364911600
2020-06-04,366.25,369.4800109863281,364.57000732421875,367.69000244140625,337326700
2020-06-05,375.32000732421875,375.3999938964844,367.5400085449219,367.5400085449219,407200700
2020-06-08,374.1199951171875,375.5199890136719,371.4100036621094,374.44000244140625,371230900
2020-06-09,369.5400085449219,374.9800109863281,368.1300048828125,374.55999755859375,366495100
2020-06-10,368.1499938964844,373.0299987792969,367.0,370.1700134277344,309538900
2020-06-11,353.07000732421875,364.9800109863281,353.07000732421875,364.9800109863281,345740900
2020-06-12,354.05999755859375,358.8500061035156,349.2200012207031,351.7699890136719,295857300
2020-06-15,353.0899963378906,354.29998779296875,344.9100036621094,350.5400085449219,259217900
2020-06-16,363.3299865722656,366.6199951171875,355.32000732421875,355.32000732421875,319790900
2020-06-17,366.0199890136719,367.45001220703125,363.0299987792969,363.0299987792969,260799900
2020-06-18,363.4100036621094,367.30999755859375,361.510009765625,365.19000244140625,257886300
2020-06-19,365.4599914550781,367.4700012207031,364.4599914550781,364.4599914550781,508126000
2020-06-22,362.70001220703125,366.510009765625,361.4100036621094,364.25,207064600
2020-06-23,367.3999938964844,368.4700012207031,363.9100036621094,363.9100036621094,223615100
2020-06-24,357.1700134277344,366.6000061035156,357.1700134277344,366.6000061035156,225957800
2020-06-25,359.739990234375,360.4599914550781,352.67999267578125,356.7900085449219,244571700
2020-06-26,358.32000732421875,364.9800109863281,358.1499938964844,361.19000244140625,200171100
2020-06-29,359.8900146484375,361.5199890136719,356.32000732421875,357.6600036621094,200537200
2020-06-30,360.3399963378906,361.54998779296875,358.0400085449219,360.4599914550781,226240100
2020-07-01,361.19000244140625,362.9200134277344,356.6600036621094,360.80999755859375,198697200
2020-07-02,368.2900085449219,368.8500061035156,362.5799865722656,362.5799865722656,237879600
2020-07-03,365.42999267578125,369.2799987792969,364.2200012207031,368.489990234375,140948500
2020-07-06,371.2099914550781,372.3699951171875,367.30999755859375,367.30999755859375,198926800
2020-07-07,368.9599914550781,370.1099853515625,366.4599914550781,370.1099853515625,175809500
2020-07-08,366.4800109863281,369.3399963378906,365.7900085449219,367.8399963378906,181618500
2020-07-09,363.6400146484375,368.70001220703125,363.010009765625,367.4100036621094,180405800
2020-07-10,366.8299865722656,367.0199890136719,361.7799987792969,362.8399963378906,174619300
2020-07-13,370.5,370.7300109863281,367.7699890136719,368.1400146484375,182826800
2020-07-14,367.3999938964844,368.5199890136719,363.55999755859375,368.5199890136719,201143300
2020-07-15,373.8699951171875,375.4599914550781,368.989990234375,368.989990234375,222158900
2020-07-16,372.1300048828125,372.75,369.94000244140625,372.70001220703125,176757400
2020-07-17,372.7099914550781,373.1099853515625,371.1099853515625,372.8800048828125,194740800
2020-07-20,375.510009765625,376.2099914550781,369.82000732421875,372.1600036621094,165090400
2020-07-21,376.70001220703125,380.260009765625,376.1400146484375,376.9700012207031,240686100
2020-07-22,373.44000244140625,375.82000732421875,372.0199890136719,375.739990234375,189247100
2020-07-23,373.6499938964844,376.2699890136719,372.8999938964844,374.3599853515625,168506300
2020-07-24,367.2900085449219,371.32000732421875,365.760009765625,371.32000732421875,187260800
2020-07-27,366.1499938964844,367.5799865722656,365.010009765625,366.67999267578125,183360900
2020-07-28,367.67999267578125,368.0799865722656,364.75,366.5899963378906,168244100
2020-07-29,367.45001220703125,368.75,366.8500061035156,367.3699951171875,181764100
2020-07-30,359.5199890136719,367.8999938964844,356.5199890136719,367.8999938964844,286982000
2020-07-31,356.3299865722656,363.3500061035156,356.2799987792969,359.6600036621094,255531900
2020-08-03,363.6400146484375,364.4200134277344,355.2099914550781,356.3800048828125,226209500
2020-08-04,363.3900146484375,365.9200134277344,361.29998779296875,364.20001220703125,221531200
2020-08-05,365.1600036621094,367.0899963378906,363.7799987792969,363.7799987792969,206117500
2020-08-06,362.489990234375,366.3299865722656,360.9800109863281,364.82000732421875,207513000
2020-08-07,363.54998779296875,364.0,360.5299987792969,362.25,156090200
2020-08-10,364.6499938964844,366.32000732421875,362.80999755859375,364.0899963378906,147880900
2020-08-11,370.760009765625,372.5400085449219,365.7900085449219,365.7900085449219,218331800
2020-08-12,374.8800048828125,375.4800109863281,369.8299865722656,370.6000061035156,187146300
2020-08-13,372.5299987792969,374.20001220703125,372.1000061035156,373.9200134277344,153442300
2020-08-14,368.07000732421875,372.239990234375,365.3299865722656,372.239990234375,148680000
2020-08-17,369.260009765625,369.6300048828125,366.239990234375,367.8900146484375,127192800
2020-08-18,367.17999267578125,371.2300109863281,366.20001220703125,368.94000244140625,141927400
2020-08-19,369.5799865722656,369.5799865722656,365.92999267578125,367.0799865722656,124005800
2020-08-20,365.6400146484375,368.1400146484375,364.19000244140625,368.1400146484375,140322400
2020-08-21,365.0899963378906,367.8699951171875,361.9800109863281,366.42999267578125,150944200
2020-08-24,370.8500061035156,371.9700012207031,365.79998779296875,365.79998779296875,136815000
2020-08-25,369.75,374.1099853515625,369.75,371.3599853515625,154803400
2020-08-26,373.1199951171875,373.1300048828125,368.4599914550781,369.8699951171875,131263300
2020-08-27,370.7200012207031,373.29998779296875,370.70001220703125,373.1700134277344,161986900
2020-08-28,368.79998779296875,371.4700012207031,367.1600036621094,370.7099914550781,213993300
2020-08-31,366.510009765625,371.3500061035156,366.32000732421875,369.3599853515625,115945800
2020-09-01,365.2300109863281,369.4100036621094,362.82000732421875,367.29998779296875,230945600
2020-09-02,371.2799987792969,373.19000244140625,366.0400085449219,366.0400085449219,187957100
2020-09-03,366.0799865722656,375.9200134277344,364.8999938964844,372.1300048828125,209685200
2020-09-04,361.92999267578125,369.19000244140625,359.5799865722656,365.1000061035156,228394100
2020-09-07,367.9700012207031,368.4599914550781,362.1400146484375,362.1400146484375,154596900
2020-09-08,363.75,368.7699890136719,360.82000732421875,367.8900146484375,207359400
2020-09-09,369.6499938964844,370.20001220703125,363.239990234375,363.239990234375,189770300
2020-09-10,367.4800109863281,370.57000732421875,366.2699890136719,369.82000732421875,181611600
2020-09-11,367.9599914550781,369.05999755859375,366.1700134277344,367.5400085449219,163923300
2020-09-14,368.510009765625,371.0400085449219,367.489990234375,368.739990234375,155912800
2020-09-15,370.9599914550781,371.9700012207031,368.0400085449219,368.3999938964844,184551100
2020-09-16,373.1300048828125,373.1499938964844,370.92999267578125,371.20001220703125,191616300
2020-09-17,371.2300109863281,372.07000732421875,368.25,372.07000732421875,187077200
2020-09-18,368.7799987792969,371.94000244140625,368.7799987792969,370.8999938964844,489799500
2020-09-21,356.82000732421875,367.8599853515625,355.8699951171875,367.8599853515625,110780900
2020-09-22,357.54998779296875,359.94000244140625,357.239990234375,357.239990234375,89313500
2020-09-23,359.5299987792969,363.2099914550781,358.260009765625,358.260009765625,203296800
2020-09-24,355.8500061035156,358.80999755859375,354.5799865722656,357.8999938964844,208302100
2020-09-25,355.510009765625,356.9599914550781,351.239990234375,356.1499938964844,204972200
2020-09-28,363.3900146484375,363.82000732421875,357.0299987792969,357.0299987792969,214881900
2020-09-29,361.489990234375,363.239990234375,360.7799987792969,363.239990234375,170672500
2020-09-30,361.0899963378906,363.3599853515625,358.82000732421875,360.8500061035156,213222400
2020-10-01,361.79998779296875,364.42999267578125,360.3699951171875,361.9100036621094,200721400
2020-10-02,362.69000244140625,362.69000244140625,357.6300048828125,360.5799865722656,189190700
2020-10-05,365.6300048828125,366.3500061035156,363.6099853515625,363.6099853515625,178087000
2020-10-06,365.8800048828125,367.4100036621094,363.9700012207031,366.17999267578125,225287800
2020-10-07,365.45001220703125,367.1400146484375,364.42999267578125,365.6499938964844,192666700
2020-10-08,368.30999755859375,369.4800109863281,366.1600036621094,366.3699951171875,204924200
2020-10-09,370.3500061035156,370.55999755859375,368.6600036621094,368.6600036621094,178608700
2020-10-12,373.0,373.5799865722656,370.7200012207031,370.95001220703125,167989000
2020-10-13,370.9599914550781,373.1499938964844,369.8900146484375,373.1499938964844,192190600
2020-10-14,370.6199951171875,372.1099853515625,370.0199890136719,370.4800109863281,164941700
2020-10-15,362.9100036621094,369.6499938964844,361.19000244140625,369.6499938964844,206970800
2020-10-16,367.4800109863281,368.70001220703125,363.45001220703125,363.45001220703125,203751100
2020-10-19,366.80999755859375,370.70001220703125,366.1199951171875,368.05999755859375,143512400
2020-10-20,365.510009765625,367.67999267578125,365.0299987792969,366.260009765625,179891100
2020-10-21,360.7900085449219,366.3299865722656,360.6499938964844,365.989990234375,191382400
2020-10-22,360.2699890136719,361.3299865722656,356.42999267578125,360.4599914550781,188292300
2020-10-23,362.5,364.1099853515625,359.9599914550781,360.2099914550781,210392000
2020-10-26,355.95001220703125,360.9100036621094,355.8800048828125,360.7200012207031,208618100
2020-10-27,352.5799865722656,356.7200012207031,352.1300048828125,356.3599853515625,216105800
2020-10-28,342.1700134277344,351.17999267578125,339.75,351.17999267578125,314630400
2020-10-29,341.760009765625,344.5400085449219,338.57000732421875,342.1000061035156,270193600
2020-10-30,342.3599853515625,342.94000244140625,338.8399963378906,340.6099853515625,228702700
2020-11-02,347.8599853515625,348.4100036621094,341.3399963378906,343.20001220703125,208383000
2020-11-03,356.010009765625,356.0299987792969,349.1600036621094,349.1600036621094,233717700
2020-11-04,363.30999755859375,363.489990234375,351.3299865722656,354.3800048828125,241853600
2020-11-05,367.1199951171875,367.9599914550781,364.0,364.0,241657200
2020-11-06,366.3999938964844,368.2200012207031,363.260009765625,367.1600036621094,217412500
2020-11-09,380.989990234375,385.80999755859375,368.1300048828125,368.1300048828125,534407500
2020-11-10,384.4200134277344,385.42999267578125,380.0299987792969,380.6600036621094,461688600
2020-11-11,388.55999755859375,389.07000732421875,384.7099914550781,384.7099914550781,310292900
2020-11-12,385.1600036621094,387.8500061035156,384.5799865722656,386.79998779296875,267753800
2020-11-13,385.17999267578125,386.5799865722656,383.510009765625,384.3900146484375,241864600
2020-11-16,389.739990234375,391.57000732421875,386.0899963378906,386.8900146484375,337486800
2020-11-17,388.82000732421875,389.9700012207031,386.8900146484375,389.1300048828125,284763600
2020-11-18,390.5400085449219,391.0799865722656,387.1400146484375,388.29998779296875,249034900
2020-11-19,387.6000061035156,388.55999755859375,386.4599914550781,388.4100036621094,237675400
2020-11-20,389.6099853515625,390.54998779296875,386.95001220703125,387.3800048828125,214267300
2020-11-23,388.8399963378906,392.9700012207031,388.8399963378906,390.6600036621094,234773600
2020-11-24,392.3900146484375,392.3900146484375,390.45001220703125,390.5899963378906,316719600
2020-11-25,392.0899963378906,393.67999267578125,390.69000244140625,393.0,280451100
2020-11-26,391.6300048828125,393.07000732421875,391.2200012207031,392.44000244140625,193423200
2020-11-27,393.2300109863281,393.5,390.7300109863281,391.25,312114500
2020-11-30,389.3599853515625,393.8699951171875,389.3599853515625,392.2900085449219,370613400
2020-12-01,391.8999938964844,393.1099853515625,389.9800109863281,389.9800109863281,241251400
2020-12-02,391.69000244140625,391.9700012207031,389.6000061035156,390.9599914550781,246619800
2020-12-03,391.7200012207031,392.1000061035156,389.80999755859375,391.9100036621094,226883600
2020-12-04,394.0400085449219,394.0400085449219,391.5400085449219,391.5400085449219,260750700
2020-12-07,392.8399963378906,393.6300048828125,390.2900085449219,393.4800109863281,221220400
2020-12-08,393.6400146484375,393.8999938964844,390.54998779296875,392.739990234375,180040900
2020-12-09,394.8999938964844,396.6099853515625,394.2099914550781,394.2099914550781,206027400
2020-12-10,393.1499938964844,395.44000244140625,391.29998779296875,394.5400085449219,253403800
2020-12-11,390.1199951171875,392.6400146484375,387.20001220703125,392.6400146484375,244825600
2020-12-14,391.8500061035156,394.45001220703125,391.67999267578125,391.67999267578125,207740500
2020-12-15,392.8399963378906,393.4200134277344,390.9599914550781,391.67999267578125,204633700
2020-12-16,396.0799865722656,396.8500061035156,393.7900085449219,393.7900085449219,227325300
2020-12-17,397.2799987792969,398.489990234375,396.8599853515625,396.8599853515625,207353400
2020-12-18,395.8999938964844,399.07000732421875,395.7200012207031,396.510009765625,347207600
2020-12-21,386.69000244140625,392.1400146484375,381.6300048828125,392.1400146484375,277902400
2020-12-22,391.25,391.7900085449219,387.760009765625,387.760009765625,153683100
2020-12-23,395.489990234375,395.67999267578125,392.04998779296875,392.0899963378906,170468900
2020-12-28,398.5799865722656,399.1199951171875,396.6099853515625,396.6099853515625,68058000
2020-12-29,401.6099853515625,403.260009765625,399.8699951171875,399.8699951171875,161387800
2020-12-30,400.25,402.75,400.19000244140625,401.7300109863281,108649600
2021-01-04,401.69000244140625,405.760009765625,400.4200134277344,400.5899963378906,217955900
2021-01-05,400.94000244140625,402.7799987792969,399.3500061035156,400.8399963378906,184265400
2021-01-06,406.4100036621094,407.29998779296875,400.5,402.0799865722656,286015700
2021-01-07,408.489990234375,409.3900146484375,406.4599914550781,408.0899963378906,235099200
2021-01-08,411.1700134277344,411.9200134277344,410.0199890136719,410.0199890136719,216734600
2021-01-11,408.4100036621094,410.9700012207031,406.45001220703125,410.4100036621094,182564200
2021-01-12,408.6099853515625,410.1099853515625,407.3399963378906,409.1700134277344,190728100
2021-01-13,409.07000732421875,409.739990234375,407.94000244140625,408.80999755859375,181754200
2021-01-14,412.0,412.4599914550781,409.7099914550781,409.7099914550781,194332300
2021-01-15,407.8500061035156,411.19000244140625,405.4200134277344,411.19000244140625,218522300
2021-01-18,408.67999267578125,408.75,406.3900146484375,407.0199890136719,125093100
2021-01-19,407.9200134277344,410.8599853515625,407.57000732421875,410.1499938964844,172615800
2021-01-20,410.8399963378906,411.92999267578125,408.6199951171875,408.6400146484375,172622400
2021-01-21,410.8900146484375,413.9800109863281,410.7900085449219,412.45001220703125,172924500
2021-01-22,408.5400085449219,409.8800048828125,405.739990234375,409.8800048828125,191471800
2021-01-25,405.1300048828125,410.8599853515625,403.8999938964844,410.17999267578125,211863100
2021-01-26,407.70001220703125,409.760009765625,404.75,404.75,197861100
2021-01-27,402.9800109863281,408.32000732421875,399.239990234375,407.6300048828125,266840400
2021-01-28,403.3900146484375,404.4800109863281,394.3999938964844,400.8599853515625,257028400
2021-01-29,395.8500061035156,401.2099914550781,395.8500061035156,401.2099914550781,244280700
2021-02-01,400.7699890136719,401.8599853515625,397.0799865722656,397.0799865722656,184282100
2021-02-02,405.9200134277344,406.42999267578125,402.260009765625,402.260009765625,202266300
2021-02-03,407.2699890136719,410.1300048828125,406.44000244140625,407.6400146484375,229680300
2021-02-04,409.5400085449219,409.80999755859375,406.9200134277344,407.07000732421875,243164200
2021-02-05,409.5400085449219,411.5899963378906,408.4599914550781,410.0799865722656,253713200
2021-02-08,410.7799987792969,412.2900085449219,410.1600036621094,410.1600036621094,219967600
2021-02-09,410.4200134277344,411.1199951171875,408.8999938964844,411.010009765625,161511100
2021-02-10,409.4700012207031,411.9200134277344,407.4800109863281,411.2099914550781,210429000
2021-02-11,411.3500061035156,411.55999755859375,409.5199890136719,409.9700012207031,174139200
2021-02-12,414.0,414.0,409.25,411.1199951171875,157254700
2021-02-15,419.4700012207031,420.1400146484375,415.82000732421875,415.82000732421875,194861500
2021-02-16,419.20001220703125,420.57000732421875,418.7099914550781,419.8800048828125,184545200
2021-02-17,416.1000061035156,418.6400146484375,415.55999755859375,418.6400146484375,193909300
2021-02-18,412.70001220703125,417.260009765625,411.8699951171875,415.8699951171875,202089900
2021-02-19,414.8800048828125,415.7200012207031,412.2699890136719,413.07000732421875,227841300
2021-02-22,413.05999755859375,413.80999755859375,409.54998779296875,413.80999755859375,207706500
2021-02-23,411.32000732421875,414.5,406.67999267578125,413.17999267578125,273441700
2021-02-24,413.2099914550781,413.70001220703125,410.6199951171875,410.9599914550781,294350000
2021-02-25,411.7300109863281,415.3800048828125,411.7300109863281,414.0799865722656,260384600
2021-02-26,404.989990234375,410.6400146484375,404.0400085449219,408.9800109863281,299832700
2021-03-01,412.44000244140625,412.760009765625,408.25,408.25,193935100
2021-03-02,413.2300109863281,415.3699951171875,411.3299865722656,412.05999755859375,185747900
2021-03-03,413.4200134277344,416.69000244140625,410.54998779296875,413.79998779296875,242882900
2021-03-04,411.9100036621094,412.8399963378906,409.0299987792969,411.7099914550781,233110700
2021-03-05,408.67999267578125,413.19000244140625,407.1400146484375,410.6199951171875,257580800
2021-03-08,417.25,417.6199951171875,410.2300109863281,410.2300109863281,258755200
2021-03-09,420.4100036621094,421.04998779296875,416.19000244140625,417.3399963378906,258435900
2021-03-10,422.1099853515625,422.7099914550781,418.6600036621094,419.9599914550781,226418400
2021-03-11,424.1700134277344,424.2300109863281,422.54998779296875,422.67999267578125,231054000
2021-03-12,423.0799865722656,423.42999267578125,421.67999267578125,423.42999267578125,198579500
2021-03-15,423.0799865722656,426.1300048828125,421.95001220703125,423.9700012207031,194016900
2021-03-16,426.82000732421875,426.9599914550781,424.0799865722656,424.0799865722656,2219700
2021-03-17,424.9100036621094,426.9800109863281,424.1199951171875,426.5799865722656,2177300
2021-03-18,426.5899963378906,427.260009765625,424.7900085449219,425.4100036621094,244183300
2021-03-19,423.3500061035156,426.0199890136719,421.3999938964844,424.95001220703125,509089700
2021-03-22,424.1700134277344,424.3599853515625,420.7300109863281,422.5299987792969,205450500
2021-03-23,423.30999755859375,424.3399963378906,420.94000244140625,423.3999938964844,222826700
2021-03-24,423.3900146484375,423.69000244140625,420.3599853515625,421.95001220703125,207476500
2021-03-25,423.0799865722656,423.57000732421875,419.04998779296875,422.3800048828125,197372000
2021-03-26,426.92999267578125,427.2099914550781,424.19000244140625,424.19000244140625,199100800
2021-03-29,427.6099853515625,428.739990234375,426.5799865722656,427.2300109863281,176527000
2021-03-30,430.6499938964844,431.0799865722656,428.1400146484375,428.1400146484375,186096200
2021-03-31,429.6000061035156,431.760009765625,429.6000061035156,430.8500061035156,218633900
2021-04-01,432.2200012207031,432.6499938964844,429.6099853515625,429.6099853515625,162078600
2021-04-06,435.260009765625,436.4700012207031,433.2900085449219,433.2900085449219,204328000
2021-04-07,434.32000732421875,435.6300048828125,433.69000244140625,434.57000732421875,171946800
2021-04-08,436.8599853515625,436.8800048828125,434.8800048828125,434.8800048828125,200252600
2021-04-09,437.2300109863281,437.6499938964844,436.1000061035156,436.6700134277344,164371900
2021-04-12,435.239990234375,437.0400085449219,435.010009765625,437.010009765625,153272900
2021-04-13,435.75,436.5899963378906,434.20001220703125,435.45001220703125,161892300
2021-04-14,436.57000732421875,437.1499938964844,435.7300109863281,436.2799987792969,156288900
2021-04-15,438.54998779296875,439.1300048828125,436.6600036621094,436.6600036621094,162548400
2021-04-16,442.489990234375,442.510009765625,438.2900085449219,438.2900085449219,198487300
2021-04-19,442.17999267578125,443.6099853515625,441.5299987792969,442.44000244140625,149749300
2021-04-20,433.79998779296875,441.57000732421875,433.3500061035156,441.20001220703125,210250300
2021-04-21,436.6400146484375,437.2699890136719,433.75,434.2099914550781,179060100
2021-04-22,439.6300048828125,439.80999755859375,437.239990234375,437.239990234375,170160500
2021-04-23,439.0400085449219,439.6000061035156,436.57000732421875,439.20001220703125,148579500
2021-04-26,440.20001220703125,440.75,438.5,439.32000732421875,145926700
2021-04-27,439.8500061035156,440.4800109863281,438.6600036621094,440.2799987792969,167388500
2021-04-28,439.9200134277344,441.0199890136719,438.67999267578125,439.6600036621094,206103700
2021-04-29,438.7699890136719,442.6600036621094,437.8500061035156,440.6400146484375,204026700
2021-04-30,437.3900146484375,439.8399963378906,437.17999267578125,438.7799987792969,213001100
2021-05-03,439.9200134277344,439.9800109863281,436.8399963378906,437.8699951171875,85153500
2021-05-04,433.6499938964844,441.7099914550781,433.1700134277344,440.6000061035156,232148600
2021-05-05,441.54998779296875,441.6000061035156,435.2099914550781,435.2099914550781,189957600
2021-05-06,441.0199890136719,443.04998779296875,438.6499938964844,441.2300109863281,228481600
2021-05-07,444.92999267578125,444.92999267578125,441.8599853515625,441.8599853515625,183455500
2021-05-10,445.3900146484375,446.19000244140625,444.3800048828125,445.7099914550781,201181100
2021-05-11,436.6099853515625,444.42999267578125,434.0199890136719,444.42999267578125,234853100
2021-05-12,437.92999267578125,439.4599914550781,436.32000732421875,436.80999755859375,203670700
2021-05-14,442.5299987792969,442.55999755859375,438.1700134277344,438.5799865722656,195564100
2021-05-17,442.2900085449219,444.25,440.3999938964844,443.0199890136719,161061800
2021-05-18,443.0400085449219,446.010009765625,442.25,443.3999938964844,186093600
2021-05-19,436.3399963378906,441.010009765625,432.6300048828125,441.010009765625,197844300
2021-05-20,441.8999938964844,441.8999938964844,436.07000732421875,437.1400146484375,169989900
2021-05-21,444.44000244140625,445.2900085449219,441.6700134277344,442.3999938964844,200850100
2021-05-25,445.20001220703125,447.1499938964844,445.20001220703125,445.489990234375,168438300
2021-05-26,445.2200012207031,446.79998779296875,444.0400085449219,445.4700012207031,169169100
2021-05-27,446.44000244140625,447.8599853515625,444.5899963378906,445.1000061035156,359790500
2021-05-28,448.9800109863281,450.07000732421875,446.9800109863281,446.9800109863281,186878300
2021-05-31,446.760009765625,449.0799865722656,446.7099914550781,448.8299865722656,63502600
2021-06-01,450.1000061035156,452.5,447.5799865722656,447.5799865722656,174741600
2021-06-02,451.3399963378906,451.9700012207031,450.1700134277344,450.2099914550781,146828600
2021-06-03,450.7900085449219,451.45001220703125,447.82000732421875,451.45001220703125,154427400
2021-06-04,452.57000732421875,452.7099914550781,450.45001220703125,451.1700134277344,129793700
2021-06-07,453.55999755859375,454.30999755859375,450.7099914550781,452.3900146484375,187051400
2021-06-08,454.010009765625,455.6600036621094,453.42999267578125,453.6199951171875,158647500
2021-06-09,454.44000244140625,454.67999267578125,452.82000732421875,454.2099914550781,139842500
2021-06-10,454.55999755859375,455.760009765625,452.70001220703125,454.7300109863281,154358300
2021-06-11,457.510009765625,457.8699951171875,454.9800109863281,455.0799865722656,131960400
2021-06-14,458.32000732421875,460.510009765625,457.6099853515625,458.1300048828125,138754900
2021-06-15,458.80999755859375,460.30999755859375,458.80999755859375,458.92999267578125,173990000
2021-06-16,459.8599853515625,460.45001220703125,458.6600036621094,459.1600036621094,175040700
2021-06-17,459.3299865722656,459.92999267578125,457.6499938964844,458.8699951171875,186055100
2021-06-18,452.04998779296875,459.6199951171875,451.7699890136719,458.7099914550781,408712000
2021-06-21,455.2300109863281,455.3699951171875,448.3999938964844,450.8699951171875,188357800
2021-06-22,456.4200134277344,456.92999267578125,453.6700134277344,455.6499938964844,141752300
2021-06-23,453.1000061035156,457.4200134277344,453.1000061035156,456.8599853515625,143521200
2021-06-24,457.0400085449219,457.5400085449219,453.4700012207031,453.4700012207031,167595400
2021-06-25,457.6300048828125,457.6600036621094,456.44000244140625,457.4700012207031,141141200
2021-06-28,454.94000244140625,458.0899963378906,454.8800048828125,457.7099914550781,154479700
2021-06-29,456.3699951171875,457.8500061035156,454.8500061035156,454.9200134277344,147063100
2021-06-30,452.8399963378906,456.94000244140625,451.2300109863281,456.2699890136719,183557300
2021-07-01,455.6300048828125,457.70001220703125,452.2799987792969,453.5899963378906,154339400
2021-07-02,456.80999755859375,458.30999755859375,455.8900146484375,456.1499938964844,130254500
2021-07-05,458.3599853515625,458.69000244140625,455.260009765625,456.9800109863281,102587500
2021-07-06,455.9800109863281,459.4599914550781,454.8500061035156,458.3800048828125,165800700
2021-07-07,459.5299987792969,459.6300048828125,456.5299987792969,456.5299987792969,204651100
2021-07-08,451.6099853515625,458.67999267578125,448.92999267578125,458.67999267578125,211153800
2021-07-09,457.6700134277344,457.6700134277344,452.45001220703125,452.45001220703125,158972700
2021-07-12,460.8299865722656,461.1000061035156,455.9700012207031,458.1099853515625,122700400
2021-07-13,460.9599914550781,461.3800048828125,459.8699951171875,460.9200134277344,146765800
2021-07-14,460.55999755859375,461.1700134277344,458.8800048828125,460.760009765625,0
2021-07-15,456.20001220703125,460.0,455.4599914550781,459.9599914550781,149788100
2021-07-16,454.739990234375,457.760009765625,452.8500061035156,456.3800048828125,162568200
2021-07-19,444.2900085449219,453.239990234375,442.1300048828125,453.239990234375,215247300
2021-07-20,446.6099853515625,449.1700134277344,443.3999938964844,445.17999267578125,199041900
2021-07-21,453.9700012207031,454.2799987792969,447.80999755859375,447.80999755859375,181014000
2021-07-22,456.5299987792969,458.5400085449219,455.29998779296875,455.29998779296875,137192900
2021-07-23,461.510009765625,461.75,457.489990234375,457.489990234375,130100600
2021-07-26,461.1400146484375,461.5299987792969,458.6400146484375,461.0,138660300
2021-07-27,458.6499938964844,461.0,456.2300109863281,461.0,136929700
2021-07-28,461.70001220703125,461.7099914550781,458.8599853515625,458.8599853515625,148863700
2021-07-29,463.8399963378906,464.30999755859375,462.1199951171875,462.1199951171875,177951900
2021-07-30,461.739990234375,463.3999938964844,459.54998779296875,462.69000244140625,178648800
2021-08-02,464.45001220703125,465.8399963378906,462.3999938964844,462.3999938964844,140728800
2021-08-03,465.3800048828125,466.2699890136719,463.8900146484375,464.4800109863281,146530700
2021-08-04,468.2200012207031,468.8399963378906,466.3500061035156,466.3500061035156,151184600
2021-08-05,469.9599914550781,470.2300109863281,467.92999267578125,467.9599914550781,165067700
2021-08-06,469.9700012207031,471.0299987792969,469.0799865722656,469.9100036621094,183897600
2021-08-09,470.67999267578125,471.05999755859375,469.6700134277344,469.8800048828125,139454300
2021-08-10,472.32000732421875,472.95001220703125,470.760009765625,470.760009765625,142429500
2021-08-11,474.32000732421875,474.82000732421875,472.1000061035156,472.44000244140625,166594000
2021-08-12,474.8399963378906,475.1300048828125,473.760009765625,473.760009765625,158400300
2021-08-13,475.8299865722656,476.1600036621094,474.6099853515625,474.6099853515625,132284600
2021-08-16,473.45001220703125,474.82000732421875,471.92999267578125,474.82000732421875,143893000
2021-08-17,473.7799987792969,474.25,470.7900085449219,472.79998779296875,163320300
2021-08-18,474.4200134277344,474.6300048828125,473.1300048828125,473.9800109863281,171524200
2021-08-19,467.239990234375,472.4700012207031,463.3599853515625,472.4700012207031,185622300
2021-08-20,468.79998779296875,469.30999755859375,464.9200134277344,467.1400146484375,157285000
2021-08-23,471.8800048828125,472.2900085449219,469.5199890136719,470.17999267578125,136518300
2021-08-24,471.7900085449219,473.6600036621094,470.0299987792969,472.760009765625,128333700
2021-08-25,471.8399963378906,472.5799865722656,471.2799987792969,471.75,124349200
2021-08-26,470.3399963378906,471.17999267578125,468.3800048828125,470.8699951171875,109337300
2021-08-27,472.3399963378906,472.3999938964844,469.4200134277344,470.0199890136719,106395200
2021-08-30,472.67999267578125,473.1499938964844,471.95001220703125,472.4700012207031,42494100
2021-08-31,470.8800048828125,473.94000244140625,469.7200012207031,472.8500061035156,219326000
2021-09-01,473.1199951171875,475.1300048828125,471.739990234375,471.739990234375,149151200
2021-09-02,474.6000061035156,474.80999755859375,472.8299865722656,472.95001220703125,132415500
2021-09-03,471.92999267578125,474.6199951171875,470.010009765625,474.3699951171875,136043600
2021-09-06,475.19000244140625,475.6499938964844,471.739990234375,471.739990234375,89335200
2021-09-07,472.8699951171875,475.1000061035156,472.6199951171875,475.1000061035156,122852800
2021-09-08,467.8699951171875,472.67999267578125,466.44000244140625,472.67999267578125,163146700
2021-09-09,467.57000732421875,469.3299865722656,463.82000732421875,468.0899963378906,161995400
2021-09-10,466.3399963378906,469.1099853515625,465.760009765625,467.67999267578125,145355900
2021-09-13,467.69000244140625,470.0,466.4700012207031,466.4700012207031,143754800
2021-09-14,467.6499938964844,468.9800109863281,465.69000244140625,467.57000732421875,159937700
2021-09-15,463.9100036621094,468.0799865722656,463.9100036621094,467.67999267578125,189650400
2021-09-16,465.95001220703125,467.9800109863281,463.8999938964844,463.8999938964844,172691500
2021-09-17,461.8399963378906,469.7799987792969,461.2900085449219,465.94000244140625,423202300
2021-09-20,454.1199951171875,458.94000244140625,450.25,458.94000244140625,234499600
2021-09-21,458.67999267578125,460.20001220703125,454.04998779296875,454.04998779296875,189956700
2021-09-22,463.20001220703125,463.4100036621094,459.6099853515625,459.6099853515625,167032300
2021-09-23,467.5,468.739990234375,464.4599914550781,464.4599914550781,176986100
2021-09-24,463.2900085449219,466.79998779296875,462.57000732421875,466.79998779296875,177412500
2021-09-27,462.4200134277344,466.7300109863281,461.94000244140625,464.45001220703125,208839600
2021-09-28,452.3500061035156,461.9800109863281,451.6700134277344,461.9800109863281,215549200
2021-09-29,455.0299987792969,457.5,453.1099853515625,453.1099853515625,202034200
2021-09-30,454.80999755859375,459.3500061035156,454.1099853515625,456.5400085449219,228930100
2021-10-01,452.8999938964844,454.6199951171875,447.5400085449219,451.7300109863281,199635200
2021-10-04,450.7699890136719,454.5299987792969,450.0,452.1600036621094,177638100
2021-10-05,456.0299987792969,456.2099914550781,451.19000244140625,451.19000244140625,206035000
2021-10-06,451.3299865722656,454.45001220703125,446.25,454.45001220703125,229631300
2021-10-07,458.57000732421875,459.0199890136719,454.2900085449219,454.2900085449219,197653800
2021-10-08,457.2900085449219,458.94000244140625,456.489990234375,458.4599914550781,169603100
2021-10-11,457.5299987792969,457.54998779296875,454.6000061035156,457.1199951171875,167843700
2021-10-12,457.2099914550781,457.94000244140625,452.1600036621094,456.0,183477100
2021-10-13,460.3900146484375,461.0899963378906,455.2099914550781,456.94000244140625,214642100
2021-10-14,465.9200134277344,466.3599853515625,461.6499938964844,461.6499938964844,186262500
2021-10-15,469.3900146484375,469.5199890136719,466.4700012207031,466.7099914550781,220113800
2021-10-18,467.0400085449219,468.8999938964844,465.25,468.8999938964844,156283100
2021-10-19,468.5799865722656,468.82000732421875,467.1400146484375,467.5799865722656,165829900
2021-10-20,470.07000732421875,470.42999267578125,467.05999755859375,468.05999755859375,170938400
2021-10-21,469.7099914550781,470.42999267578125,467.1099853515625,469.3299865722656,160049900
2021-10-22,471.8800048828125,473.32000732421875,469.9599914550781,469.9599914550781,133348100
2021-10-25,472.2099914550781,472.79998779296875,471.260009765625,472.1600036621094,159568700
2021-10-26,475.739990234375,476.05999755859375,472.3399963378906,472.3399963378906,172533200
2021-10-27,474.0400085449219,475.42999267578125,473.32000732421875,475.3299865722656,167669800
2021-10-28,475.1600036621094,475.1700134277344,473.0899963378906,473.7200012207031,211968300
2021-10-29,475.510009765625,475.5799865722656,471.1300048828125,474.69000244140625,223248400
2021-11-01,478.8699951171875,479.6199951171875,475.8699951171875,475.8699951171875,199570000
2021-11-02,479.5299987792969,479.7099914550781,477.30999755859375,477.82000732421875,211353800
2021-11-03,481.2200012207031,481.2200012207031,478.8999938964844,479.4200134277344,179504200
2021-11-04,483.2099914550781,484.0299987792969,482.2099914550781,482.2099914550781,242979700
2021-11-05,483.44000244140625,485.1300048828125,482.5199890136719,482.6000061035156,224684900
2021-11-08,483.6099853515625,484.4599914550781,482.9700012207031,483.1400146484375,166739400
2021-11-09,482.7099914550781,485.0799865722656,482.25,482.82000732421875,178571000
2021-11-10,483.760009765625,483.9800109863281,481.6000061035156,483.1400146484375,202249800
2021-11-11,485.2900085449219,485.57000732421875,482.6700134277344,483.3500061035156,165053900
2021-11-12,486.75,486.8800048828125,484.94000244140625,485.5299987792969,185321200
2021-11-15,488.42999267578125,488.42999267578125,485.8900146484375,486.30999755859375,159857100
2021-11-16,489.2699890136719,490.45001220703125,488.7699890136719,489.54998779296875,199826300
2021-11-17,489.95001220703125,490.5799865722656,489.19000244140625,489.55999755859375,204858100
2021-11-18,487.70001220703125,490.5299987792969,486.95001220703125,489.8699951171875,165366800
2021-11-19,486.0799865722656,489.79998779296875,485.010009765625,488.0,302761700
2021-11-22,485.4599914550781,488.1199951171875,484.95001220703125,487.010009765625,342848200
2021-11-23,479.25,483.6199951171875,477.92999267578125,483.6199951171875,256960400
2021-11-24,479.69000244140625,481.82000732421875,476.5899963378906,479.6700134277344,310120500
2021-11-25,481.7200012207031,482.3999938964844,480.1700134277344,480.489990234375,205183200
2021-11-26,464.04998779296875,473.989990234375,463.69000244140625,473.989990234375,390449600
2021-11-29,467.239990234375,470.510009765625,466.2799987792969,466.7699890136719,242222800
2021-11-30,462.9599914550781,467.2799987792969,459.5400085449219,464.8299865722656,404631900
2021-12-01,470.8599853515625,471.8399963378906,464.1199951171875,464.1199951171875,221116900
2021-12-02,465.44000244140625,468.4599914550781,462.3800048828125,468.4599914550781,207153300
2021-12-03,462.7699890136719,468.989990234375,461.260009765625,466.5299987792969,207516500
2021-12-06,468.7099914550781,469.45001220703125,463.5299987792969,464.3299865722656,175179200
2021-12-07,480.17999267578125,480.4700012207031,471.0,471.0,201123100
2021-12-08,477.3599853515625,482.6400146484375,477.30999755859375,479.7300109863281,194179200
2021-12-09,476.989990234375,479.0,475.8299865722656,478.6600036621094,170101100
2021-12-10,475.55999755859375,477.9100036621094,474.5299987792969,475.9599914550781,147626900
2021-12-13,473.5299987792969,478.8800048828125,473.2799987792969,476.2799987792969,219812500
2021-12-14,469.55999755859375,476.3800048828125,469.5199890136719,474.5199890136719,180280500
2021-12-15,470.760009765625,472.1400146484375,469.8399963378906,470.05999755859375,191725400
2021-12-16,476.55999755859375,479.0400085449219,473.9200134277344,473.9200134277344,249711400
2021-12-17,473.8999938964844,476.0400085449219,470.7300109863281,475.6300048828125,347279200
2021-12-20,467.3500061035156,470.6400146484375,461.7900085449219,470.6400146484375,194878200
2021-12-21,473.989990234375,473.989990234375,469.25,469.25,152815700
2021-12-22,478.3599853515625,478.3599853515625,473.80999755859375,474.760009765625,124801200
2021-12-23,483.010009765625,483.3500061035156,478.8800048828125,478.95001220703125,113140000
2021-12-27,485.489990234375,485.9100036621094,481.3299865722656,481.9100036621094,48618200
2021-12-28,488.5,488.8900146484375,485.760009765625,485.8399963378906,53497700
2021-12-29,487.9800109863281,490.1000061035156,486.4599914550781,488.8800048828125,103045300
2021-12-30,488.7099914550781,489.9700012207031,488.05999755859375,488.1499938964844,83709500
2022-01-03,489.989990234375,491.42999267578125,488.2799987792969,488.2799987792969,80135100
2022-01-04,494.0199890136719,495.4599914550781,492.1000061035156,492.1000061035156,205338100
2022-01-05,494.3500061035156,495.2699890136719,493.30999755859375,493.989990234375,171862500
2022-01-06,488.1600036621094,491.7900085449219,486.2799987792969,491.7900085449219,190008500
2022-01-07,486.25,488.2099914550781,484.1499938964844,487.9700012207031,181192700
2022-01-10,479.0400085449219,488.2099914550781,477.8999938964844,487.5799865722656,215567700
2022-01-11,483.0799865722656,484.9599914550781,480.7699890136719,480.7699890136719,173064400
2022-01-12,486.20001220703125,487.17999267578125,483.6199951171875,485.1499938964844,203144900
2022-01-13,486.04998779296875,487.45001220703125,484.3500061035156,485.67999267578125,181886000
2022-01-14,481.1600036621094,484.6300048828125,480.6499938964844,484.6300048828125,191835400
2022-01-17,484.510009765625,485.17999267578125,481.6199951171875,482.07000732421875,168189500
2022-01-18,479.7900085449219,483.6499938964844,477.5199890136719,483.6499938964844,213538400
2022-01-19,480.8999938964844,483.7300109863281,476.8999938964844,478.8800048828125,217835600
2022-01-20,483.3500061035156,483.3999938964844,478.8999938964844,481.3999938964844,194756500
2022-01-21,474.44000244140625,480.1400146484375,470.9599914550781,480.1400146484375,213350700
2022-01-24,456.3599853515625,473.5400085449219,454.5199890136719,472.8999938964844,293734700
2022-01-25,459.5899963378906,462.010009765625,455.9800109863281,458.8500061035156,209564600
2022-01-26,467.30999755859375,470.1099853515625,461.29998779296875,461.29998779296875,197522300
2022-01-27,470.3299865722656,472.42999267578125,460.45001220703125,464.9700012207031,236929200
2022-01-28,465.54998779296875,469.7200012207031,460.2200012207031,469.6000061035156,276683200
2022-01-31,468.8800048828125,471.29998779296875,466.6099853515625,468.1600036621094,203824500
2022-02-01,474.8599853515625,475.739990234375,470.489990234375,470.489990234375,192672900
2022-02-02,477.010009765625,478.8900146484375,476.80999755859375,476.8399963378906,190701900
2022-02-03,468.6300048828125,476.489990234375,468.3699951171875,476.489990234375,223529400
2022-02-04,462.1499938964844,470.94000244140625,460.9700012207031,468.82000732421875,223387000
2022-02-07,465.2799987792969,466.4200134277344,461.1400146484375,463.9800109863281,225916400
2022-02-08,465.3399963378906,469.1700134277344,463.489990234375,465.54998779296875,211674400
2022-02-09,473.3299865722656,474.1000061035156,466.7799987792969,466.7799987792969,240861000
2022-02-10,472.3500061035156,475.8599853515625,469.8299865722656,473.8399963378906,229938200
2022-02-11,469.57000732421875,471.4700012207031,466.44000244140625,470.1499938964844,213876500
2022-02-14,460.9599914550781,466.4700012207031,455.5,466.4700012207031,254774400
2022-02-15,467.55999755859375,467.82000732421875,459.4800109863281,460.8399963378906,200219400
2022-02-16,467.7699890136719,470.5299987792969,465.92999267578125,468.3399963378906,86215200
2022-02-17,464.54998779296875,469.0899963378906,462.9100036621094,468.0400085449219,192689700
2022-02-18,460.80999755859375,466.3800048828125,459.9100036621094,464.6400146484375,188149500
2022-02-21,454.80999755859375,463.6199951171875,452.05999755859375,461.8800048828125,175222500
2022-02-22,455.1199951171875,457.32000732421875,445.95001220703125,450.6499938964844,241968200
2022-02-23,453.8599853515625,460.42999267578125,453.4700012207031,455.55999755859375,204391200
2022-02-24,438.9599914550781,448.5899963378906,434.04998779296875,448.5899963378906,450927300
2022-02-25,453.5299987792969,453.69000244140625,440.6300048828125,440.6300048828125,337460500
2022-02-28,453.1099853515625,453.3999938964844,445.0,450.8999938964844,381363800
2022-03-01,442.3699951171875,454.1199951171875,442.3699951171875,453.0,341979600
2022-03-02,446.3299865722656,448.5299987792969,438.3399963378906,441.3999938964844,336634300
2022-03-03,437.3599853515625,449.0400085449219,436.82000732421875,446.3999938964844,328251700
2022-03-04,421.7799987792969,436.6099853515625,421.7799987792969,436.6099853515625,420074300
2022-03-07,417.1300048828125,423.8999938964844,405.6099853515625,418.6700134277344,531115800
2022-03-08,415.010009765625,424.3999938964844,413.0899963378906,414.4800109863281,383780300
2022-03-09,434.45001220703125,434.45001220703125,418.4200134277344,418.4200134277344,360464500
2022-03-10,427.1199951171875,434.7699890136719,424.1600036621094,434.6700134277344,324844000
2022-03-11,431.1700134277344,438.8399963378906,426.25,427.8599853515625,297498300
2022-03-14,436.3500061035156,439.3699951171875,432.0199890136719,432.0199890136719,257826800
2022-03-15,435.1199951171875,436.4200134277344,426.80999755859375,433.4100036621094,233788100
2022-03-16,448.45001220703125,450.8299865722656,438.760009765625,438.760009765625,395216900
2022-03-17,450.489990234375,451.42999267578125,446.3699951171875,449.1400146484375,265680600
2022-03-18,454.6000061035156,454.6400146484375,446.4800109863281,451.19000244140625,485452900
2022-03-21,454.7900085449219,456.1700134277344,453.8399963378906,454.5,194632400
2022-03-22,458.6499938964844,459.04998779296875,455.17999267578125,455.17999267578125,212626900
2022-03-23,454.0299987792969,459.9800109863281,453.1300048828125,459.3699951171875,207357500
2022-03-24,453.07000732421875,455.7900085449219,452.25,454.5799865722656,229208100
2022-03-25,453.54998779296875,456.3299865722656,451.9599914550781,453.2900085449219,209777100
2022-03-28,454.1700134277344,459.0899963378906,453.5899963378906,453.5899963378906,208873300
2022-03-29,462.0899963378906,463.7900085449219,456.04998779296875,456.04998779296875,286978000
2022-03-30,460.19000244140625,461.92999267578125,457.7900085449219,461.92999267578125,252907000
2022-03-31,455.8599853515625,461.67999267578125,455.8599853515625,460.1099853515625,250724600
2022-04-01,458.3399963378906,459.1600036621094,455.7099914550781,456.4599914550781,211365600
2022-04-04,462.19000244140625,462.6499938964844,457.3900146484375,459.3599853515625,199351900
2022-04-05,463.07000732421875,464.0899963378906,460.8999938964844,462.7900085449219,246136800
2022-04-06,455.9700012207031,462.739990234375,452.6400146484375,462.739990234375,259871300
2022-04-07,455.0199890136719,460.5400085449219,454.7200012207031,456.510009765625,243796600
2022-04-08,460.9700012207031,461.4100036621094,456.95001220703125,456.95001220703125,216095300
2022-04-11,458.260009765625,461.05999755859375,456.739990234375,459.2799987792969,192630800
2022-04-12,456.6499938964844,457.94000244140625,451.6499938964844,456.6300048828125,203441700
2022-04-13,456.7799987792969,457.1400146484375,454.05999755859375,456.489990234375,180007300
2022-04-14,459.82000732421875,460.3399963378906,456.2200012207031,456.989990234375,209398400
2022-04-19,456.2799987792969,457.8999938964844,453.1199951171875,457.8999938964844,190796800
2022-04-20,460.1000061035156,461.05999755859375,456.0199890136719,456.32000732421875,239163300
2022-04-21,461.57000732421875,464.1099853515625,459.7099914550781,459.8699951171875,187611900
2022-04-22,453.30999755859375,458.5199890136719,453.30999755859375,458.5199890136719,196251800
2022-04-25,445.1099853515625,449.6400146484375,443.1499938964844,449.6400146484375,202497000
2022-04-26,441.1000061035156,449.5899963378906,441.1000061035156,447.0400085449219,226273500
2022-04-27,444.30999755859375,445.54998779296875,436.75,440.70001220703125,234380100
2022-04-28,447.07000732421875,450.32000732421875,444.05999755859375,445.9100036621094,216032700
2022-04-29,450.3900146484375,453.4200134277344,448.5299987792969,448.5299987792969,224936600
2022-05-02,443.8299865722656,448.260009765625,437.0400085449219,448.260009765625,102948700
2022-05-03,446.20001220703125,447.54998779296875,443.6199951171875,444.9599914550781,247200700
2022-05-04,441.3699951171875,446.7200012207031,441.3699951171875,446.3399963378906,180693200
2022-05-05,438.260009765625,449.4800109863281,437.4599914550781,444.17999267578125,236314500
2022-05-06,429.9100036621094,436.6400146484375,426.8599853515625,436.6400146484375,254242700
2022-05-09,417.4599914550781,429.489990234375,417.4599914550781,428.54998779296875,198606300
2022-05-10,420.2900085449219,425.4200134277344,418.6600036621094,418.6600036621094,216174200
2022-05-11,427.5899963378906,427.5899963378906,419.45001220703125,421.82000732421875,266261300
2022-05-12,424.3999938964844,426.239990234375,417.2699890136719,423.7699890136719,230970200
2022-05-13,433.4800109863281,433.4800109863281,425.7900085449219,425.7900085449219,195677300
2022-05-16,433.6700134277344,434.1600036621094,429.95001220703125,432.45001220703125,176235900
2022-05-17,438.9700012207031,441.4599914550781,435.4800109863281,435.4800109863281,194437200
2022-05-18,433.95001220703125,440.239990234375,433.9200134277344,439.2799987792969,195206600
2022-05-19,427.67999267578125,431.57000732421875,423.4599914550781,431.57000732421875,221132100
2022-05-20,431.1000061035156,435.5199890136719,429.2799987792969,429.2799987792969,195740800
2022-05-23,436.5400085449219,436.5799865722656,431.6000061035156,432.8500061035156,186505300
2022-05-24,431.5799865722656,434.760009765625,430.80999755859375,434.760009765625,229540500
2022-05-25,434.30999755859375,435.8299865722656,431.1700134277344,432.9700012207031,193400600
2022-05-27,443.92999267578125,444.07000732421875,438.3500061035156,438.57000732421875,178923500
2022-05-30,446.57000732421875,447.7900085449219,444.7200012207031,444.7200012207031,197518400
2022-05-31,443.3500061035156,446.3699951171875,442.70001220703125,446.0199890136719,405170300
2022-06-01,438.7200012207031,445.2900085449219,438.5400085449219,443.6199951171875,181519200
2022-06-02,441.2300109863281,441.5400085449219,439.5400085449219,439.5400085449219,65824900
2022-06-03,440.0899963378906,443.3699951171875,439.69000244140625,442.4100036621094,66030900
2022-06-07,442.8800048828125,443.25,440.2300109863281,442.8699951171875,173940400
2022-06-08,440.3699951171875,444.3699951171875,438.19000244140625,443.6600036621094,175654800
2022-06-09,434.3800048828125,439.5,433.5199890136719,439.04998779296875,189537200
2022-06-10,422.7099914550781,433.2900085449219,422.010009765625,433.2900085449219,251063000
2022-06-13,412.5199890136719,420.75,411.3399963378906,420.75,246353900
2022-06-14,407.32000732421875,416.6099853515625,407.32000732421875,414.010009765625,214260400
2022-06-15,413.1000061035156,415.29998779296875,407.6000061035156,408.1199951171875,252655700
2022-06-16,402.8800048828125,412.5899963378906,402.05999755859375,412.5899963378906,255521500
2022-06-17,403.25,409.1499938964844,401.9200134277344,403.3699951171875,449955000
2022-06-20,407.1400146484375,407.1400146484375,402.1099853515625,403.3800048828125,159595300
2022-06-21,408.5799865722656,411.7699890136719,407.4100036621094,407.4100036621094,156175000
2022-06-22,405.739990234375,408.8399963378906,401.25,408.8399963378906,238934700
2022-06-23,402.3999938964844,406.260009765625,400.0299987792969,404.4200134277344,206583900
2022-06-24,412.92999267578125,413.2099914550781,402.94000244140625,402.94000244140625,195935300
2022-06-27,415.0899963378906,418.5799865722656,413.05999755859375,413.5199890136719,184783200
2022-06-28,416.19000244140625,419.20001220703125,415.9100036621094,416.0400085449219,172989400
2022-06-29,413.4200134277344,414.6300048828125,409.9700012207031,414.6300048828125,173268300
2022-06-30,407.20001220703125,411.9599914550781,404.2799987792969,411.9599914550781,246809000
2022-07-01,407.1300048828125,409.489990234375,402.6000061035156,405.8900146484375,179088600
2022-07-04,409.30999755859375,411.44000244140625,408.8699951171875,408.92999267578125,129211800
2022-07-05,400.67999267578125,411.510009765625,400.5,410.19000244140625,238391200
2022-07-06,407.3399963378906,409.239990234375,402.20001220703125,402.20001220703125,225177200
2022-07-07,415.010009765625,415.3900146484375,409.4200134277344,409.4200134277344,235417800
2022-07-08,417.1199951171875,417.5,412.5899963378906,414.8599853515625,168000900
2022-07-11,415.0199890136719,416.19000244140625,410.8299865722656,415.010009765625,164869200
2022-07-12,417.0400085449219,417.1400146484375,411.3599853515625,414.4599914550781,227743400
2022-07-13,412.80999755859375,416.9100036621094,409.29998779296875,416.9100036621094,188702800
2022-07-14,406.5,412.6600036621094,404.7799987792969,412.55999755859375,223596600
2022-07-15,413.7799987792969,414.0,406.5199890136719,407.4100036621094,215572100
2022-07-18,417.6300048828125,420.0,414.7300109863281,414.7300109863281,173023200
2022-07-19,423.4100036621094,423.8699951171875,414.6099853515625,416.17999267578125,190114400
2022-07-20,422.510009765625,425.6300048828125,420.8399963378906,423.57000732421875,231469200
2022-07-21,424.3900146484375,424.3900146484375,420.0299987792969,422.1700134277344,240787800
2022-07-22,425.7099914550781,427.8500061035156,423.1300048828125,424.2900085449219,182361500
2022-07-25,426.25,427.2200012207031,423.2699890136719,425.0400085449219,168468600
2022-07-26,426.1300048828125,427.45001220703125,425.2799987792969,426.20001220703125,172785800
2022-07-27,428.1199951171875,429.25,426.6499938964844,426.7300109863281,223830200
2022-07-28,432.7699890136719,432.7699890136719,428.3399963378906,429.5199890136719,202954200
2022-07-29,438.2900085449219,439.010009765625,433.55999755859375,433.55999755859375,227464400
2022-08-02,436.07000732421875,436.9200134277344,433.5199890136719,436.42999267578125,159653500
2022-08-03,438.2900085449219,438.4700012207031,434.79998779296875,435.7900085449219,208196200
2022-08-04,439.05999755859375,441.80999755859375,438.0400085449219,438.1300048828125,198772800
2022-08-05,435.7200012207031,439.42999267578125,435.0799865722656,439.1099853515625,156128900
2022-08-08,438.92999267578125,441.010009765625,437.0,437.0,141862900
2022-08-09,435.9800109863281,438.9100036621094,435.4700012207031,438.5400085449219,147616000
2022-08-10,439.8800048828125,440.2799987792969,433.8699951171875,435.7200012207031,167160400
2022-08-11,440.1600036621094,441.9200134277344,439.2900085449219,440.92999267578125,147771900
2022-08-12,440.8699951171875,442.260009765625,439.5199890136719,440.5199890136719,150799600
2022-08-15,442.3500061035156,443.05999755859375,440.05999755859375,441.6499938964844,131723200
2022-08-16,443.07000732421875,444.4599914550781,441.8699951171875,443.0299987792969,140196800
2022-08-17,439.0299987792969,444.3999938964844,438.4200134277344,443.7099914550781,139352100
2022-08-18,440.760009765625,441.1600036621094,437.7699890136719,438.29998779296875,142291900
2022-08-19,437.3599853515625,440.4800109863281,437.07000732421875,440.05999755859375,174701500
2022-08-22,433.1700134277344,437.0799865722656,431.6600036621094,437.0799865722656,159538100
2022-08-23,431.3500061035156,433.6600036621094,430.4700012207031,433.0299987792969,161273300
2022-08-24,432.04998779296875,432.8999938964844,428.4700012207031,431.0400085449219,140802500
2022-08-25,433.3599853515625,435.57000732421875,431.760009765625,432.95001220703125,132811700
2022-08-26,426.0899963378906,435.70001220703125,425.55999755859375,434.0400085449219,160759400
2022-08-29,422.6499938964844,424.95001220703125,420.5,424.95001220703125,76892200
2022-08-30,419.80999755859375,426.9100036621094,418.739990234375,423.2200012207031,215839500
2022-08-31,415.1199951171875,421.510009765625,415.1199951171875,420.4800109863281,263717900
2022-09-01,407.6600036621094,414.4700012207031,407.0899963378906,414.4700012207031,176903100
2022-09-02,415.9700012207031,416.1700134277344,408.8900146484375,408.8900146484375,186424700
2022-09-05,413.3900146484375,415.20001220703125,408.1000061035156,415.20001220703125,159033900
2022-09-06,414.3800048828125,416.8699951171875,411.739990234375,413.239990234375,173747800
2022-09-07,412.010009765625,413.2200012207031,409.5199890136719,413.2200012207031,232724900
2022-09-08,414.0899963378906,414.7900085449219,408.25,412.95001220703125,204855000
2022-09-09,420.3699951171875,421.6400146484375,414.19000244140625,414.19000244140625,194035500
2022-09-12,427.75,428.5299987792969,420.3599853515625,420.3599853515625,207691300
2022-09-13,421.1300048828125,430.4700012207031,421.1300048828125,427.92999267578125,204850500
2022-09-14,417.510009765625,420.75,415.7699890136719,420.6499938964844,223431100
2022-09-15,414.7799987792969,419.7099914550781,414.0400085449219,417.2799987792969,214889800
2022-09-16,408.239990234375,412.8299865722656,407.9800109863281,412.8299865722656,515570300
2022-09-19,407.8699951171875,409.1499938964844,404.0799865722656,408.3500061035156,90969800
2022-09-20,403.4200134277344,411.7699890136719,402.8500061035156,408.2799987792969,232930300
2022-09-21,407.04998779296875,407.1499938964844,401.7200012207031,403.79998779296875,258136600
2022-09-22,399.760009765625,406.19000244140625,399.54998779296875,405.3999938964844,205641800
2022-09-23,390.3999938964844,399.70001220703125,388.3999938964844,399.69000244140625,240251300
2022-09-26,388.75,391.7099914550781,385.6099853515625,388.6400146484375,241223700
2022-09-27,388.239990234375,393.70001220703125,388.239990234375,389.32000732421875,259907500
2022-09-28,389.4100036621094,389.70001220703125,380.7200012207031,386.9200134277344,309105000
2022-09-29,382.8900146484375,388.8999938964844,380.0400085449219,388.8999938964844,253090000
2022-09-30,387.8500061035156,388.45001220703125,383.70001220703125,383.70001220703125,259046000
2022-10-03,390.8299865722656,391.30999755859375,381.5400085449219,386.42999267578125,242704100
2022-10-04,403.0299987792969,403.0299987792969,392.79998779296875,392.79998779296875,243123100
2022-10-05,398.9100036621094,402.9100036621094,397.2799987792969,402.9100036621094,190580200
2022-10-06,396.3500061035156,402.1199951171875,395.1300048828125,400.1000061035156,203257700
2022-10-07,391.6700134277344,397.4599914550781,391.3599853515625,395.70001220703125,178925800
2022-10-10,390.1199951171875,393.2300109863281,388.239990234375,391.0199890136719,191191800
2022-10-11,387.95001220703125,389.6400146484375,384.7900085449219,389.19000244140625,193206500
2022-10-12,385.8800048828125,389.70001220703125,384.0799865722656,387.260009765625,207425900
2022-10-13,389.1499938964844,389.94000244140625,379.7200012207031,385.1099853515625,249566000
2022-10-14,391.30999755859375,397.95001220703125,390.79998779296875,390.8699951171875,214342900
2022-10-17,398.4800109863281,400.0799865722656,390.42999267578125,391.79998779296875,197397200
2022-10-18,399.8399963378906,404.0799865722656,398.3599853515625,398.3599853515625,224735100
2022-10-19,397.7300109863281,400.9100036621094,397.260009765625,399.8999938964844,170325900
2022-10-20,398.7699890136719,400.0299987792969,394.8599853515625,396.9800109863281,216590100
2022-10-21,396.2900085449219,397.69000244140625,391.1000061035156,397.2200012207031,197920200
2022-10-24,401.8399963378906,404.32000732421875,397.2799987792969,398.4599914550781,176785300
2022-10-25,407.6099853515625,407.6600036621094,401.20001220703125,402.8399963378906,182087000
2022-10-26,410.30999755859375,410.3299865722656,405.30999755859375,407.55999755859375,235909500
2022-10-27,410.19000244140625,411.4100036621094,406.4599914550781,409.6300048828125,232912100
2022-10-28,410.760009765625,410.9200134277344,405.6700134277344,408.55999755859375,178317800
2022-10-31,412.20001220703125,413.1600036621094,409.8800048828125,411.29998779296875,197588900
2022-11-01,414.6099853515625,418.4200134277344,413.30999755859375,413.30999755859375,209201500
2022-11-02,413.3900146484375,416.8299865722656,413.1099853515625,415.2900085449219,191925100
2022-11-03,409.54998779296875,411.20001220703125,405.95001220703125,411.20001220703125,186872600
2022-11-04,416.9800109863281,419.44000244140625,410.9100036621094,410.9100036621094,240358600
2022-11-07,418.3399963378906,419.739990234375,414.67999267578125,416.25,208126900
2022-11-08,421.6099853515625,421.9599914550781,416.3500061035156,417.6099853515625,226900200
2022-11-09,420.3399963378906,421.3399963378906,418.04998779296875,420.8399963378906,166969800
2022-11-10,431.8900146484375,432.489990234375,418.54998779296875,419.260009765625,259435000
2022-11-11,432.260009765625,435.2200012207031,431.510009765625,433.3900146484375,252101000
2022-11-14,432.8599853515625,435.6499938964844,432.3800048828125,432.67999267578125,180936100
2022-11-15,434.44000244140625,436.4100036621094,432.2300109863281,433.0299987792969,218419800
2022-11-16,430.1700134277344,434.3999938964844,429.54998779296875,433.8500061035156,193479900
2022-11-17,428.3800048828125,432.45001220703125,425.70001220703125,430.7799987792969,175797800
2022-11-18,433.3299865722656,433.8399963378906,429.82000732421875,430.0299987792969,211857700
2022-11-21,433.05999755859375,434.3800048828125,431.8999938964844,432.8500061035156,166286500
2022-11-22,436.2200012207031,436.9100036621094,432.8800048828125,433.3900146484375,160077200
2022-11-23,438.82000732421875,439.19000244140625,435.55999755859375,436.3699951171875,185290700
2022-11-24,440.8399963378906,441.6199951171875,438.25,438.3999938964844,134094500
2022-11-25,440.7300109863281,441.6000061035156,439.6700134277344,440.30999755859375,134208200
2022-11-28,437.8500061035156,439.8299865722656,436.5,439.5400085449219,167137200
2022-11-29,437.2900085449219,440.1600036621094,437.0199890136719,438.760009765625,174354100
2022-11-30,440.0400085449219,441.1300048828125,438.010009765625,438.010009765625,384804300
2022-12-01,443.9599914550781,445.04998779296875,441.55999755859375,441.55999755859375,216047200
2022-12-02,443.2900085449219,444.45001220703125,439.42999267578125,442.80999755859375,169889800
2022-12-05,441.4700012207031,443.3599853515625,440.92999267578125,442.94000244140625,140024700
2022-12-06,438.9200134277344,441.489990234375,437.5199890136719,440.94000244140625,195377700
2022-12-07,436.20001220703125,438.739990234375,435.3900146484375,438.0299987792969,171431100
2022-12-08,435.4700012207031,436.510009765625,434.1199951171875,436.1400146484375,148453600
2022-12-09,439.1300048828125,439.30999755859375,434.94000244140625,436.3800048828125,181476400
2022-12-12,436.9800109863281,438.0,435.6700134277344,437.8800048828125,151523900
2022-12-13,442.6000061035156,447.1099853515625,436.4700012207031,437.2900085449219,202447400
2022-12-14,442.510009765625,442.6700134277344,439.5299987792969,441.7900085449219,181895600
2022-12-15,429.9100036621094,440.1499938964844,429.5,440.1499938964844,211069000
2022-12-16,424.739990234375,429.8900146484375,423.4100036621094,429.30999755859375,447213700
2022-12-19,425.8699951171875,427.75,425.3800048828125,425.3800048828125,141440100
2022-12-20,424.17999267578125,425.510009765625,421.55999755859375,424.1199951171875,185547300
2022-12-21,431.44000244140625,431.4599914550781,425.3299865722656,425.3299865722656,149092200
2022-12-22,427.260009765625,433.510009765625,426.79998779296875,431.4200134277344,118343000
2022-12-23,427.45001220703125,429.4200134277344,426.1199951171875,427.30999755859375,83403600
2022-12-27,428.0,429.9700012207031,427.7799987792969,428.2799987792969,48798300
2022-12-28,427.4599914550781,430.510009765625,427.2200012207031,428.5299987792969,99511000
2022-12-29,430.3500061035156,430.4800109863281,425.1000061035156,426.8399963378906,98912900
2022-12-30,424.8900146484375,430.0199890136719,424.8399963378906,430.0199890136719,87460500
2023-01-03,434.17999267578125,436.8800048828125,430.010009765625,430.010009765625,198500700
2023-01-04,440.19000244140625,440.3399963378906,435.04998779296875,435.04998779296875,213062300
2023-01-05,439.3299865722656,440.9800109863281,438.260009765625,439.4200134277344,182943300
2023-01-06,444.4200134277344,444.4200134277344,438.8699951171875,439.75,176931000
2023-01-09,448.3500061035156,449.0799865722656,445.3900146484375,445.3900146484375,215292200
2023-01-10,445.7099914550781,446.6300048828125,444.5,446.6300048828125,195824500
2023-01-11,447.4100036621094,448.8599853515625,445.70001220703125,445.8399963378906,225476100
2023-01-12,450.2200012207031,451.7699890136719,447.7900085449219,447.7900085449219,210100000
2023-01-13,452.5400085449219,453.239990234375,450.20001220703125,450.20001220703125,182402000
2023-01-16,454.6300048828125,454.82000732421875,452.6700134277344,453.20001220703125,160334000
2023-01-17,456.4599914550781,457.44000244140625,453.2900085449219,454.4100036621094,224159800
2023-01-18,457.5299987792969,459.29998779296875,456.510009765625,456.510009765625,208454200
2023-01-19,450.45001220703125,455.5799865722656,449.92999267578125,455.5799865722656,206247100
2023-01-20,452.1199951171875,452.489990234375,450.489990234375,450.67999267578125,191045200
2023-01-23,454.489990234375,454.9200134277344,451.8599853515625,451.8599853515625,150174000
2023-01-24,453.3800048828125,455.9800109863281,451.80999755859375,455.0899963378906,171257600
2023-01-25,452.07000732421875,453.4200134277344,449.7799987792969,453.17999267578125,166004300
2023-01-26,453.9800109863281,455.5199890136719,453.239990234375,453.239990234375,210781500
2023-01-27,455.1700134277344,455.5199890136719,453.05999755859375,454.1499938964844,177713500
2023-01-30,454.3999938964844,454.760009765625,451.2699890136719,453.9599914550781,236525300
2023-01-31,453.2099914550781,453.9800109863281,449.7300109863281,453.82000732421875,229658200
2023-02-01,453.0899963378906,455.4700012207031,452.1600036621094,453.7200012207031,230645100
2023-02-02,459.20001220703125,459.3900146484375,453.6300048828125,453.6300048828125,288481800
2023-02-03,460.7699890136719,460.7699890136719,456.5199890136719,457.8599853515625,226721500
2023-02-06,457.1600036621094,460.1499938964844,455.239990234375,460.1499938964844,195252200
2023-02-07,458.19000244140625,458.739990234375,456.70001220703125,457.79998779296875,208191000
2023-02-08,459.4599914550781,462.760009765625,459.4100036621094,459.5400085449219,196577500
2023-02-09,462.30999755859375,464.80999755859375,460.8999938964844,460.8999938964844,252928500
2023-02-10,457.8900146484375,460.9599914550781,455.2200012207031,460.9599914550781,218777400
2023-02-13,462.0299987792969,462.1099853515625,458.2300109863281,458.2300109863281,155363300
2023-02-14,462.3999938964844,466.1099853515625,461.55999755859375,462.5199890136719,184988200
2023-02-15,464.3599853515625,464.8699951171875,460.6400146484375,461.3599853515625,198299100
2023-02-16,465.239990234375,467.8599853515625,462.54998779296875,465.54998779296875,204130200
2023-02-17,464.29998779296875,465.3999938964844,459.54998779296875,463.44000244140625,269664200
2023-02-20,464.6400146484375,465.760009765625,463.55999755859375,465.1499938964844,168220400
2023-02-21,463.7699890136719,464.79998779296875,459.8599853515625,464.17999267578125,203533900
2023-02-22,462.2200012207031,463.3399963378906,458.9700012207031,463.3399963378906,199433300
2023-02-23,462.5,464.94000244140625,462.3500061035156,462.3500061035156,211828700
2023-02-24,457.70001220703125,464.6000061035156,457.4200134277344,462.94000244140625,228049400
2023-02-27,462.5799865722656,464.2200012207031,458.44000244140625,458.44000244140625,179142500
2023-02-28,461.1099853515625,463.4100036621094,460.05999755859375,461.6700134277344,295314300
2023-03-01,457.67999267578125,462.739990234375,457.0199890136719,460.5299987792969,238490700
2023-03-02,460.0199890136719,460.20001220703125,454.6000061035156,456.5799865722656,192853000
2023-03-03,464.260009765625,464.57000732421875,461.1099853515625,461.1099853515625,174267800
2023-03-06,464.17999267578125,465.95001220703125,462.8900146484375,465.1300048828125,174884100
2023-03-07,460.6000061035156,465.6400146484375,460.510009765625,464.1400146484375,198444100
2023-03-08,460.989990234375,461.5299987792969,458.9599914550781,459.8399963378906,177416700
2023-03-09,459.9800109863281,461.0,457.5899963378906,460.3599853515625,185995900
2023-03-10,453.760009765625,457.54998779296875,451.20001220703125,457.54998779296875,247532600
2023-03-13,442.79998779296875,453.3800048828125,440.2900085449219,453.3800048828125,351230200
2023-03-14,449.55999755859375,450.2699890136719,441.6099853515625,443.4800109863281,247119800
2023-03-15,436.45001220703125,449.19000244140625,435.7300109863281,449.19000244140625,381287300
2023-03-16,441.6400146484375,442.739990234375,433.94000244140625,437.4800109863281,324579400
2023-03-17,436.30999755859375,446.9100036621094,434.6199951171875,443.1400146484375,522609600
2023-03-20,440.6000061035156,442.32000732421875,427.7699890136719,435.04998779296875,329129900
2023-03-21,446.4700012207031,448.57000732421875,441.8500061035156,441.8500061035156,227368800
2023-03-22,447.1600036621094,448.8800048828125,445.6600036621094,446.8900146484375,208084900
2023-03-23,446.2200012207031,447.0299987792969,442.510009765625,446.010009765625,235125600
2023-03-24,440.1099853515625,445.3699951171875,437.0799865722656,445.3699951171875,256865500
2023-03-27,444.7200012207031,446.260009765625,440.82000732421875,440.82000732421875,152463600
2023-03-28,444.45001220703125,448.1700134277344,443.4100036621094,445.3399963378906,224632900
2023-03-29,450.2099914550781,450.239990234375,444.69000244140625,444.69000244140625,179362900
2023-03-30,454.8399963378906,455.54998779296875,450.4800109863281,450.4800109863281,196009900
2023-03-31,457.8399963378906,458.7099914550781,454.510009765625,455.1400146484375,218381500
2023-04-03,457.7200012207031,459.04998779296875,457.1000061035156,457.8299865722656,196214600
2023-04-04,457.3399963378906,460.8999938964844,457.1700134277344,458.0199890136719,179750900
2023-04-05,456.5899963378906,457.7200012207031,455.55999755859375,457.1499938964844,175917900
2023-04-06,458.94000244140625,459.29998779296875,456.3900146484375,456.3900146484375,151178000
2023-04-11,461.7900085449219,462.7300109863281,459.3999938964844,459.3999938964844,202259900
2023-04-12,462.3800048828125,465.6199951171875,461.4800109863281,461.5199890136719,188097400
2023-04-13,464.2099914550781,464.5400085449219,462.75,462.7799987792969,175369000
2023-04-14,466.9100036621094,468.04998779296875,464.30999755859375,464.30999755859375,194560600
2023-04-17,466.8399963378906,468.95001220703125,466.54998779296875,467.3299865722656,166950500
2023-04-18,468.6199951171875,469.80999755859375,466.7699890136719,466.7699890136719,155868000
2023-04-19,468.1300048828125,468.7099914550781,466.510009765625,468.7099914550781,184775900
2023-04-20,467.42999267578125,467.8599853515625,466.0400085449219,467.7099914550781,209741800
2023-04-21,469.0,469.0,465.82000732421875,467.3800048828125,208297500
2023-04-24,468.9700012207031,469.6400146484375,467.3299865722656,468.3299865722656,162760500
2023-04-25,467.0799865722656,468.32000732421875,465.9700012207031,468.32000732421875,177789500
2023-04-26,463.2099914550781,466.3900146484375,461.2099914550781,466.3900146484375,218974700
2023-04-27,464.0299987792969,464.989990234375,462.239990234375,462.7900085449219,181130500
2023-04-28,466.6400146484375,466.6400146484375,461.3999938964844,464.1400146484375,234537800
2023-05-02,461.0799865722656,467.8299865722656,460.8500061035156,466.5199890136719,219175100
2023-05-03,462.510009765625,463.5799865722656,461.760009765625,461.760009765625,210720100
2023-05-04,460.3399963378906,461.3800048828125,458.0,459.9800109863281,197066500
2023-05-05,465.30999755859375,465.3399963378906,460.19000244140625,460.19000244140625,179943500
2023-05-08,466.94000244140625,467.29998779296875,465.2900085449219,465.5,84803300
2023-05-09,465.4100036621094,466.989990234375,462.9800109863281,466.989990234375,207861900
2023-05-10,463.6400146484375,466.0299987792969,462.3999938964844,465.44000244140625,207812400
2023-05-11,463.6199951171875,466.8299865722656,461.20001220703125,463.2099914550781,209074200
2023-05-12,465.489990234375,467.04998779296875,463.5199890136719,463.5199890136719,167464600
2023-05-15,466.6700134277344,467.57000732421875,465.3500061035156,465.3900146484375,157779000
2023-05-16,464.70001220703125,467.1400146484375,464.0299987792969,466.07000732421875,213459500
2023-05-17,463.9800109863281,465.1600036621094,462.2099914550781,464.260009765625,162778400
2023-05-19,468.8500061035156,470.45001220703125,466.17999267578125,466.17999267578125,176850300
2023-05-22,468.9100036621094,469.8399963378906,467.8399963378906,468.6499938964844,212204000
2023-05-23,466.1000061035156,468.6000061035156,466.05999755859375,468.6000061035156,153561500
2023-05-24,457.6499938964844,465.760009765625,456.1000061035156,465.760009765625,217912600
2023-05-25,456.17999267578125,458.7200012207031,456.1300048828125,457.95001220703125,177595000
2023-05-26,461.4100036621094,462.3699951171875,455.8500061035156,456.55999755859375,187415200
2023-05-30,456.6300048828125,461.7200012207031,456.260009765625,460.75,181350000
2023-05-31,451.760009765625,456.20001220703125,451.25,456.1700134277344,553879200
2023-06-01,455.2699890136719,456.17999267578125,452.42999267578125,452.42999267578125,201949300
2023-06-02,462.1499938964844,462.3599853515625,455.3800048828125,455.3800048828125,194306800
2023-06-05,459.92999267578125,463.2099914550781,459.55999755859375,461.79998779296875,160642200
2023-06-06,461.67999267578125,462.1099853515625,459.2699890136719,460.3599853515625,173685500
2023-06-07,460.79998779296875,462.5199890136719,460.3999938964844,461.9200134277344,165937800
2023-06-08,460.70001220703125,461.3800048828125,459.67999267578125,460.0,153567300
2023-06-09,460.010009765625,461.8399963378906,458.5799865722656,461.0799865722656,143629100
2023-06-12,460.7300109863281,462.8699951171875,460.2900085449219,460.2900085449219,153407600
2023-06-13,463.2699890136719,463.75,460.489990234375,460.9100036621094,198425800
2023-06-14,464.94000244140625,466.3500061035156,463.1099853515625,463.5199890136719,197712800
2023-06-15,464.3299865722656,464.4599914550781,461.1199951171875,464.42999267578125,185661000
2023-06-16,466.79998779296875,468.25,464.6600036621094,464.6600036621094,438930700
2023-06-19,462.0400085449219,466.42999267578125,461.57000732421875,466.42999267578125,127331700
2023-06-20,459.32000732421875,461.9100036621094,459.25,461.6499938964844,146670900
2023-06-21,457.010009765625,459.4200134277344,456.6099853515625,459.3699951171875,150107300
2023-06-22,454.70001220703125,454.70001220703125,450.94000244140625,454.6600036621094,173651400
2023-06-23,453.1400146484375,455.2200012207031,451.79998779296875,453.8900146484375,162975900
2023-06-26,452.67999267578125,453.75,450.1600036621094,453.1499938964844,178983700
2023-06-27,452.8999938964844,454.7799987792969,450.510009765625,452.9100036621094,155082800
2023-06-28,456.04998779296875,456.3900146484375,453.45001220703125,453.45001220703125,167907900
2023-06-29,456.6400146484375,457.55999755859375,455.6000061035156,456.1499938964844,147298100
2023-06-30,461.92999267578125,462.7699890136719,456.95001220703125,457.1099853515625,185979500
2023-07-03,460.9800109863281,463.94000244140625,460.8500061035156,461.8900146484375,141827300
2023-07-04,461.29998779296875,462.29998779296875,461.05999755859375,461.07000732421875,140087400
2023-07-05,457.94000244140625,460.82000732421875,457.2699890136719,460.82000732421875,160390000
2023-07-06,447.2200012207031,457.6300048828125,446.4100036621094,457.6300048828125,183720600
2023-07-07,447.6499938964844,449.6300048828125,444.9100036621094,447.4100036621094,132135300
2023-07-10,448.4700012207031,449.6400146484375,446.04998779296875,447.29998779296875,109739200
2023-07-11,451.7200012207031,452.29998779296875,448.80999755859375,449.1700134277344,154514000
2023-07-12,458.5400085449219,458.9200134277344,451.9200134277344,451.9200134277344,205566900
2023-07-13,461.3599853515625,462.6099853515625,458.7099914550781,458.7099914550781,146640500
2023-07-14,460.8299865722656,462.4599914550781,460.239990234375,460.5299987792969,151740200
2023-07-17,457.9200134277344,460.20001220703125,457.4200134277344,460.20001220703125,111349200
2023-07-18,460.760009765625,461.1499938964844,457.5400085449219,457.8599853515625,126715200
2023-07-19,461.9700012207031,463.5799865722656,460.4100036621094,460.4100036621094,184164900
2023-07-20,463.92999267578125,464.1700134277344,460.92999267578125,461.80999755859375,156467200
2023-07-21,465.3999938964844,465.3999938964844,463.2699890136719,464.07000732421875,138369600
2023-07-24,465.67999267578125,466.239990234375,463.7099914550781,465.0,128295000
2023-07-25,467.9200134277344,468.2799987792969,465.0799865722656,465.6600036621094,119136500
2023-07-26,465.4599914550781,468.1400146484375,462.2900085449219,468.1400146484375,179281300
2023-07-27,471.739990234375,472.69000244140625,465.67999267578125,465.67999267578125,217780300
2023-07-28,470.7799987792969,471.6000061035156,469.5400085449219,470.9599914550781,181983800
2023-07-31,471.3500061035156,472.2699890136719,469.9800109863281,470.8699951171875,157585600
2023-08-02,460.8399963378906,466.19000244140625,458.9100036621094,466.19000244140625,182766200
2023-08-03,457.92999267578125,460.3399963378906,455.6000061035156,460.3399963378906,235748900
2023-08-04,459.2799987792969,459.70001220703125,455.6600036621094,458.010009765625,145166400
2023-08-07,459.67999267578125,460.010009765625,456.6700134277344,459.25,116654600
2023-08-08,458.6000061035156,459.7099914550781,455.94000244140625,459.2099914550781,218821200
2023-08-09,460.5799865722656,463.3800048828125,459.1499938964844,459.1499938964844,215737600
2023-08-10,464.2300109863281,465.760009765625,460.19000244140625,460.19000244140625,178854200
2023-08-11,459.1700134277344,463.5199890136719,458.0,463.5199890136719,148874600
2023-08-14,459.8599853515625,460.510009765625,457.82000732421875,459.0400085449219,192559500
2023-08-15,455.57000732421875,460.32000732421875,454.2099914550781,460.2099914550781,118525700
2023-08-16,455.2900085449219,456.70001220703125,453.9800109863281,455.3500061035156,138758100
2023-08-17,451.19000244140625,454.8900146484375,451.0299987792969,454.8900146484375,124618200
2023-08-18,448.44000244140625,450.489990234375,445.5,450.489990234375,135281800
2023-08-21,448.6600036621094,452.3800048828125,448.4200134277344,448.5400085449219,118455900
2023-08-22,451.70001220703125,454.1199951171875,449.2099914550781,449.2099914550781,141273900
2023-08-23,453.45001220703125,455.0899963378906,451.9800109863281,451.9800109863281,158386900
2023-08-24,451.57000732421875,458.0199890136719,451.3800048828125,454.1300048828125,108043500
2023-08-25,451.3900146484375,454.55999755859375,450.6099853515625,451.19000244140625,98297700
2023-08-28,455.4100036621094,455.8500061035156,452.07000732421875,452.07000732421875,66605600
2023-08-29,459.8299865722656,460.1300048828125,456.1700134277344,456.1700134277344,217518400
2023-08-30,459.1300048828125,461.2699890136719,457.760009765625,459.7799987792969,139208500
2023-08-31,458.19000244140625,461.30999755859375,458.19000244140625,459.0,270104000
2023-09-01,458.1300048828125,460.5,457.7099914550781,458.30999755859375,159667600
2023-09-04,457.9599914550781,462.17999267578125,457.5899963378906,458.7900085449219,123791800
2023-09-05,456.8999938964844,458.67999267578125,454.1199951171875,457.44000244140625,129662100
2023-09-06,454.29998779296875,456.3599853515625,453.010009765625,456.3599853515625,147513500
2023-09-07,453.6700134277344,455.44000244140625,452.04998779296875,453.8800048828125,137245700
2023-09-08,454.6600036621094,455.44000244140625,450.6099853515625,454.1700134277344,148417900
2023-09-11,456.2099914550781,458.80999755859375,454.9700012207031,454.9700012207031,141463500
2023-09-12,455.3999938964844,457.42999267578125,454.8800048828125,456.5899963378906,155706800
2023-09-13,453.94000244140625,454.7099914550781,451.1000061035156,454.4599914550781,159519500
2023-09-14,460.8599853515625,461.3500061035156,453.42999267578125,454.04998779296875,200877600
2023-09-15,461.92999267578125,465.32000732421875,461.6300048828125,461.6499938964844,408767200
2023-09-18,456.7200012207031,461.44000244140625,455.9599914550781,461.44000244140625,132668900
2023-09-19,456.5199890136719,457.9800109863281,455.4100036621094,456.42999267578125,152767600
2023-09-20,460.6600036621094,461.5400085449219,456.3599853515625,456.3599853515625,195628200
2023-09-21,454.6700134277344,459.9599914550781,454.4800109863281,459.9599914550781,200035700
2023-09-22,453.260009765625,454.7300109863281,451.5400085449219,454.0199890136719,199956800
2023-09-25,450.44000244140625,453.8599853515625,447.8999938964844,452.7200012207031,150820900
2023-09-26,447.70001220703125,449.94000244140625,446.489990234375,449.94000244140625,149100500
2023-09-27,446.9100036621094,449.5199890136719,446.1400146484375,447.6099853515625,160077000
2023-09-28,448.5,448.5400085449219,444.3800048828125,447.010009765625,168408000
2023-09-29,450.2200012207031,454.0299987792969,449.760009765625,449.760009765625,171043200
2023-10-02,445.5899963378906,452.510009765625,444.1099853515625,450.82000732421875,155834800
2023-10-03,440.70001220703125,446.3599853515625,440.3999938964844,444.8900146484375,154059800
2023-10-04,440.0799865722656,443.45001220703125,438.0799865722656,439.7200012207031,213747500
2023-10-05,441.30999755859375,443.4700012207031,439.8699951171875,440.82000732421875,155945100
2023-10-06,444.92999267578125,444.95001220703125,440.4599914550781,442.1199951171875,185960600
2023-10-09,443.7900085449219,446.0199890136719,442.1499938964844,444.8399963378906,169573100
2023-10-10,452.4800109863281,452.739990234375,444.5899963378906,444.5899963378906,177485300
2023-10-11,453.1600036621094,454.54998779296875,451.1700134277344,452.8399963378906,158598500
2023-10-12,453.6300048828125,457.0199890136719,453.5299987792969,453.70001220703125,164004300
2023-10-13,449.17999267578125,453.4100036621094,448.95001220703125,453.32000732421875,169200300
2023-10-16,450.20001220703125,451.44000244140625,447.3999938964844,449.5299987792969,198897100
2023-10-17,449.760009765625,451.7300109863281,446.9100036621094,450.0,178757600
2023-10-18,445.0199890136719,449.8699951171875,444.6000061035156,449.5799865722656,168884300
2023-10-19,439.7300109863281,444.2699890136719,439.3500061035156,444.2699890136719,179907600
2023-10-20,433.7300109863281,438.7300109863281,433.7300109863281,438.7300109863281,209011400
2023-10-23,433.17999267578125,434.5400085449219,429.6600036621094,433.7699890136719,150100800
2023-10-24,435.0899963378906,435.8800048828125,431.510009765625,433.42999267578125,164042000
2023-10-25,435.2699890136719,435.9599914550781,432.20001220703125,434.9100036621094,188486900
2023-10-26,433.20001220703125,434.6099853515625,430.19000244140625,434.3399963378906,197599100
2023-10-27,429.5799865722656,434.3299865722656,428.8399963378906,432.7200012207031,158139600
2023-10-30,431.1199951171875,433.2300109863281,430.3900146484375,430.3900146484375,193346500
2023-10-31,433.6600036621094,434.5400085449219,431.32000732421875,431.32000732421875,186996300
2023-11-01,436.57000732421875,437.8399963378906,433.3299865722656,434.7099914550781,169277200
2023-11-02,443.4700012207031,444.9599914550781,437.95001220703125,437.95001220703125,213496500
2023-11-03,444.239990234375,445.8900146484375,443.5299987792969,443.95001220703125,180969200
2023-11-06,443.5199890136719,445.6099853515625,442.9599914550781,444.79998779296875,200484500
2023-11-07,442.80999755859375,444.0,441.8800048828125,442.57000732421875,147011800
2023-11-08,444.07000732421875,446.2200012207031,441.0199890136719,442.05999755859375,172233300
2023-11-09,447.79998779296875,448.1600036621094,442.8299865722656,443.8699951171875,170976000
2023-11-10,443.30999755859375,446.6400146484375,441.1300048828125,446.6400146484375,171419100
2023-11-13,446.6199951171875,447.07000732421875,444.67999267578125,444.8399963378906,163552000
2023-11-14,452.6000061035156,453.3599853515625,446.3800048828125,446.9599914550781,218544000
2023-11-15,454.5199890136719,456.5299987792969,453.0799865722656,453.0799865722656,189789700
2023-11-16,451.2699890136719,454.42999267578125,451.2699890136719,453.6499938964844,182832000
2023-11-17,455.82000732421875,456.6300048828125,452.0400085449219,452.0400085449219,192575800
2023-11-20,456.260009765625,456.5899963378906,455.010009765625,455.67999267578125,137184300
2023-11-21,455.8500061035156,456.6600036621094,455.0799865722656,456.17999267578125,144530900
2023-11-22,457.239990234375,458.30999755859375,456.1000061035156,456.1000061035156,141433000
2023-11-23,458.4700012207031,458.7300109863281,457.1000061035156,457.5799865722656,121884000
2023-11-24,459.9800109863281,460.20001220703125,457.80999755859375,458.17999267578125,115780500
2023-11-27,458.4100036621094,460.1499938964844,458.29998779296875,459.6300048828125,121182000
2023-11-28,457.0400085449219,457.7200012207031,455.0799865722656,457.7200012207031,142651100
2023-11-29,459.1000061035156,459.95001220703125,456.69000244140625,456.7799987792969,163459700
2023-11-30,461.6099853515625,462.05999755859375,458.3800048828125,459.70001220703125,355875900
2023-12-01,466.20001220703125,466.239990234375,461.8999938964844,461.8999938964844,156144600
2023-12-04,465.7799987792969,467.1600036621094,464.9700012207031,465.4599914550781,171704300
2023-12-05,467.6199951171875,467.9800109863281,464.8500061035156,465.42999267578125,172291800
2023-12-06,470.05999755859375,471.2900085449219,467.8999938964844,468.4599914550781,252289500
2023-12-07,468.7799987792969,469.6300048828125,467.69000244140625,469.6300048828125,185372600
2023-12-08,472.260009765625,473.19000244140625,468.9599914550781,468.9599914550781,181937200
2023-12-11,473.70001220703125,474.1400146484375,471.1600036621094,472.5199890136719,172956900
2023-12-12,472.7200012207031,474.75,471.8699951171875,473.3500061035156,184036200
2023-12-13,472.4599914550781,474.5199890136719,472.4599914550781,472.6300048828125,213735800
2023-12-14,476.57000732421875,480.6400146484375,474.19000244140625,474.79998779296875,336497900
2023-12-15,476.6099853515625,479.2099914550781,475.7200012207031,477.0400085449219,415761800
2023-12-18,475.32000732421875,476.7900085449219,474.3999938964844,475.7799987792969,185040400
2023-12-19,477.0400085449219,477.3800048828125,475.3500061035156,475.4700012207031,207092900
2023-12-20,477.94000244140625,479.3900146484375,476.04998779296875,477.4800109863281,244238700
2023-12-21,476.94000244140625,477.2200012207031,475.1000061035156,476.92999267578125,156303200
2023-12-22,477.6000061035156,478.0400085449219,476.07000732421875,476.6300048828125,125597900
2023-12-27,478.6199951171875,479.7200012207031,477.42999267578125,477.42999267578125,119336200
2023-12-28,478.0799865722656,480.42999267578125,477.7200012207031,479.75,95191800
2023-12-29,479.0199890136719,479.8599853515625,478.2799987792969,478.2799987792969,88069200
2024-01-03,474.3999938964844,479.44000244140625,472.8800048828125,478.1700134277344,202523600
2024-01-04,477.67999267578125,477.82000732421875,474.2099914550781,475.3399963378906,200675900
2024-01-05,476.3800048828125,477.17999267578125,472.239990234375,476.4599914550781,165256400
2024-01-08,478.17999267578125,478.17999267578125,472.94000244140625,475.7799987792969,189512300
2024-01-09,477.260009765625,478.8299865722656,475.67999267578125,478.67999267578125,176764900
2024-01-10,476.4200134277344,477.7799987792969,475.739990234375,476.7699890136719,170747200
2024-01-11,472.7699890136719,480.0400085449219,472.7200012207031,477.6199951171875,237108800
2024-01-12,476.760009765625,478.17999267578125,473.9200134277344,473.9200134277344,181274700
2024-01-15,474.19000244140625,477.6300048828125,473.6600036621094,476.8800048828125,153134900
2024-01-16,473.05999755859375,473.3800048828125,470.2200012207031,472.6700134277344,218473400
2024-01-17,467.7099914550781,470.3800048828125,464.989990234375,470.3800048828125,201410100
2024-01-18,470.45001220703125,470.8500061035156,467.42999267578125,468.2200012207031,192382800
2024-01-19,469.239990234375,472.8800048828125,468.3399963378906,471.239990234375,228292700
2024-01-22,472.8599853515625,473.4200134277344,469.95001220703125,469.95001220703125,170684700
2024-01-23,471.5299987792969,474.44000244140625,470.9599914550781,473.6199951171875,215506500
2024-01-24,477.0899963378906,477.3999938964844,472.6400146484375,472.6400146484375,198912600
2024-01-25,478.5299987792969,478.6400146484375,474.8999938964844,477.1000061035156,180494000
2024-01-26,483.8399963378906,484.489990234375,478.45001220703125,478.45001220703125,212646400
2024-01-29,484.8399963378906,484.8500061035156,483.3299865722656,484.4599914550781,167442900
2024-01-30,485.6300048828125,486.7300109863281,485.0199890136719,485.6099853515625,180335700
2024-01-31,485.6700134277344,487.45001220703125,485.3599853515625,486.7200012207031,234407900
2024-02-01,483.8599853515625,485.8299865722656,483.05999755859375,485.4100036621094,230432500
2024-02-02,483.92999267578125,487.6600036621094,483.7200012207031,485.07000732421875,207450900
2024-02-05,483.69000244140625,485.6600036621094,482.7699890136719,484.1400146484375,261674900
2024-02-06,486.760009765625,487.1700134277344,483.6300048828125,484.94000244140625,271102200
2024-02-07,485.6300048828125,487.5400085449219,485.2799987792969,486.9200134277344,224135800
2024-02-08,485.2699890136719,487.239990234375,485.1600036621094,485.510009765625,179219600
2024-02-09,484.8299865722656,486.1600036621094,483.5299987792969,485.5199890136719,214918000
2024-02-12,487.4599914550781,487.55999755859375,485.5199890136719,485.5199890136719,177414600
2024-02-13,482.8299865722656,487.3500061035156,481.2900085449219,487.3500061035156,223185600
2024-02-14,485.239990234375,485.8399963378906,482.69000244140625,482.69000244140625,222666000
2024-02-15,488.5400085449219,488.8599853515625,485.8299865722656,485.8299865722656,205596300
2024-02-16,491.5899963378906,492.010009765625,489.5899963378906,489.5899963378906,222721100
2024-02-19,492.3900146484375,492.6300048828125,490.5799865722656,491.0299987792969,165325100
2024-02-20,491.8999938964844,492.7799987792969,490.739990234375,491.8800048828125,184537300
2024-02-21,491.04998779296875,491.6400146484375,489.94000244140625,491.5400085449219,228978700
2024-02-22,495.1000061035156,496.29998779296875,493.44000244140625,493.44000244140625,259341800
2024-02-23,497.25,497.739990234375,495.1000061035156,495.6400146484375,213837600
2024-02-26,495.42999267578125,496.75,495.17999267578125,496.70001220703125,218737600
2024-02-27,496.3299865722656,496.6600036621094,494.489990234375,495.6300048828125,217733300
2024-02-28,494.5899963378906,496.30999755859375,494.1700134277344,496.2200012207031,234199900
2024-02-29,494.6099853515625,496.6300048828125,494.6099853515625,494.989990234375,408113900
2024-03-01,497.5799865722656,497.8800048828125,495.0799865722656,495.0799865722656,264214800
2024-03-04,497.4100036621094,498.5,496.0299987792969,498.5,205231300
2024-03-05,496.2699890136719,497.4599914550781,495.17999267578125,497.1300048828125,198429700
2024-03-06,498.2099914550781,498.989990234375,495.80999755859375,495.9200134277344,276047000
2024-03-07,503.1600036621094,503.80999755859375,496.1600036621094,496.8900146484375,479238500
2024-03-08,503.260009765625,504.6000061035156,502.75,503.45001220703125,326533800
2024-03-11,501.489990234375,502.07000732421875,499.82000732421875,501.6600036621094,329823000
2024-03-12,506.5199890136719,506.9100036621094,502.2200012207031,502.4800109863281,284554200
2024-03-13,507.3299865722656,508.3399963378906,506.05999755859375,506.7900085449219,297931500
2024-03-14,506.3999938964844,509.30999755859375,505.3399963378906,507.4599914550781,268137500
2024-03-15,504.79998779296875,508.25,504.7799987792969,506.1400146484375,613747400
2024-03-18,503.94000244140625,505.5799865722656,503.4200134277344,505.32000732421875,227162400
2024-03-19,505.2300109863281,505.2900085449219,503.0199890136719,503.3999938964844,224042200
2024-03-20,505.2099914550781,505.67999267578125,503.32000732421875,504.30999755859375,238734700
2024-03-21,509.7699890136719,510.25,507.1400146484375,507.6300048828125,285492000
2024-03-22,509.6400146484375,510.4599914550781,508.2300109863281,508.8900146484375,241425400
2024-03-25,509.8599853515625,510.4599914550781,507.70001220703125,509.45001220703125,217977400
2024-03-26,511.0899963378906,511.3699951171875,508.760009765625,509.4599914550781,245123400
2024-03-27,511.75,512.4500122070312,510.3800048828125,510.7900085449219,235200100
2024-03-28,512.6699829101562,513.489990234375,512.0399780273438,512.0399780273438,218243600
2024-04-02,508.57000732421875,515.77001953125,508.20001220703125,513.3599853515625,241324000
2024-04-03,510.0199890136719,510.2300109863281,507.6700134277344,508.6499938964844,238238900
2024-04-04,510.8399963378906,511.7300109863281,509.55999755859375,510.0899963378906,228050700
2024-04-05,506.54998779296875,508.6300048828125,504.2200012207031,508.6300048828125,215914300
2024-04-08,508.92999267578125,509.7099914550781,505.8999938964844,506.20001220703125,179294800
2024-04-09,505.82000732421875,509.0899963378906,504.989990234375,508.6099853515625,206074400
2024-04-10,506.5899963378906,509.6199951171875,502.6700134277344,507.29998779296875,249735100
2024-04-11,504.54998779296875,507.5199890136719,502.010009765625,505.9100036621094,245227400
2024-04-12,505.25,510.6400146484375,503.9800109863281,506.3900146484375,198443400
2024-04-15,505.92999267578125,510.0400085449219,505.1600036621094,505.4800109863281,182226400
2024-04-16,498.2099914550781,503.510009765625,496.5299987792969,503.510009765625,223485800
2024-04-17,498.5199890136719,502.3399963378906,497.3999938964844,498.4599914550781,197603400
2024-04-18,499.70001220703125,500.3599853515625,497.1400146484375,499.07000732421875,244665600
2024-04-19,499.2900085449219,499.75,495.30999755859375,498.2799987792969,228740200
2024-04-22,502.30999755859375,503.1499938964844,499.29998779296875,499.29998779296875,228486200
2024-04-23,507.7900085449219,507.9800109863281,502.8900146484375,502.8900146484375,266367300
2024-04-24,505.6099853515625,509.0299987792969,505.0899963378906,507.989990234375,271624100
2024-04-25,502.3800048828125,505.8399963378906,499.2799987792969,505.6700134277344,260016800
2024-04-26,507.9800109863281,508.9200134277344,503.5299987792969,503.5299987792969,208938600
2024-04-29,508.3399963378906,510.2799987792969,508.3399963378906,508.7200012207031,186180300
2024-04-30,504.8900146484375,508.6099853515625,504.6400146484375,508.07000732421875,219373300
2024-05-02,503.2099914550781,504.75,502.7799987792969,504.1400146484375,226930800
2024-05-03,505.5299987792969,508.20001220703125,503.8399963378906,503.8999938964844,206719700
2024-05-06,508.2200012207031,509.0899963378906,506.0,506.0,77067600
2024-05-07,514.02001953125,514.1500244140625,509.80999755859375,509.80999755859375,244590500
2024-05-08,515.77001953125,516.4000244140625,514.1699829101562,514.3099975585938,226327800
2024-05-10,520.760009765625,521.510009765625,517.9000244140625,517.9000244140625,187637900
2024-05-13,520.8599853515625,521.3300170898438,519.8400268554688,521.02001953125,204676300
2024-05-14,521.6500244140625,521.8599853515625,519.6400146484375,521.1599731445312,254051600
2024-05-15,524.7100219726562,525.2000122070312,522.3499755859375,522.3499755859375,262132300
2024-05-16,523.6199951171875,525.3300170898438,523.1799926757812,524.9299926757812,213275000
2024-05-17,522.9400024414062,523.3200073242188,521.1699829101562,522.510009765625,232117400
2024-05-21,522.9500122070312,523.0800170898438,520.7100219726562,523.0800170898438,204151500
2024-05-22,521.1799926757812,522.4299926757812,520.1199951171875,522.4299926757812,234180800
2024-05-23,521.5599975585938,523.72998046875,520.739990234375,521.3800048828125,240460200
2024-05-24,520.5700073242188,521.0499877929688,517.1099853515625,520.0399780273438,181255100
2024-05-27,522.2100219726562,522.2100219726562,519.9500122070312,520.4500122070312,65870100
2024-05-28,519.0800170898438,523.1699829101562,518.1699829101562,522.219970703125,210009300
2024-05-29,513.4500122070312,518.1799926757812,512.989990234375,518.1500244140625,206964300
2024-05-30,516.5,516.8400268554688,512.4600219726562,513.0,284251100
2024-05-31,518.1699829101562,518.9000244140625,516.0399780273438,516.5900268554688,560881000
2024-06-03,519.8499755859375,522.9500122070312,519.1300048828125,520.3099975585938,256101900
2024-06-04,517.0499877929688,519.3499755859375,515.1400146484375,519.3499755859375,246539600
2024-06-05,521.22998046875,522.4299926757812,518.0900268554688,518.0900268554688,190458700
2024-06-06,524.6799926757812,525.5499877929688,523.0999755859375,523.0999755859375,185228000
2024-06-07,523.5499877929688,525.5900268554688,520.6699829101562,525.25,171408100
2024-06-10,522.1599731445312,522.3499755859375,518.9400024414062,522.3499755859375,170979600
2024-06-11,517.2899780273438,523.4600219726562,515.6500244140625,522.3499755859375,225471500
2024-06-12,522.8900146484375,523.8400268554688,518.0,518.0,236273200
2024-06-13,516.0399780273438,521.9600219726562,515.4500122070312,521.9600219726562,214982900
2024-06-14,511.04998779296875,517.0599975585938,509.5899963378906,517.0599975585938,236406400
2024-06-17,511.489990234375,514.6300048828125,508.7799987792969,511.9800109863281,185106900
2024-06-18,515.010009765625,515.260009765625,512.3099975585938,513.0499877929688,168596100
2024-06-19,514.1300048828125,515.6099853515625,513.8599853515625,515.22998046875,156117800
2024-06-20,518.9099731445312,518.9099731445312,514.469970703125,514.6099853515625,209719600
2024-06-21,515.1099853515625,518.510009765625,513.9400024414062,518.22998046875,420254900
2024-06-24,518.8699951171875,519.969970703125,514.3699951171875,514.469970703125,184763700
2024-06-25,517.7000122070312,518.3699951171875,516.1799926757812,518.3699951171875,175433500
2024-06-26,514.8099975585938,520.8900146484375,513.469970703125,518.780029296875,201042600
2024-06-27,512.5900268554688,515.4600219726562,512.530029296875,514.469970703125,163602900
2024-06-28,511.4200134277344,514.8400268554688,510.7300109863281,513.5399780273438,178311000
2024-07-01,513.0399780273438,517.1400146484375,512.6799926757812,513.8200073242188,162109200
2024-07-02,510.9100036621094,512.1099853515625,508.0799865722656,512.1099853515625,169955500
2024-07-03,514.6699829101562,515.5399780273438,512.1500244140625,512.1500244140625,207720700
2024-07-04,517.5399780273438,518.3200073242188,514.8699951171875,514.8699951171875,127224200
2024-07-05,516.5999755859375,520.2999877929688,515.1799926757812,518.2899780273438,183181300
2024-07-08,516.4299926757812,519.7999877929688,515.5599975585938,516.5700073242188,164972400
2024-07-09,511.760009765625,516.469970703125,511.1300048828125,515.5999755859375,199253600
2024-07-10,516.4199829101562,516.530029296875,511.8699951171875,511.8699951171875,175809400
2024-07-11,519.510009765625,520.6199951171875,516.8599853515625,517.3599853515625,157804100
2024-07-12,524.0800170898438,524.75,519.75,519.75,142881400
2024-07-15,518.72998046875,524.0800170898438,518.6400146484375,522.8699951171875,134326800
2024-07-16,517.2999877929688,517.780029296875,515.4000244140625,517.780029296875,143538800
2024-07-17,514.8300170898438,516.4299926757812,512.7899780273438,516.3200073242188,167887500
2024-07-18,514.010009765625,518.280029296875,514.010009765625,515.8599853515625,158938200
2024-07-19,510.0299987792969,513.0499877929688,509.6199951171875,513.0499877929688,163072700
2024-07-22,514.7899780273438,516.760009765625,511.2300109863281,511.2300109863281,192642000
2024-07-23,515.469970703125,518.030029296875,513.5800170898438,515.239990234375,206461500
2024-07-24,512.2999877929688,513.9400024414062,510.760009765625,513.6500244140625,165132800
2024-07-25,508.6300048828125,510.2300109863281,503.7799987792969,510.2300109863281,217161900
2024-07-26,512.8300170898438,513.3599853515625,508.2300109863281,508.239990234375,149444700
2024-07-29,511.7900085449219,515.6500244140625,511.4800109863281,513.6799926757812,151500800
2024-07-30,514.0800170898438,515.780029296875,512.1900024414062,512.6599731445312,163083100
2024-07-31,518.1799926757812,519.4199829101562,514.280029296875,514.280029296875,191950300
2024-08-02,497.8500061035156,509.8900146484375,496.8599853515625,509.8900146484375,277542400
2024-08-05,487.04998779296875,493.4800109863281,479.8299865722656,493.4800109863281,340070800
2024-08-06,488.44000244140625,491.92999267578125,484.4100036621094,489.2900085449219,250044700
2024-08-07,495.9599914550781,497.25,489.75,490.1499938964844,196906400
2024-08-08,496.3699951171875,496.8800048828125,490.0199890136719,495.1300048828125,164379900
2024-08-09,499.19000244140625,501.2900085449219,496.3800048828125,497.4599914550781,157499900
2024-08-12,499.0799865722656,501.5400085449219,498.19000244140625,499.79998779296875,228381700
2024-08-13,501.6600036621094,501.7300109863281,497.57000732421875,499.82000732421875,130957400
2024-08-14,504.1000061035156,504.17999267578125,502.05999755859375,502.05999755859375,135989000
2024-08-15,509.8800048828125,510.5,504.3599853515625,504.8500061035156,164675200
2024-08-16,511.45001220703125,512.5599975585938,509.95001220703125,510.54998779296875,143229500
2024-08-19,514.5900268554688,515.4600219726562,510.9800109863281,511.4200134277344,155311100
2024-08-20,512.27001953125,515.780029296875,512.1799926757812,514.72998046875,126732600
2024-08-21,513.9500122070312,514.6500244140625,512.3200073242188,512.4400024414062,149465800
2024-08-22,515.739990234375,517.280029296875,514.239990234375,514.239990234375,147796100
2024-08-23,518.1300048828125,518.72998046875,515.8599853515625,516.1199951171875,129478200
2024-08-26,518.0499877929688,518.9500122070312,517.5700073242188,518.219970703125,66324800
2024-08-27,518.8800048828125,519.9199829101562,517.72998046875,518.3099975585938,162515000
2024-08-28,520.5999755859375,521.7899780273438,519.489990234375,519.489990234375,133897100
2024-08-29,524.5700073242188,524.75,520.7899780273438,520.7899780273438,148180000
2024-08-30,525.0499877929688,526.6599731445312,524.530029296875,524.530029296875,244291200
2024-09-02,524.9400024414062,525.0399780273438,521.8800048828125,524.8300170898438,117193700
2024-09-03,519.8400268554688,525.5999755859375,519.1799926757812,525.0,201780000
2024-09-04,514.8200073242188,516.8800048828125,513.27001953125,516.8800048828125,162179100
2024-09-05,512.0499877929688,515.3800048828125,512.0499877929688,514.1300048828125,163451500
2024-09-06,506.55999755859375,514.0900268554688,506.1099853515625,511.2200012207031,174344900
2024-09-09,510.70001220703125,511.9100036621094,507.3900146484375,507.3900146484375,139516200
2024-09-10,507.95001220703125,512.280029296875,507.1000061035156,510.69000244140625,173871600
2024-09-11,508.0199890136719,511.5400085449219,506.0,508.2799987792969,179278100
2024-09-12,512.0800170898438,514.530029296875,509.6300048828125,510.70001220703125,239934500
2024-09-13,515.9500122070312,517.0700073242188,512.8699951171875,512.8699951171875,155154400
2024-09-16,515.1099853515625,516.510009765625,513.989990234375,514.7100219726562,141460900
2024-09-17,517.1900024414062,519.2899780273438,516.0700073242188,516.0700073242188,191473400
2024-09-18,514.5900268554688,517.1099853515625,514.25,517.1099853515625,189459800
2024-09-19,521.6699829101562,522.3099975585938,516.97998046875,516.97998046875,219860700
2024-09-20,514.260009765625,520.760009765625,513.8699951171875,520.760009765625,390894600
2024-09-23,516.3200073242188,516.72998046875,513.280029296875,514.489990234375,154310800
2024-09-24,519.7000122070312,521.0399780273438,517.8200073242188,518.219970703125,189888300
2024-09-25,519.1400146484375,520.3300170898438,517.260009765625,518.5599975585938,145208800
2024-09-26,525.6099853515625,526.52001953125,521.4299926757812,521.4299926757812,209040500
2024-09-27,528.0800170898438,528.6799926757812,525.5,525.5,187210800
2024-09-30,522.8900146484375,527.75,522.3499755859375,527.1099853515625,201115200
2024-10-01,520.8800048828125,525.5499877929688,519.3400268554688,523.280029296875,214236300
2024-10-02,521.1400146484375,523.0,518.6599731445312,521.6199951171875,177821200
2024-10-03,516.2899780273438,519.989990234375,515.260009765625,519.9400024414062,209236400
2024-10-04,518.5599975585938,519.5399780273438,515.760009765625,516.6300048828125,180242200
2024-10-07,519.47998046875,520.3400268554688,516.6099853515625,519.1199951171875,157692200
2024-10-08,516.6400146484375,518.1300048828125,514.0999755859375,518.1300048828125,160998800
2024-10-09,520.0499877929688,520.1099853515625,516.3699951171875,516.77001953125,137343900
2024-10-10,519.1099853515625,521.0800170898438,517.8099975585938,520.219970703125,161637000
2024-10-11,521.97998046875,522.489990234375,518.02001953125,518.9000244140625,170638300
2024-10-14,524.760009765625,524.760009765625,521.3099975585938,522.3499755859375,153488000
2024-10-15,520.5700073242188,526.5700073242188,520.5700073242188,525.3499755859375,200759000
2024-10-16,519.5999755859375,520.77001953125,518.1300048828125,518.9500122070312,203051100
2024-10-17,523.9099731445312,525.6799926757812,519.8499755859375,519.8599853515625,194861100
2024-10-18,524.989990234375,525.5800170898438,523.219970703125,523.6799926757812,189932700
2024-10-21,521.52001953125,526.1199951171875,521.3599853515625,524.3800048828125,143758200
2024-10-22,520.4000244140625,521.7000122070312,517.219970703125,521.7000122070312,148727200
2024-10-23,518.8400268554688,521.760009765625,518.1900024414062,519.6699829101562,177086500
2024-10-24,518.97998046875,522.510009765625,518.97998046875,519.0999755859375,200456900
2024-10-25,518.8099975585938,519.77001953125,517.1400146484375,518.5499877929688,183227000
2024-10-28,520.9500122070312,521.7899780273438,517.4400024414062,519.7899780273438,187817000
2024-10-29,517.989990234375,522.9299926757812,517.9199829101562,521.6300048828125,201489900
2024-10-30,511.510009765625,516.5499877929688,510.42999267578125,516.5499877929688,209408600
2024-10-31,505.3900146484375,509.9700012207031,503.489990234375,509.9700012207031,245742000
2024-11-01,510.8999938964844,512.1699829101562,505.44000244140625,505.44000244140625,172893900
2024-11-04,509.2099914550781,512.4000244140625,509.2099914550781,510.44000244140625,181376900
2024-11-05,509.5299987792969,510.7699890136719,507.5400085449219,509.0400085449219,170152200
2024-11-06,506.7799987792969,519.260009765625,505.9200134277344,511.260009765625,263027200
2024-11-07,509.9200134277344,511.94000244140625,507.239990234375,507.239990234375,222583500
2024-11-08,506.6300048828125,511.07000732421875,505.4100036621094,510.510009765625,194696800
2024-11-11,512.3699951171875,513.8499755859375,508.95001220703125,508.95001220703125,154350700
2024-11-12,502.2300109863281,510.1700134277344,501.8900146484375,510.1700134277344,217982500
2024-11-13,501.5899963378906,503.2200012207031,498.5799865722656,501.8800048828125,202520900
2024-11-14,507.0299987792969,507.6199951171875,502.0899963378906,502.6700134277344,218117400
2024-11-15,503.1199951171875,505.94000244140625,502.5199890136719,505.3800048828125,185502000
2024-11-18,502.8399963378906,503.7799987792969,500.010009765625,502.70001220703125,172339400
2024-11-19,500.6000061035156,505.0,495.54998779296875,503.7699890136719,188177900
2024-11-20,500.489990234375,504.0400085449219,499.55999755859375,501.94000244140625,166319600
2024-11-21,502.5400085449219,502.8999938964844,497.3299865722656,500.3299865722656,183442500
2024-11-22,508.4700012207031,509.20001220703125,502.3599853515625,503.9599914550781,189500100
2024-11-25,508.7799987792969,511.2799987792969,507.69000244140625,509.6400146484375,418723700
2024-11-26,505.8999938964844,508.5299987792969,504.7200012207031,507.6099853515625,177672300
2024-11-27,504.9599914550781,505.6600036621094,502.8599853515625,505.6600036621094,160403500
2024-11-28,507.29998779296875,508.92999267578125,506.0799865722656,506.32000732421875,121559100
2024-11-29,510.25,510.42999267578125,506.0799865722656,506.9100036621094,161499700
2024-12-02,513.6099853515625,514.4400024414062,508.6300048828125,509.69000244140625,185137200
2024-12-03,515.530029296875,517.280029296875,514.25,514.25,183192200
2024-12-04,517.4500122070312,518.75,515.8400268554688,516.0499877929688,177654700
2024-12-05,519.530029296875,519.6900024414062,517.1900024414062,517.1900024414062,204876100
2024-12-06,520.469970703125,521.5700073242188,519.1799926757812,519.72998046875,210710800
2024-12-09,521.219970703125,523.1500244140625,520.1300048828125,521.6500244140625,169889700
2024-12-10,518.489990234375,520.8499755859375,518.3900146484375,520.530029296875,159838400
2024-12-11,519.9500122070312,520.52001953125,517.030029296875,517.6900024414062,244686700
2024-12-12,519.2000122070312,520.6699829101562,518.6900024414062,520.1599731445312,166970000
2024-12-13,516.4500122070312,519.260009765625,515.5999755859375,518.2100219726562,191704700
2024-12-16,515.8300170898438,516.52001953125,514.3599853515625,516.2999877929688,231047100
2024-12-17,513.6599731445312,514.739990234375,512.3900146484375,514.260009765625,303102500
2024-12-18,514.4299926757812,515.3499755859375,513.0700073242188,513.8599853515625,199892800
2024-12-19,506.6600036621094,511.1600036621094,505.4100036621094,511.1600036621094,250237300
2024-12-20,502.19000244140625,504.9700012207031,496.3900146484375,504.9700012207031,382499300
2024-12-23,502.9100036621094,504.19000244140625,501.0799865722656,502.2099914550781,129450500
2024-12-27,507.17999267578125,507.17999267578125,502.8699951171875,503.30999755859375,118605800
2024-12-30,504.8500061035156,506.8800048828125,503.54998779296875,506.30999755859375,96518300
2025-01-03,508.19000244140625,510.8699951171875,507.260009765625,510.8699951171875,154964000
2025-01-06,513.02001953125,513.0800170898438,508.4200134277344,508.79998779296875,178454100
2025-01-07,514.6699829101562,515.6599731445312,511.010009765625,513.0800170898438,193612400
2025-01-08,513.6699829101562,517.2000122070312,510.9700012207031,514.9600219726562,215930200
2025-01-09,515.8400268554688,516.22998046875,511.2699890136719,512.3400268554688,176351800
2025-01-10,511.5,516.02001953125,511.2099914550781,515.6500244140625,202780400
2025-01-13,508.67999267578125,510.2900085449219,506.489990234375,510.2900085449219,178833500
2025-01-14,508.2799987792969,511.94000244140625,507.989990234375,509.9599914550781,214098400
2025-01-15,515.02001953125,515.8099975585938,508.75,508.75,233516500
2025-01-16,520.0499877929688,520.0499877929688,516.72998046875,516.72998046875,192327000
2025-01-17,523.6199951171875,524.47998046875,520.8900146484375,520.8900146484375,224730500
2025-01-20,523.8699951171875,525.5599975585938,522.5999755859375,523.5999755859375,190601800
2025-01-21,525.97998046875,526.030029296875,523.4400024414062,524.1699829101562,178038500
2025-01-22,528.0399780273438,530.5499877929688,526.9500122070312,526.9500122070312,217855000
2025-01-23,530.3400268554688,530.5,526.989990234375,528.6199951171875,213013600
2025-01-24,530.0700073242188,533.25,529.1500244140625,531.4400024414062,190560900
2025-01-27,529.6900024414062,530.6199951171875,525.52001953125,529.6099853515625,180865400
2025-01-28,531.5999755859375,533.760009765625,530.4199829101562,530.6599731445312,225892800
2025-01-29,534.260009765625,535.5700073242188,532.1300048828125,532.2999877929688,185155900
2025-01-30,538.8400268554688,539.0800170898438,535.1799926757812,535.1799926757812,182883800
2025-01-31,539.530029296875,542.0900268554688,538.8400268554688,539.7899780273438,218335300
2025-02-03,534.8499755859375,535.780029296875,530.6900024414062,535.780029296875,196428700
2025-02-04,536.0399780273438,536.2999877929688,531.3800048828125,535.3300170898438,222701200
2025-02-05,538.5599975585938,538.5599975585938,535.010009765625,535.7899780273438,191761200
2025-02-06,544.8400268554688,545.4600219726562,539.7899780273438,539.7899780273438,225819200
2025-02-07,542.75,545.5900268554688,542.0999755859375,544.3800048828125,297915300
2025-02-10,545.9199829101562,546.5,543.3099975585938,543.3099975585938,228620100
2025-02-11,547.1799926757812,547.5399780273438,545.0999755859375,545.3900146484375,224932000
2025-02-12,547.780029296875,548.5900268554688,545.0599975585938,547.4099731445312,238844200
2025-02-13,553.75,553.75,548.8400268554688,549.0700073242188,282930000
2025-02-14,552.4099731445312,554.6099853515625,551.5599975585938,553.5999755859375,303266900
2025-02-17,555.4199829101562,555.6900024414062,552.6699829101562,552.7999877929688,193007500
2025-02-18,557.1699829101562,557.9600219726562,554.760009765625,556.5700073242188,191186200
2025-02-19,552.0999755859375,557.6099853515625,551.0999755859375,557.0,228865700
2025-02-20,551.010009765625,553.989990234375,550.2999877929688,551.5900268554688,241310000
2025-02-21,553.8499755859375,554.5999755859375,551.6599731445312,551.6599731445312,216410900
2025-02-24,553.3900146484375,555.3499755859375,550.5700073242188,553.9500122070312,215164200
2025-02-25,554.2000122070312,557.0399780273438,551.97998046875,552.4299926757812,223510200
2025-02-26,559.6699829101562,560.5599975585938,555.1500244140625,555.1500244140625,239396700
2025-02-27,557.1099853515625,558.4099731445312,554.239990234375,558.4099731445312,250718000
2025-02-28,557.1900024414062,557.1900024414062,552.2000122070312,555.25,412114100
2025-03-03,563.1300048828125,565.1799926757812,556.25,557.7000122070312,255094900
2025-03-04,551.0700073242188,561.030029296875,550.5999755859375,561.030029296875,275368300
2025-03-05,556.0900268554688,560.760009765625,551.510009765625,551.510009765625,285192500
2025-03-06,555.9000244140625,558.4299926757812,551.0900268554688,557.0399780273438,269849100
2025-03-07,553.3499755859375,555.1699829101562,550.4299926757812,554.3300170898438,234456000
2025-03-10,546.2000122070312,555.9600219726562,545.5399780273438,554.6500244140625,286221300
2025-03-11,536.8900146484375,546.7999877929688,535.9199829101562,545.7000122070312,253014100
2025-03-12,541.25,544.6900024414062,537.9199829101562,538.5499877929688,214039200
2025-03-13,540.4400024414062,544.5800170898438,539.2999877929688,541.3900146484375,199663500
2025-03-14,546.5999755859375,547.22998046875,539.8800048828125,541.1300048828125,252948400
2025-03-17,550.9400024414062,551.4099731445312,546.9199829101562,547.27001953125,203039300
2025-03-18,554.2999877929688,555.8200073242188,551.6900024414062,551.6900024414062,264168700
2025-03-19,555.3699951171875,556.1300048828125,552.3800048828125,554.2999877929688,195106800
2025-03-20,552.97998046875,556.469970703125,549.8699951171875,555.4500122070312,224136500
2025-03-21,549.6699829101562,551.4600219726562,547.3900146484375,551.3499755859375,430346800
2025-03-24,548.9299926757812,553.010009765625,547.6599731445312,551.1300048828125,189632900
2025-03-25,552.5900268554688,555.0599975585938,549.8300170898438,549.8300170898438,237231700
2025-03-26,548.72998046875,553.5900268554688,548.4099731445312,552.760009765625,192540000
2025-03-27,546.3099975585938,547.1400146484375,542.7100219726562,546.5,245755500
2025-03-28,542.0999755859375,546.469970703125,540.4400024414062,545.4099731445312,215464600
2025-03-31,533.9199829101562,540.22998046875,531.8499755859375,540.22998046875,249028700
2025-04-01,539.6400146484375,540.8300170898438,536.0399780273438,536.1799926757812,201445300
2025-04-02,536.9199829101562,538.5,533.0999755859375,538.5,179240100
2025-04-03,523.1199951171875,532.77001953125,521.6400146484375,532.77001953125,335875100
2025-04-04,496.3299865722656,519.8499755859375,492.2300109863281,519.8499755859375,441242800
2025-04-07,474.010009765625,495.0899963378906,464.260009765625,493.2900085449219,491830000
2025-04-08,486.9100036621094,492.1099853515625,477.0400085449219,477.2099914550781,328374700
2025-04-09,469.8900146484375,480.70001220703125,464.30999755859375,480.70001220703125,316160600
2025-04-10,487.2799987792969,504.1099853515625,472.5,472.5,345971100
2025-04-11,486.79998779296875,491.0799865722656,479.54998779296875,488.4200134277344,262693600
2025-04-14,499.8900146484375,501.760009765625,491.1199951171875,491.1199951171875,204021800
2025-04-15,508.05999755859375,508.4599914550781,500.8999938964844,500.8999938964844,218101000
2025-04-16,507.0899963378906,507.1600036621094,501.1600036621094,506.32000732421875,217891400
2025-04-17,506.4200134277344,507.1300048828125,503.5,506.489990234375,174399600
2025-04-22,507.7099914550781,507.7099914550781,502.2900085449219,504.9700012207031,222872200
2025-04-23,516.77001953125,519.5599975585938,509.8299865722656,509.8299865722656,255010900
2025-04-24,518.6099853515625,518.9600219726562,512.7899780273438,515.5399780273438,237638900
2025-04-25,520.4500122070312,521.969970703125,518.4099731445312,519.4199829101562,186987700
2025-04-28,523.1900024414062,524.5700073242188,521.6099853515625,521.6099853515625,173698600
2025-04-29,525.0900268554688,525.469970703125,522.9199829101562,523.4500122070312,190724000
2025-04-30,527.47998046875,527.8300170898438,521.9199829101562,525.6099853515625,303699700
2025-05-02,536.4299926757812,536.989990234375,530.510009765625,530.510009765625,225865600
2025-05-05,537.3099975585938,537.6900024414062,535.8400268554688,536.0399780273438,78161300
2025-05-06,536.3499755859375,538.5700073242188,532.02001953125,537.3499755859375,220312300
2025-05-07,533.469970703125,535.469970703125,532.5599975585938,535.3599853515625,246084700
2025-05-08,535.6300048828125,538.6300048828125,533.8800048828125,533.8800048828125,244815500
2025-05-09,537.9600219726562,538.8900146484375,535.9500122070312,535.9500122070312,197215300
2025-05-12,544.489990234375,544.5,538.3400268554688,538.3400268554688,247086600
2025-05-13,545.1699829101562,546.1300048828125,544.4000244140625,544.4199829101562,186579200
2025-05-14,543.8800048828125,545.7899780273438,542.3499755859375,545.0999755859375,230732500
2025-05-15,546.9500122070312,546.9500122070312,540.97998046875,542.1300048828125,250922500
2025-05-16,549.260009765625,550.8599853515625,546.8300170898438,547.8900146484375,227525200
2025-05-19,549.97998046875,549.989990234375,545.1599731445312,547.8900146484375,202697800
2025-05-20,554.02001953125,554.8800048828125,550.25,550.530029296875,209435000
2025-05-21,553.8200073242188,554.22998046875,550.260009765625,553.77001953125,202691100
2025-05-22,550.27001953125,552.5599975585938,546.989990234375,552.5599975585938,202146000
2025-05-23,545.1300048828125,552.219970703125,537.3900146484375,550.3599853515625,254934000
2025-05-26,550.5,550.8699951171875,547.219970703125,547.219970703125,72766800
2025-05-27,552.3200073242188,554.1699829101562,550.4500122070312,550.4500122070312,244223000
2025-05-28,548.9299926757812,553.3900146484375,548.9299926757812,552.1900024414062,190391400
2025-05-30,548.6699829101562,551.5399780273438,547.2999877929688,547.8099975585938,395997300
2025-06-02,547.9199829101562,548.5900268554688,544.3599853515625,547.3499755859375,167435300
2025-06-03,548.4400024414062,549.510009765625,545.1599731445312,548.5399780273438,168157500
2025-06-04,551.02001953125,552.3699951171875,549.52001953125,549.6300048828125,188783000
2025-06-05,551.8800048828125,553.780029296875,549.2899780273438,551.0999755859375,170632800
2025-06-06,553.6400146484375,554.2100219726562,551.3699951171875,551.6300048828125,160999000
2025-06-10,553.1199951171875,554.0900268554688,551.469970703125,553.0,180210400
2025-06-11,551.6400146484375,554.219970703125,551.6400146484375,552.9099731445312,175314400
2025-06-12,549.8400268554688,551.25,546.219970703125,550.4299926757812,176955900
2025-06-13,544.9400024414062,547.489990234375,543.5,547.489990234375,195970200
2025-06-16,546.9099731445312,547.7999877929688,544.8699951171875,544.9299926757812,198451100
2025-06-17,542.260009765625,544.760009765625,540.6099853515625,544.760009765625,194525300
2025-06-18,540.3300170898438,542.6099853515625,539.3200073242188,541.8400268554688,180717800
2025-06-19,535.8599853515625,538.8599853515625,535.8599853515625,538.72998046875,157875400
2025-06-20,536.530029296875,540.4600219726562,536.260009765625,536.5700073242188,410593200
2025-06-23,535.030029296875,537.4099731445312,532.3400268554688,535.5700073242188,161077500
2025-06-24,540.97998046875,543.2000122070312,537.8599853515625,537.8599853515625,232438100
2025-06-25,536.97998046875,543.1400146484375,536.8800048828125,541.6599731445312,167242000
2025-06-26,537.47998046875,539.0499877929688,536.0999755859375,537.489990234375,180655100
2025-06-27,543.6300048828125,543.6300048828125,539.510009765625,539.510009765625,161210200
2025-06-30,541.3699951171875,544.9500122070312,540.8699951171875,544.5499877929688,172195400
2025-07-01,540.25,542.5700073242188,537.4400024414062,541.8400268554688,176752700
2025-07-02,541.2100219726562,543.489990234375,538.8400268554688,541.469970703125,220473200
2025-07-03,543.760009765625,543.760009765625,541.3499755859375,542.2100219726562,157792800
2025-07-04,541.1300048828125,542.4600219726562,538.8200073242188,542.4600219726562,114465300
2025-07-07,543.5,543.6599731445312,540.739990234375,541.02001953125,138331400
2025-07-08,545.7100219726562,545.7899780273438,542.219970703125,543.6400146484375,172163300
2025-07-09,549.9600219726562,550.72998046875,546.0499877929688,546.4500122070312,178631100
2025-07-10,552.9299926757812,553.489990234375,550.7899780273438,550.7899780273438,175208800
2025-07-11,547.3400268554688,551.8699951171875,546.6400146484375,551.8699951171875,156370200
2025-07-14,546.989990234375,546.989990234375,544.1599731445312,545.3400268554688,123498000
2025-07-15,544.9500122070312,548.97998046875,544.7899780273438,547.2000122070312,146409500
2025-07-16,541.8400268554688,545.6599731445312,541.8300170898438,543.6099853515625,153072000
2025-07-17,547.030029296875,547.219970703125,544.510009765625,544.510009765625,133342700
2025-07-18,547.0,549.5399780273438,546.4099731445312,547.8900146484375,162900200
2025-07-21,546.5800170898438,547.530029296875,544.75,547.239990234375,151591100
2025-07-22,544.3400268554688,545.780029296875,542.72998046875,545.780029296875,138969900
2025-07-23,550.219970703125,551.27001953125,546.3699951171875,546.3699951171875,190893700
2025-07-24,551.5499877929688,554.0399780273438,550.5700073242188,551.5999755859375,206061200
2025-07-25,549.9500122070312,550.6799926757812,548.010009765625,550.6799926757812,198606700
2025-07-28,548.760009765625,555.0399780273438,548.1300048828125,552.5599975585938,147176700
2025-07-29,550.3599853515625,554.219970703125,549.4199829101562,549.4199829101562,174100200
2025-07-30,550.239990234375,551.47998046875,548.75,550.0800170898438,186809100
2025-07-31,546.1099853515625,552.9500122070312,545.9400024414062,550.9199829101562,231547500
2025-08-04,540.5999755859375,540.6099853515625,535.969970703125,536.4400024414062,225178600
2025-08-05,541.4000244140625,543.6400146484375,540.739990234375,541.75,170716600
2025-08-06,541.0700073242188,543.6500244140625,540.1900024414062,542.2999877929688,207171100
2025-08-07,546.0499877929688,547.4000244140625,540.530029296875,540.530029296875,199185600
2025-08-08,547.0800170898438,548.22998046875,546.010009765625,546.4600219726562,185085100
2025-08-11,546.760009765625,549.2000122070312,546.2100219726562,548.1900024414062,139779600
2025-08-12,547.8900146484375,548.8900146484375,546.0900268554688,547.760009765625,141833200
2025-08-13,550.8499755859375,551.22998046875,548.6799926757812,548.6799926757812,156262700
2025-08-14,553.8699951171875,553.8699951171875,551.1099853515625,551.1099853515625,152867700
2025-08-15,553.5599975585938,556.4099731445312,553.0900268554688,554.47998046875,161863500
2025-08-18,554.010009765625,554.5800170898438,552.1900024414062,554.0599975585938,181886100
2025-08-19,557.8099975585938,558.219970703125,554.3400268554688,554.3400268554688,154711900
2025-08-20,559.0900268554688,559.8200073242188,555.739990234375,557.3599853515625,146961900
2025-08-21,559.0700073242188,559.2999877929688,556.4600219726562,559.1099853515625,123967600
2025-08-22,561.2999877929688,563.280029296875,558.2100219726562,558.75,137161400
2025-08-25,558.8200073242188,561.1199951171875,558.6799926757812,560.8300170898438,64077500
2025-08-26,554.2000122070312,557.2899780273438,553.3699951171875,557.2899780273438,322539000
2025-08-27,554.760009765625,556.239990234375,553.3499755859375,554.9000244140625,147080100
2025-08-28,553.6699829101562,556.7899780273438,552.6500244140625,555.1199951171875,192977900
2025-08-29,550.1400146484375,553.4500122070312,549.97998046875,552.8099975585938,184180100
2025-09-01,551.4299926757812,552.5700073242188,550.4000244140625,550.4600219726562,111978200
2025-09-02,543.1699829101562,551.2000122070312,543.1699829101562,551.2000122070312,166487700
2025-09-03,546.780029296875,547.530029296875,543.5999755859375,544.5599975585938,155702500
2025-09-04,550.0900268554688,550.47998046875,546.47998046875,546.8800048828125,146451900
2025-09-05,549.2100219726562,552.6900024414062,548.0599975585938,550.9000244140625,141877100
2025-09-08,552.0399780273438,552.5999755859375,550.0800170898438,550.260009765625,123366300
2025-09-09,552.3900146484375,554.0499877929688,551.0800170898438,552.5499877929688,160613600
2025-09-10,552.2899780273438,555.6599731445312,551.8800048828125,553.8300170898438,206137900
2025-09-11,555.3300170898438,555.8699951171875,552.52001953125,552.6199951171875,148182100
2025-09-12,554.8400268554688,556.5,553.4500122070312,555.3900146484375,143532000
2025-09-15,557.1599731445312,558.6599731445312,555.97998046875,555.97998046875,174223300
2025-09-16,550.7899780273438,557.5599975585938,550.6599731445312,557.1699829101562,214767300
2025-09-17,550.6300048828125,552.3800048828125,550.1699829101562,551.489990234375,151132400
2025-09-18,555.010009765625,555.780029296875,551.7000122070312,551.7000122070312,163190000
2025-09-19,554.1199951171875,556.8200073242188,554.1199951171875,555.030029296875,401335500
2025-09-22,553.4000244140625,554.3900146484375,552.030029296875,554.3900146484375,141596000
2025-09-23,554.9500122070312,557.260009765625,553.7999877929688,553.7999877929688,165847300
2025-09-24,553.8800048828125,555.1799926757812,551.6799926757812,554.8499755859375,155225800
2025-09-25,550.219970703125,553.5999755859375,549.239990234375,553.5999755859375,166259000
2025-09-26,554.52001953125,555.1500244140625,550.6300048828125,550.6300048828125,162936500
2025-09-29,555.530029296875,557.1199951171875,554.489990234375,555.6900024414062,141088500
2025-09-30,558.1799926757812,558.2100219726562,553.3200073242188,555.3200073242188,196046200
2025-10-01,564.6199951171875,565.0900268554688,557.6500244140625,557.6500244140625,224490500
2025-10-02,567.5999755859375,569.8800048828125,566.8300170898438,566.8300170898438,187435700
2025-10-03,570.4500122070312,570.5700073242188,568.6300048828125,568.6300048828125,199273000
2025-10-06,570.239990234375,571.6699829101562,567.8499755859375,570.8699951171875,166689900
2025-10-07,569.27001953125,571.6199951171875,568.969970703125,570.3499755859375,157109900
2025-10-08,573.7899780273438,574.3200073242188,569.239990234375,569.239990234375,188139500
2025-10-09,571.3099975585938,573.8900146484375,571.3099975585938,573.1300048828125,199077600
2025-10-10,564.1599731445312,572.1300048828125,564.030029296875,570.8800048828125,172378900
2025-10-13,566.6300048828125,567.9500122070312,564.4099731445312,564.8099975585938,176432700
2025-10-14,564.5399780273438,564.8300170898438,560.3099975585938,564.8300170898438,173510300
2025-10-15,567.77001953125,569.2100219726562,566.3200073242188,566.3200073242188,174953000
2025-10-16,571.6599731445312,571.6599731445312,567.3400268554688,567.9299926757812,172670700
2025-10-17,566.239990234375,568.97998046875,560.8400268554688,568.8499755859375,218852800
2025-10-20,572.0999755859375,572.489990234375,568.3200073242188,568.3200073242188,162772900
2025-10-21,573.2999877929688,574.030029296875,571.3800048828125,572.6599731445312,162223300
2025-10-22,572.2899780273438,574.3099975585938,571.4500122070312,572.4600219726562,212795100
2025-10-23,574.4299926757812,574.8400268554688,572.5,572.8800048828125,191150500
2025-10-24,575.760009765625,576.1799926757812,572.8200073242188,575.5499877929688,168010600
2025-10-27,577.030029296875,577.260009765625,575.3099975585938,576.9000244140625,167358600
2025-10-28,575.760009765625,576.4400024414062,574.9600219726562,576.3099975585938,168206300
2025-10-29,575.4000244140625,577.6799926757812,574.8300170898438,575.4400024414062,185578400
2025-10-30,574.8300170898438,575.1300048828125,571.8699951171875,574.9000244140625,228198800
2025-10-31,571.8900146484375,574.6099853515625,571.1500244140625,574.489990234375,167014400
2025-11-03,572.280029296875,574.7899780273438,571.8900146484375,571.9500122070312,173600500
2025-11-04,570.5800170898438,570.780029296875,562.8400268554688,569.7100219726562,206849000
2025-11-05,571.9000244140625,573.0,566.4000244140625,567.8300170898438,190073700
2025-11-06,567.9000244140625,571.8599853515625,567.3400268554688,571.8599853515625,223395600
2025-11-07,564.7899780273438,569.4000244140625,562.989990234375,568.530029296875,185448000
2025-11-10,572.8200073242188,573.719970703125,568.239990234375,568.239990234375,184506900
2025-11-11,580.1300048828125,580.6199951171875,573.8599853515625,573.8599853515625,207545000
2025-11-12,584.22998046875,585.4600219726562,580.8800048828125,580.8800048828125,201797800
2025-11-13,580.6699829101562,586.3300170898438,580.6699829101562,584.4400024414062,166226200
2025-11-14,574.8099975585938,578.739990234375,569.510009765625,578.739990234375,186256500
2025-11-17,571.6799926757812,575.8900146484375,570.97998046875,574.9400024414062,178992600
2025-11-18,561.8599853515625,568.4000244140625,560.0,568.4000244140625,205490600
2025-11-19,561.7100219726562,565.7100219726562,560.1199951171875,561.9500122070312,187306400
2025-11-20,563.9400024414062,568.2100219726562,563.9400024414062,564.3400268554688,181153600
2025-11-21,562.0999755859375,562.8499755859375,556.9600219726562,560.4199829101562,193259000
2025-11-24,562.8800048828125,566.1099853515625,560.969970703125,563.2000122070312,366791700
2025-11-25,568.010009765625,568.219970703125,561.780029296875,563.4600219726562,176713700
2025-11-26,574.2100219726562,574.3699951171875,568.3900146484375,569.260009765625,208067900
2025-11-27,575.0,575.3900146484375,572.969970703125,574.219970703125,148173600
2025-11-28,576.4299926757812,576.969970703125,574.219970703125,574.97998046875,141746800
2025-12-01,575.27001953125,575.8400268554688,572.7100219726562,575.260009765625,171580400
2025-12-02,575.6500244140625,577.5800170898438,574.4199829101562,575.010009765625,169635700
2025-12-03,576.219970703125,578.2899780273438,574.77001953125,576.010009765625,185347300
2025-12-04,578.8400268554688,579.6500244140625,576.4600219726562,577.6500244140625,189342700
2025-12-05,578.77001953125,581.4199829101562,578.77001953125,579.4099731445312,165378200
2025-12-08,578.3599853515625,579.219970703125,577.3800048828125,578.0399780273438,159308700
2025-12-09,577.77001953125,580.27001953125,577.3300170898438,578.780029296875,170040500
2025-12-10,578.1699829101562,578.3300170898438,575.77001953125,577.3599853515625,209327200
2025-12-11,581.3400268554688,582.3900146484375,576.260009765625,578.0399780273438,155393500
2025-12-12,578.239990234375,584.7100219726562,578.0499877929688,582.0,160796700
2025-12-15,582.5399780273438,583.22998046875,578.9500122070312,578.9500122070312,178063000
2025-12-16,579.7999877929688,583.6400146484375,578.5999755859375,582.280029296875,195869800
2025-12-17,579.7899780273438,582.6500244140625,579.5800170898438,580.9199829101562,185789000
2025-12-18,585.3499755859375,585.4000244140625,579.2899780273438,579.6599731445312,176544700
2025-12-19,587.5,588.2000122070312,584.3900146484375,584.989990234375,372610100
2025-12-22,586.75,587.8300170898438,585.010009765625,587.469970703125,227525900
2025-12-23,588.72998046875,589.469970703125,587.22998046875,587.3400268554688,154645300
2025-12-29,589.25,590.1500244140625,587.8099975585938,588.8599853515625,115734500
2025-12-30,592.780029296875,593.4199829101562,588.780029296875,588.8300170898438,111521000
