Authors,Author Full Names,Article Title,Source Title,Publication Year,DOI,Abstract,Author Keywords,Keywords Plus,Document Type,WoS Categories,Research Areas,ISSN,Language,IDS Number,query_id,query_label
"Akinlaso, MI; Robbana, A; Mohamed, N","Akinlaso, Mustapha Ishaq; Robbana, Aroua; Mohamed, Nura",Volatility transmission within financial markets during the COVID-19 pandemic: are faith-based investors well off in Tunisia?,JOURNAL OF ISLAMIC ACCOUNTING AND BUSINESS RESEARCH,2022,10.1108/JIABR-12-2020-0388,"Purpose This paper aims to investigate the risk-return and volatility spillover within the Tunisian stock market during the COVID-19 pandemic analyzing both the Islamic and conventional stocks' performance. Design/methodology/approach Both symmetric (GARCH and GARCH-M) and asymmetric (Threshold GARCH and Exponential GARCH) models are used to analyze the market returns and volatility response. Standard and Poor's (S&P) index has been used to test both the Islamic and conventional stocks within the Tunisian stock market. Findings The findings suggest that both Tunisia Islamic and conventional stock markets are highly persistent; however, the conventional stock index showed a negative return spillover on the Islamic stocks during the pandemic. The conventional stock index has also shown a higher exposure to risk for a lower amount of return, and evidence of potential diversification benefit between both indexes was found during the pandemic, whereas the Islamic market showed a positive leverage effect, indicating a positive correlation between past return and future return; the conventional index implied a negative leverage effect. Originality/value The value of this paper emerges in studying three main aspects that are specific to the Tunisian stock market. This includes COVID-19 effect of return spillovers, volatility transmission across both conventional and Islamic stock market within the local financial market.",Volatility spillover; COVID-19; Islamic index; Conventional index; EGARCH; GARCH-M; Asymmetry; Tunisia; G01; G17,STOCK-MARKET; CORONAVIRUS; RETURNS,Article,"Business, Finance",Business & Economics,1759-0817,English,XU6QH,Q2,market_volatility_GarchHar_covid
"Yousuf, M; Zhai, J","Yousuf, Moosa; Zhai, Jia",The financial interconnectedness between global equity markets and crude oil: evidence from the GCC,JOURNAL OF CHINESE ECONOMIC AND BUSINESS STUDIES,2022,10.1080/14765284.2021.1989884,"This paper investigates the interconnectedness between the GCC region, crude oil prices, and global equity markets of the US, Europe, and China. We use DCC-GARCH models and the Diebold and Yilmaz (2012) approach to examine the dynamic connectedness and the net directional flow of spillovers. Consistent with previous studies, we find that the US and European markets are net global contributors of return and volatility shocks, whilst the Chinese equity markets are gradually becoming influential. Meanwhile, the GCC equity markets have been anet recipient of shocks from oil prices. Our empirical results provide some important insights. Firstly, the net transmission of shocks from oil prices to the GCC markets has been reducing over time. Secondly, the total connectedness nearly doubled in response to the global pandemic. Thirdly, the Chinese stock markets are gradually transforming into net transmitters of spillovers to other global equity markets.",Financial markets; connectedness; GCC; crude oil; spillovers; financial integration,STOCK MARKETS; VOLATILITY SPILLOVERS; CONNECTEDNESS; TRANSMISSION; PRICES; RETURN; US,Article,Economics,Business & Economics,1476-5284,English,2M6EC,Q2,market_volatility_GarchHar_covid
"Balcilar, M; Ozdemir, H; Agan, B","Balcilar, Mehmet; Ozdemir, Huseyin; Agan, Busra","Effects of COVID-19 on cryptocurrency and emerging market connectedness: Empirical evidence from quantile, frequency, and lasso networks",PHYSICA A-STATISTICAL MECHANICS AND ITS APPLICATIONS,2022,10.1016/j.physa.2022.127885,"We use time and frequency connectedness approaches based on network analysis to investigate the volatility connectedness among 27 emerging equity markets and seven high-capitalized cryptocurrencies. We estimate the network connectedness using the standard, quantile, frequency, and lasso VAR models for the pre- and post-COVID-19 pandemic periods and daily data over the period from October 2, 2017 to May 20, 2022. The network connectedness estimates based on the several models used in this study indicate a growing risk spillover among and within the emerging market equities and the cryptocurrencies after the COVID-19 pandemic hit the world. The frequency connectedness analysis shows that cryptocurrencies cannot be used as diversifiers for emerging stock markets in both the short and long-run. The empirical findings from the quantile VAR model reveal that the volatility connectedness in the tails is much stronger compared to the center of the distribution. It is also evident that Saudi Arabia, Thailand's stock markets, and USDT are the main risk transmitters at the 0.95-th quantile during the post-COVID period. Time-varying connectedness estimates confirm the substantial effect of COVID-19. Our study also shows that the spread of risk among these financial markets is global rather than regional, supporting cross-border structure and worldwide financial market integration. The findings suggest cryptocurrency and emerging market equity portfolios should be closely monitored during financial turmoil.(c) 2022 Elsevier B.V. All rights reserved.",Volatility connectedness; Network analysis; Emerging equity markets; Cryptocurrency; COVID-19 outbreak,IMPULSE-RESPONSE ANALYSIS; VOLATILITY SPILLOVERS; STOCK MARKETS; BITCOIN; GARCH; GOLD; DIVERSIFICATION; TRANSMISSION; PERSISTENCE; DYNAMICS,Article,"Physics, Multidisciplinary",Physics,0378-4371,English,3K5VW,Q2,market_volatility_GarchHar_covid
"Liu, JX; Wan, Y; Qu, SZ; Qing, RH; Sriboonchitta, S","Liu, Jianxu; Wan, Yang; Qu, Songze; Qing, Ruihan; Sriboonchitta, Songsak",Dynamic Correlation between the Chinese and the US Financial Markets: From Global Financial Crisis to COVID-19 Pandemic,AXIOMS,2023,10.3390/axioms12010014,"As China's economy and the U.S. economy have shown a definite interaction, there is considerable interest in studying the correlation between the Chinese stock market and the US financial markets. This paper uses an Asymmetric Dynamic Conditional Correlation (ADCC)-GARCH to investigate the correlation between the Shanghai Composite Index (SHCI) and the U.S. financial markets, including SP500, NASDAQ, and US dollar indexes. The empirical results show that the time-varying daily and the lag-one correlation between China and the US stock markets have different performances during global events and national events. Compared with the complicated effect of negative events on the correlation of the stock market, SHCI and USD are negatively correlated with higher negative correlation during the global negative events. In addition, we found Chinese investors are more contagious to the news than American investors, indicating that the Chinese government's policy are more indicated to Chinese investors. Finally, some policy suggestions are provided, and are beneficial to risk prevention and control, and investment.",dependence; SP500; USD; financial crisis; COVID-19,STOCK MARKETS; CRUDE-OIL; EQUITY MARKETS; EXCHANGE-RATE; CO-MOVEMENT; GOLD; VOLATILITY; DOLLAR; IMPACT; TRANSMISSION,Article,"Mathematics, Applied",Mathematics,,English,8B3YK,Q2,market_volatility_GarchHar_covid
"Hassan, MK; Djajadikerta, HG; Choudhury, T; Kamran, M","Hassan, M. Kabir; Djajadikerta, Hadrian Geri; Choudhury, Tonmoy; Kamran, Muhammad",Safe havens in Islamic financial markets: COVID-19 versus GFC,GLOBAL FINANCE JOURNAL,2022,10.1016/j.gfj.2021.100643,"Using a bivariate dynamic conditional correlation (DCC) generalized autoregressive conditional heteroskedasticity (GARCH) model, this study compares the safe-haven properties of various assets against the major Gulf Cooperation Council (GCC) stock indexes during two periods of financial turmoil, the COVID-19 pandemic and the 2008 Global Financial Crisis (GFC). Sovereign bonds offered the highest hedging benefits under both crises. The traditional safe assets, gold and silver, which were reasonably productive under the GFC, have been less so during the pandemic. The Japanese yen emerged as a very safe choice for investors holding GCC stock indexes. Both sector indexes and stock indexes failed to safeguard investors most of the time during each crisis.",Covid-19; GFC Safe havens; GCC stock indexes; DCC-GARCH,GCC STOCK MARKETS; VOLATILITY SPILLOVERS; SHARIA STOCKS; CO-MOVEMENT; GOLD; OIL; SUKUK; BONDS; US; UNCERTAINTY,Article,"Business, Finance",Business & Economics,1044-0283,English,D2LQ9,Q2,market_volatility_GarchHar_covid
"Kesumah, FSD; Azhar, R","Kesumah, Fajrin Satria Dwi; Azhar, Rialdi",Volatility Spillover and Risk Measurement of Southeast Asian Financial Markets,BRAZILIAN ADMINISTRATION REVIEW,2025,10.1590/1807-7692bar2025240148,"Objective: this study aims to examine volatility transmission in ASEAN-5 financial markets during 2019-2023, covering pre-pandemic, pandemic, and post-pandemic phases, to analyze the impact of COVID-19 and other external factors, such as political crises and geopolitical tensions, on these interconnected markets. Methods: using AR-GARCH and VECM models, the study analyzed aggregated stock index data from the five countries, with a focus on volatility spillovers and value at risk (VaR) levels to assess both short- and long-term interdependencies. Results: the findings reveal substantial volatility transmission among ASEAN-5 markets, indicating significant financial interdependencies that heighten regional risk, especially during periods of global disruption. VaR results further suggest that the Indonesian stock market (JKSE) carries a higher risk profile, reflecting the impact of local economic conditions and regional interconnectivity. Conclusions: the study underscores the need for investors to account for volatility transmission in risk management, especially given the COVID-19 pandemic and geopolitical factors. Strong market interconnectivity within the ASEAN-5 may limit the effectiveness of cross-market diversification, highlighting the importance of regional risk mitigation and coordinated policies.",volatility spillover; value at risk; GARCH; ASEAN-5 financial market; risk measurement,,Article,Business; Management,Business & Economics,1807-7692,English,5CC8G,Q2,market_volatility_GarchHar_covid
"Aljughaiman, AA; Tabash, MI; Issa, SS; Almulhim, AA","Aljughaiman, Abdullah A.; Tabash, Mosab I.; Issa, Suzan Sameer; Almulhim, Abdulateif A.","Shock transmission from global financial stress, bitcoin sentiment indices, U.S. and euro financial market uncertainty toward the GCC stock volatility",COGENT BUSINESS & MANAGEMENT,2025,10.1080/23311975.2025.2514811,"Most prior studies explain cross-country volatility interconnectedness without accounting for exogenous global uncertainty factors that influence equity returns. This study is the first to explore how major global uncertainty indicators such as U.S. and European financial market uncertainty indices (CBOE volatility index (VIX), VSTOXX-50), Global Financial Stress Indices (FSI) and Bitcoin Sentiment Indices (BSI) transmit shocks to the conditional volatility of Gulf Cooperation Council (GCC) stock markets. Using a novel 'Extended Joint' time-varying parameter vector autoregression (TVP-VAR) connectedness framework, the analysis addresses rolling-window limitations, enhances robustness to outliers, accommodates structural shifts and explains the shock transmission mechanism for the overall investment horizon. To capture transitory (short-term) and enduring (long-term) shock transmission channels from global uncertainty indicators toward the GCC financial system, a frequency-domain TVP-VAR is also employed. Furthermore, for the portfolio optimization, we also employ the hedge ratio and optimal portfolio weight strategy based on the DCC-GARCH-t copulas. Findings reveal that the conditional volatility of equity markets in Oman, Qatar, Saudi Arabia and the UAE is more sensitive to shocks from global uncertainty indicators such as VIX, VSTOXX-50 and the FSI, while Bahrain's market shows relatively lower exposure. Kuwait's equity market volatility exhibits the highest long-term sensitivity to FSI, VIX and VSTOXX-50, whereas the UAE demonstrates the highest sustained exposure to VIX and VSTOXX-50. Results from the DCC-GARCH-t copula model indicate that in stable periods (pre-COVID-19), optimized portfolio allocations significantly improved diversification, reducing risk by up to 83%. However, during financial stress events like COVID-19, hedge ratio strategies provided more effective risk mitigation, with reductions ranging from 3% to 43%.","GCC stock markets; global financial stress; VIX; VSTOXX-50; Bitcoin sentiment indices; TVP-VAR; DCC-GARCH-t copula; G1; G4; G14; G15; Economics; Finance; Business, Management and Accounting",IMPULSE-RESPONSE ANALYSIS; TIME-SERIES; OIL PRICE; ECONOMIC-ACTIVITY; UNIT-ROOT; US; CONNECTEDNESS; SPILLOVERS; CONTAGION; LINKAGES,Article,Business,Business & Economics,2331-1975,English,3TD8Y,Q2,market_volatility_GarchHar_covid
"Terraza, V; Ipek, AB; Rounaghi, MM","Terraza, Virginie; Boru Ipek, Asli; Rounaghi, Mohammad Mahdi","The nexus between the volatility of Bitcoin, gold, and American stock markets during the COVID-19 pandemic: evidence from VAR-DCC-EGARCH and ANN models",FINANCIAL INNOVATION,2024,10.1186/s40854-023-00520-3,"The spread of the coronavirus has reduced the value of stock indexes, depressed energy and metals commodities prices including oil, and caused instability in financial markets around the world. Due to this situation, investors should consider investing in more secure assets, such as real estate property, cash, gold, and crypto assets. In recent years, among secure assets, cryptoassets are gaining more attention than traditional investments. This study compares the Bitcoin market, the gold market, and American stock indexes (S&P500, Nasdaq, and Dow Jones) before and during the COVID-19 pandemic. For this purpose, the dynamic conditional correlation exponential generalized autoregressive conditional heteroskedasticity model was used to estimate the DCC coefficient and compare this model with the artificial neural network approach to predict volatility of these markets. Our empirical findings showed a substantial dynamic conditional correlation between Bitcoin, gold, and stock markets. In particular, we observed that Bitcoin offered better diversification opportunities to reduce risks in key stock markets during the COVID-19 period. This paper provides practical impacts on risk management and portfolio diversification.",C22; C58; G17; Bitcoin market; Gold market; American stock markets; COVID-19 pandemic; VAR-DCC-EGARCH model; ANN model,ARTIFICIAL NEURAL-NETWORKS; SAFE HAVEN PROPERTIES; TIME-SERIES; CONDITIONAL HETEROSKEDASTICITY; PRICE DISCOVERY; P 500; RETURNS; EFFICIENCY; EXCHANGE; HEDGE,Article,"Business, Finance; Social Sciences, Mathematical Methods",Business & Economics; Mathematical Methods In Social Sciences,,English,EW9V8,Q2,market_volatility_GarchHar_covid
"Younis, I; Yousaf, I; Shah, WU; Longsheng, C","Younis, Ijaz; Yousaf, Imran; Shah, Waheed Ullah; Longsheng, Cheng",Risk transmission between equity market of China and its trading partners: new evidence from various financial crises,INTERNATIONAL JOURNAL OF EMERGING MARKETS,2025,10.1108/IJOEM-11-2022-1763,"PurposeThe authors examine the volatility connections between the equity markets of China and its trading partners from developed and emerging markets during the various crises episodes (i.e. the Asian Crisis of 1997, the Global Financial Crisis, the Chinese Market Crash of 2015 and the COVID-19 outbreak).Design/methodology/approachThe authors use the GARCH and Wavelet approaches to estimate causalities and connectedness.FindingsAccording to the findings, China and developed equity markets are connected via risk transmission in the long term across various crisis episodes. In contrast, China and emerging equity markets are linked in short and long terms. The authors observe that China leads the stock markets of India, Indonesia and Malaysia at higher frequencies. Even China influences the French, Japanese and American equity markets despite the Chinese crisis. Finally, these causality findings reveal a bi-directional causality among China and its developed trading partners over short- and long-time scales. The connectedness varies across crisis episodes and frequency (short and long run). The study's findings provide helpful information for portfolio hedging, especially during various crises.Originality/valueThe authors examine the volatility connections between the equity markets of China and its trading partners from developed and emerging markets during the various crisis episodes (i.e. the Asian Crisis of 1997, the Global Financial Crisis, the Chinese Market Crash of 2015 and the COVID-19 outbreak). Previously, none of the studies have examined the connectedness between Chinese and its trading partners' equity markets during these all crises.",China stock market; Trading partners; Time-frequency; Risk co-movement; GARCH and wavelet approach,EMERGING STOCK MARKETS; CO-MOVEMENT; VOLATILITY SPILLOVERS; WAVELET COHERENCE; INTEGRATION; RETURNS; PACIFIC,Article,Business; Economics; Management,Business & Economics,1746-8809,English,X4G1F,Q2,market_volatility_GarchHar_covid
"Setiawan, B; Ben Abdallah, M; Fekete-Farkas, M; Nathan, RJ; Zeman, Z","Setiawan, Budi; Ben Abdallah, Marwa; Fekete-Farkas, Maria; Nathan, Robert Jeyakumar; Zeman, Zoltan","GARCH (1,1) Models and Analysis of Stock Market Turmoil during COVID-19 Outbreak in an Emerging and Developed Economy",JOURNAL OF RISK AND FINANCIAL MANAGEMENT,2021,10.3390/jrfm14120576,"COVID-19 pandemic has led to uncertainties in the financial markets around the globe. The pandemic has caused volatilities in the financial market at varying magnitudes, in the emerging versus developed economy. To examine this phenomenon, this study investigates the impact of COVID-19 pandemic on stock market returns and volatility in an emerging economy, i.e., Indonesia, versus developed country, i.e., Hungary, using an event-study approach methodology utilizing GARCH (1,1) model. In this study, the Jakarta Composite Index (JCI) and the b (BUX) data were obtained from Investing and Bloomberg, covering two global events observed within the selected period from 27 September 2006 to 31 August 2021. The data is compared with the stock market volatility data from the global financial crisis in 2007/08. Findings reveal that the recent COVID-19 pandemic had negative stock market returns at a greater magnitude compared to the global financial crisis, in both the emerging and developed economy's equity market. Stock markets in Indonesia and Hungary have experienced volatility during the crisis. While comparing the result between COVID-19 and the global financial crisis, we found that the volatility on the stock markets is higher in the COVID-19 pandemic than during the global financial crisis. The higher stock market negative returns and volatility during the COVID-19 pandemic triggered the lockdown and limited economic activities, which impacted supply and demand shock. The virus's propagation and mutation are continually evolving, reminding us that the pandemic is far from over. Developed countries with larger fiscal space seem to find it easier to make responsive policies than countries with a tighter financial budget. Fiscal and monetary policies seem to be a quick solution to stabilize the economy and maintain investor confidence in the Indonesian and Hungarian capital markets. Furthermore, the extension of stock market volatility understanding ensures relevant information for investors, which benefits to mitigate the risk and build sustainable investments of the unprecedented events and enables the promotion of Sustainable Development Goal number 8 (SDG8) to communities, with access to financial products including the stock market, especially during economic and financial uncertainties.",Budapest Stock Exchange; Jakarta Composite Index; stock market reaction; unprecedented events; financial sustainability; SDG8,VOLATILITY; HYPOTHESIS; PRICES,Article,"Business, Finance",Business & Economics,1911-8066,English,XY8BT,Q2,market_volatility_GarchHar_covid
"Chavali, K; Al Samman, H; Jamil, SA","Chavali, Kavita; Al Samman, Hazem; Jamil, Syed Ahsan",How Did The Financial Markets Respond to The COVID-19 Pandemic? Empirical Evidence from BRICS Countries,ETIKONOMI,2021,10.15408/etk.v20i2.20339,"The paper aims to evaluate the reaction of stock markets in BRICS countries (Brazil, Russia, India, China, and South Africa) to the outbreak of the COVID-19 pandemic. The study uses ARCH and GARCH models that use daily stock prices from January 1, 2020, to September 2, 2020. The financial market response was analyzed in two phases. The first phase analyses the financial markets' response within 30 to 60 days from the first day of confirmed cases of COVID-19. The second phase analyses the financial market response post 30 to 60 days of initial confirmed cases. The study results conclude that the share prices decreased, but in the second phase, the markets responded positively. Our results conclude that governmental support played an important role in mitigating the repercussions of the COVID-19 outbreak on stock markets in BRICS countries.",BRICS countries; stock market; volatility; Covid-19,MEDIA; UNCERTAINTY; BEHAVIOR; IMPACT,Article,Economics,Business & Economics,1412-8969,English,WS9RA,Q2,market_volatility_GarchHar_covid
"Li, JJ; Wang, R; Aizhan, D; Karimzade, M","Li, Junji; Wang, Rui; Aizhan, Duisebayeva; Karimzade, Mehriban","Assessing the impacts of Covid-19 on stock exchange, gold prices, and financial markets: Fresh evidences from econometric analysis",RESOURCES POLICY,2023,10.1016/j.resourpol.2023.103617,"This research analyses the relative efficacy of gold price, financial market, and stock exchange hedging against sectoral and industry-level global stock market returns. Incorporating Gold into equity-based asset allocation techniques and assessing the stock market and financial sector during the COVID-19 epidemic is one way to diversify your portfolio and reduce risk. After orthogonalizing raw returns concerning a robust collection of relevant universal variables, we conduct our analysis inside a bivariate GARCH(p, q) framework. To further assess ideal portfolio proportions and the efficacy of hedging methods, we expand the volatility spillovers study by calculating the optimal weights for a minimal risk portfolio and determining the hedge ratio. In high-volatility environments, our results show which financial market and stock exchange sectors and industries investors should prioritize to minimize the risk and maximize reward. Use of country-specific macroeconomic variables indices to supplement the worldwide index, (3) separate analysis for the COVID-19 first wave due to the existing argument that the pandemic raises unexpected market events and our early data showing co-movement among the three unpredictability metrics during the pandemic. These findings have important implications for portfolio entrepreneurs and business investors looking to buy international equities.",Stock exchange; Gold prices; Financial markets; COVID-19; Volatility spillovers,,Article,Environmental Studies,Environmental Sciences & Ecology,0301-4207,English,H9TU9,Q2,market_volatility_GarchHar_covid
"Syed, AM","Syed, Ali Murad",The impact of COVID-19 on GCC equity and debt markets: Evidence from TVP-VAR estimation,FRONTIERS IN APPLIED MATHEMATICS AND STATISTICS,2022,10.3389/fams.2022.1032123,"COVID-19 has rapidly evolved into a global pandemic and has strongly impacted financial markets of the world, including the Gulf Cooperation Council (GCC) region. Since the outbreak is unprecedented, there is a need to analyze the effects of the disease on volatility spillovers between equity and bond markets. We empirically investigated the impact of the COVID-19 pandemic on the financial equity and debt markets in the GCC region. We used the TVP-VAR dynamic connectedness approach to measure risk transmission in the GCC market. This study investigated the time-varying behavior of GCC equity and conventional and Islamic debt markets using data from 1 January 2019 to 30 August 2021. The results were also validated by performing a DCC-GARCH analysis to check the shock and spillovers among the GCC markets. We found the persistent shock transmitter roles of equity markets to bond and Sukuk markets in the GCC region, and the total dynamic connectedness increased during the first wave of the COVID-19 pandemic. Overall, the significant level of interconnectedness exists within the GCC markets.",equity market; Sukuk; bonds; COVID-19; dynamic connectedness; TVP-VAR,STOCK-MARKET; VOLATILITY SPILLOVERS; EFFICIENT TESTS; RISK; CONNECTEDNESS; COHERENCE; VARIANCE; SKEWNESS; RETURN,Article,"Mathematics, Interdisciplinary Applications",Mathematics,,English,7K7OR,Q2,market_volatility_GarchHar_covid
"Izzeldin, M; Muradoglu, YG; Pappas, V; Petropoulou, A; Sivaprasad, S","Izzeldin, Marwan; Muradoglu, Yaz Gulnur; Pappas, Vasileios; Petropoulou, Athina; Sivaprasad, Sheeja",The impact of the Russian-Ukrainian war on global financial markets,INTERNATIONAL REVIEW OF FINANCIAL ANALYSIS,2023,10.1016/j.irfa.2023.102598,"On February 24, 2022, Russia invaded the Ukraine. In this paper, we analyze the response of European and global stock markets alongside a representative sample of commodities. We compare the war response against the recent Covid-19 pandemic and the not-too-distant 2008 global financial crisis. Applying a Markov-switching HAR model on volatility proxies, estimates are made of synchronization, duration and intensity measures for each event. In broad terms, stock markets and commodities respond most rapidly to the Russian invasion; and post-invasion crisis intensity is noticeably smaller compared to both the Covid-19 and the GFC. Wheat and nickel are the most affected commodities due to the prominent exporter status of the two countries.",Ukraine war; Financial markets; HAR; Markov switching; Commodities,STOCK RETURNS; MODEL; RISK,Article,"Business, Finance",Business & Economics,1057-5219,English,9W0VF,Q2,market_volatility_GarchHar_covid
"Derbali, AM","Derbali, Abdelkader Mohamed","Modeling the Nexus Between Climate Risk, Energy Consumption, and Financial Market Performance in Emerging Countries",INTERNATIONAL STUDIES OF ECONOMICS,2026,10.1002/ise3.70031,"This paper examines the link between climate risk, energy consumption, and financial market performance in a sample of emerging countries over the period 2000-2024. The objective is to model the dynamic interactions between these three dimensions, in order to understand the extent to which energy dependence and exposure to climate risks influence the stability and resilience of emerging financial markets. We use a panel data covering a representative group of emerging countries to examine the nexus among climate risk, energy consumption, and stock market performance. The estimated models are based on a panel VAR to capture endogenous dynamic effects, on DCC-GARCH model to analyze volatility and conditional correlations, on panel cointegration tests for long-term relationships, and on structural break models to integrate exogenous shocks (2008 financial crisis, COVID-19, war in Ukraine). The results show that climate risk negatively affects stock market performance in emerging countries. The dependence on fossil fuels increases financial vulnerability to climate shocks. Moreover, the increased use of renewable energy mitigates this impact and strengthens the resilience of financial markets. Finally, the intensity of the relationship varies depending on the degree of financial and energy development of emerging countries.",climate risk; conditional volatility; emerging financial markets; energy consumption; energy transition; stock market performance,PANEL; TESTS; COINTEGRATION,Article; Early Access,Economics,Business & Economics,2831-3224,English,EB7MQ,Q2,market_volatility_GarchHar_covid
"Zeng, Q; Lu, XJ; Li, T; Wu, L","Zeng, Qing; Lu, Xinjie; Li, Tao; Wu, Lan",Jumps and stock market variance during the COVID-19 pandemic: Evidence from international stock markets,FINANCE RESEARCH LETTERS,2022,10.1016/j.frl.2022.102896,"Based on the work of Buncic and Gisler (2017), this paper investigates whether the roles of jump components will change in forecasting the volatility of international equity markets during the COVID-19 pandemic. Interestingly, in contrast to the conclusions of Buncic and Gisler (2017), we find jump components of the international equity indices are useful to predict the international stock markets' volatility during the COVID-19 pandemic. Our study tries to provide new evidence of jump components in stock markets.",Jump components; International stock markets; The COVID-19 pandemic; Volatility forecasting; HAR model; Jump components; International stock markets; The COVID-19 pandemic; Volatility forecasting; HAR model,VOLATILITY MODELS; COMPONENT; RETURNS; PREMIUM; TESTS,Article,"Business, Finance",Business & Economics,1544-6123,English,1M2AS,Q2,market_volatility_GarchHar_covid
"Amewu, G; Armah, M; Kuttu, S; Kusi, BA","Amewu, Godfred; Armah, Mohammed; Kuttu, Saint; Kusi, Baah Aye",African and international financial markets interdependencies: Does Covid-19 media coverage make any difference?,RESEARCH IN GLOBALIZATION,2024,10.1016/j.resglo.2024.100249,"This study examines the co-movement and time-varying integration between equity, exchange rate, and international market volatility indices across different time-frequency domains using - bi-partial wavelet, - supplemented by dynamic conditional correlation-generalised autoregressive conditional heteroskedasticity (DCCGARCH), - and BEKK GARCH model for selected African countries. First, the findings indicate that the comovement between equity and exchange rates during the pandemic was exacerbated by global COVID-19 media coverage. The findings indicate that there has been a substantial risk transfer between exchange rates and stock returns during the COVID-19 pandemic, resulting in a decline in domestic stock returns and subsequent capital outflows, which in turn increased the exchange rate. Given the growing difficulties in diversification, specific information on the volatility of financial market connectedness is required to plan hedging strategies. To explore the influence of global market volatility on Africa's equity and currency markets, it is crucial to analyse the relationship between regional and global market fluctuations, especially given the negative impact of the COVID-19 pandemic. Our empirical research demonstrates that the VIX and OVXCL indices play a significant role in transmitting spillovers to currency and equity markets in Africa. This suggests that the sentiment indicators provided by the VIX and OVXCL can be useful in predicting the behaviour of Africa's currency and equity markets.",Equity market; Exchange rate; Interdependence; Wavelet coherence; DCC-GARCH; African Markets; COVID-19,IMPLIED VOLATILITY; STOCK MARKETS; EXCHANGE-RATES; CAPITAL-MARKETS; EFFICIENT TESTS; CONNECTEDNESS; OIL; US; PRICES; UNCERTAINTY,Article,"Economics; Environmental Studies; Social Sciences, Interdisciplinary",Business & Economics; Environmental Sciences & Ecology; Social Sciences - Other Topics,,English,O4O9D,Q2,market_volatility_GarchHar_covid
"Ren, JQ; Guo, YX; Li, JJ; Li, JJ","Ren, Jiqin; Guo, Yuanxuan; Li, Jingjing; Li, Jingjing",Can internet concern about COVID-19 help predict stock markets: new evidence from high-concern and low-concern periods,APPLIED ECONOMICS,2024,10.1080/00036846.2023.2210820,"The unprecedented outbreak of Corona Virus Disease 2019 (COVID-19) has resulted in extreme volatility in stock markets. This study mainly examines the predictive ability of the Internet concern about COVID-19 on stock index returns, based on the framework of GARCH type models. Instead of using the whole sample period, we divide the Internet concern about COVID-19 into high-concern and low-concern periods by breakpoint test method and then examine its predictive ability for stock returns in different periods, respectively. Using stock indexes of 10 countries and abnormal Google search volume of 'coronavirus' as study samples, the results reveal that (1) the Internet concern about COVID-19 has a negative impact on the stock index returns in the whole and high-concern periods, while its influence in the low-concern period is mixed; (2) the Internet concern about COVID-19 improves the prediction accuracy of stock index returns in the high-concern period, while seems to lose its powerful predictive ability in the whole and low-concern periods.",COVID-19; stock markets; internet concern; GARCH type models; high-concern and low-concern periods,VOLATILITY; RETURNS; MODELS,Article,Economics,Business & Economics,0003-6846,English,RU5J3,Q2,market_volatility_GarchHar_covid
"Corbet, S; Hou, Y; Hu, Y; Oxley, L","Corbet, Shaen; Hou, Yang (Greg); Hu, Yang; Oxley, Les",The influence of the COVID-19 pandemic on the hedging functionality of Chinese financial markets,RESEARCH IN INTERNATIONAL BUSINESS AND FINANCE,2022,10.1016/j.ribaf.2021.101510,"In this paper, we investigate both constant and time-varying hedge ratios in terms of the effectiveness of CSI300 index futures during the COVID-19 crisis. Using naive, OLS and EC/ROLS strategies to estimate constant hedge ratios, results indicate that the CSI300 spot index presents decreased effectiveness using the naive hedging strategy; however, increased effectiveness of OLS and EC hedge ratios are identified. Differential behaviour is identified when considering five newly introduced COVID-19 concept-based stock indices. Time-varying hedge ratios indicate the weakened effectiveness, ranging between 20% and 40% variance reduction. Evidence suggests that the capability of the CSI300 index futures to hedge against the risks of the COVID-19 is impaired, regardless of whether constant or time-varying hedge ratios are used. Such results provide important implications to both local and foreign investors in the Chinese stock market.",COVID-19; Hedge ratios; China; Financial markets; Diversification,AUTOREGRESSIVE CONDITIONAL HETEROSCEDASTICITY; STOCK INDEX FUTURES; BIVARIATE GARCH ESTIMATION; EMPIRICAL-ANALYSIS; VOLATILITY SPILLOVERS; EXCHANGE-RATES; SHORT-RUN; RATIO; RISK; PERFORMANCE,Article,"Business, Finance",Business & Economics,0275-5319,English,WI5VG,Q2,market_volatility_GarchHar_covid
"Bai, L; Wei, Y; Wei, GW; Li, XF; Zhang, SY","Bai, Lan; Wei, Yu; Wei, Guiwu; Li, Xiafei; Zhang, Songyun",Infectious disease pandemic and permanent volatility of international stock markets: A long-term perspective,FINANCE RESEARCH LETTERS,2021,10.1016/j.frl.2020.101709,"Understanding the impact of infectious disease pandemic on stock market volatility is of great concerns for investors and policy makers, especially during recent new coronavirus spreading period. Using an extended GARCH-MIDAS model and a newly developed Infectious Disease Equity Market Volatility Tracker (EMV-ID), we investigate the effects of infectious disease pandemic on volatility of US, China, UK and Japan stock markets through January 2005 to April 2020. The empirical results show that, up to 24-month lag, infectious disease pandemic has significant positive impacts on the permanent volatility of international stock markets, even after controlling the influences of past realized volatility, global economic policy uncertainty and the volatility leverage effect. At different lags of eruptions in infectious disease pandemic, EMV-ID has distinct effects on various stock markets while it has the smallest impact on permanent volatility of China?s stock market.",Infectious disease pandemic; COVID-19; Stock market volatility; Garch-midas,,Article,"Business, Finance",Business & Economics,1544-6123,English,RY2TY,Q2,market_volatility_GarchHar_covid
"Fatima, S; Sohail, F; Sajid, Y","Fatima, Samreen; Sohail, Fouzia; Sajid, Yumna",An examination of impact of gold and oil prices on the stock markets indices during COVID-19,INTERNATIONAL JOURNAL OF FINANCIAL ENGINEERING,2025,10.1142/S2424786323500111,"Understanding stock market volatility has remained significantly important because of its diverse implications. The current pandemic COVID-19 has brutally exaggerated the financial market across the board. This study inspects the volatility of Pakistan, India and USA stock markets due to pandemic of COVID-19 using the GARCH model. Furthermore, the price of oil and gold is used as exogenous variables in the conditional mean equation of the GARCH (1,1) model to assess the volatility of stock indices KSE-100 (Pakistan), BSESN (India) and NASDAQ (USA). Moreover, the data covering the period from 1st June 2018 to 31st December 2022 are divided into pre-COVID-19 (1st June 2018 to 30th January 2020) and during-COVID-19 (31st January 2020 to 31st December 2022. Findings reveal that the stock market dependency of NASDAQ experienced oil and gold impact followed by pre-COVID-19 and during-COVID-19 periods, respectively. Whereas, the Indian stock market had a significant impact on gold and oil during the COVID-19 period but the Pakistani stock market was not influenced by oil and gold in the entire considered study period. In addition, NASDAQ market and BSESN have the highest risk-return trade-off and are more persistent followed by pre-COVID-19 and during-COVID-19 periods, respectively.",COVID-19; GARCH; KSE-100; BSESN; NASDAQ,EXCHANGE-RATE; VOLATILITY,Article,"Business, Finance",Business & Economics,2424-7863,English,4IK1T,Q2,market_volatility_GarchHar_covid
"Alqaralleh, H; Canepa, A","Alqaralleh, Huthaifa; Canepa, Alessandra",Evidence of Stock Market Contagion during the COVID-19 Pandemic: A Wavelet-Copula-GARCH Approach,JOURNAL OF RISK AND FINANCIAL MANAGEMENT,2021,10.3390/jrfm14070329,"In this study, we propose a wavelet-copula-GARCH procedure to investigate the occurrence of cross-market linkages during the COVID-19 pandemic. To explore cross-market linkages, we distinguish between regular interdependence and pure contagion, and associate changes in the correlation between stock market returns at higher frequencies with contagion, whereas changes at lower frequencies are associated with interdependence that relates to spillovers of shocks resulting from the normal interdependence between markets. An empirical analysis undertaken on six major stock markets reveals evidence of long-run interdependence between the markets under consideration before the start of the COVID-19 pandemic in December 2019. However, after the health crisis began, strong evidence of pure contagion among stock markets was detected.",stock market contagion; COVID-19 pandemic; wavelet decomposition; copula-GARCH models,FINANCIAL CONTAGION; EQUITY MARKETS; INTERDEPENDENCE; VOLATILITY; DEPENDENCE; SPILLOVERS; LINKAGES; IMPACT; CRISES; RETURN,Article,"Business, Finance",Business & Economics,1911-8066,English,TN7VV,Q2,market_volatility_GarchHar_covid
"Coronado, S; Martinez, JN; Romero-Meza, R","Coronado, Semei; Martinez, Jose N.; Romero-Meza, Rafael",Time-varying multivariate causality among infectious disease pandemic and emerging financial markets: the case of the Latin American stock and exchange markets,APPLIED ECONOMICS,2022,10.1080/00036846.2021.2018127,"The purpose of this article is to study the unidirectional causality from the Infectious Disease Equity Market Volatility Tracker (EMV-ID), towards the volatility of five of the most important Latin American stock and Exchange markets. For this, volatility is captured through the DCC-GARCH t-Copula method. In addition, the time-varying Granger multivariate causality test (TV-GC) and the classical Granger causality test (GC) are applied. It is found that, with both methodologies, EMV-ID causes both series, which highlights the importance of having this new indicator for the analysis of the different agents involved in financial markets, among them, regulators, companies and traders in particular. Our results are consistent with the evidence of other research findings about the predictive power of the EMV-ID index on oil price volatility and some European equity markets, and the positive link between EMV-ID and the time-varying of return connectedness across gold, crude oil, world equities, currencies and bonds.",DCC GARCH; volatility estimation; EMV-ID; COVID-19; multivariate causality; Latin American financial markets,VOLATILITY SPILLOVERS,Article,Economics,Business & Economics,0003-6846,English,1E0AC,Q2,market_volatility_GarchHar_covid
"Ma, XS; Kim, ST","Ma, Xue-Sen; Kim, Sok-Tae",Investment Implications from the Analysis of Dynamic Conditional Correlations between Stock Index and Stock Index ETFs in China,JOURNAL OF KOREA TRADE,2024,10.35611/jkt.2024.28.6.225,"Purpose - With the rapid expansion of ETFs around the world, various index ETFs have been introduced and significantly grown in China. This paper attempts to investigate the dynamic conditional correlation among stock indexes and ETFs in China, which are assumed to be closely related in nature. Design/Methodology - This paper examines the dynamic conditional correlation among the Chinese CSI 300 Index, AMC CSI 300 ETF Index, and E Fund Seeded CSI 300 ETF Index using the ARMA DCC GARCH model. Findings - Numerous studies provide evidence that abnormal shocks in advanced stock markets, such as US and EU markets, disseminate to the indexes and index ETFs in a different manner. This paper shows that the dynamic conditional correlation among these indexes is quite strong, suggesting the presence of co-movement. Additionally, stronger co-movement is observed during financial crises, such as the China stock market crash in 2015 and the COVID-19 pandemic after 2020. Our study highlights that although the AMC CSI 300 ETF and the E Fund Seed CSI 300 ETF Index track the China CSI 300 Index, they exhibit different patterns at specific moments, such as financial crises, stock market crashes, and the COVID-19 epidemic. Originality/value - The results of this paper provides insight into the dynamic co-movement of China's Index ETFs. The findings in this paper will also offer implications for investment strategies and risk management for Korean passive institutional investors with stakes in Chinese stock indexes and ETFs in the asset allocation process.",ARMA-DCC-GARCH Model; China Stock Market; Dynamic Conditional Correlation,PRICE DISCOVERY; GARCH MODEL; VOLATILITY; MARKETS; HETEROSCEDASTICITY; EFFICIENCY; FUTURES; RETURN,Article,Economics,Business & Economics,,English,M7Q3O,Q2,market_volatility_GarchHar_covid
"Davidescu, AA; Manta, EM; Vacaru, OM; Gruiescu, M; Hapau, RG; Baranga, PL","Davidescu, Adriana AnaMaria; Manta, Eduard Mihai; Vacaru (Boita), Oana Mihaela; Gruiescu, Mihaela; Hapau, Razvan Gabriel; Baranga, Paul Laurentiu",Has the COVID-19 Pandemic Led to a Switch in the Volatility of Biopharmaceutical Companies?,MATHEMATICS,2023,10.3390/math11143116,"Biopharmaceutical companies are critical in developing vaccines, treatments, and diagnostics for COVID-19. Thus, understanding the contagion effects of their stock market can have important economic implications, especially in the context of global financial markets. Due to the COVID-19 pandemic, biopharmaceutical companies' stock markets may have experienced sudden volatility and risk changes, which may have had spillover effects on other sectors and markets. Policymakers can take pre-emptive measures to stabilize financial markets. Analyzing the contagion effects makes it even more relevant to analyze the stock market response of four leading pharmaceutical companies that either developed vaccines against COVID-19 or drugs that help to fight the virus, namely, Pfizer, AbbVie Inc., Sanofi, and Bristol Myers Squibb. The analysis considers two periods, before and during the COVID-19 crisis, and considers the influence of the market volatility and technological market index. In order to capture the contagion effects, DCC-GARCH models have been applied, which estimate time-varying correlation coefficients using a multivariate GARCH framework, allowing for the modeling of time-varying volatility and correlations in financial returns. The results reveal the impact of market volatility on the returns of all four pharmaceutical companies. Additionally, a contagion effect between all four companies, the technological market, and market volatility was observed during the COVID-19 period.",sustainable development; DCC-GARCH; contagion effect; biopharmaceutical market; COVID-19; volatility,FINANCIAL CONTAGION,Article,Mathematics,Mathematics,,English,P1VV0,Q2,market_volatility_GarchHar_covid
"Izzeldin, M; Muradoglu, YG; Pappas, V; Sivaprasad, S","Izzeldin, Marwan; Muradoglu, Yaz Gulnur; Pappas, Vasileios; Sivaprasad, Sheeja",The impact of Covid-19 on G7 stock markets volatility: Evidence from a,INTERNATIONAL REVIEW OF FINANCIAL ANALYSIS,2021,10.1016/j.irfa.2021.101671,"We investigate the impact of Covid-19 on stock markets across G7 countries and their business sectors. We highlight the synchronicity and severity of this unprecedented crisis. We find strong transition evidence to a crisis regime in all countries and sectors, yet crisis intensity and timings vary. The Health Care and Consumer services sectors were the most severely affected; a reflection of the Covid-19 drug-race and international travel restrictions. The Technology sector was hit the latest and least severely, as imposed lockdown measures forced people to explore various web-based entertainment and distraction options. Country-wise the UK and the US were the most affected with the highest heterogeneity in their business sectors' response; a possible reflection of the ambiguity in the initial response and adoption of lockdown measures. Financial markets' response to Covid19 is akin to response in previous financial crisis rather than previous pandemics. A series of robustness checks confirms our findings.",Covid-19; Financial markets; HAR model; Smooth transition; Business sectors,REALIZED VOLATILITY; STOCHASTIC VOLATILITY; TOURISM DEMAND; MODEL; GOLD; UNCERTAINTY; RETURNS; PRICES; FLU; VIX,Article,"Business, Finance",Business & Economics,1057-5219,English,SU9IE,Q2,market_volatility_GarchHar_covid
"Van der Westhuizen, C; Van Eyden, R; Aye, GC","Van der Westhuizen, Chevaughn; Van Eyden, Renee; Aye, Goodness C.",CONTAGION ACROSS FINANCIAL MARKETS DURING COVID-19: A LOOK AT VOLATILITY SPILLOVERS BETWEEN THE STOCK AND FOREIGN EXCHANGE MARKETS IN SOUTH AFRICA,ANNALS OF FINANCIAL ECONOMICS,2022,10.1142/S2010495222500026,"The onset of the novel coronavirus pandemic (COVID-19) and previous financial and currency crises have heightened interest in understanding the nature of the interaction of stock market and exchange rate volatility. This paper aims to investigate the interdependence and volatility transmissions between the stock and foreign exchange markets for South Africa over the period of 1979:01-2021:08, including the effect the COVID-19 pandemic has had on the interdependence and volatility transmissions. Through the use of bivariate Exponential Generalized Autoregressive Conditional Heteroscedasticity (EGARCH) modeling, the empirical outcomes from this study provide strong evidence in support of the stock-orientated approach, where significant price and volatility spillovers propagate from the stock market into the foreign exchange market, whilst evidence of the flow-orientated approach is seen in the second moment and significant shock and asymmetric spillovers from the exchange to stock market are found. The results support the asymmetric and long-range persistence volatility spillover effect and show strong evidence of contagion between stock and foreign exchange markets. These spillovers became more pronounced during the COVID-19 pandemic, confirming heightened contagion in these markets during the periods of crisis. The results heed important implications for not only policymakers who are concerned by the contagion across financial markets and better regulations of these markets to promote economic growth, but also investors and fund managers who seek to hedge investment risks in South Africa.",COVID-19 pandemic; stock market returns; exchange rate changes; bivariate EGARCH model; asymmetric volatility spillover,MONETARY APPROACH; REAL ACTIVITY; RATE EXPOSURE; RATE RISK; PRICES; RATES; RETURNS; COINTEGRATION; REGIME; HETEROSKEDASTICITY,Article,Economics,Business & Economics,2010-4952,English,0I4PC,Q2,market_volatility_GarchHar_covid
"Mamman, SO; Wang, ZQ; Iliyasu, J","Mamman, Suleiman O.; Wang, Zhanqin; Iliyasu, Jamilu",Commonality in BRICS stock markets' reaction to global economic policy uncertainty: Evidence from a panel GARCH model with cross sectional dependence,FINANCE RESEARCH LETTERS,2023,10.1016/j.frl.2023.103877,"The rapid growth of BRICS has increasingly integrated their markets into the global economy. Thus, making their financial markets more vulnerable to external shocks. This study examines BRICS stock markets' response to global economic policy uncertainty using a panel GARCH model. The results show that global economic policy uncertainty significantly raises volatility with homogeneous response across the markets. The findings also suggests that COVID-19 has amplified the adverse impact of the uncertainties on prices and volatility. One major implication of the findings is that the BRICS can develop a joint policy for mitigating policy uncertainties spillovers.",Stock market returns; Economic policy uncertainty; Panel GARCH; Market integration; Homogenous; BRICS; Emerging market,GEOPOLITICAL RISKS; G7; RETURNS,Article,"Business, Finance",Business & Economics,1544-6123,English,M2SY7,Q2,market_volatility_GarchHar_covid
"Tantipaiboonwong, A; Hongsakulvasu, N; Saijai, W","Tantipaiboonwong, Asidakarn; Hongsakulvasu, Napon; Saijai, Worrawat",Empirical Evidence of Dynamic Conditional Correlation Between Asian Stock Markets and US Stock Indexes During COVID-19 Pandemic,JOURNAL OF ASIAN FINANCE ECONOMICS AND BUSINESS,2021,10.13106/jafeb.2021.vol8.no9.0143,"This study aims to explore the dynamic conditional correlation (DCC) between ten Asian stock indexes, the US stock index, and Bitcoin by using the dynamic conditional correlation model. The time span of the daily data is between January 2015 to May 2021, the total observation is 1,116. DCC(1,1)-EGARCH(1,1) with multivariate t and normal distributions for the DCC and EGARCH models, respectively, outperforms other models by the goodness of fit values. Except for Bitcoin, we discovered that the majority of the securities' volatilities have a very high volatility persistence. Furthermore, the negative shocks/news have more impact on the volatilities than positive shocks/news in most of the cases, except the stock index of China and Bitcoin. Most of the correlation pairs exhibit higher correlation during the COVID-19 pandemic compared to the pre-COVID-19, except Hong Kong-The US and Malaysia-Indonesia. Moreover, the correlation between Asian stock indexes during the COVID-19 pandemic is statistically higher than the pre-COVID-19 pandemic. However, there are a few instances where the Hong Kong stock index and a few countries are identical. The result of correlation size shows the connectedness between Asian stock markets, which are well-connected within the region, especially with South Korea, Singapore, and Hong Kong.",Dynamic Conditional Correlation; Correlation; Asian Stock Markets; COVID-19; Bitcoin,OIL MARKETS; RETURN; HETEROSKEDASTICITY; VOLATILITY; CONTAGION; CRISIS; RISK; DCC,Article,Business,Business & Economics,2288-4637,English,UR7NE,Q2,market_volatility_GarchHar_covid
"Panyagometh, K","Panyagometh, Kamphol",The effect of COVID-19 and US monetary policy on Bitcoin and stock market volatility: an application of DCC-GARCH model,HUMANITIES & SOCIAL SCIENCES COMMUNICATIONS,2024,10.1057/s41599-024-04260-2,"During the COVID-19 pandemic and subsequent periods of US monetary policy normalization after quantitative easing during COVID-19, global financial markets have encountered elevated levels of volatility and risk. In response, investors have increasingly sought out unconventional financial assets, such as Bitcoin, to mitigate exposure and enhance portfolio diversification. This study utilizes a Dynamic Conditional Correlation (DCC) Multivariate GARCH model, specifically employing the GARCH (1,1) specification, to analyze the relationship between stock markets index of major countries and cryptocurrency, with a particular focus on Bitcoin. The results indicate statistically significant correlations between Bitcoin and stock market returns in several countries during the COVID-19 period. Volatility appears to be influenced by historical stock market performance during both the pandemic and the subsequent normalization of monetary policy. Furthermore, the DCC-GARCH models reveal low significant coefficients for ASEAN stock market indices before and during the COVID-19 pandemic, indicating that these markets may have displaced Bitcoin as a hedge asset. In contrast, stock market indices in America and Europe consistently show statistical significance across all periods, suggesting that Bitcoin's role as a hedge in these regions is limited. In contrast, gold clearly demonstrated safe haven properties before the COVID-19 pandemic which a characteristic had not been observed for Bitcoin. However, gold has emerged as a safe haven for only ASEAN stock markets since the U.S. initial 0.25% interest rate hike.",,TIME-SERIES,Article,"Humanities, Multidisciplinary; Social Sciences, Interdisciplinary",Arts & Humanities - Other Topics; Social Sciences - Other Topics,,English,Q3C9M,Q2,market_volatility_GarchHar_covid
"Li, YH; Yang, GD; Ma, R","Li, Yin-Hua; Yang, Guo-Dong; Ma, Rui",A Study on Co-movements and Information Spillover Effects Between the International Commodity Futures Markets and the South Korean Stock Markets: Comparison of the COVID-19 and 2008 Financial Crises,JOURNAL OF KOREA TRADE,2023,10.35611/jkt.2023.27.5.167,"Purpose - This paper aims to compare and analyze the co-movements and information spillover effects between the international commodity futures markets and the South Korean stock markets during the COVID-19 and the 2008 financial crises. Design/methodology - The DCC-GARCH model is used in the co-movements analysis. In contrast, the BEKK-GARCH model is used to evaluate information spillover effects. The statistical data used is from January 1, 2005, to December 31, 2022. It comprises the Korea Composite Stock Price Index data and daily international commodity futures prices of natural gas, West Texas Intermediate crude oil, gold, silver, copper, nickel, soybean, and wheat.Findings - The results of the co-movement analysis were as follows: First, it was shown that the co-movements between the international commodity futures markets and the South Korean stock markets were temporarily strengthened when the COVID-19 and 2008 financial crises occurred. Second, the South Korean stock markets were shown to have high correlations with the copper, nickel, and crude oil futures markets. The results of the information spillover effects analysis are as follows: First, before the 2008 financial crisis, four commodity futures markets (natural gas, gold, copper, and wheat) were shown to be in two-way leading relationships with the South Korean stock markets. In contrast, seven commodity futures markets, except for the natural gas futures market, were shown to be in two-way leading relationships with the South Korean stock markets after the financial crisis. Second, before the COVID-19 crisis, most international commodity futures markets, excluding natural gas and crude oil future markets, were shown to have led the South Korean stock markets in one direction. Third, it was revealed that after the COVID-19 crisis, the connections between the South Korean stock markets and the international commodity futures markets, except for natural gas, crude oil, and gold, were completely severed. Originality/value - Useful information for portfolio strategy establishment can be provided to investors through the results of this study. In addition, it is judged that financial policy authorities can utilize the results as data for efficient regulation of the financial market and policy establishment.",BEKK-GARCH Model; Co-movement; DCC-GARCH Model; Information Spillover Effect,VOLATILITY SPILLOVERS; PRECIOUS METALS; EQUITY MARKETS; UNITED-STATES; OIL; GOLD; PRICES; LINKAGES; BEHAVIOR; RISK,Article,Economics,Business & Economics,,English,DG9J1,Q2,market_volatility_GarchHar_covid
"Wang, W; Park, H","Wang, Wenbo; Park, Hail",How Vulnerable Are Financial Markets to COVID-19? A Comparative Study of the US and South Korea,SUSTAINABILITY,2021,10.3390/su13105587,"In this study, we carry out a comparative analysis between the US and South Korea, with a special attention to three key areas, including the stock market, the currency market, and the bond market. By employing a composite model, VAR-GARCH-BEKK, we will attempt to capture both mean and volatility spillovers between the pandemic and financial markets, so as to explore the extent and ways in which the COVID-19 pandemic influences the financial sector. The empirical results provide substantial evidence in the following areas: (i) South Korea seems more vulnerable since all of its financial markets are seen to be statistically associated with the growth in infections. (ii) For the US, only the stock market is negatively impacted by the confirmed cases in terms of a conditional mean spillover model. (iii) According to the impulse response functions (IRFs), apart from the US dollar index, both the TED spread and stock returns respond significantly to innovations from the pandemic. (iv) There is little evidence to support the presence of volatility transmission from the pandemic to the financial markets in the two countries.",COVID-19; VAR-GARCH-BEKK; return and volatility spillovers; financial markets; EMEs; advanced economies,IMPACT,Article,Green & Sustainable Science & Technology; Environmental Sciences; Environmental Studies,Science & Technology - Other Topics; Environmental Sciences & Ecology,,English,ST5JN,Q2,market_volatility_GarchHar_covid
"Fameliti, SP; Skintzi, VD","Fameliti, Stavroula P.; Skintzi, Vasiliki D.",Uncertainty indices and stock market volatility predictability during the global pandemic: evidence from G7 countries,APPLIED ECONOMICS,2024,10.1080/00036846.2023.2186366,"This article attempts to examine the predictability of a significant number of uncertainty indices for the G7 stock market volatility based on a Heterogeneous AutoRegressive Realized Volatility (HARRV) model and a combination forecast framework during the global pandemic COVID-19. We include in our analysis the Infectious Disease Equity Market Volatility (IDEMV), the VIX, the Economic Policy Uncertainty (EPU), the Equity Market Volatility (EMV), the Geopolitical risk (GPR) as well as the crude oil futures' realized volatility. Out-of-sample evidence shows that models incorporating all uncertainty indices improve forecasting performance for most stock markets' volatility during a long out-of-sample period and also during the coronavirus period. The results are robust using an alternative volatility model, an alternative realized measure and a recursive window analysis. The predictability of the uncertainty indices is also evaluated through risk management and portfolio loss functions and results suggest that the LASSO combination and a HARRV model including all indices are the most profitable for all stock markets during the global pandemic.",Volatility forecasting; combination forecasts; statistical and economic evaluation; uncertainty indices; COVID-19,COMBINATION FORECASTS; POLITICAL UNCERTAINTY; REALIZED KERNELS; OUTPUT GROWTH; ANYTHING BEAT; MODEL; POLICY; SHRINKAGE; SELECTION; RETURNS,Article,Economics,Business & Economics,0003-6846,English,JD4U4,Q2,market_volatility_GarchHar_covid
"Saleem, A; Barczi, J; Sagi, J","Saleem, Adil; Barczi, Judit; Sagi, Judit",COVID-19 and Islamic Stock Index: Evidence of Market Behavior and Volatility Persistence,JOURNAL OF RISK AND FINANCIAL MANAGEMENT,2021,10.3390/jrfm14080389,"The aftermath of the COVID-19 pandemic is not limited to human lives and health sectors. It has also changed social and economic aspects of the world. This study investigated the Islamic stock market's reaction and changes in volatility before and during this pandemic. The market model of event study methodology was employed to analyze Islamic stock market reactions in nine different markets around the globe. To examine changes in volatility and persistence of risk, the generalized autoregressive conditional heteroscedasticity (GARCH) method was used. Nine Islamic stock indices were selected for this study from the Thomson Reuters data stream. The results suggest that, in the short run, the Islamic Australian stock index and Islamic GCC stock index remained stable for the first 15 days following news of the pandemic. The Islamic stock indexes of Qatar, UAE, ASEAN, MENA, MENASA, and Bahrain were significantly affected by the outbreak in the short-term. On the other hand, the volatility of Islamic stock indices was substantially amplified after the global health crisis was declared by the WHO. Moreover, volatility shocks tended to persist for a longer period after COVID-19.",Islamic stocks; COVID-19; abnormal return; volatility,SPILLOVERS; MODELS,Article,"Business, Finance",Business & Economics,1911-8066,English,UG8YN,Q2,market_volatility_GarchHar_covid
"Ilbasmis, M; Gronwald, M; Zhao, Y","Ilbasmis, Metin; Gronwald, Marc; Zhao, Yuan",The impact of dividend payout policies on real estate market diversification,INTERNATIONAL JOURNAL OF FINANCE & ECONOMICS,2025,10.1002/ijfe.2944,"An asymmetric DCC - GJR - GARCH model is applied to the Turkish and US REIT markets in order to estimate the time-varying correlations between the REIT and stock markets. Using these estimated correlations, we investigate the impact of dividend payouts on the diversification potential of REITs for stock market investors. Our choice of the Turkish REIT market is based on its unique REIT dividend policy, while US data provide a benchmark for comparison. This study has a number of motivations and contributions that make it a worthwhile undertaking. First, we document that REIT dividend policy is related to the correlation between REIT and stock markets. Dividend paying REITs have lower correlations with stock markets, which makes the REIT market a viable portfolio diversifier. Second, we confirm that REITs and stock prices cointegrated more closely due to the 2008 global financial crisis. We additionally document that a similar effect was also present in the correlation during the global Covid-19 pandemic crisis. It appears that REIT and stock markets become more correlated during times of financial turmoil and diversification opportunities are diminished. Finally, we document that there is a long-term trend in the time-varying correlations between REIT and stock markets. Turkiye has been experiencing a negative trend in this regard, while the US has been experiencing a positive trend.",correlations; DCC-GARCH; diversification; dividend policy; structural break; trend; Turkish REITs,CASH-FLOW; EARNINGS MANAGEMENT; VOLATILITY DYNAMICS; STOCK REPURCHASES; EQUITY MARKETS; REIT; INFORMATION; PERFORMANCE; INVESTMENT; CONTAGION,Article,"Business, Finance",Business & Economics,1076-9307,English,1LO6P,Q2,market_volatility_GarchHar_covid
"Noori, M; Hitaj, A","Noori, Mohammad; Hitaj, Asmerilda",Dissecting hedge funds? strategies,INTERNATIONAL REVIEW OF FINANCIAL ANALYSIS,2023,10.1016/j.irfa.2022.102453,"This paper dissects the dynamics of the hedge fund industry with four financial markets, including the equity market, commodities, currencies, and debt market by employing a large number of assets from these markets. We employ four main representative hedge fund strategy indices, and a cap-weighted global index to estimate an asymmetric dynamic conditional correlation (ADCC) GJR-GARCH model using daily data from April 2003 to May 2021. We break down the performance, riskiness, investing style, volatility, dynamic correlations, and shock transmissions of each hedge fund strategy thoroughly. Further, the impact of commodity futures basis on hedge funds' return is analyzed. Comparing the dynamic correlations during the 2008 global financial crisis (GFC) with COVID-19 pandemic reveals changing patterns in hedge funds' investing styles. There are strong and pervasive shock spillovers from hedge fund industry to other financial markets, especially to futures commodities. An increase in the futures basis of several commodities drives up hedge funds' performance. While hedge fund industry underperforms compared to equity market and commodities, the risk-reward measures show that hedge funds are superior to other markets, and safer than the bond market.",Hedge funds; Commodity futures; Volatility modelling; Financial markets; Futures basis; COVID-19,RISK; RETURN; VOLATILITY; PRICE; COMOVEMENTS; DYNAMICS; OIL,Article,"Business, Finance",Business & Economics,1057-5219,English,6Q7RT,Q2,market_volatility_GarchHar_covid
"Zeng, HJ; Lu, R; Ahmed, AD","Zeng, Hongjun; Lu, Ran; Ahmed, Abdullahi D.","Dynamic dependencies and return connectedness among stock, gold and Bitcoin markets: Evidence from South Asia and China",EQUILIBRIUM-QUARTERLY JOURNAL OF ECONOMICS AND ECONOMIC POLICY,2023,10.24136/eq.2023.002,"Research background: In order to examine market uncertainty, the paper depicts broad patterns of risk and systematic exposure to global equity market shocks for the major South Asian and Chinese equity markets, as well as for specific assets (gold and Bitcoin). Purpose of the article: The purpose of this paper is to investigate the dynamic correlation among the major South Asian equity markets (India and Pakistan), the Chinese equity markets, the MSCI developed markets, Bitcoin, and gold markets. Methods: While applying the GARCH-Vine-Copula model and the TVP-VAR Connectedness approach, major patterns of dependency and interconnectedness between these markets are investigated. Findings & value added: We find that risk shocks from developed equity markets are critical in these dynamic links. A net return spillover from Bitcoin to the Chinese and Pakistani stock markets throughout the sample period is reported. Interestingly, gold can be applied to hedge and diversify positions in China and major South Asian markets, particularly following the COVID-19 outbreak. Our paper presents three main original add valued: (1) This paper adds global factors to the targeted study of risk transmission among South Asian and Chinese stock markets for the first time. (2)The assets of Bitcoin and gold were added to the study of risk transmission among South Asian and Chinese stock markets for the first time, enabling the research in this paper to observe the non-linear link among the South Asian and Chinese stock markets with them. (3) Our research adds to these lines of inquiry by giving empirical evidence on how COVID-19 altered the dependent structure and return spillover dynamics of Bitcoin, gold and South Asian and Chinese stock markets for the first time. Our results have critical implications for investors and policymakers to effectively understand the nature of market forces and develop risk-averse strategies.",South Asia and China; gold; Bitcoin; dependency and connectedness; COVID-19,IMPULSE-RESPONSE ANALYSIS; US FINANCIAL CRISIS; SAFE-HAVEN; VOLATILITY; HEDGE; EXCHANGE; PRICE,Article,Economics,Business & Economics,1689-765X,English,H2GX4,Q2,market_volatility_GarchHar_covid
"Aawaar, G; Logogye, L; Domeher, D","Aawaar, Godfred; Logogye, Louis; Domeher, Daniel",Equity return volatility in Africa's stock markets: A dynamic panel approach,COGENT ECONOMICS & FINANCE,2023,10.1080/23322039.2023.2258704,"This study examines the determinants of time-varying return volatility of Africa's equity markets using monthly indices of eight top African stock markets. The conditional variance is modelled as a proxy for Africa's volatility indices using the best fitting model among SGARCH, EGARCH and GJR-GARCH. In a bid to account for the dynamic and persistent nature of volatility, the least squares dummy variable bias correction (LSDVC) model is employed. The study finds that volatility of African stock markets follows a dynamic process and is explained by past volatility, domestic exchange rates, Treasury bill rates, money supply, inflation rates, movements in world crude oil prices, volatility of the US and UK stock markets and COVID-19 shocks. The results are largely robust to sub-sample analysis. Further analysis: pre-, during and post-crisis periods (Global Financial Crisis (GFC) and COVID-19 pandemic) reveal that (1) African stock markets became sensitive to advanced market volatility in the period during the GFC and have remained sensitive in the post GFC period and (2) past domestic market return volatility, Treasury bill rates and exchange rates have been the main drivers of stock return volatility during the COVID-19 pandemic in Africa. Additionally, markets in North Africa are revealed as the only African markets immune to advanced market volatility spillovers. These markets may thus provide international diversification opportunities for portfolio managers.",volatility; African stock markets; Covid-19 Pandemic; Global Financial Crisis; GARCH; LSDVC; C32; F31; G11; G15,GLOBAL FINANCIAL CRISIS; OIL PRICE; CONDITIONAL VOLATILITY; MACROECONOMIC FACTORS; PERFORMANCE EVIDENCE; DATA MODELS; SPILLOVER; DETERMINANTS; TRANSMISSION; CONTAGION,Article,Economics,Business & Economics,2332-2039,English,S4AI1,Q2,market_volatility_GarchHar_covid
"Özdemir, L; Ozen, E; Grima, S; Romanova, I","Ozdemir, Letife; Ozen, Ercan; Grima, Simon; Romanova, Inna",Determining the Return Volatility of Major Stock Markets Before and During the COVID-19 Pandemic by Applying the EGARCH Model,SCIENTIFIC ANNALS OF ECONOMICS AND BUSINESS,2021,10.47743/saeb-2021-0022,"With this study, we aim to determine the effect of the Covid-19 pandemic on the return volatility of the DJI, the DAX, the FTSE100 and the CAC40 stock indexes. We take return volatility between 1st January 2019 and 17th July 2020 and split it into two separate periods -before the Covid-19 pandemic outbreak and the first wave of the 'In-Pandemic' period. Only the so-called first wave of the pandemic was chosen to avoid the influence of knowledge of possible vaccines and antiviral solutions. Data were analysed by using the exponential GARCH (EGARCH) model. Findings show excessive volatility in the major stock markets with short volatility persistence and the presence of leverage in returns during the first wave of the Covid-19 pandemic outbreak. Moreover, during the pandemic period, positive shocks have been observed to have a greater effect than negative socks on the stock index return volatility.",Corona Virus (COVID-19); pandemics; return volatility; stock indexes; EGARCH,TIME-SERIES; IMPACT,Article,Economics,Business & Economics,2501-1960,English,XK1JA,Q2,market_volatility_GarchHar_covid
"Dung, PTN; Long, LK; Trang, LNT; Nhan, DTT","Dung, Pham Thi Ngoc; Long, Luong Kim; Trang, Le Ngoc Thuy; Nhan, Do Thi Thanh",Safe Haven for Asian Equity Markets During Financial Distress: Bitcoin Versus Gold,ACTA INFORMATICA PRAGENSIA,2023,10.18267/j.aip.224,"This study aims to analyse the role of bitcoin and gold as safe haven assets for Asian equity markets during periods of high market uncertainty related to the global COVID-19 pandemic, high volatility and extreme stock market conditions. Our empirical analysis employs the DCC-GARCH methodology to estimate the time-varying relationship between bitcoin/gold and the Asian stock market from 2016 to 2023. Our findings reveal that bitcoin serves as a strong hedge for Taiwan and Pakistan, whereas gold can be considered a strong hedge for Japan, Singapore, India, Thailand and Vietnam. Interestingly, we observe that bitcoin does not exhibit safe haven properties in any of the Asian countries observed. In contrast, gold demonstrates strong safe haven abilities for Singapore, India and Thailand. These results remain consistent across various measures of market turmoil, including the volatility index, COVID-19-related periods and low quantiles on the stock market. Furthermore, our results suggest that the perception and adoption of gold as a safe haven asset in Japan and Vietnam is mainly influenced by global events and uncertainties, rather than localized stock market conditions. These findings offer valuable information for investors, financial institutions as well as policy makers and regulators as to how cryptocurrency and gold have evolved as hedge and safe haven assets in Asia during uncertainty periods.",Hedge; Safe haven; Cryptocurrency; Gold; Covid-19; Investment; VIX,HEDGE; OIL; STOCKS; DIVERSIFIER; INVESTMENT; EXCHANGE; BONDS; TIME; RISK; US,Article,"Computer Science, Interdisciplinary Applications; Social Sciences, Interdisciplinary",Computer Science; Social Sciences - Other Topics,,English,Y2NZ1,Q2,market_volatility_GarchHar_covid
"Liu, K","Liu, Kerry",Chinese Influence in Australia: What Do Financial Markets Tell Us?,EAST ASIA,2021,10.1007/s12140-020-09346-7,"Australia-China relations, and especially Chinese influence in Australia, have been the subject of heated debate in Australia since 2016. The central issue is, how to balance concerns over Chinese influence in Australia with the economic benefits of Chinese trade and investment? This study-arguably the first of its kind-answers this question using rigorous empirical modelling. First, it uses Google Trends search results to measure Chinese influence in Australia. Second, it connects Chinese influence, as reflected in Google Trends search results, to financial markets, including stock markets, government bond markets and foreign exchange markets. Weekly data for January 2016-December 2019 are entered into an exponential generalised autoregressive conditional heteroskedastic model. The study finds that the effects of concerns over Chinese influence relate mainly to increased volatility of stock market indices and government bond yields, and downward pressure on the share prices of individual firms that are heavily exposed to Chinese markets. However, the overall effects appear to be minor or insignificant. The implications of these results are that China's economic coercion (if any) may not be effective, and Australia's responses to Chinese influence and interference (if any) may generate insignificant costs. Finally, this study makes original and significant academic contributions to academia by providing a novel framework for exploring international relations.",Australia-China relations; Chinese influence; COVID-19; Google trends; EGARCH; F5; G12,,Article,Area Studies,Area Studies,1096-6838,English,QN8QT,Q2,market_volatility_GarchHar_covid
"Lee, WS; Lee, HS","Lee, Woo Suk; Lee, Hahn S.",Asymmetric volatility transmission across Northeast Asian stock markets,BORSA ISTANBUL REVIEW,2022,10.1016/j.bir.2021.06.004,"This paper investigates various aspects of asymmetric connectedness among the stock markets in China, Japan, and Korea. Based on the realized semi-volatility indices, we find that the impact of bad volatility strictly dominates good volatility in generating transmission across the Northeast Asian markets. We also present evidence that the impacts of the U.S. volatility shock on other countries have been due primarily to bad volatility. In the dynamic analysis, we observe highly volatile patterns in the connectedness measures with several peaks during major economic shocks. Most influential episodes of volatility connectedness have been witnessed, inter alia, during the global financial crisis and the European debt crisis. The recent COVID-19 pandemic has also caused turmoil by damaging the health of the global financial market.& nbsp;Copyright (C)& nbsp;2021, Borsa Istanbul Anonim Sirketi. Production and hosting by Elsevier B.V.& nbsp;",Asymmetric connectedness; Realized semi-volatility; HAR-RV model; Northeast Asian stock markets; COVID-19 pandemic,INTERNATIONAL TRANSMISSION; CONNECTEDNESS; SPILLOVERS; LINKAGES; MODEL; BAD; US,Article,"Business, Finance; Economics",Business & Economics,2214-8450,English,1C0CH,Q2,market_volatility_GarchHar_covid
"Ben Cheikh, N; Ben Zaied, Y; Saidi, S; Sellami, M","Ben Cheikh, Nidhaleddine; Ben Zaied, Younes; Saidi, Sana; Sellami, Mohamed",Global pandemic crisis and risk contagion in GCC stock markets,JOURNAL OF ECONOMIC BEHAVIOR & ORGANIZATION,2022,10.1016/j.jebo.2022.08.036,"This study investigates how the COVID-19 outbreak has shaped the volatility spillover between oil and Gulf Cooperation Council (GCC) stock markets. Contagion analysis is conducted by implementing a vector error correction (VECM) asymmetric BEKK model, wherein both cointegration and asymmetric features are considered. Financial market un-certainty caused by the recent health crisis is captured using Baker et al.'s (2020) newly developed infectious disease tracker. Our results indicate a significant discrepancy in the GCC group, as shock and volatility linkages between oil and equities are more apparent for some countries but not for others. The estimated VECM-asymmetric BEKK model re-veals cross-market asymmetric spillover effects only in Kuwait, Qatar, and Saudi Arabia. We report that the global pandemic has strongly affected crude oil market volatility, while the GCC region seems to be less affected by the emergence of the new infectious disease. Our findings underscore the diversification opportunities offered by Gulf equity markets to international investors.(c) 2022 Elsevier B.V. All rights reserved.",Volatility contagion; Global pandemic; Multivariate GARCH,VOLATILITY SPILLOVERS; OIL PRICES; RETURN; BEHAVIOR,Article,Economics,Business & Economics,0167-2681,English,4W7QI,Q2,market_volatility_GarchHar_covid
"Jaksic, P; Pjanic, M; Milosevic, M; Marjanovic, D; Dudic, B; Stosic, L","Jaksic, Pavle; Pjanic, Milos; Milosevic, Marko; Marjanovic, Darko; Dudic, Branislav; Stosic, Lazar","Impact of Macroeconomic Factors on Stock Indices Volatility: a GARCH Analysis for USA, Germany, Serbia and Croatia",COMPUTATIONAL ECONOMICS,2025,10.1007/s10614-025-11170-1,"The unfavorable global economic conditions caused primarily by the COVID-19 pandemic, as well as the ongoing geopolitical tensions and related disruptions, have adversely affected nearly all financial markets through the process of globalization. Considering these factors, this study analyzes, tests, quantifies, identifies, and compares the nature of correlation and the intensity of the impact of relevant macroeconomic variables on daily investment return rates in selected financial markets of developed countries (the United States and Germany) and emerging markets (Serbia and Croatia). The macroeconomic variables observed include inflation rate, reference interest rate, exchange rate, oil price, and gold price. Investment returns are analyzed through daily changes in the leading stock indices of the selected financial markets. The research covers the period from 2012 to 2022, examining results separately for three subperiods: the entire period (2012-2022), the pre-crisis period (2012-2019), and the crisis and post-crisis period (2020-2022). The results reveal that during the crisis period (2020-2022), stock market volatility in emerging markets (Serbia and Croatia) was primarily driven by exchange rate movements and commodity prices, while in developed markets (USA and Germany), it was more strongly influenced by interest rates and inflation. Furthermore, the estimated models indicate that the magnitude and direction of macroeconomic impacts vary substantially across markets and time periods. These findings provide valuable insight for investors and policymakers seeking to manage risk and respond to economic shocks in both mature and developing financial systems.",Stock index; Return rates; GARCH models; Volatility; Macroeconomic variables,RETURNS; RISK,Article; Early Access,"Economics; Management; Mathematics, Interdisciplinary Applications",Business & Economics; Mathematics,0927-7099,English,D3491,Q2,market_volatility_GarchHar_covid
"Derbali, A; Naoui, K; Ben Sassi, M; Amiri, MM","Derbali, Abdelkader; Naoui, Kamel; Ben Sassi, Mounir; Amiri, Mohamed Marouen",Do COVID-19 Epidemic Explains the Dynamic Conditional Correlation between China's Stock Market Index and International Stock Market Indices?,CHINESE ECONOMY,2022,10.1080/10971475.2021.1958453,"This study presents an important view to the predictive capacity of COVID-19 for the correlation between Chinese stock market and 9 international stock market in Asia, Europe, and North America regions. In this paper, we try to investigate the spillover impacts of China's stock market on the selected stock markets using an econometric methodology based on DCC-GARCH models during the period from May 01, 2019 to May 30, 2020. Our results show a strong significant DCC among China's stock market index and selected international stock market indices especially in the outbreak of COVID-19. We find that the results related to the degree of the persistence of volatility, are sensitive to the existence of the COVID-19 surprises into the DCC-GARCH (1) model. We remark that that COVID-19 has a short-term impact on international stock market indices volatilities. Finally, we can conclude that COVID-19 explain the spillover impacts of China's stock market index on selected countries using DCC-GARCH models. This paper gives an important framework to the investors to choose their portfolios in the financial markets especially in the crisis period. This paper contributes to the literature on assessing the impact of COVID-19 confirmed cases surprises on the correlation between China's stock market index and selected international stock market in Asia, Europe, and North America regions.",COVID-19; spillover; stock market indices; dynamic conditional correlation; returns; volatilities,TERRORIST ATTACKS,Article,Economics,Business & Economics,1097-1475,English,0B7CL,Q2,market_volatility_GarchHar_covid
"Van, L; Bao, NKQ",Le Van; Nguyen Khac Quoc Bao,The relationship between global stock and precious metals under Covid-19 and happiness perspectives,RESOURCES POLICY,2022,10.1016/j.resourpol.2022.102634,"In this paper, we examine the relationship between global stock markets, as respectively represented by the FTSE All-World Series and the MSCI Emerging Markets indexes, and the S&P GSCI Precious Metals index from 01 September 1999 to 03 May 2021. We employ the conditional correlation multivariate generalized autoregressive conditional heteroskedasticity (MGARCH) to investigate this stock-precious metals nexus in terms of return and volatility spillovers. The study assesses impacts of the Covid-19 pandemic on the stock-precious metals nexus and further examine this relationship by supplementing the Twitter's Daily Happiness Sentiment index to the methodological framework for the period from 01 January 2020 to 03 May 2021. We find that precious metals positively influence stock markets before the Covid-19 outbreak and firmly play a valuable role due to their hedge and safe haven characteristics. In contrast, the bivariate GARCH framework does not provide statistically significant evidence on the stock-precious metals nexus during the Covid-19 pandemic. Meanwhile, the trivariate GARCH approach with stock markets, precious metals, and happiness sentiment indexes reveals sufficiently complicated interactions between these return series. Prominently, past change in the happiness index negatively affects the stock returns but positively drives the performance of precious metals. These findings indirectly demonstrate the stock-precious metals nexus under impacts of the Covid-19 pandemic and reflect the demand of precious metals during crisis periods. Accordingly, we suggest a reasonable method of adjusting the proxies when no interaction effect is significantly found during unprecedented outbreaks.",Global stock index; Emerging stock index; Precious metals index; Global happiness; Covid-19,DYNAMIC CONDITIONAL CORRELATION; INVESTOR SENTIMENT; SAFE HAVENS; VOLATILITY SPILLOVERS; MARKET VOLATILITY; GOLD; RETURNS; HEDGE; OIL; BITCOIN,Article,Environmental Studies,Environmental Sciences & Ecology,0301-4207,English,2P6VP,Q2,market_volatility_GarchHar_covid
"Le, TMH; Nguyen, TNM; Tran, TYV","Le, Thi Minh Huong; Nguyen, Thi Nga My; Tran, Thi Yen Vinh",Spillover Effects of Oil Price Fluctuations on the U.S and Asia-Pacific Stock Markets: A Multivariate EGARCH Analysis,ASIA-PACIFIC FINANCIAL MARKETS,2025,10.1007/s10690-024-09480-9,"This study investigates the spillover effects between oil and stock prices from 2000 to 2022, utilizing the multivariate EGARCH model. The database includes three periods-the entire sample, the pre-pandemic era, and COVID-19. The analysis unveils insights into the dynamics of spillover effects. Findings reveal an asymmetry in spillover effects, with a prevailing negative impact trend from oil to stocks, notably affecting the Thai index negatively while positively impacting the Indonesian market. Considering the entire time frame, results address the dynamic spillover effects of oil on eight stock indices across 11 countries under analysis. Meanwhile, in the absence of a pandemic, there are only mutual relationships between oil and stock markets in five stock markets. During COVID-19, we witnessed an intensified spillover effect from oil prices to stocks, with only the Vietnamese stock market remaining unaffected. Notably, the overall spillover level peaked at 55% in 2018, decreasing to over 45% during the COVID-19 pandemic, indicating a close relationship between oil and stocks. Additional results confirm the stationarity of return data series and support the application of the multivariate EGARCH model, enhancing the study's robustness and contributing to understanding the intricate dynamics of financial markets.",Spillover effects; Multivariate EGARCH; COVID-19; U.S; Asia-Pacific; G01; E44; Q43,TIME-SERIES; VOLATILITY,Article,Economics,Business & Economics,1387-2834,English,7MZ8D,Q2,market_volatility_GarchHar_covid
"Mezghani, T; Ben Hamadou, F; Abbes, MB","Mezghani, Taicir; Ben Hamadou, Fatma; Abbes, Mouna Boujelbene",The dynamic network connectedness and hedging strategies across stock markets and commodities: COVID-19 pandemic effect,ASIA-PACIFIC JOURNAL OF BUSINESS ADMINISTRATION,2021,10.1108/APJBA-01-2021-0036,"Purpose The aim of this study was to investigate the dynamic network connectedness between stock markets and commodity futures and its implications on hedging strategies. Specifically, the authors studied the impact of the 2014 oil price drop and coronavirus disease 2019 (COVID-19) pandemic on risk spillovers and portfolio allocation among stock markets (United States (SP500), China (SSEC), Japan (Nikkei 225), France (CAC40) and Germany (DAX)) and commodities (oil and gold). Design/methodology/approach In this study, the authors used the Baba, Engle, Kraft and Kroner-generalized autoregressive conditional heteroskedasticity (BEKK-GARCH) model to estimate shock transmission among the five financial markets and the two commodities. The authors rely on Diebold and Yilmaz (2014, 2015) methodology to construct network-associated measures. Findings Relying on the BEKK-GARCH, the authors found that the recent health crisis of COVID-19 intensified the volatility spillovers among stock markets and commodities. Using the dynamic network connectedness, the authors showed that at the 2014 oil price drop and the COVID-19 pandemic shock, the Nikkei225 moderated the transmission of volatility to the majority of markets. During the COVID-19 pandemic, the commodity markets are a net receiver of volatility shocks from stock markets. In addition, the SP500 stock market dominates the network connectedness dynamic during the COVID-19 pandemic, while DAX index is the weakest risk transmitter. Regarding the portfolio allocation and hedging strategies, the study showed that the oil market is the most vulnerable and risky as it was heavily affected by the two crises. The results show that gold is a hedging tool during turmoil periods. Originality/value This study contributes to knowledge in this area by improving our understanding of the influence of fluctuations in oil prices on the dynamics of the volatility connection between stock markets and commodities during the COVID-19 pandemic shock. The study's findings provide more implications regarding portfolio management and hedging strategies that could help investors optimize their portfolios.",Network connectedness; Stock markets; Commodity markets; 2014 oil price drop; COVID-19 pandemic; Hedging strategy,CRUDE-OIL; SAFE HAVEN; VOLATILITY SPILLOVERS; PORTFOLIO MANAGEMENT; FINANCIAL CRISIS; PRECIOUS-METAL; TIME-SERIES; GOLD; RISK; PRICE,Article,Business,Business & Economics,1757-4323,English,WJ3ES,Q2,market_volatility_GarchHar_covid
"Sadiq, M; Hsu, CC; Zhang, YQ; Chien, FS","Sadiq, Muhammad; Hsu, Ching-Chi; Zhang, YunQian; Chien, Fengsheng",COVID-19 fear and volatility index movements: empirical insights from ASEAN stock markets,ENVIRONMENTAL SCIENCE AND POLLUTION RESEARCH,2021,10.1007/s11356-021-15064-1,"This research aims to look into the effect of COVID-19 on emerging stock markets in seven of the Association of Southeast Asian Nations' (ASEAN-7) member countries from March 21, 2020 to April 31, 2020. This paper uses a ST-HAR-type Bayesian posterior model and it highlights the stock market of this ongoing crisis, such as, COVID-19 outbreak in all countries and related industries. The empirical results shown a clear evidence of a transition during COVID-19 crisis regime, also crisis intensity and timing differences. The most negatively impacted industries were health care and consumer services due to the Covid-19 drug-race and international travel restrictions. More so, study results estimated that only a small number of sectors are affected by COVID-19 fear including health care, consumer services, utilities, and technology, significance at the 1%, 5%, and 10%, that measure current volatility's reliance on weekly and monthly variables. Secondly, it is found that there is almost no chance that the COVID-19 pandemic would positively affect the stock market performance in all the countries, mainly Indonesia and Singapore were the countries most affected. Thirdly, results shown that Thailand's stock market output has dropped by 15%. Results shows that COVID-19 fear causes an eventual reason of public attention towards stock market volatility. The study presented comprehensive way forwards to stabilize movement of ASEAN equity market's volatility index and guided the policy implications to key stakeholders that can better help to mitigate drastic impacts of COVID-19 fear on the performance of equity markets.",COVID-19 fear; Volatility analysis; Investment management; Equity markets; ASEAN countries,NEXUS; SECURITY; PRICES,Article,Environmental Sciences,Environmental Sciences & Ecology,0944-1344,English,XI4WV,Q2,market_volatility_GarchHar_covid
"Wang, XY; Guo, H; Waris, M; Din, BH","Wang, Xiaoyang; Guo, Hui; Waris, Muhammad; Din, Badariah Haji","RETRACTED: Risk and causality Co-movement of Malaysia's stock market with its emerging and OECD trading partners. Evidence from the wavelet approach (Retracted article. See vol. 20, 2025)",PLOS ONE,2024,10.1371/journal.pone.0296712,"The growing trend of interdependence between the international stock markets indicated the amalgamation of risk across borders that plays a significant role in portfolio diversification by selecting different assets from the financial markets and is also helpful for making extensive economic policy for the economies. By applying different methodologies, this study undertakes the volatility analysis of the emerging and OECD economies and analyzes the co-movement pattern between them. Moreover, with that motive, using the wavelet approach, we provide strong evidence of the short and long-run risk transfer over different time domains from Malaysia to its trading partners. Our findings show that during the Asian financial crisis (1997-98), Malaysia had short- and long-term relationships with China, Germany, Japan, Singapore, the UK, and Indonesia due to both high and low-frequency domains. Meanwhile, after the Global financial crisis (2008-09), it is being observed that Malaysia has long-term and short-term synchronization with emerging (China, India, Indonesia), OECD (Germany, France, USA, UK, Japan, Singapore) stock markets but Pakistan has the low level of co-movement with Malaysian stock market during the global financial crisis (2008-09). Moreover, it is being seen that Malaysia has short-term at both high and low-frequency co-movement with all the emerging and OECD economies except Japan, Singapore, and Indonesia during the COVID-19 period (2020-21). Japan, Singapore, and Indonesia have long-term synchronization relationships with the Malaysian stock market at high and low frequencies during COVID-19. While in a leading-lagging relationship, Malaysia's stock market risk has both leading and lagging behavior with its trading partners' stock market risk in the selected period; this behavior changes based on the different trade and investment flow factors. Moreover, DCC-GARCH findings shows that Malaysian market has both short term and long-term synchronization with trading partners except USA. Conspicuously, the integration pattern seems that the cooperation development between stock markets matters rather than the regional proximity in driving the cointegration. The study findings have significant implications for investors, governments, and policymakers around the globe.",,COHERENCE; CRISIS; OIL; INTEGRATION; SPILLOVERS; COMOVEMENT; CONTAGION; PRICES; EUROPE; RETURN,Article; Retracted Publication,Multidisciplinary Sciences,Science & Technology - Other Topics,,English,HH0B2,Q2,market_volatility_GarchHar_covid
"Daglis, T; Melissaropoulos, IG; Konstantakis, KN; Michaelides, PG","Daglis, Theodoros; Melissaropoulos, Ioannis G.; Konstantakis, Konstantinos N.; Michaelides, Panayotis G.",The impact of COVID-19 on global stock markets: early linear and non-linear evidence for Italy,EVOLUTIONARY AND INSTITUTIONAL ECONOMICS REVIEW,2022,10.1007/s40844-021-00230-4,"The scientific community still struggles to understand the magnitude of the worldwide infections and deaths induced by COVID-19, partly ignoring the financial consequences. In this paper, using the autoregressive fractionally integrated moving average (ARFIMA)-general autoregressive conditional heteroskedasticity (GARCH) model, we quantify and show the impact of the COVID-19 spread in Italy, utilizing data for the stock market. Using information criteria and forecasting accuracy measures, we show that the COVID-19 confirmed cases contribute with statistically significant information to the modeling of volatility, and also increase the forecasting ability of the volatility of the Italian stock market index, leading to a decrease in the mean stock index.",COVID-19; Stock market; Italy,,Article,Economics,Business & Economics,1349-4961,English,0V1PM,Q2,market_volatility_GarchHar_covid
"Mudiangombe, BM; Mwamba, JWM","Mudiangombe, Benjamin Mudiangombe; Mwamba, John Weirstrass Muteba","Impacts of U.S. Stock Market Crash on South African Top Sector Indices, Volatility, and Market Linkages: Evidence of Copula-Based BEKK-GARCH Models",INTERNATIONAL JOURNAL OF FINANCIAL STUDIES,2023,10.3390/ijfs11020077,"This paper examines the effects of the Standard and Poor's 500 (SP500) stock index crash during the global financial crisis and the COVID-19 pandemic periods on the South African top sector indices (basic materials, consumer goods, consumer services, financials, healthcare, industrials, technology, and telecommunication). The results of a copula-based BEKK-GARCH approach technique demonstrate the existence of price and volatility spillover during times of stock crashes. We discover that during a stock crisis, strong shocks and higher volatility spillover effects from the United States (U.S.) SP500 index to the top sector indices of the South African Johannesburg Stock Exchange (JSE) markets are more significant. However, there is no integrated economy, as the results did not show any spillover effects from South Africa to U.S. markets. Furthermore, the Gumbel copulas have higher dependence parameters, implying that extreme co-movements occur in the upper tails, suggesting the possibility of a large transmission of shocks from the SP500 to the eight top sector indices of the JSE and showing an asymmetric dependence between these markets. This result is important for investors willing to invest in the South African sector of equity markets to develop hedging strategies to prevent risk spillover from developed markets.",volatility spillover; stock market crash; market linkages; global financial crisis; COVID-19; copulas; BEKK-GARCH,INTERDEPENDENCE; WAVELET; INTEGRATION; SPILLOVERS; RETURNS; RISK,Article,"Business, Finance",Business & Economics,2227-7072,English,K1VH0,Q2,market_volatility_GarchHar_covid
"Vukovic, DB; Dekpo-Adza, S; Khmelnitskiy, V; Özer, M","Vukovic, Darko B.; Dekpo-Adza, Senanu; Khmelnitskiy, Vladislav; Ozer, Mustafa",Spillovers across the Asian OPEC plus Financial Market,MATHEMATICS,2023,10.3390/math11184005,"This research utilizes the Diebold and Yilmaz spillover model to examine the correlation between geopolitical events, natural disasters, and oil stock returns in Asian OPEC+ member countries. The study extends prior research by investigating the dynamics of the Asian OPEC+ oil market in light of recent exogenous events. The analysis commences by creating a self-generated Asian OPEC+ index, which demonstrates significant volatility, as indicated by GARCH (1, 1) model estimation. The results obtained from the Diebold and Yilmaz spillover test indicate that, on average, there is a moderate degree of connectedness among the variables. However, in the event of global-level shocks or shocks specifically affecting Asian OPEC+ countries, a heightened level of connectedness is found. Prominent instances of spillover events observed in the volatility analysis conducted during the previous decade include the COVID-19 pandemic, the conflict between Russia and Ukraine, and the Turkey earthquake of 2023. Based on the facts, it is recommended that investors take into account the potential risks linked to regions that are susceptible to natural calamities and geopolitical occurrences while devising their portfolios for oil stocks. The results further highlight the significance of integrating these aspects into investors' decision-making procedures and stress the need for risk management tactics that consider geopolitical risks and natural disasters in the oil equity market.",spillovers; Geopolitical Risk Index (GRI); Natural Disaster Index (NDI); non-member OPEC plus oil stock returns (NOPEC); Diebold and Yilmaz spillover index,ECONOMIC-POLICY UNCERTAINTY; OIL PRICE SHOCKS; VOLATILITY SPILLOVERS; STOCK-MARKET; RETURNS; HAZARDS; RISKS; LINK,Article,Mathematics,Mathematics,,English,AU5B9,Q2,market_volatility_GarchHar_covid
"Prabheesh, KP; Kumar, S","Prabheesh, K. P.; Kumar, Sanjiv",How Do the Financial Markets Respond to India's Asset Purchase Program? Evidence from the COVID-19 Crisis,EMERGING MARKETS FINANCE AND TRADE,2023,10.1080/1540496X.2022.2148463,"This study examines the impacts of India's unconventional monetary policy on the exchange rate, stock market, and bond market during the COVID-19 crisis. The Reserve Bank of India announced an asset purchase programs (APPs) four times during the pandemic. Using daily data from January 1, 2019, to August 13, 2021, and applying the EGARCH methodology, this study finds that the APPs effectively reduced the yield rate in the bond market and its volatility. However, the first two announcements did not impact the financial market significantly. In contrast, the third and fourth announcements helped to compress the yield rate and its volatility. Further, the AAPs also helped to restrain the exchange rate depreciation and its volatility. Overall findings suggest that APPs had a desired impact on the targeted variables.",Unconventional monetary policy; bond market; exchange rate; stock market; EGARCH,MONETARY-POLICY,Article,Business; Economics; International Relations,Business & Economics; International Relations,1540-496X,English,C7YF8,Q2,market_volatility_GarchHar_covid
"Di Sciorio, F; Mattera, R; Segovia, JET","Di Sciorio, Fabrizio; Mattera, Raffaele; Trinidad Segovia, Juan Evangelista",Measuring conditional correlation between financial markets' inefficiency,QUANTITATIVE FINANCE AND ECONOMICS,2023,10.3934/QFE.2023025,"Assuming that stock prices follow a multi-fractional Brownian motion, we estimated a time-varying Hurst exponent (ht). The Hurst value can be considered a relative volatility measure and has been recently used to estimate market inefficiency. Therefore, the Hurst exponent offers a level of comparison between theoretical and empirical market efficiency. Starting from this point of view, we adopted a multivariate conditional heteroskedastic approach for modeling inefficiency dynamics in various financial markets during the 2007 financial crisis, the COVID-19 pandemic and the Russo-Ukranian war. To empirically validate the analysis, we compared different stock markets in terms of conditional and unconditional correlations of dynamic inefficiency and investigated the predicted power of inefficiency measures through the Granger causality test.",Hurst exponent; efficient market hypothesis; dynamic conditional correlation; multivariate GARCH; Hurst-based GARCH,LONG-TERM-MEMORY; STOCK-MARKET; SELF-SIMILARITY; HURST EXPONENT; TIME-SERIES; EFFICIENCY; MODEL; COEFFICIENT; HYPOTHESIS; RETURNS,Article,"Business, Finance",Business & Economics,2573-0134,English,HB2V2,Q2,market_volatility_GarchHar_covid
"Latif, Y; Ge, SQ; Bashir, S; Iqbal, W; Ali, S; Ramzan, M","Latif, Yousaf; Ge Shunqi; Bashir, Shahid; Iqbal, Wasim; Ali, Salman; Ramzan, Muhammad",RETRACTED: COVID-19 and stock exchange return variation: empirical evidences from econometric estimation (Retracted Article),ENVIRONMENTAL SCIENCE AND POLLUTION RESEARCH,2021,10.1007/s11356-021-14792-8,"This research looked at the effects of COVID-19 on a number of the world's most important stock exchanges, as well as the empirical relation between the COVID-19 wave and stock market volatility. In order to plan proper portfolio diversification in international financial markets, researchers must examine COVID-19 anxiety in relation to stock market volatility. The stock market volatility connected with the COVID-19 pandemic was measured using AR(1)-GARCH(1,1). COVID-19 fear, according to our research, is the ultimate driver of public attention and stock market volatility. The findings show that throughout the pandemic, stock market performance and GDP growth both declined significantly due to average increases. Furthermore, a 1% increase in COVID-19 causes a 0.8% and 0.56% decline in stock return and GDP, respectively. The stock market, on the other hand, showed a slight movement in GDP growth. Furthermore, the COVID-19 pandemic reported cases index, death index, and global panic index all influenced public perceptions of purchasing and selling. As a result, rather than investing in stocks, it is recommended that you invest in gold. The research also makes policy recommendations for important stakeholders. We look to examine how stock returns respond dynamically to unanticipated changes in the COVID-19 scenarios, as well as the uncertainty that comes with a pandemic. Using daily data from Canada and the USA, we conclude that a spike in COVID-19 instances has a negative impact on the stock market in general. Furthermore, in both the increase and decline scenarios in Canada, the stock return reactions are asymmetric. The disparity is due to the unfavorable impact of the pandemic's unpredictability. We also discovered that uncertainty had a negative impact on the US stock market. The magnitude, however, is insignificant.",Stock return; COVID-19; Wavelet; Stock volatility,SUPPLY CHAIN; EMISSION REDUCTION; ENERGY EFFICIENCY; ECONOMIC-GROWTH; PERFORMANCE; NEXUS; SUSTAINABILITY; MANAGEMENT; SECURITY; REFORMS,Article; Retracted Publication,Environmental Sciences,Environmental Sciences & Ecology,0944-1344,English,WL2MQ,Q2,market_volatility_GarchHar_covid
"Cabrera, JAL; Lopez, DAC; Lombera, DIA","Cabrera, Jesus Antonio Lopez; Lopez, Diego Andres Cardoso; Lombera, Dante Ivan Agaton",Effects of the GFC and COVID-19 on U.S. Financial Indicators: An Integrated Short-Term Econometric Approach,REVISTA MEXICANA DE ECONOMIA Y FINANZAS NUEVA EPOCA REMEF,2025,10.21919/remef.v20i4.1235,"The 2008 Global Financial Crisis (GFC) and the 2020-2021 COVID-19 pandemic disrupted financial markets, causing volatility, liquidity issues, and shifts in investor behavior. This study analyzes the immediate impacts and recoveries of these events, comparing their characteristics and the effectiveness of policy responses. An event study methodology and a GARCH approach are applied. Results show that-in the GFC Crisis-Lehman Brothers bankruptcy has greater negative impact than the first date of subprime mortgages bad news. In the COVID-19 crisis, closures and vaccines announcements has greater impactthan the first COVID-19 case date in US. Also, the GFC Crisis decreased the valuation levels of key financial indicators as equal as the COVID-19, but this last was less volatility pronounced. These results highlight the importance of timely and effective public policy interventions to mitigate the adverse effects of such crises on financial markets.",GFC-2008; COVID-19; stock markets; abnormal returns; event study; VIX; S&P 500; DJIA,MARKETS; STOCK; CRISIS; EVENT,Article,"Business, Finance; Economics",Business & Economics,,English,R4466,Q2,market_volatility_GarchHar_covid
"Duttilo, P; Gattone, SA; Di Battista, T","Duttilo, Pierdomenico; Gattone, Stefano Antonio; Di Battista, Tonio",Volatility Modeling: An Overview of Equity Markets in the Euro Area during COVID-19 Pandemic,MATHEMATICS,2021,10.3390/math9111212,"Volatility is the most widespread measure of risk. Volatility modeling allows investors to capture potential losses and investment opportunities. This work aims to examine the impact of the two waves of COVID-19 infections on the return and volatility of the stock market indices of the euro area countries. The study also focuses on other important aspects such as time-varying risk premium and leverage effect. This investigation employed the Threshold GARCH(1,1)-in-Mean model with exogenous dummy variables. Daily returns of the euro area stock markets indices from 4 January 2016 to 31 December 2020 has been used for the analysis. The results reveal that euro area stock markets respond differently to the COVID-19 pandemic. Specifically, the first wave of COVID-19 infections had a notable impact on stock market volatility of euro area countries with middle-large financial centres while the second wave had a significant impact only on stock market volatility of Belgium.",volatility; COVID-19 pandemic; GARCH models; euro area stock indices,GLOBAL FINANCIAL CRISIS; TIME-SERIES; STOCK MARKETS; CONTAGION; IMPACT,Article,Mathematics,Mathematics,,English,SQ3OH,Q2,market_volatility_GarchHar_covid
"Teng, ZQ; Wu, RH; He, YG","Teng, Zhuoqi; Wu, Renhong; He, Yugang",Swings in Crude Oil Valuations: Analyzing Their Bearing on China's Stock Market Returns amid the COVID-19 Pandemic Upheaval,DISCRETE DYNAMICS IN NATURE AND SOCIETY,2023,10.1155/2023/6695727,"The advent of the COVID-19 pandemic has markedly affected energy valuations and financial markets. As such, this article aims to scrutinize the dynamic interplay between stock market returns and crude oil prices, with a particular focus on China, factoring in the second-moment effect of volatility spillover. Employing an EGARCH process to model the leverage impact on returns' volatility, the analysis utilizes daily data spanning from January 30, 2020, to August 30, 2022, and incorporates causality-in-mean and variance assessments. Empirical findings indicate that the QDII-LOF benchmark, representing oil prices, exerts a substantial influence on stock market returns. Nevertheless, the complete sample reveals no discernible spillover effects attributable to oil price fluctuations. These insights imply that the Chinese government's actions should carefully weigh the ramifications of spillovers. Concurrently, investors are advised to attentively monitor the crude oil market when making portfolio allocation decisions.",,VOLATILITY SPILLOVERS; PRICE SHOCKS,Article,"Mathematics, Interdisciplinary Applications; Multidisciplinary Sciences",Mathematics; Science & Technology - Other Topics,1026-0226,English,L0FB2,Q2,market_volatility_GarchHar_covid
"Keliuotyte-Staniuleniene, G; Kviklis, J","Keliuotyte-Staniuleniene, Greta; Kviklis, Julius",Stock Market Reactions during Different Phases of the COVID-19 Pandemic: Cases of Italy and Spain,ECONOMIES,2022,10.3390/economies10010003,"The COVID-19 pandemic and pandemic-induced lockdowns and quarantine establishments have inevitably affected individuals, businesses, and governments. At the same time, the spread of the COVID-19 pandemic had a dramatic impact on financial markets all over the world and caused an increased level of uncertainty; the stock markets were no exception either. Most of the studies on the impact of the COVID-19 pandemic on stock markets are based either on the analysis of a relatively short period (the beginning of pandemic) or a longer period, which, in turn, is very heterogeneous in terms of both the information available on the COVID-19 virus and the measures taken to contain the virus and address the consequences of the pandemic. However, it is very important to assess the impact not only at the beginning of the pandemic but also in the subsequent periods and to compare the nature of this impact; the studies of this type are still fragmentary. Therefore, this research aims to investigate the impact of the COVID-19 pandemic on stock markets of two of the most severely affected European countries-Italy and Spain. To reach the aim of the research OLS regression models, heteroscedasticity-corrected models, GARCH (1,1) models, and VAR-based impulse response functions are employed. The results reveal that the stock market reaction to the spread of the COVID-19 pandemic differs depending on the country and period analyzed: OLS regression and heteroscedasticity-corrected models have not revealed the statistically significant impact of the spread of the COVID-19 pandemic, while impulse response functions demonstrated the non-zero primary response of analyzed markets to the COVID-19 shock, and GARCH models (in the case of Spain) confirmed that the COVID-19 pandemic increased the volatility of stock market return. This research contributes to the literature by providing a comprehensive impact assessment both during the whole pre-vaccination period of the pandemic and during different stages of this period.",COVID-19 pandemic; stock market; stock index; market volatility; impulse response functions; GARCH (1; 1) model,,Article,Economics,Business & Economics,,English,YN2XB,Q2,market_volatility_GarchHar_covid
"Aridi, NA; Hooi, TS; Cheong, CW","Aridi, Nor Azliana; Hooi, Tan Siow; Cheong, Chin Wen",THE VAR EVALUATION OF SHARIAH STOCK MARKET IN MALAYSIA DURING COVID-19 PANDEMIC BY USING CONDITIONAL EVT METHOD,INTERNATIONAL JOURNAL OF BUSINESS AND SOCIETY,2023,10.33736/ijbs.6403.2023,"In the current financial market, the Islamic stock market faced with a significant challenge to sustain and maintain its stability in intensified market volatility and unexpected extreme events. It can reduce the intensity and occurrence of financial crises by eliminating the primary vulnerabilities of the conventional system. This paper aims to identify the most effective method in risk evaluation by presenting the risk evaluation performance between conventional and Islamic stock market that focusing on extreme events in stock market returns. The data analysis is divided into two periods: normal and crisis COVID-19 periods. The empirical analysis, conducted within the sample employs the conditional extreme value theory (EVT) method that combine the filtered series of GARCH and EGARCH models. This filtered series will be used to generate the threshold by using the peak-over-threshold (POT) method. This threshold then will be used to estimate the generalized Pareto distribution (GPD) distribution to forecast the one-day ahead value-at-risk (VaR). The findings indicate that, in Shariah stock markets, the conditional EVT model demonstrates superior performance in forecasting stock market risk compared to the standard GARCH and EGARCH models.",Conditional EVT; Heavy-tailed; POT method; Value-at-risk,TIME,Article,Business,Business & Economics,1511-6670,English,HZ7N8,Q2,market_volatility_GarchHar_covid
"To, BCN; Nguyen, BKQ; Nguyen, TV","To, Bao Cong Nguyen; Nguyen, Bao Khac Quoc; Nguyen, Tam Van Thien",When the market got the first dose: Stock volatility and vaccination campaign in COVID-19 period,HELIYON,2023,10.1016/j.heliyon.2023.e12809,"During the COVID-19 pandemic, the news of clinical trials for vaccines and mass vaccinations have brought renewed optimism for stabilizing the economy and financial markets. However, the mental stress of investors or doubt about the effectiveness of government policies to cope with economic disruptions has caused stock market volatility. We investigate the significance of the vaccination rate in alleviating the global stock market volatility which is measured by the GJR-GARCH model. We discover that a higher vaccine initiation rate has a positive effect on global stock markets, especially in developed countries and areas with higher rates than their average. Our findings remain reliable even when using different projected volatility models and other estimates of the main independent variables. Mass immunization also implies that governments will not have to take extreme measures to handle the pandemic, which alleviates investor worries about compliance and the prolonged effects of COVID-19. Our research indicates that global stock markets are providing insight into the economic value of the development of COVID-19 vaccines, even before public vaccinations start.",COVID-19; Stock market volatility; Vaccine campaign; Vaccine initiation rate,SPECIFICATION; CURRENCY; TESTS,Article,Multidisciplinary Sciences,Science & Technology - Other Topics,,English,D3YH0,Q2,market_volatility_GarchHar_covid
"Prelorentzos, AGN; Konstantakis, KN; Michaelides, PG; Xidonas, P; Goutte, S; Thomakos, DD","Prelorentzos, Arsenios-Georgios N.; Konstantakis, Konstantinos N.; Michaelides, Panayotis G.; Xidonas, Panos; Goutte, Stephane; Thomakos, Dimitrios D.",Introducing the GVAR-GARCH model: Evidence from financial markets,JOURNAL OF INTERNATIONAL FINANCIAL MARKETS INSTITUTIONS & MONEY,2024,10.1016/j.intfin.2024.101936,"This study investigates the impact of the COVID-19 pandemic on East Asian financial markets, specifically China, Japan, Korea, Indonesia, Malaysia, and the Philippines, by introducing the innovative GVAR-GARCH model. Examining the period from November 2019 to August 2023, our findings show that while these economies initially absorbed pandemic-induced shocks, subsequent variations in daily death rates had no statistically significant effects on stock market returns or ten-year bond yields. This research deepens our understanding of market dynamics during crises and highlights the effectiveness of the proposed GVAR-GARCH model. In terms of policy implications, the study suggests that targeted measures addressing both public health and economic stability can enhance market resilience during crises. Policymakers can leverage these insights to formulate strategies that recognize the interconnectedness of health crises and financial markets, promoting economic stability in the face of unforeseen challenges.",Financial markets; East Asia; GVAR; GARCH; COVID-19; Shock; Stability; Policy; Crisis,STOCK-MARKET; VOLATILITY; IMPACT; CHINA; COINTEGRATION; TRANSMISSION; SPILLOVERS; LINKAGES; CRISIS; AREA,Article,"Business, Finance; Economics",Business & Economics,1042-4431,English,IF6K5,Q2,market_volatility_GarchHar_covid
"Cervantes, P; Díaz, A; Esparcia, C; Huélamo, D","Cervantes, Paula; Diaz, Antonio; Esparcia, Carlos; Huelamo, Diego",The impact of COVID-19 induced panic on stock market returns: A two-year experience,ECONOMIC ANALYSIS AND POLICY,2022,10.1016/j.eap.2022.10.012,"This paper explores the relationship between the stock markets of emerging and developed economies and the fear triggered by the COVID-19 pandemic crisis in a period that spans from mid-January 2020 to mid-February 2022. The potential relations are analyzed in terms of Granger causality and dynamic correlation, both from the view of raw undecomposed returns and different time-frequency decompositions derived from a previous wavelet transform screening approach. Overall, our Granger and dynamic correlation results suggest that changes in panic indexes resulting from the COVID-19 pandemic do not have a significant relation with the raw stock market returns, but the reverse occurs in terms of time-frequency decompositions. Correlation analysis also indicates that all countries have a quite similar pattern of phase transitions, with certain stages preceded by a hump and others by a valley, i.e., they exhibit both positive and negative correlations. Despite a gradual reduction in media coverage, both causal relationships and correlations between financial markets and panic indexes held in 2021 and early 2022.(c) 2022 Economic Society of Australia, Queensland. Published by Elsevier B.V. All rights reserved.",Stock market; COVID-19; Panic index; Granger causality; ADCC-GARCH,INVESTOR SENTIMENT; VOLATILITY; MODELS; GOLD,Article,Economics,Business & Economics,0313-5926,English,6I2XY,Q2,market_volatility_GarchHar_covid
"Liu, XY; Chen, ZH; Chen, ZS; Yao, YH","Liu, Xueyong; Chen, Zhihua; Chen, Zhensong; Yao, Yinhong",The time-varying spillover effect of China's stock market during the COVID-19 pandemic,PHYSICA A-STATISTICAL MECHANICS AND ITS APPLICATIONS,2022,10.1016/j.physa.2022.127821,"The rapid spread of coronavirus (COVID-19) has a significant impact on the world economy, especially on the financial market. Investors are panicking about the future. This paper considers industry data and aims to investigate the impact of the pandemic on China's stock market. The Asymmetric-GARCH-BEKK model and complex network theory were combined to construct the interaction networks. From the perspective of spillover effect, we investigated the time varying co-movement during the pandemic. The results indicate that the outbreak of COVID-19 weakens the mean spillover, but enhances the volatility spillover among China's stock market. However, both mean spillover and volatility spillover decreased rapidly during the period of regular epidemic prevention and control. We also found that different industries have various sensitivity to the COVID-19 pandemic. (C) 2022 Elsevier B.V. All rights reserved.",Coronavirus; Spillover effect; Financial networks; Co-movement; GARCH-BEKK model,VOLATILITY SPILLOVERS; COMMODITIES; OIL,Article,"Physics, Multidisciplinary",Physics,0378-4371,English,5C3OZ,Q2,market_volatility_GarchHar_covid
"Khan, MN","Khan, Muhammad Niaz",Impact of COVID-19 Crisis on Volatility Spillovers across Global Financial Markets: Evidence from Asymmetric GARCH Models,JOURNAL OF ECONOMIC INTEGRATION,2024,10.11130/jei.2024005,"This study investigates the market volatility and asymmetric behavior in the commodity market, foreign exchange market, cryptocurrency, and stock markets by employing asymmetric GARCH models on the daily time series returns. The data covers the period from March 8, 2017, to March 17, 2023, and is divided in to three sub-periods: the entire sample period (March 8, 2017, to March 17, 2023), the pre-COVID-19 period (March 8, 2017, to March 10, 2020), and the during the COVID-19 period (March 11, 2020, to March 17, 2023). The empirical results show a high level of volatility persistence in all the financial markets during the COVID-19 pandemic. Additionally, the results indicate significant positive asymmetric behavior in the crude oil and stock markets during the pandemic. The findings further document that gold exhibits a strong resilience during the pandemic period, indicating its hedging ability during crisis periods. Moreover, the results suggest that the EGARCH model is the most appropriate model to capture the volatilities of the financial markets both before and during the pandemic. The findings of this study provide useful insights for investors and policymakers, enabling them to adopt effective strategies for investing in portfolios during crisis periods in the future.",bitcoin; commodity; exchange; stocks; COVID-19 pandemic; volatility spillover,STOCK MARKETS; OIL,Article,Economics,Business & Economics,1225-651X,English,TH9B9,Q2,market_volatility_GarchHar_covid
"Coronado, S; Martinez, JN; Gualajara, V; Romero-Meza, R; Rojas, O","Coronado, Semei; Martinez, Jose N.; Gualajara, Victor; Romero-Meza, Rafael; Rojas, Omar",Time-Varying Granger Causality of COVID-19 News on Emerging Financial Markets: The Latin American Case,MATHEMATICS,2023,10.3390/math11020394,"This study uses daily COVID-19 news series to determine their impact on financial market volatility. This paper assesses whether U.S. financial markets react differently to COVID-19 news than emerging markets and if such markets are impacted differently by country-specific and global news. To detect the spillover effects from news on market volatility, a time-varying DCC-GARCH model was applied. The results suggest that the U.S. and emerging markets are affected differently by pandemic news, global series have a stronger impact on emerging markets than country-specific ones, and misleading information plays a significant role in financial market volatility, especially for the U.S.",COVID-19 news; volatility; granger causality; time-varying; time series; financial markets,INVESTOR SENTIMENT; STOCK-MARKET; CRUDE-OIL; TESTS; VOLATILITY; VARIANCE; RETURNS; EQUITY,Article,Mathematics,Mathematics,,English,8Q1EZ,Q2,market_volatility_GarchHar_covid
"Ali, K; Ashfaque, M; Saleem, A; Bárczi, J; Sági, J","Ali, Kashif; Ashfaque, Muhammad; Saleem, Adil; Barczi, Judit; Sagi, Judit",Did the Islamic Stock Index Provide Shelter for Investors during the COVID-19 Crisis? Evidence from an Emerging Stock Market,RISKS,2022,10.3390/risks10060109,"The economic and financial chaos caused by COVID-19 has been a discussion topic since the beginning of 2020. This study intends to provide a parallel comparison of volatility change and external shock persistence of the Islamic and conventional stock indexes of the Pakistan Stock Exchange. The daily stock index was extracted from Eikon Thomson Reuters for the conventional and Islamic stock index from Jan 2018 to April 2021, which was further divided in three periods, i.e., full, pre-, and post-pandemic period. The data have been analyzed using generalized autoregressive conditional heteroscedasticity (GARCH). An optimally parameterized GARCH (1,1) model is used to measure volatility change for both the pre- to post-pandemic periods. The results suggest that the magnitude of risk in a conventional index is significantly higher than that of the Islamic stock index for the period of study. However, the level of COVID shock persistence is longer in the KSE (conventional) index compared to the KMI (Islamic) index.",emerging market; Islamic stocks; COVID-19; risk and volatility,VOLATILITY; PERCEPTION; MODELS; RISK,Article,"Business, Finance",Business & Economics,,English,2K3UY,Q2,market_volatility_GarchHar_covid
"Shiba, S; Cunado, J; Gupta, R","Shiba, Sisa; Cunado, Juncal; Gupta, Rangan",Predictability of the Realised Volatility of International Stock Markets Amid Uncertainty Related to Infectious Diseases,JOURNAL OF RISK AND FINANCIAL MANAGEMENT,2022,10.3390/jrfm15010018,"In the context of the great turmoil in the financial markets caused by the COVID-19 pandemic, the predictability of daily infectious diseases-related uncertainty (EMVID) for international stock markets volatilities is examined using heterogeneous autoregressive realised variance (HAR-RV) models. A recursive estimation approach in the short-, medium- and long-run out-of-sample predictability is considered and the main findings show that the EMVID index plays a significant role in forecasting the volatility of international stock markets. Furthermore, the results suggest that the most vulnerable stock markets to EMVID are those in Singapore, Portugal and The Netherlands. The implications of these results for investors and portfolio managers amid high levels of uncertainty resulting from infectious diseases are discussed.",uncertainty; infectious diseases; COVID-19; international stock markets; realised volatility; forecasting,PRECIOUS-METAL,Article,"Business, Finance",Business & Economics,1911-8066,English,YQ7WZ,Q2,market_volatility_GarchHar_covid
"Yan, JL","Yan, Jiale","Nonlinear Dependence Structure Between BRICS Stock Markets, Gold, and Cryptocurrencies",MANCHESTER SCHOOL,2026,10.1111/manc.70009,"This study aims to conduct an in-depth analysis of the complex nonlinear dependence relationships between cryptocurrencies and gold within the stocks of BRICS countries. The study employs a GARCH-EVT-Vine-Copula and wavelet coherence models to evaluate the interconnectedness, tail risk and Co-movement pattern of these assets before and after the outbreak of COVID-19. The findings reveal that, prior to COVID-19, significant tail dependence existed between China's stock market, the cryptocurrency index, and the indices of India and Russia, while other indices exhibited only weak dependence. However, after the outbreak of COVID-19, the tail dependence among variables became more pronounced. The South African stock market appears to have emerged as the center of extreme lower-tail risk spillovers among the studied variables. During the COVID-19 outbreak, cryptocurrency markets demonstrated stronger coherence with global stock markets than gold, especially in the US market, potentially compromising their diversification effectiveness. Furthermore, our empirical results were validated by the Kupiec test and the Christoffersen test. The results of this study not only enhance the theoretical understanding of risk management in emerging markets during periods of extreme market crises but also provide valuable insights for policymakers in formulating strategies to ensure financial market stability.",BRICS; copula; cryptocurrency; gold; wavelet,ECONOMIC-POLICY UNCERTAINTY; SAFE-HAVEN; VOLATILITY; BITCOIN; CONNECTEDNESS; DOLLAR; RISK,Article,Economics,Business & Economics,1463-6786,English,X1965,Q2,market_volatility_GarchHar_covid
"Mishra, A; Dash, AK","Mishra, Amritkant; Dash, Ajit Kumar",Return volatility of Asian stock exchanges; a GARCH DCC analysis with reference of Bitcoin and global crude oil price movement,JOURNAL OF CHINESE ECONOMIC AND FOREIGN TRADE STUDIES,2024,10.1108/JCEFTS-01-2024-0009,"PurposeThis study aims to investigate the conditional volatility of the Asian stock market concerning Bitcoin and global crude oil price movement.Design/methodology/approachThis study uses the newest Dynamic Conditional Correlation (DCC)-Generalized Autoregressive Conditional Heteroskedasticity (GARCH) model to examine the conditional volatility of the stock market for Bitcoin and crude oil prices in the Asian perspective. The sample stock market includes Chinese, Indian, Japanese, Malaysian, Pakistani, Singaporean, South Korean and Turkish stock exchanges, with daily time series data ranging from 4 April 2015-31 July 2023.FindingsThe outcome reveals the presence of volatility clustering on the return series of crude oil, Bitcoin and all selected stock exchanges of the current study. Secondly, the outcome of DCC, manifests that there is no short-run volatility spillover from crude oil to the Malaysian, Pakistani and South Korean and Turkish stock markets, whereas Chinese, Indian, Japanese, Singapore stock exchanges show the short-run volatility spillover from crude oil in the short run. On the other hand, in the long run, there is a volatility spillover effect from crude oil to all the stock exchanges. Thirdly, the findings suggest that there is no immediate spillover of volatility from Bitcoin to the stock markets return volatility of China, India, Malaysia, Pakistan, South Korea and Singapore. In contrast, both the Japanese and Turkish stock exchanges exhibit a short-term volatility spillover from Bitcoin. In the long term, a volatility spillover effect from Bitcoin is observed in all stock exchanges except for Malaysia. Lastly, based on the outcome of conditional variance, it can be concluded that there was increase in the return volatility of stock exchanges during the period of the COVID-19 pandemic.Research limitations/implicationsThe analysis below does not account for the bias induced due to certain small sample properties of DCC-GARCH model. There exists a huge literature that suggests other methodologies for small sample corrections such as the DCC connectedness approach. On the other hand, decisive corollaries of the conclusions drawn above have been made purely based on a comprehensive investigation of eight Asian stock exchange economies. However, there is scope for inclusive examination by considering other Nordic and Western financial markets with panel data approach to get more robust inferences about the reality.Originality/valueMost of the empirical analysis in this perspective skewed towards the Nordic and Western countries. In addition to that many empirical investigations examine either the impact of crude oil price movement or Bitcoin performance on the stock market return volatility. However, none of the examinations quests the crude oil and Bitcoin together to unearth their implication on the stock market return volatility in a single study, especially in the Asian context. Hence, current investigation endeavours to examine the ramifications of Bitcoin and crude oil price movement on the stock market return volatility from an Asian perspective, which has significant implications for the investors of the Asian financial market.",Stock market; Bitcoin; Crude oil; Return volatility and GARCH DCC; E31; G11; G14; G17,CRYPTOCURRENCIES,Article,Economics,Business & Economics,1754-4408,English,WA4A0,Q2,market_volatility_GarchHar_covid
"Gherghina, SC; Armeanu, DS; Joldes, CC","Gherghina, Stefan Cristian; Armeanu, Daniel Stefan; Joldes, Camelia Catalina",COVID-19 Pandemic and Romanian Stock Market Volatility: A GARCH Approach,JOURNAL OF RISK AND FINANCIAL MANAGEMENT,2021,10.3390/jrfm14080341,"This paper investigates the volatility of daily returns on the Romanian stock market between January 2020 and April 2021. Volatility is analyzed by means of the representative index for Bucharest Stock Exchange (BSE), namely, the Bucharest Exchange Trading (BET) index, along with twelve companies traded on BSE. The quantitative investigation was performed using GARCH approach. In the survey, the GARCH model (1,1) was applied to explore the volatility of the BET and BSE traded shares. Conditional volatility for the daily return series showed noticeable evidence of volatility that shifts over the explored period. In the first quarter of 2020, the Romanian equity market volatility increased to a level very close to that recorded during the global financial crisis of 2007-2009. Over the next two quarters, volatility had a downward trend. Besides, after VAR estimation, no causal connection was found among the COVID-19 variables and the BET index.",Romanian stock market; volatility clustering; autocorrelation; COVID-19; GARCH models; vector autoregression model; Granger causality,IMPACT; GOLD; DCC; BITCOIN; INDEX; RISK; OIL,Article,"Business, Finance",Business & Economics,1911-8066,English,UG9TX,Q2,market_volatility_GarchHar_covid
"Lebdaoui, H; Kiyadi, I; Bendriouch, FZ; Chetioui, Y; Lebdaoui, F; Alhayki, Z","Lebdaoui, Hind; Kiyadi, Ikram; Bendriouch, Fatima Zahra; Chetioui, Youssef; Lebdaoui, Firdaous; Alhayki, Zainab",The impact of COVID-19 stringency measures on emerging stock market stability: Does economic resilience matter?,JOURNAL OF ECONOMIC AND ADMINISTRATIVE SCIENCES,2024,10.1108/JEAS-04-2023-0083,"PurposeThe current research aims to investigate the impact of coronavirus 2019 (COVID-19) evolution, government stringency measures and economic resilience on stock market volatility in the Middle East and North African (MENA) emerging markets. Other macroeconomic factors were also taken into account.Design/methodology/approachBased on financial data from 10 selected MENA countries, we tested an integrated framework that has not yet been explored in prior research. The exponential generalized autoregressive conditional heteroskedasticity (E-GARCH) was adopted to analyze data from March 2020 to February 2022.FindingsOur research illustrates the direct and indirect effects of the virus outbreak on stock market stability and reports that economic resilience could alleviate the volatility shock. This finding is robust across the various proxies of economic resilience used in this study. We also argue that the negative impact of the pandemic on equity market variation gets more pronounced in countries with higher level of stringency scores.Practical implicationsPolicymakers ought to strengthen their economic structures and reinforce the economic governance at the national level to gain existing and potential investors' trust and ensure lower stock market volatilities in times of crisis. Our study also recommends some key economic factors to consider while establishing efficient policies to tackle unexpected shocks and prevent financial meltdowns.Originality/valueOur findings add to the evolving literature on the reaction of economic and financial markets to the sanitary crisis, particularly in developing countries where research is still scarce. This study is the first of its kind to investigate the stock market reaction to stringency measures in the understudied MENA region.",COVID-19; Volatility; Stringency measures; Economic resilience; EGARCH,VOLATILITY,Article; Early Access,Economics,Business & Economics,1026-4116,English,E3S9X,Q2,market_volatility_GarchHar_covid
"Al-Khazaleh, S; Badwan, N; Eriqat, I; El Shlmani, Z","Al-Khazaleh, Suhaib; Badwan, Nemer; Eriqat, Ibrahim; El Shlmani, Zahra",COVID-19 pandemic and linkage between stock markets in Middle Eastern countries,JOURNAL OF CHINESE ECONOMIC AND FOREIGN TRADE STUDIES,2024,10.1108/JCEFTS-01-2024-0010,"PurposeThe purpose of this study is to evaluate the linkage between stock markets in Middle Eastern countries before and during the COVID-19 pandemic by using daily and monthly data sets for the period from 2011 to 2021.Design/methodology/approachThe multivariate BEKK-GARCH model was computed to evaluate the existence of non-linear linkage among Middle Eastern stock markets. A correlation approach was used in this study to determine the type of linear connectivity between Middle Eastern stock markets. The study used monthly and daily data sets covering the years 2011 to 2021 to investigate the linkage between stock returns and the volatility spillover between the stock markets in Palestine, Jordan, Syria and Lebanon, both before and during COVID-19. To understand the types of relationships between markets before and during COVID-19, the daily data set was split into two periods.FindingsResults from the pre-COVID-19 suggest that the Syria stock market is not related to any stock market in the Middle East markets; the Palestine and Lebanon stock markets exhibit a weak relationship, but Jordan and Palestine stock markets are strongly linked. Conversely, results from COVID-19 evince a very strong bidirectional volatility spillover between Middle East stock markets. Overall, the results indicate the existence of increased linkage during the COVID-19.Research limitations/implicationsThe data collection on a daily and monthly basis, both before and during COVID-19, presents certain limitations for the paper. Another limitation is that the data cannot be generalized to all other Middle Eastern countries; rather, the conclusions drawn can only be applied to these four countries. This is especially true if the scholars collected most of the necessary data but were unable to obtain certain data for various reasons.Practical implicationsThese findings have implications for risk management, market regulation and the growth of local stock markets. Facilitating the growth of smaller, more specialized markets to improve integration with other Middle Eastern markets is one of the goals of the domestic stock market development policy. To ensure financial stability, Middle Eastern stock market linking policies should consider spillover risk and take steps to minimize it. Enhancing the range of investment opportunities accessible to shareholders and functioning as confidential risk-sharing mechanisms to facilitate improved risk management in Middle Eastern stock markets will not only significantly influence the mobilization of private capital to promote investment and local economic growth but also lay groundwork for integrated market platforms.Originality/valueThis paper adds to the body of literature by demonstrating the nature of the connections between these small markets and the larger markets in the Middle East region. Information from the smaller markets provides institutional insights that enhance the body of existing research, guide the formulation of evidence-based policies and advance financial literacy in these markets. This study contributes by comparing data from different stock markets to better understand the type and strength of the link and relationship between Middle Eastern stock markets, as well as any underlying or reinforcing factors that might have contributed to the relationship and the specific types of links that these markets shared prior and during COVID-19.",COVID-19 pandemic; Correlation; Middle East stock markets; Financial markets integration; Stock market linkage; Volatility spillover; F36; G15; G40; I18,INTEGRATION; ECONOMIES; AFRICA,Article,Economics,Business & Economics,1754-4408,English,L8S3Z,Q2,market_volatility_GarchHar_covid
"Jana, S; Sahu, TN","Jana, Susovon; Sahu, Tarak Nath",Can diversification be improved by using cryptocurrencies? Evidence from Indian equity market,JOURNAL OF FINANCIAL ECONOMIC POLICY,2023,10.1108/JFEP-02-2023-0047,"Purpose - This study aims to investigate the possibilities of cryptocurrencies as hedges and diversifiers in the Indian stock market before and during financial crisis due to the pandemic and the Russia-Ukraine war. Design/methodology/approach - Researchers have used daily data on cryptocurrencies and Indian stock prices from March 10, 2015 to August 26, 2022. The researchers have used the dynamic conditional correlations (DCC)-GARCH model to determine the volatility spillover and dynamic correlation between stocks and digital currencies. Further, researchers have explored hedge ratio, portfolio weight and hedging effectiveness using the estimates of the DCC-GARCH model. Findings - The findings indicate a negative conditional correlation between equities and cryptocurrencies before the crisis and a positive conditional correlation except for Tether during the crisis. Which implies that cryptocurrencies serve as a hedging asset in the stock market before a crisis but are not more than a diversifier during the crisis, except for Tether. Notably, Tether serves as a safe haven during times of crisis. Finally, the study suggests that Bitcoin, Ethereum, Binance Coin and Ripple are the most effective diversifiers for Indian stocks during the crisis. Originality/value - This study makes several contributions to the existing literature. First, it compares the hedge and diversification roles of cryptocurrencies in the Indian stock market before and during crisis. Second, the study findings provide insights on risk hedging and can serve as a guide for investors. Third, it may help rational investors avoid underestimating riskwhile constructing portfolios, particularly in times of financial turmoil.",Cryptocurrency; Stock market; Hedge ratio; Hedging effectiveness; DCC-GARCH,DYNAMIC CONDITIONAL CORRELATION; SAFE-HAVEN; HEDGE; GOLD; BITCOIN; TRANSMISSION; INVESTMENT; COVID-19; PRICES; BONDS,Article,Economics,Business & Economics,1757-6385,English,W5QV7,Q2,market_volatility_GarchHar_covid
"Ullah, A; Peng, KL; Lu, CC; Jin, Y","Ullah, Aziz; Peng, Kang-Lin; Lu, Chih-Chiang; Jin, Ying",Impacts of geographical conflicts on risk tango between oil and equity markets: An empirical evidence from oil-importing and exporting nations,NORTH AMERICAN JOURNAL OF ECONOMICS AND FINANCE,2025,10.1016/j.najef.2025.102419,"This study investigates the impact of the Russia-Ukraine conflict and the Israel-Palestine dispute on the risk tango between West Texas Intermediate (WTI) and Brent oil returns on oil-importing and exporting equity markets. The Findings are as follows: Firstly, the current conditional volatility in these markets relies heavily on volatility caused by geographical conflicts. Secondly, the time-varying co-movement shows that WTI has countercyclical behaviour with India and the US in the long run. At the same time, Brent exhibits contrasting cyclical with Japan and countercyclical relationships with the USA and India. Thirdly, our NET plots visualize the fluctuation amid Russia-Ukraine and Israeli-Palestine tension and similar co-movement trends witnessed in wavelet analysis. Lastly, it reveals that geopolitical tension has widespread implications for regional economies. Furthermore, the portfolio weights recommend that investors diversify and apportion more than 50% to oil assets. However, Brent offers superior cheap hedging, particularly for oil exporting, while WTI is more cost-effective for oil-importing economies.",Brent; WTI; Volatility spillover; ADCC-GARCH; War conflicts,DYNAMIC CONDITIONAL CORRELATION; STOCK-MARKET; CRUDE-OIL; PRICE VOLATILITY; RETURNS EVIDENCE; SPILLOVERS; CAUSALITY; COVID-19; SHOCKS; CRISIS,Article,"Business, Finance; Economics",Business & Economics,1062-9408,English,1LH0J,Q2,market_volatility_GarchHar_covid
"Emenike, KO","Emenike, Kalu O.",COVID-19 pandemic and stock market linkages in Southern African Customs Union: a volatility spillover analysis,HUMANITIES & SOCIAL SCIENCES COMMUNICATIONS,2026,10.1057/s41599-026-06584-7,"Despite the numerous implications, extant literature reveals a notable absence of the nature of stock market linkages in the Southern African Customs Union (SACU). This gap provides a motivation to investigate the linkages between SACU markets. Hence, this paper evaluates the linkages between four of the five stock markets in the SACU before and during the COVID-19 pandemic: Botswana, Eswatini, Namibia, and South Africa, using the bivariate Baba-Engle-Kraft-Kroner (BEKK) GARCH model and correlation analysis. The results from the pre-COVID-19 pandemic era suggest the absence of any linkage between small SACU stock markets (Botswana and Eswatini) and the South African stock market, except for the Namibian stock market. In addition, there is a weak relationship among the small markets. Conversely, the COVID-19 era results show evidence of a strong linkage among the SACU stock markets, suggesting the existence of increased linkage during the COVID-19 pandemic era. These findings not only close an important literature gap but are also important for market risk diversification and financial market stability within the Union. They are equally useful to investors in their search to understand the dynamic linkages between stock markets in the SACU during crisis periods.",,INTEGRATION,Article,"Humanities, Multidisciplinary; Social Sciences, Interdisciplinary",Arts & Humanities - Other Topics; Social Sciences - Other Topics,,English,FQ1QN,Q2,market_volatility_GarchHar_covid
"Muzindutsi, PF; Sheodin, A; Moodley, J; Moodley, K; Naidoo, M; Ramjiyavan, P; Moonsamy, R; Pillay, TA; Dube, F","Muzindutsi, Paul-Francois; Sheodin, Akita; Moodley, Joshua; Moodley, Khmera; Naidoo, Mayuri; Ramjiyavan, Purusha; Moonsamy, Rinay; Pillay, Tiffany A.; Dube, Fikile",Contagion Risk in Equity Markets During Financial Crises and COVID-19: A Comparison of Developed and Emerging Markets,SCIENTIFIC ANNALS OF ECONOMICS AND BUSINESS,2022,10.47743/saeb-2022-0026,"This study compared the impact of the Global Financial Crisis (GFC) and the COVID-19 pandemic on financial market contagion between developed and emerging markets. A DCC-GARCH model was employed to test the contagion effects of developed and emerging markets using weekly returns for the S&P 500 (US), FTSE-100 (UK), ASX 200 (AUS), IBOVESPA (BRA), BSE SENSEX (IND) and BVM IPC (MEX). The results show that there was a persuasive case made for the integration of markets for efficient financial systems. A crisis occurring in one market holds significant repercussions for any of the connected markets. The findings show that the COVID-19 pandemic affected all the markets more severely than the GFC and contagion effects were more pronounced in emerging markets than in developed markets during the GFC and the pandemic. Consequently, policymakers in emerging markets should implement policies that reduce external vulnerabilities and improve their markets' stability to reduce the impact of contagion risk.",contagion; financial crisis; COVID-19; DCC-GARCH model; internationalization,DYNAMIC CONDITIONAL CORRELATION; STOCK-MARKET; VOLATILITY; DCC,Article,Economics,Business & Economics,2501-1960,English,7S8QQ,Q2,market_volatility_GarchHar_covid
"Coskun, EA","Coskun, Esra Alp",Feedback trading in global stock markets under uncertainty of COVID-19,REVIEW OF BEHAVIORAL FINANCE,2023,10.1108/RBF-08-2021-0154,"Purpose Although some research has been carried out on feedback trading in different asset classes, there have been few empirical investigations that consider both major and emerging stock markets (Koutmos, 1997; Antoniou et al., 2005; Kim, 2009) stock index futures (Salm and Schuppli, 2010). In this study, the author examines positive/negative feedback trading in both developed-emerging-frontier-standalone (51) stock markets for 2010-2020 and sub-periods including COVID-19 period. Design/methodology/approach The hypothesis feedback trading behaviour led the price boom/bust in the stock markets during the first quarter of COVID-19 pandemic is tested by employing the Sentana and Wadhwani (1992) framework and using asymmetrical GARCH models (GJRGARCH, EGARCH) in accordance with the empirical literature. Findings The following conclusions can be drawn from the present study; (1) There is no evidence to support a significant distinction between developed, emerging, frontier or standalone markets or high/upper middle, lower middle income economies in the case of feedback trading. It is more likely to be a general phenomenon reflecting the outcomes of general human psychology (2) in the long term (2010-2020) based on the feedback trading results Asian stock markets appear to be far from efficiency. Research limitations/implications Stock markets are selected based on data availability. Practical implications Several inferences can be drawn about overall results. First, investors and portfolio managers should beware of their investment decisions during bearish market conditions where volatility is on the rise and also when there is a strong reaction to bad news/negative shocks in the market. Moreover, investing in Asia stock markets may require more attention since those markets are reputed to be more idiosyncratic, less reliant on economic and corporate fundamentals in their pricing. Moreover, the impact of foreign investors on stock market volatility and returns and weaker implementation of regulations also affect the efficiency of the markets (Lipinsky and Ong, 2014). Originality/value To the best of the author's knowledge, most studies in the field of feedback trading in stock markets have only focused on a small sample of countries and second, the effect of COVID-19 uncertainty on the stock markets have not been addressed in the literature with respect to feedback trading. This paper fills these literature gaps. This study is expected to provide useful insights for understanding the instabilities in stock markets particularly under conditions of high uncertainty and to fill the gap in the literature by comparing the results for a large sample of countries both in the long term and in the pandemic.",Feedback trading; Asymmetric GARCH models; Stock markets; COVID-19; Uncertainty; G15; G41; N20,INVESTOR SENTIMENT; PRICE; AUTOCORRELATION; VOLATILITY; RETURNS; TRADERS; OVERREACTION; HEURISTICS; STRATEGIES; FREQUENCY,Article,"Business, Finance",Business & Economics,1940-5979,English,P4CP1,Q2,market_volatility_GarchHar_covid
"Soltani, H; Abbes, MB","Soltani, Hayet; Abbes, Mouna Boujelbene",The impact of the COVID-19 pandemic on the nexus between the investor's sentiment and the financial market dynamics: evidence from the Chinese market,ASIA-PACIFIC JOURNAL OF BUSINESS ADMINISTRATION,2023,10.1108/APJBA-07-2021-0326,"Purpose - This study aims to investigate the impact of the COVID-19 pandemic on both of stock prices and investor's sentiment in China during the onset of the COVID-19 crisis. Design/methodology/approach - In this study, the ADCC-GARCH model was used to analyze the asymmetric volatility and the time-varying conditional correlation among the Chinese stock market, the investors' sentiment and its variation. The authors relied on Diebold and Yilmaz (2012, 2014) methodology to construct network-associated measures. Then, the wavelet coherence model was applied to explore the comovements between these variables. To check the robustness of the study results, the authors referred to the RavenPack COVID sentiments and the Chinese VIX, as other measures of the investor's sentiment using daily data from December 2019 to December 2021. Findings - Using the ADCC-GARCH model, a strong co-movement was found between the investor's sentiment and the Shanghai index returns during the COVID-19 pandemic. The study results provide a significant peak of connectivity between the investor's sentiment and the Chinese stock market return during the 2015-2016 and the end of 2019-2020 turmoil periods. These periods coincide, respectively, with the 2015 Chinese economy recession and the COVID-19 pandemic outbreak. Furthermore, the wavelet coherence analysis confirms the ADCC results, which revealed that the used proxies of the investor's sentiment can detect the Chinese investors' behavior especially during the health crisis. Practical implications - This study provides two main types of implications: on the one hand, for investors since it helps them to understand the economic outlook and accordingly design their portfolio strategy and allocate decisions to optimize their portfolios. On the other hand, for portfolios managers, who should pay attention to the volatility spillovers between investor sentiment and the Chinese stock market to predict the financial market dynamics during crises periods and hedge their portfolios. Originality/value - This study attempted to examine the time-varying interactions between the investor's sentiment proxies and the stock market dynamics. Findings showed that the investor's sentiment is considered a prominent channel of shock spillovers during the COVID-19 crisis, which typically confirms the behavioral contagion theory.",COVID-19 pandemic; Investors' sentiment; Chinese stock market; ADCC-GARCH; Wavelet coherence; Diebold-Yilmaz spillover index,STOCK-MARKET; VOLATILITY TRANSMISSION; CONTAGION; RETURNS; CRISIS; OIL,Article,Business,Business & Economics,1757-4323,English,Y4XH3,Q2,market_volatility_GarchHar_covid
"Pham, SD; Nguyen, TTT; Do, HX; Vo, XV","Pham, Son Duy; Nguyen, Thao Thac Thanh; Do, Hung Xuan; Vo, Xuan Vinh",Portfolio diversification during the COVID-19 pandemic: Do vaccinations matter?,JOURNAL OF FINANCIAL STABILITY,2023,10.1016/j.jfs.2023.101118,"The COVID-19 vaccine rollout expects to mitigate the severe negative impacts of the pandemic on global financial markets. Our study provides supporting evidence for this expectation. We find robust evidence that vaccinations significantly reduce the cross-country stock volatility connectedness among G7 nations, suggesting that the diversification benefits of an international equity portfolio may be enhanced during the pandemic when vaccinations accelerate. We present two explanations for this result. First, the vaccine deployment improves stock market return and decreases individual stock market volatility. Second, the vaccine rollout helps a country's stock market be more resilient to exogenous shocks. We further demonstrate that a global portfolio using a tactical allocation rule based on the intensity of vaccinations can outperform a buy-and-hold portfolio in terms of risk-adjusted returns.",COVID-19 vaccinations; Portfolio diversification; Volatility connectedness; Performance evaluation; Multivariate heterogeneous autoregressive model,RETURN VOLATILITY; TRADING VOLUME; REALIZED VOLATILITY; SPILLOVERS; MODEL; CONNECTEDNESS; VARIANCE; DYNAMICS; MARKETS; IMPACT,Article,"Business, Finance; Economics",Business & Economics,1572-3089,English,9J0LO,Q2,market_volatility_GarchHar_covid
"Mobin, MA; Hassan, MK; Khalid, A; Abdul-Rahim, R","Mobin, Mohammad Ashraful; Hassan, M. Kabir; Khalid, Airil; Abdul-Rahim, Ruzita",COVID-19 pandemic and risk dynamics of financial markets in G7 countries,INTERNATIONAL JOURNAL OF ISLAMIC AND MIDDLE EASTERN FINANCE AND MANAGEMENT,2022,10.1108/IMEFM-09-2021-0358,"Purpose The purpose of this study is twofold: to examine the effects of the COVID-19 pandemic on the risk dynamics of stock and bond markets in G7 countries; and to examine if the stock-bond risk dynamics can be linked to government measures to contain the pandemic. Design/methodology/approach To examine the pandemic impact on the risk dynamics of the bond and stock markets, this study chooses G7 countries for their efficient financial market properties. This study uses standard generalized autoregressive conditional heteroskedasticity (GARCH) (1,1) and exponential GARCH (1,1) models to determine the most volatile and sensitive market, most persistent market during the crisis and the leverage effect between stock and bond markets. This study then uses a panel study to investigate whether this volatility in stock and bond markets is affected by the COVID-19 cases and various government responses (fiscal stimulus packages, monetary policy, emergency investment in health care and vaccine investment). Findings The findings of the study confirm that the bad news of the pandemic is causing higher volatility than good news for all seven stock markets. Canadian stock and bond markets are the most volatile, and Italian bond and stock markets are the most sensitive G7 countries. Japan has shown the highest persistence, and the stock market exhibits higher leverage than the bond market. Fiscal stimulus packages are helping to reduce bond market volatility, but none of these measures are effective in the stock market. Research limitations/implications The pandemic is still spreading, and the rate at which it spreads wildly will always pose a limitation to any attempt to examine its full effect. Practical implications Investigation of market volatility will help policymakers and market players formulate the best strategies to overcome and exit the crisis and plan post-pandemic solutions. It provides valuable insights for investors to rebalance their portfolios during highly volatile markets while preserving their risk appetite and investment objectives. Originality/value The paper provides evidence on the impact of the pandemic-induced crisis and the respective government responses on the volatility of competing capital markets (stock and bond) in countries that are considered most efficient in reflecting news.",COVID-19 pandemic; Risk dynamics; Financial market volatility; Government measures; G7 countries; Government crisis measures; Stock and bond markets,VOLATILITY; RETURNS,Article,"Business, Finance; Management",Business & Economics,1753-8394,English,0O5DK,Q2,market_volatility_GarchHar_covid
"Liu, K","Liu, Kerry",The effects of COVID-19 on Chinese stock markets: an EGARCH approach,ECONOMIC AND POLITICAL STUDIES-EPS,2021,10.1080/20954816.2020.1814548,"Coronavirus disease 2019 (COVID-19), the disease caused by the novel coronavirus SARS-CoV-2, has greatly affected financial markets, economies and societies worldwide. This study focusses on the Chinese stock markets. Based on Google Trends data during the period from 1 January 2020 to 12 April 2020, and using the exponential generalised autoregressive conditional heteroskedastic (EGARCH) model, this study finds that the higher uncertainty resulting from the COVID-19 pandemic is significantly associated with the drop in China's composite index, but this impact varies by sectors. Simultaneously, the higher uncertainty due to COVID-19 is significantly associated with greater volatility in stock returns for both the composite index and sector indices.",Coronavirus; COVID-19; EGARCH; volatility; Chinese stock markets; pandemic,OIL PRICE SHOCKS; GOOGLE-TRENDS; INDEXES,Article,"Social Sciences, Interdisciplinary",Social Sciences - Other Topics,2095-4816,English,ST1ZZ,Q2,market_volatility_GarchHar_covid
"Ghani, M; Ghani, U","Ghani, Maria; Ghani, Usman",Economic Policy Uncertainty and Emerging Stock Market Volatility,ASIA-PACIFIC FINANCIAL MARKETS,2024,10.1007/s10690-023-09410-1,"This research examines the effect of economic policy uncertainty (EPU) indices on Pakistan's stock market volatility. Particularly, we examine the impact of the economic policy uncertainty index for Pakistan and bilateral global trading partner countries, the US, China, and the UK. We employ the GARCH-MIDAS model and combination forecast approach to evaluate the performance of economic uncertainty indices. The empirical findings show that the US economic policy uncertainty index is a more powerful predictor of Pakistan stock market volatility. In addition, the EPU index for the UK also provides valuable information for equity market volatility prediction. Surprisingly, Pakistan and China EPU indices have no significant predictive information for volatility forecasting during the sample period. Lastly, we find evidence of all uncertainty indices during economic upheaval from the COVID-19 pandemic. We obtained identical results even during the Covid-19. Our findings are robust in various evaluation methods, like MCS tests and other forecasting windows.",Economic policy uncertainty; Stock market volatility; GARCH-MIDAS model; MCS test; COVID-19,CRUDE-OIL; POLITICAL UNCERTAINTY; COMBINATION FORECASTS; RETURNS EVIDENCE; FUTURES MARKET; PRICE; GROWTH; SHOCKS; MODEL,Article,Economics,Business & Economics,1387-2834,English,IQ2E4,Q2,market_volatility_GarchHar_covid
"Brania, K; Gurgul, H","Brania, Krzysztof; Gurgul, Henryk",CONTAGION EFFECTS ON CAPITAL AND FOREX MARKETS AROUND GFC AND COVID-19 CRISES. A COMPARATIVE STUDY,OPERATIONS RESEARCH AND DECISIONS,2021,10.37190/ord210203,"The spread of crises across the financial and capital markets of different countries has been studied. The standard method of contagion detection is based on the evolution of the correlation matrix for the example of exchange rates or returns, usually after removing univariate dynamics with the GARCH model. It is a common observation that crises that have occurred in one financial market are usually transmitted to other financial markets/countries simultaneously and that they are visible in different financial variables such as returns and volatility which determine probability distribution. The changes in distributions can be detected through changes in the descriptive statistics of, e.g., returns characterised by expected value, variance, skewness, kurtosis, and other statistics. They determine the shape of the distribution function of returns. These descriptive statistics display dynamics over time. Moreover, they can interreact within the given financial or capital market and among markets. We use the FX currency cluster represented by some of the major currencies and currencies of the Visegrad group. In analysing capital markets in terms of equity indexes, we chose developed markets, such as DAX 30, AEX 25, CAC 40, EURSTOXX 50, FTSE 100, ASX 200, SPX 500, NASDAQ 100, and RUSSEL 2000. We aim to check the changes in descriptive statistics, matrices of correlation concerning exchange rates, returns and volatility based on the data listed above, surrounding two crises: the global financial crisis (GFC) in 2007-2009 and Covid 2019.",contagion; correlation; exchange rates; returns; volatility; GFC in 2007-2009; Covid 2019,STOCK-MARKET; FINANCIAL-MARKETS; SPATIAL CONTAGION; INTEGRATION; DEPENDENCE; CURRENCY,Article,Operations Research & Management Science,Operations Research & Management Science,2081-8858,English,UL3KA,Q2,market_volatility_GarchHar_covid
"Chocholatá, M","Chocholata, Michaela",VOLATILITY REGIMES OF SELECTED CENTRAL EUROPEAN STOCK RETURNS: A MARKOV SWITCHING GARCH APPROACH,JOURNAL OF BUSINESS ECONOMICS AND MANAGEMENT,2022,10.3846/jbem.2022.16648,"This paper investigates the weekly stock market data of the Hungarian stock index BUX, the Czech stock index PX and the Polish stock index WIG20 spanning from January 7, 2001 to April 18, 2021. The period of more than 20 years enabled to analyse the behaviour of returns and their volatility during both the calm as well as various crises/turmoil periods. Besides the traditional GARCH-type models (GARCH and GJR-GARCH) the two-regime Markov Switching GARCHtype models (MS-GARCH and MS-GJR-GARCH) were estimated in order to examine the volatility switches of the Central European transition stock markets. The t-distribution of error terms was used to capture the dynamics of analysed returns more precisely. The results proved high volatility persistence of individual markets which substantially differed across the both regimes. Furthermore, the GJR-GARCH and MS-GJR-GARCH models clearly confirmed the presence of the leverage effect. Consideration of the MS-GARCH-type models enabled to capture various volatility switches during the analysed period attributable mainly to the global financial crisis 2008-2009, to European debt crisis in 2011 and to the Covid-19 pandemic in 2020. Interesting results were received for the Czech market with the strong leverage effect indicating completely different specification of volatility regimes by the MS-GJR-GARCH model.",stock returns; volatility; GARCH; GJR-GARCH; Markov-switching (MS); regime; MS-GARCH; MS-GJR-GARCH,CONDITIONAL HETEROSKEDASTICITY; VARIANCE; MODEL,Article,Business; Economics,Business & Economics,1611-1699,English,2Z9YJ,Q2,market_volatility_GarchHar_covid
"Mohammed, AEA; Mwambi, H; Omolo, B","Mohammed, Anas Eisa Abdelkreem; Mwambi, Henry; Omolo, Bernard",Time-Varying Correlations between JSE.JO Stock Market and Its Partners Using Symmetric and Asymmetric Dynamic Conditional Correlation Models,STATS,2024,10.3390/stats7030046,"The extent of correlation or co-movement among the returns of developed and emerging stock markets remains pivotal for efficiently diversifying global portfolios. This correlation is prone to variation over time as a consequence of escalating economic interdependence fostered by international trade and financial markets. In this study, the time-varying correlation and co-movement between the JSE.JO stock market of South Africa and its developed and developing stock market partners are analyzed. The dynamic conditional correlation-exponential generalized autoregressive conditional heteroscedasticity (DCC-EGARCH) methodology is employed with different multivariate distributions to explore the time-varying correlation and volatilities between the JSE.JO stock market and its partners. Based on the conditional correlation results, the JSE.JO stock market is integrated and co-moves with its partners, and the conditional correlation for all markets exhibits time-variant behavior. The conditional volatility results show that the JSE.JO stock market behaves differently from other markets, especially after 2015, indicating a positive sign for investors to diversify between the JSE.JO and its partners. The highest value of conditional volatility for markets was in 2020 during the COVID-19 pandemic, representing the riskiest period that investors should avoid due to the lack of diversification opportunities during crises.",multivariate GARCH; DCC model; EGARCH model; time-varying correlation; volatility; stock market; portfolio diversification,VOLATILITY SPILLOVERS; PORTFOLIO DIVERSIFICATION; INVESTMENT HORIZONS; GARCH MODELS; OIL PRICE; DCC; RETURN; HETEROSKEDASTICITY; BENEFITS; MGARCH,Article,"Mathematics, Interdisciplinary Applications; Statistics & Probability",Mathematics,,English,H5G1H,Q2,market_volatility_GarchHar_covid
"Zeng, HJ; Ahmed, AD","Zeng, Hongjun; Ahmed, Abdullahi D.","Dependency structure and volatility connectedness among China-ASEAN stock market, cryptocurrencies, and crude oil",FINANCIAL INNOVATION,2026,10.1186/s40854-025-00841-5,"The purpose of this study was to assess the dependence structure and volatility connectedness among the COVID-19 crisis, the 2022 Russia-Ukraine war, and their influence on cryptocurrencies, crude oil, developed markets, and the equity markets of China and ASEAN countries under varying market conditions. The analysis segmented the sample into three distinct periods: pre-COVID-19, during COVID-19, and the 2022 Russia-Ukraine conflict. To assess the dependence structure and risk spillover patterns across the markets for each period, we employed the generalized autoregressive conditional heteroskedasticity (GARCH)-extreme value theory (EVT)-vine copula and quantile vector autoregression (QVAR) connectedness methodologies. Findings from our GARCH-EVT-Vine-Copula model indicated that subsequent to the outbreak of COVID-19, market portfolios associated with the MSCI-developed markets index demonstrated significantly lower tail connectedness. However, the impact of the 2022 Russia-Ukraine war on the stock markets of China and ASEAN countries was found to be overestimated. Furthermore, the QVAR connectedness analysis revealed that connectedness was greater in bullish market conditions than in normal and extreme downside periods. Additionally, the portfolio analysis results suggested that the equity markets of China and ASEAN countries, along with the crude oil markets, cryptocurrency indices, and the MSCI developed markets index, were unable to achieve high levels of hedging effectiveness. Concurrently, it was recommended that investments be directed toward Chinese and ASEAN equities as safe-haven assets.",Market crisis period; Stock market; Oil market; Cryptocurrency; Dependence structure; Volatility connectedness; G14; G15; G11; G28; F36,PRICES; SPILLOVERS; COVID-19; BITCOIN; RETURN; MODEL; RISK,Article,"Business, Finance; Social Sciences, Mathematical Methods",Business & Economics; Mathematical Methods In Social Sciences,,English,CB0PN,Q2,market_volatility_GarchHar_covid
"Korkusuz, B; McMillan, DG; Kambouroudis, D","Korkusuz, Burak; McMillan, David G.; Kambouroudis, Dimos",Complex network analysis of volatility spillovers between global financial indicators and G20 stock markets,EMPIRICAL ECONOMICS,2023,10.1007/s00181-022-02290-w,"This paper analyses the dynamic transmission mechanism of volatility spillovers between key global financial indicators and G20 stock markets. To examine volatility spillover relations, we combine a bivariate GARCH-BEKK model with complex network theory. Specifically, we construct a volatility network of international financial markets utilising the spatial connectedness of spillovers (consisting of nodes and edges). The findings show that spillover relations between global variables and G20 markets vary significantly across five identified sub-periods. Notably, networks are much denser in crisis periods compared to non-crisis periods. In comparing two crisis periods, Global Financial Crisis (2008) and COVID-19 Crisis (2020) periods, the network statistics suggest that volatility spillovers in the latter period are more transitive and intense than the former. This suggests that financial volatility spreads more rapidly and directly through key financial indicators to the G20 stock markets. For example, oil and bonds are the largest volatility senders, while the markets of Saudi Arabia, Russia, South Africa, and Brazil are the main volatility receivers. In the former crisis, the source of financial volatility concentrates primarily in the USA, Australia, Canada, and Saudi Arabia, which are the largest volatility senders and receivers. China emerges as generally the least sensitive market to external volatility.",Volatility spillover; GARCH-BEKK; Complex network theory; Global financial indicators; G20 stock markets,CONNECTEDNESS,Article,"Economics; Social Sciences, Mathematical Methods",Business & Economics; Mathematical Methods In Social Sciences,0377-7332,English,N1UA4,Q2,market_volatility_GarchHar_covid
"Lin, AJ; Chang, HY","Lin, Arthur J.; Chang, Hai-Yen","Volatility Transmission from Equity, Bulk Shipping, and Commodity Markets to Oil ETF and Energy Fund-A GARCH-MIDAS Model",MATHEMATICS,2020,10.3390/math8091534,"Oil continues to be a major source of world energy, but oil prices and funds have experienced high volatility over the last decade. This study applies the generalized autoregressive conditional heteroskedasticity-mixed-data sampling (GARCH-MIDAS) model on data spanning 1 July 2014 to 30 April 2020 to examine volatility transmission from the equity, bulk shipping, commodity, currency, and crude oil markets to the United States Oil Fund (USO) and BlackRock World Energy Fund A2 (BGF). By dividing the sample into two subsamples, we find a significant volatility transmission from the equity market to the oil ETF and energy fund both before and after the 2018 U.S.-China trade war. The volatility transmission from the bulk shipping, commodity, and crude oil markets turns significant for the oil ETF and energy fund after the 2018 U.S.-China trade war, extending into the COVID-19 pandemic in early 2020. The results suggest that investors can use the equity market to predict the movement of oil and energy funds during both tranquil and turmoil periods. Moreover, investors can use bulk shipping, commodity, and crude oil markets in addition to the equity market to forecast oil and energy funds' volatility during the turmoil periods. This paper benefits investors against the high volatility of the energy funds.",oil industry; oil ETF; energy mutual fund; volatility transmission; contagion; GARCH-MIDAS model; U; S; -China trade war; commodities,STOCK-MARKET; US STOCK; PRICE VOLATILITY; RISK SPILLOVER; CONTAGION; CHINA; EXCHANGE; RETURNS; DEPENDENCE; CAUSALITY,Article,Mathematics,Mathematics,,English,OD8GQ,Q2,market_volatility_GarchHar_covid
"Li, WQ; Chien, FS; Kamran, HW; Aldeehani, TM; Sadiq, M; Nguyen, VC; Taghizadeh-Hesary, F","Li, Weiqing; Chien, Fengsheng; Kamran, Hafiz Waqas; Aldeehani, Talla M.; Sadiq, Muhammad; Nguyen, Van Chien; Taghizadeh-Hesary, Farhad",The nexus between COVID-19 fear and stock market volatility,ECONOMIC RESEARCH-EKONOMSKA ISTRAZIVANJA,2022,10.1080/1331677X.2021.1914125,"This study described an empirical link between COVID-19 fear and stock market volatility. Studying COVID-19 fear with stock market volatility is crucial for planning adequate portfolio diversification in international financial markets. The study used AR (1) - GARCH (1,1) to measure stock market volatility associated with the COVID-19 pandemic. Our findings suggest that COVID-19 fear is the ultimate cause driving public attention and stock market volatility. The results demonstrate that stock market performance and GDP growth decreased significantly through average increases during the pandemic. Further, with a 1% increase in COVID-19 cases, the stock return and GDP decreased by 0.8%, 0.56%, respectively. However, GDP growth demonstrated a slight movement with stock exchange. Moreover, public attention to the attitude of buying or selling was highly dependent on the COVID-19 pandemic reported cases index, death index, and global fear index. Consequently, investment in the gold market, rather than in the stock market, is recommended. The study also suggests policy implications for key stakeholders.",COVID-19 fear; return; stock volatility; wavelet,EFFICIENCY,Article,Economics,Business & Economics,1331-677X,English,3I3KQ,Q2,market_volatility_GarchHar_covid
"Ghani, U; Zhu, B; Ghani, M; Khan, N; Khan, RDA","Ghani, Usman; Zhu, Bo; Ghani, Maria; Khan, Nasir; Khan, Raja Danish Akbar",Role of oil shocks in US stock market volatility: A new insight from GARCH-MIDAS perspective,RESOURCES POLICY,2023,10.1016/j.resourpol.2023.103933,"For both local and foreign investors, the equity market and oil price shocks have massive repercussions. In this research, we examine the essential role of the oil shock in predicting the U.S. stock market volatility. The oil shock measures include NPI (net price increase), ANP (asymmetric net prices change), SNP (symmetric net price change), LPI (large price increase), and NPI2 (net price increase) indicators. We select the GARCH-MIDAS model to estimate the volatility. The study provides several notable outcomes. First, in all five oil shocks, symmetric net price change (SNP) information is more useful for forecasting the volatility of the U.S. stock market. Further, we find some evidence for the net price increase (NPI) and asymmetric net price change information (ANP) in some estimation windows. Also, the Covid-19 epidemic provides proof. Our results are robust in the alternative valuation methods, MCS (model confidence set) test, and alternative estimation windows.",Oil shocks; Stock market volatility; GARCH-MIDAS model; MCS test; COVID-19,PRICE SHOCKS; COMBINATION FORECASTS; MACROECONOMY; SPILLOVERS; RETURNS; PREMIUM; GROWTH; IMPACT; MODEL,Article,Environmental Studies,Environmental Sciences & Ecology,0301-4207,English,P3IF8,Q2,market_volatility_GarchHar_covid
"Majumder, SB","Majumder, Sayantan Bandhu","Searching for hedging and safe haven assets for Indian equity market - a comparison between gold, cryptocurrency and commodities",INDIAN GROWTH AND DEVELOPMENT REVIEW,2022,10.1108/IGDR-10-2021-0131,"Purpose This paper aims to evaluate the hedging and safe haven properties of gold, cryptocurrency and commodities against the Indian equity market. Design/methodology/approach First, the authors estimate the hedging and safe haven abilities of gold, cryptocurrency and commodities for the Indian stock market and further verify whether such properties vary across the broad stock market indices and over the different degrees of market volatility. Second, the authors use the multivariate GARCH framework to calculate the dynamic hedge ratios and hedging efficiencies to compare the hedging properties of the alternative asset classes. Third, the authors verify the robustness of the general findings during the recent crisis emanating from the outbreak of the COVID-19 pandemic. Findings Gold, cryptocurrency and most commodities have significant hedging abilities. Only natural gas, crude oil and aluminum, on the other hand, have safe haven property. Neither gold nor cryptocurrency qualifies as a safe haven asset. On the other hand, the financialization of the Indian commodities market provides a significant dividend to investors in terms of hedging and safe haven capabilities. The authors find the least negative hedge ratio and the highest positive hedging effectiveness for the stock-crude oil and stock-natural gas portfolios. The central observations of the paper remain immune to the COVID crisis. Originality/value Focusing on the Indian equity market, the paper compares the diversification abilities of traditional assets like gold with those of the modern class of assets, including cryptocurrency and other commodities.",Gold; Hedging; Cryptocurrency; Commodities; Safe haven; Stock indices,BITCOIN; VOLATILITY; TIME; OIL; INVESTMENT; SECTORS; RETURN; STOCKS,Article,Development Studies,Development Studies,1753-8254,English,ZS3ZB,Q2,market_volatility_GarchHar_covid
"Agrawal, PK; Syed, AA; Singh, A; Kumar, M","Agrawal, Pravin Kumar; Syed, Aamir Aijaz; Singh, Alka; Kumar, Mohit",Volatility Spillover Effects in Founding Members of BRICS Stock Markets: A DCC-GARCH Perspective,ECONOMIES,2026,10.3390/economies14020041,"This study explores how the volatility spillover mechanism and dynamic dependence among the founding BRICS equity markets, namely IBOVESPA, MICEX, Nifty 50, SSE, and JSE, have evolved over time using a multivariate DCC-GARCH model. The analysis is conducted across three distinct regimes: the pre-COVID-19 period (1 January 2010 to 10 March 2020), the COVID-19 crisis (11 March 2020 to 23 February 2022), and the Russia-Ukraine war and sanction period (24 February 2022 to 31 March 2024). The findings indicate that, prior to the COVID-19 pandemic, the BRICS equity markets experienced significant short-term volatility spillovers and significant volatility persistence, indicative of slow financial integration, as opposed to rapid contagion. In comparison, the COVID-19 pandemic resulted in significant structural shifts in the form of increased shock transmission, greater co-movement, and evident financial contagion among the markets. During the post-COVID-19 conflict period, while there was considerable persistence in volatility, the primary drivers of volatility spillovers were geopolitical. Across the three sub-periods, the volatility spillover network shows pronounced structural changes. Before COVID-19, IBOVESPA, MICEX, and SSE act as net transmitters, while Nifty 50 and JSE are net receivers. During the COVID-19 crisis, SSE and JSE become the main shock transmitters, whereas IBOVESPA, MICEX, and Nifty 50 shift to receiver roles. In the post-COVID-19 Russia-Ukraine war period, the network becomes more asymmetric, with JSE and Nifty 50 again emerging as net transmitters, while MICEX and SSE function primarily as net receivers. Overall, this study demonstrates that BRICS equity market interdependence is regime-specific and greatly dependent on exogenous global events.",volatility spillover; DCC-GARCH; BRICS; SSE; Nifty 50; IBOVESPA; MICEX,,Article,Economics,Business & Economics,,English,EF7OK,Q2,market_volatility_GarchHar_covid
"Bhowmik, R; Debnath, GC; Debnath, NC; Wang, SY","Bhowmik, Roni; Debnath, Gouranga Chandra; Debnath, Nitai Chandra; Wang, Shouyang",Emerging stock market reactions to shocks during various crisis periods,PLOS ONE,2022,10.1371/journal.pone.0272450,"This study investigates granger causal linkages among six Asian emerging stock markets and the US market over the period 2002-2020, taking into account several crisis periods. The pairwise Granger causality tests for investigating the short-run causality show significant bi- and uni-directional causal relationships in those markets and evidence that they have become more internationally integrated after every crisis period. An exception is Bangladesh with almost no significant short-term causal linkages with other markets. For understanding, how the financial linkages amplify volatility spillover effects, we apply the GARCH-M model and find that volatility and return spillovers act very inversely over time. However, market interface is weak before the crisis periods and becomes very strong during the financial crisis and US-China economic policy uncertainty periods. The US market plays a dominant role during the financial crisis and COVID-19 periods. Further analysis using the VAR model shows that a large proportion of the forecast variance of the Asian emerging stock markets is affected by the S&P 500 and that market shock starts to rise notably from the 1 to 10 period. The overall findings could provide important policy implications in the six countries under study regarding hedging, trading strategies, and financial market regulation.",,GLOBAL FINANCIAL CRISIS; VOLATILITY SPILLOVER; INFORMATION-TRANSMISSION; CAUSALITY ANALYSIS; DYNAMIC LINKAGES; CO-MOVEMENTS; INTEGRATION; US; INTERDEPENDENCE; CONTAGION,Article,Multidisciplinary Sciences,Science & Technology - Other Topics,1932-6203,English,8Z4VC,Q2,market_volatility_GarchHar_covid
"Siddiqui, TA; Khan, MF; Naushad, M; Syed, AM","Siddiqui, Taufeeque Ahmad; Khan, Mazia Fatima; Naushad, Mohammad; Syed, Abdul Malik",Cross-Market Correlations and Financial Contagion from Developed to Emerging Economies: A Case of COVID-19 Pandemic,ECONOMIES,2022,10.3390/economies10060147,"In the event that the COVID-19 pandemic spreads across various stock markets, this study may be deemed as one of the primary studies to evaluate cross-market interactions. The study examines the spread of contagious effects originating from developed economies (the United States, the United Kingdom, and Japan) to selected emerging markets (China, India, Thailand, Taiwan, Egypt, South Africa, Saudi Arabia, and the United Arab Emirates). The countries studied are classified into three regions: developed economies, Asia, and Africa and the Middle East. The crisis period is identified with the deployment of the Markov regime-switching model. The conditional correlations are compared before and after the crisis episode using the time-varying multivariate DCC-GARCH model. The findings confirm that certain emerging markets are experiencing contagion from developed markets, while others remain unaffected. Overall, investors in the two regions examined (Asia, and Africa and the Middle East) have comparable diversification options. The findings are expected to bolster policymakers and international agencies in developing post-crisis measures.",co-movement; COVID-19; DCC-GARCH; financial contagion; stock markets,GLOBAL EQUITY MARKETS; ASIAN STOCK MARKETS; CRISIS EVIDENCE; NO CONTAGION; INTERDEPENDENCE; VOLATILITY; TESTS; UK; US,Article,Economics,Business & Economics,,English,2N3ES,Q2,market_volatility_GarchHar_covid
"Aladwani, J","Aladwani, Jassim",Asymmetric reactions of the crude oil and natural gas markets on Vietnamese stock markets,JOURNAL OF ECONOMICS AND DEVELOPMENT,2025,10.1108/JED-08-2024-0280,"PurposeThe purpose of studying the impact of crude oil and natural gas prices on the Vietnamese stock market is to understand the relationship between energy prices and the overall performance of the financial markets. As Vietnam is an energy-dependent country, fluctuations in crude oil and natural gas prices can significantly affect various industries, including manufacturing, inflation, transportation, energy production and economic growth. These sectors are often sensitive to changes in energy costs, which can lead to shifts in corporate profitability and investor sentiment. By analyzing how crude oil and natural gas prices influence the Vietnamese stock market, policymakers and investors can provide deeper insights into the economic risks and opportunities related to energy price volatility. This paper can also provide valuable information for decision-making in sectors such as economic forecasting, risk management and investment strategies.Design/methodology/approachUsing monthly data from January 2006 to March 2024, data were collected from the Vietnamese stock market and the OPEC organization for oil prices, while data on natural gas were obtained from the EIA. The data were analyzed using vector error correction (VEC) model, impulse response function, variance decomposition test and asymmetric reactions method; the study tries to ascertain the short-term and long-term dynamic relationships between the shocks of the crude oil price and natural gas prices and their effects on the movement of the stock price. In addition, the GARCH model is applied to measure the volatility of crude oil and natural gas prices.FindingsCrude oil price shocks have a statistically significant impact on most Vietnamese real stock market indices, except for the utility and consumer indices and some energy companies. Conversely, natural gas price shocks do not significantly affect on Vietnamese stock market indices, except for the energy index and some energy companies. Some important of both crude oil price and natural gas price shocks tend to depress the stock returns of energy companies. An increase in both crude oil and natural gas volatility can lead to heightened speculation in certain indices, particularly the energy and industrial indices, as well as in some energy companies. This heightened speculation often results in elevated of their stock returns.Originality/valueThis study provides valuable insights into the field of study examining how fluctuations in the prices of oil and gas, particularly during major crisis periods such as global financial crisis, COVID-19 pandemic and the Russo-Ukrainian War, affect financial markets.",Crude oil price volatility; Natural gas price volatility; Vector auto-regressive model; Vietnamese stock market; E10; F47; F62; G00,PRICE SHOCKS; SUPPLY SHOCKS; STRUCTURAL VAR; US; MACROECONOMY; RETURNS; DEMAND; GASOLINE; IMPACT,Article,Development Studies; Economics,Development Studies; Business & Economics,1859-0020,English,Z5F1P,Q2,market_volatility_GarchHar_covid
"Bedowska-Sójka, B; Kliber, A","Bedowska-Sojka, Barbara; Kliber, Agata","Is there one safe-haven for various turbulences? The evidence from gold, Bitcoin and Ether",NORTH AMERICAN JOURNAL OF ECONOMICS AND FINANCE,2021,10.1016/j.najef.2021.101390,"This paper aims to investigate the safe-haven properties of gold and two cryptocurrencies, Bitcoin and Ether. Safe havens are the financial assets that allow investors to protect their portfolios within the market turmoil. The research sample covers five years and includes several downturns on the financial markets, starting from the Chinese stock market turbulences in 2015/2016 and ending up with the recent pandemic outbreak in 2020. We find that only gold used to be a strong safe-haven against the stock market indices. Yet, this property evaporated during the crisis caused by the COVID pandemic. Occasionally, cryptocurrencies could have been considered weak safe-havens against the examined instruments. Ether acted more often as a weak safe-haven against DAX or S&P500, while Bitcoin played this role against FTSE250, STOXX600 and S&P500.",Liquidity; Volatility; Bitcoin; Ether; Cryptocurrencies; Gold; Stock market; Stochastic volatility,HEDGE; CRYPTOCURRENCIES; DYNAMICS; STOCKS; GARCH; PRICE,Article,"Business, Finance; Economics",Business & Economics,1062-9408,English,RA6NA,Q2,market_volatility_GarchHar_covid
"Elsayed, AH; Ahmed, H; Helmi, MH","Elsayed, Ahmed H.; Ahmed, Habib; Helmi, Mohamad Husam",Determinants of financial stability and risk transmission in dual financial system: Evidence from the COVID pandemic,JOURNAL OF INTERNATIONAL FINANCIAL MARKETS INSTITUTIONS & MONEY,2023,10.1016/j.intfin.2023.101784,"Existing literature on spillovers and connectedness between Islamic and conventional financial markets overlooked the fundamental role played by money markets in volatility spillovers and risk transmission across markets. That being so, this paper aims at investigating the dynamic comovements and volatility spillovers across Islamic and conventional financial markets in a dual financial system over the period from January 3, 2007 to June 30, 2021. To this end, the DECOGJR-GARCH model and the volatility spillover approach were applied. Furthermore, the ARDL model was utilised to explore the key determinants of co-movements and risk transmission across Islamic and conventional financial markets. This not only allowed us to study the interconnectedness and volatility spillovers between financial sectors under different market conditions but also enabled us to highlight the key role played by the money markets. Empirical results show that markets have significant responses to any new relevant information. While both conventional stock and money market are the main transmitters of shocks to other markets, the Islamic money market is a net recipient. Furthermore, the volatility spillovers across conventional and Islamic financial markets became stronger during the COVID-19 epidemic. The study also finds that global uncertainties have a significant and negative impact on the dynamic co-movements, but not on volatility connectedness among the underlying markets. These findings have important implications for many stakeholders including portfolio managers, investors, and policymakers in terms of diversifying their portfolios and enhancement of financial stability during times of black swan events and negative shocks such as the COVID-19 pandemic.",Dual financial system; Money markets; Co -movements; Risk transmission; COVID-19,DYNAMIC CONDITIONAL CORRELATION; IMPULSE-RESPONSE ANALYSIS; VOLATILITY SPILLOVER; STOCK MARKETS; ECONOMIC-GROWTH; TIME-SERIES; SAFE HAVEN; CONTAGION; CONNECTEDNESS; RETURN,Article,"Business, Finance; Economics",Business & Economics,1042-4431,English,O3LB9,Q2,market_volatility_GarchHar_covid
"Davidescu, AA; Manta, EM; Hapau, RG; Gruiescu, M; Vacaru, OM","Davidescu, Adriana AnaMaria; Manta, Eduard Mihai; Hapau, Razvan Gabriel; Gruiescu, Mihaela; Vacaru (Boita), Oana Mihaela",Exploring the Contagion Effect from Developed to Emerging CEE Financial Markets,MATHEMATICS,2023,10.3390/math11030666,"The paper aims to analyze the contagion effect coming from the developed stock markets of the US and Germany to the emerging CEE stock markets of Romania, Czech Republic, Hungary, and Poland using daily data for the period April 2005-April 2021. The paper also captures the level of integration of these emerging stock markets by analyzing the volatility spillover phenomenon. The quantification of the contagion effect coming from the developed to the emerging stock markets consisted of an empirical analysis based on the DCC-GARCH (Dynamic Conditional Correlation) model. Through this multivariate model, the time-varying conditional correlations were analyzed, both in periods of normal economic development and in times of economic instability, when there was a significant increase in the correlation coefficients between developed and emerging stock market indices. Furthermore, the level of connectedness between these markets has been analyzed using the volatility spillover index developed by Diebold and Yilmaz. The empirical results surprised the high level of integration of the analyzed stock markets in Central and Eastern Europe, with the intensity of volatility transmission between these markets increasing significantly during times of crisis. All stock market indices analyzed show periods during which they transmit net volatility and periods during which they receive net volatility, indicating a bidirectional volatility spillover phenomenon. Mostly, the BET, PX, and WIG indices are net transmitters of volatilities, whereas the BUX index is net recipient, except during the COVID-19 crisis, when it transmitted net volatility to the other three indices. Finally, using a Markov switching-regime VAR approach with two regimes, we explored the contagion effect between emerging CEE and developed stock markets during the COVID-19 pandemic. The empirical results proved a shift around the outbreak of the health crisis, after which the high volatility regime dominates the CEE markets. The contagion effects from developed stock markets to emerging CEE markets significantly increased during the first stage of the health crisis.",financial contagion; dynamic conditional correlation; COVID-19 crisis; emerging European stock markets; Markov switching-regime approach,DYNAMIC CORRELATION-ANALYSIS; IMPULSE-RESPONSE ANALYSIS; VOLATILITY SPILLOVERS; STOCK MARKETS; CRISIS; INTERDEPENDENCE; DETERMINANTS; TRANSMISSION; COMOVEMENTS; INTEGRATION,Article,Mathematics,Mathematics,,English,8V8IW,Q2,market_volatility_GarchHar_covid
"Malik, K; Sharma, S; Kaur, M","Malik, Kunjana; Sharma, Sakshi; Kaur, Manmeet",Measuring contagion during COVID-19 through volatility spillovers of BRIC countries using diagonal BEKK approach,JOURNAL OF ECONOMIC STUDIES,2022,10.1108/JES-05-2020-0246,"Purpose The outbreak of the coronavirus disease 2019 (COVID-19) pandemic is an unprecedented shock to the BRICS (Brazil, Russia, India, China, South Africa) economy and their financial markets have plummeted significantly due to it. This paper adds to the recent literature on contagion due to spillover by uniquely examining the presence of pairwise contagion or volatility transmissions in stock markets returns of India, Brazil, Russia, China and USA prior to and during COVID-19 pandemic period. Design/methodology/approach In this study, the generalised autoregressive conditional heteroskedasticity (GARCH) by Bollerslev (1986) under diagonal parameterization is used to estimate multivariate GARCH framework also known as BEKK (Baba EngleKraft and Kroner) model on stock market returns of BRIC nations and the US. Findings The empirical results show that the model captures the volatility spillovers and display statistical significance for own past mean and volatility with both short- and long-run persistence effects. Own volatility spillovers (Heatwave phenomenon) have been found to be highest for the US, China and Brazil compared to Russia and India. The coefficients indicate persistence of volatility for each country in terms of its own past errors. The highest and long-term spillover effect is found between US and Russia. The results recommend that Russia is least vulnerable to outside shocks. Finally after examining the pairwise results, it is suggested that the BRIC countries stock indices have exhibited volatility spillover due to the COVID-19 pandemic. Research limitations/implications The study may be extended to include other emerging market economies under a dynamic framework. Practical implications Researchers and policymakers may draw useful insights on cross-market interdependencies regarding the spillovers in BRIC countries' stock markets. It also helps design international portfolio diversification strategies and in constructing optimal portfolios during COVID and in a post-COVID world. Originality/value COVID-19 has been an improbable event in the history of the world which can have a large impact on the financial economies across the emerging countries. This event can be deemed to be informative enough to measure the co-movements of the equity markets amongst cross-country return series, which has not been investigated so far for BRIC nations.",Correlation; Transmission; Volatility; Spillover,FINANCIAL CRISES; MARKETS,Article,Economics,Business & Economics,0144-3585,English,ZD5IF,Q2,market_volatility_GarchHar_covid
"Sahay, N; Gupta, N; Rai, K","Sahay, Namita; Gupta, Neha; Rai, Kamini",Volatility spillovers between exchange rates and stock markets in the BRICS economies: new evidence from COVID-19 and Russian Ukrainian war,INTERNATIONAL JOURNAL OF SYSTEM ASSURANCE ENGINEERING AND MANAGEMENT,2025,10.1007/s13198-025-02722-7,"Since 2020, various natural (COVID-19 pandemic) and manmade crisis (Russia-Ukraine invasion) have significantly impacted financial markets, triggering information transmission or spillover effects between assets and markets. Stock markets being the barometer of any economy is impacted by several macroeconomic factors like inflation, interest rates, war, natural disasters, recession and exchanges rates to name a few. BRICS, a group of emerging countries accounting for 33% of global GDP,42% of the global population, and 17% of global commerce is an important pillar of the world order. This study focuses on the BRICS economies, investigating the dynamic correlation and volatility spillovers between exchange rates and stock markets during two critical global events: the COVID-19 pandemic and the Russian-Ukrainian war. Utilizing the DCC-EGARCH methodology and analysing daily data from October 29, 2018, to August 31, 2022, the research examines time-varying correlations, categorizing the data into pre-COVID, during COVID, pre-war, and during war sub-periods. The study aims to discern changes in the exchange rates-stock market return nexus, before and during these crises and explores potential variations in this relationship between natural events (such as COVID-19) and man-made outbreaks (Russia-Ukraine invasion). The findings indicate that COVID-19 and Russia-Ukraine war has minimal impact on the relationship between stock markets and exchange rates in all BRICS countries except Brazil. Notably, there are spillovers from exchange rates to the stock market in the long run only. Consequently, the study suggests that investors may find diversification opportunities in the short run during crises, as these events may not significantly affect spillovers in these markets. The notable impact on the relationship between stock markets and exchange rates in BRICS during the crises underscores the importance of tailored policy responses in these countries. Given the interconnectedness revealed in long-term spillovers, global economic policymakers may benefit from enhanced coordination to mitigate the impact of economic crises on exchange rates and stock markets.",Volatility spillovers; Stock markets and exchange rates; BRICS; COVID-19 pandemic; Russia-Ukraine war; DCC-EGARCH; G01; G15,,Article; Early Access,"Engineering, Multidisciplinary",Engineering,0975-6809,English,U0A3W,Q2,market_volatility_GarchHar_covid
"Doruk, ÖT","Doruk, Omer Tugsal",Safe haven role of Islamic financial markets under pandemic-related uncertainty: evidence from two emerging market economies,JOURNAL OF ISLAMIC ACCOUNTING AND BUSINESS RESEARCH,2025,10.1108/JIABR-10-2023-0333,"PurposeThis study aims to investigate whether Islamic financial markets act as safe havens during the pandemic. By focusing on the liquidity feature of Islamic financial markets, this paper examines the relationship between pandemic-related uncertainty and the liquidity of these markets.Design/methodology/approachThis paper uses interrupted time series analysis and dynamic conditional correlation-based GARCH models to assess the safety of Islamic financial markets during COVID-19.FindingsThe results indicate that Islamic financial markets serve as safe havens for investors during the COVID-19 period when pandemic-related uncertainty, as proxied by volatility index, is high.Practical implicationsA liquidity-based approach may be more effective than a share price-based approach in understanding the shift of investors to Islamic financial markets during COVID-19 since Islamic finance is a very important alternative to uncertainty with the financial instruments it contains. In particular, Islamic finance is an important alternative to fluctuations based on interest-bearing assets and has important features such as gharar to reduce uncertainty.Originality/valueThis is the first study to examine the relationship between uncertainty and Islamic stock markets in emerging markets using liquidity as a variable during the pandemic.",Islamic finance; Emerging markets; ITSA; GARCH; Safe haven; COVID-19; G0; G01; G20,LIQUIDITY; DETERMINANTS; INVESTORS; RETURNS; INDEXES; GROWTH; MODEL,Article; Early Access,"Business, Finance",Business & Economics,1759-0817,English,7IO9X,Q2,market_volatility_GarchHar_covid
"Sha, YZ; Song, WJ","Sha, Yezhou; Song, Weijia",Can Bitcoin hedge Belt and Road equity markets?,FINANCE RESEARCH LETTERS,2021,10.1016/j.frl.2021.102129,"We use the Belt and Road Initiative (BRI) economies to assess whether co-movements between individual BRI countries' equity markets and Bitcoin, can optimize portfolio composition. The dynamic correlations between these two asset classes persist up to 21 days out-of-sample. During the Covid-19 pandemic, a simple hedging strategy could have improved high risk-averse investors' utility, while still yielding positive returns after controlling for transaction costs. The distribution of hedge ratios and portfolio performance of a Bitcoin-BRI country hedged portfolio flattens after the country joins the BRI, indicating further research is needed to identify the underlying mechanism at work.",DCC-GARCH; Bitcoin; Belt and Road Initiative; Portfolio analysis; Hedging,VOLATILITY SPILLOVERS; STOCK-MARKET; CHINA BELT; MONETARY,Article,"Business, Finance",Business & Economics,1544-6123,English,US8MV,Q2,market_volatility_GarchHar_covid
"Arfaoui, N; Yousaf, I","Arfaoui, Nadia; Yousaf, Imran",IMPACT OF COVID-19 ON VOLATILITY SPILLOVERS ACROSS INTERNATIONAL MARKETS: EVIDENCE FROM VAR ASYMMETRIC BEKK GARCH MODEL,ANNALS OF FINANCIAL ECONOMICS,2022,10.1142/S201049522250004X,"This study contributes to the COVID-19 related literature in finance by examining asymmetric volatility spillover across stock, Bitcoin, gold and oil markets before and during the COVID-19 pandemic. Based on multivariate VAR asymmetric BEKK GARCH model, findings show that the interdependency across the examined markets intensified during the recent health crisis. Moreover, we find that oil market appears as major receivers of volatility spillovers, particularly from gold and stock market which is mostly the results of dramatic collapse of oil prices during the COVID-19 outbreak. We also document that gold exhibits a strong resilience during COVID-19 crisis, suggesting its potential hedging ability during uncertainty. As for asymmetric volatility spillover, findings show the highest sensitivity of oil and Bitcoin markets to gold and US stock markets. Our findings have important implications for investors, portfolio managers and policymakers.",Crude oil; Bitcoin; gold; stocks; COVID-19 pandemic; volatility spillover,STOCK MARKETS; EQUITY MARKETS; OIL PRICES; BITCOIN; CONNECTEDNESS; TRANSMISSION; CONTAGION; LINKAGES; RETURN; INDEX,Article,Economics,Business & Economics,2010-4952,English,0I4PC,Q2,market_volatility_GarchHar_covid
"Mousa, M; Saleem, A; Sági, J","Mousa, Musaab; Saleem, Adil; Sagi, Judit",Are ESG Shares a Safe Haven during COVID-19? Evidence from the Arab Region,SUSTAINABILITY,2022,10.3390/su14010208,"The world experienced significant changes in its social and economic lives in 2020-21. Major stock markets experienced an immediate decline. This paper attempts to examine the impact of COVID-19 on stock market performance as well as to identify the differences between the responses of ESG stocks and normal stocks to pandemic conditions in the Arab region. Daily time series for three years between March 2019 and March 2021 were collected for the S&P Pan Arab Composite index and S&P/Hawkamah ESG Pan Arab Index. We used a generalized autoregressive conditional heteroscedasticity (GARCH) model to measure market shocks and a non-linear autoregressive distributed lagged (NARDL) regression model to display the relationship between COVID-19 measurements and the performance of stock indexes. The findings suggest that the volatilities of ESG portfolios and conventional ones were equally affected in the pre-COVID period. However, in the post-COVID period, the magnitude of volatility in the ESG stock index was significantly less compared to that of the conventional stock index. The results also revealed that in the ESG market, shock tended to remain for a shorter period. Furthermore, the ESG index was not affected by the number of confirmed cases and deaths. However, evidence of asymmetric long-run cointegration existed between the S&P index and number of cases and deaths. Increases in the numbers of cases and deaths caused a decline in market index, whereas the reverse trends were observed in the retreat of the pandemic.",ESG; COVID-19 pandemic; capital markets; sustainable finance,IMPACT; PERFORMANCE; INVESTMENT; VOLATILITY; RETURNS; MARKETS; LEVEL,Article,Green & Sustainable Science & Technology; Environmental Sciences; Environmental Studies,Science & Technology - Other Topics; Environmental Sciences & Ecology,,English,ZE1XG,Q2,market_volatility_GarchHar_covid
"Golder, U; Rumaly, N; Shahriar, AHM; Alam, MJ; Biswas, A; Islam, MN","Golder, Uttam; Rumaly, Nishat; Shahriar, A. H. M.; Alam, Mohammad Jahangir; Biswas, Al Amin; Islam, Mohammad Nazrul",The Impact of COVID-19 on the Volatility of Bangladeshi Stock Market: Evidence from GJR-GARCH Model,JOURNAL OF ASIAN FINANCE ECONOMICS AND BUSINESS,2022,10.13106/jafeb.2022.vol9.no4.0029,"The enormous sway of COVID-19 on the international financial market has been felt across the globe. The financial markets of Bangladesh have also been similarly affected by the global epidemic and experienced a significant increase in volatility. To scrutinise the connection between COVID-19 and the Dhaka Stock Exchange (DSE) indices' return and instability, this study uses data of the DSE from February 2014 to September 2021. A comparative examination of the return and instability of the stock indices of the DSE has also been done considering the outbreak of the current COVID-19 situation. After using the GJR-GARCH (1,1) model, this review uncovers that the outbreak of COVID-19 has a statistically positive noteworthy association with the DSE stock indices' instability, which increases the market's volatility. Traders' fear and the rising frequency of COVID-19 reported patients could cause this. Besides, according to this study, COVID-19 shows a substantial positive linkage with stock market returns that increases the market's return. An appealing valuation, lower interest rates in the banking channel, economic rebound following the closure to prevent coronavirus transmission, improved remittance inflows, and a return of export revenues could all have contributed to this outcome. In addition, the findings also reveal that all market indices are in a mean-reverting phase.",COVLD-19; Dhaka Stock Exchange (DSE); Volatility; GJR-GARCH; Bangladesh,TIME-SERIES,Article,Business,Business & Economics,2288-4637,English,0J6TM,Q2,market_volatility_GarchHar_covid
"Priya, P; Sharma, C","Priya, Pragati; Sharma, Chandan",COVID-19 related stringencies and financial market volatility: sectoral evidence from India,JOURNAL OF FINANCIAL ECONOMIC POLICY,2023,10.1108/JFEP-05-2022-0136,"PurposeThis study aims to examine the impact of the stringency of COVID-19 protocols on the volatility of sectoral indices during the period 03:2020-05:2021. Specifically, this study investigates the role of economic disturbances on sectoral volatility by applying a range of conditional volatility techniques. Design/methodology/approachFor this analysis, two approaches were adopted. The first approach considers COVID stringency as a factor in the conditional variance equation of sectoral indices. In contrast, the second approach considers the stringency indicator as a possible determinant of their estimated conditional volatility. FindingsResults show that the stringency of the protocols throughout the pandemic phase led to an instantaneous spike followed by a gradual decrease in estimated volatility of all the sectoral indices except pharma and health care. Specific sectors such as bank, FMCG, consumer durables, financial services, IT, media and private banks respond to protocols expeditiously compared to other sectors. Originality/valueThe key contribution of this study to the existing literature is the innovative approach. The inclusion of the COVID stringency index as a regressor in the variance equation of the conditional volatility techniques was a distinctive approach for assessing the volatility dynamics with the stringency of COVID protocols. Furthermore, this study also adopts an alternative approach that estimates the conditional volatility of the indices and then tests the effect of the stringencies on estimated volatility in a regression framework.",COVID-19; GARCH models; Sectoral volatility; COVID stringency index; Indian stock market; G10; G11; C32; C51,IMPLIED VOLATILITY; STOCK-MARKET; RETURNS; POLICY,Article,Economics,Business & Economics,1757-6385,English,8J7FV,Q2,market_volatility_GarchHar_covid
"Nguyen, TN; Phan, TKH; Nguyen, TL",Thi Ngan Nguyen; Thi Kieu Hoa Phan; Thanh Liem Nguyen,FINANCIAL CONTAGION DURING GLOBAL FINANCIAL CRISIS AND COVID-19 PANDEMIC: THE EVIDENCE FROM DCC-GARCH MODEL,COGENT ECONOMICS & FINANCE,2022,10.1080/23322039.2022.2051824,"This paper is the first study to examine the financial contagion from the U.S., Japanese and Chinese markets to Asian markets during the Global Financial Crisis (GFC) and Covid-19 Pandemic Crisis. We employ the DCC-EGARCH methodology and daily data of stock returns from 2005 to 2021 to estimate the time-varying correlations and the volatilities of stock markets. Our results show that the correlation between the U.S. and Japanese markets with emerging Asian ones is quite high, implying the interdependence between these markets. Furthermore, we find significant contagion effects from the U.S. equity market to markets in both advanced and emerging economies during the GFC. Nonetheless, during the Covid-19 pandemic, only 3 out of 10 Asian emerging markets had experienced the contagion from the U.S. Our findings also suggest that contagion effects are not strongly related to the level of global integration and Asian markets seem to be more affected by the contagion from Japan and China.",Contagion; COVID-19 Pandemic; DCC; EGARCH model; Global Financial Crisis; stock market,CONDITIONAL HETEROSKEDASTICITY; INTEGRATION,Article,Economics,Business & Economics,2332-2039,English,ZY7FE,Q2,market_volatility_GarchHar_covid
"Ramakau, T; Mokatsanyane, D; Matlhaku, K; Ferreira-Schenk, S","Ramakau, Thokozane; Mokatsanyane, Daniel; Matlhaku, Kago; Ferreira-Schenk, Sune",Analyzing the South African Equity Market Volatility and Economic Policy Uncertainty During COVID-19,ECONOMIES,2025,10.3390/economies13100276,"This study examines the dynamics of equity market volatility and economic policy uncertainty (EPU) in South Africa during the COVID-19 pandemic. Using daily return data for sectoral indices and the JSE All Share Index (ALSI) from 1 January 2020 to 31 March 2022, the analysis explores both market-wide and sector-specific volatility responses. Univariate GARCH-family models (GARCH (1,1), E-GARCH, and T-GARCH) are employed to capture volatility clustering, persistence, and asymmetry across sectors. The results show that volatility was highly persistent during the pandemic, with sectoral differences in sensitivity to shocks: Consumer Staples and Financials were particularly reactive to recent news, while Health Care and Basic Materials were more stable. Asymmetric models confirm that market sentiment was predominantly driven by negative news, except in the Energy sector, where positive recovery signals played a stronger role. Correlation analysis further indicates that most sectors were moderately correlated with the ALSI, while Energy and Health Care behaved more independently. In contrast, both the ALSI and sector returns exhibited weak and negative correlations with the South African EPU index, suggesting that uncertainty did not translate directly into equity market declines. Overall, the findings highlight the importance of sectoral heterogeneity in volatility dynamics and suggest that during extreme market events, investors can mitigate downside risk by reallocating portfolios toward more resilient sectors.",COVID-19 pandemic; JSE; T-GARCH; E-GARCH; volatility persistence; stock market volatility,POLITICAL UNCERTAINTY; UNIVARIATE; MODELS,Article,Economics,Business & Economics,,English,9AA0A,Q2,market_volatility_GarchHar_covid
"Gargallo, P; Lample, L; Miguel, JA; Salvador, M","Gargallo, Pilar; Lample, Luis; Miguel, Jesus A.; Salvador, Manuel",Co-Movements between Eu Ets and the Energy Markets: A Var-Dcc-Garch Approach,MATHEMATICS,2021,10.3390/math9151787,"This paper analyzes the co-movements of prices of fossil fuels, energy stock markets and EU allowances. This analysis is conducted in order to identify the spillover effect of volatility and correlation among these financial markets, and to provide a scientific basis that shows the interest of incorporating sustainable assets in the design of minimum risk strategies of investment. To achieve this goal, we have used a Vector Autoregressive-Dynamic Conditional Correlation-Generalized Autoregressive Conditional Heteroscedasticity (VAR-DCC-GARCH) model that also incorporates a stock index of industrial companies as a leading indicator of the level of economic activity. In addition, the paper conducts an impulse response analysis to determine how unexpected shocks to prices are propagated along time, and, in particular, how they affect prices of the others, both in mean, variance and correlation. Therefore, the results of this one- and two-dimensional analysis allow for the study of short and long run dynamics of the relationship among those prices, thus, providing greater meaning and information for investors, which has implications for building their portfolios. The analyzed period was from January 2010 to February 2021, so that the data include half of phase II, full phase III and the onset of phase IV of the EU ETS, as well as the COVID-19 outbreak in the European context. We also analyzed whether the EUA price impulses the demand of clean energy stocks, which has important implications for the objective of triggering the investment in clean energy. Our results show the transmission mechanism of all of those prices, which are relevant not only for investors but also for policymakers to construct an early-warning system, revealing the most important transmission channels. Moreover, from an investment viewpoint, we observe a decline in dirty energies and a rise in the clean energy market, which might be an indication of the progress towards the energy transition to renewables sources within a circular economy perspective. Therefore, this shows that the EU ETS is achieving its goals, and that clean energy companies, aligned with their role towards socially responsible initiatives, are also gaining acceptance in terms of investments, which would be beneficial for the environment.",climate change; EU ETS; energy markets; VAR-DCC-GARCH; impulse response analysis; minimum risk portfolio,OIL PRICE SHOCKS; STOCK-MARKET; CLEAN ENERGY; VOLATILITY SPILLOVERS; ALLOWANCES PRICES; RETURNS EVIDENCE; CARBON MARKET; EMISSION; DEPENDENCE; COMPANIES,Article,Mathematics,Mathematics,,English,TW0KQ,Q2,market_volatility_GarchHar_covid
"Anastasiou, D; Ballis, A; Drakos, K","Anastasiou, Dimitris; Ballis, Antonis; Drakos, Konstantinos",Constructing a positive sentiment index for COVID-19: Evidence from G20 stock markets,INTERNATIONAL REVIEW OF FINANCIAL ANALYSIS,2022,10.1016/j.irfa.2022.102111,"The present study investigates the degree of market responses through the scope of investors' sentiment during the COVID-19 pandemic across G20 markets by constructing a novel positive search volume index for COVID-19 (COVID19(+)). Our key findings, obtained using a Panel-GARCH model, indicate that an increased COVID19(+) index suggests that investors decrease their COVID-19 related crisis sentiment by escalating their Google searches for positively associated COVID-19 related keywords. Specifically, we explore the predictive power of the newly constructed index on stock returns and volatility. According to our findings, investor sentiment positively (negatively) predicts the stock return (volatility) during the COVID-19. This is the first study assessing global sentiment by proposing a novel proxy and its impacts on the G20 equity market.",COVID-19; Sentiment; G20; Stock markets; Panel-GARCH,INVESTOR SENTIMENT; PRICE DYNAMICS; POLICY UNCERTAINTY; FEAR INDEX; VOLATILITY; IMPACT; RETURNS; SEARCH; SHOCKS,Article,"Business, Finance",Business & Economics,1057-5219,English,0Y4VV,Q2,market_volatility_GarchHar_covid
"Gunay, S; Can, G","Gunay, Samet; Can, Gokberk",The source of financial contagion and spillovers: An evaluation of the covid-19 pandemic and the global financial crisis,PLOS ONE,2022,10.1371/journal.pone.0261835,"This study investigates the reaction of stock markets to the Covid-19 pandemic and the Global Financial Crisis of 2008 (GFC) and compares their influence in terms of risk exposures. The empirical investigation is conducted using the modified ICSS test, DCC-GARCH, and Diebold-Yilmaz connectedness analysis to examine financial contagion and volatility spillovers. To further reveal the impact of these two crises, the statistical features of tranquil and crisis periods under different time intervals are also compared. The test results show that although the outbreak's origin was in China, the US stock market is the source of financial contagion and volatility spillovers during the pandemic, just as it was during the GFC. The propagation of shocks is considerably higher between developed economies compared to emerging markets. Additionally, the results show that the COVID-19 pandemic induced a more severe contagious effect and risk transmission than the GFC. The study provides an extensive examination of the COVID-19 pandemic and the GFC in terms of financial contagion and volatility spillovers. The results suggest the presence of strong co-movements of world stock markets with the US equity market, especially in periods of financial turmoil.",,IMPULSE-RESPONSE ANALYSIS; EMPIRICAL-EVIDENCE; STRUCTURAL-CHANGE; ECONOMIC-GROWTH; STOCK MARKETS,Article,Multidisciplinary Sciences,Science & Technology - Other Topics,1932-6203,English,2F3FM,Q2,market_volatility_GarchHar_covid
"Liu, F; Kong, DL; Xiao, ZL; Zhang, XH; Zhou, AM; Qi, JY","Liu, Feng; Kong, Deli; Xiao, Zilong; Zhang, Xiaohui; Zhou, Aimin; Qi, Jiayin",Effect of economic policies on the stock and bond market under the impact of COVID-19,JOURNAL OF SAFETY SCIENCE AND RESILIENCE,2022,10.1016/j.jnlssr.2021.10.006,"The global epidemic of COVID-19 has made a huge impact on global health and financial markets. And the spread of the virus has stalled economic development in many parts of the world. As stocks and bonds are two important financial assets, how to take appropriate economic policies to restore the stock and bond markets is the focus of governments as they are seeking for quick recovery. Based on the Event Study method and the GARCH model, data from 1 October 2019 to 1 April 2020 were collected from 26 countries or regions as analytic samples. The results show: 1) COVID-19 has made greater impacts on the stock market than the bond market; 2) the economic policy responses after the COVID-19 has brought impacts on both of the stock and the bond markets; 3) the monetary policy responses has brought greater volatility to the stock market than the fiscal policy responses, while the fiscal policy responses has brought greater volatility to the bond market than the monetary policy; 4) the fiscal policy has brought more positive effects on the stock market, and monetary policy has brought more positive effects on the bond market. This research is helpful to understand the mechanism of COVID-19's impacts on the stock and bond market. And it is of great practical significance to the governments' decisions to make economic policy responses after an epidemic.",COVID-19 epidemic; Event study method; Global stock and bond market; Return and volatility,,Article,"Public, Environmental & Occupational Health","Public, Environmental & Occupational Health",2096-7527,English,Q7JJ0,Q2,market_volatility_GarchHar_covid
"Kayani, UN; Hassan, MK; Moussa, F; Hossain, GF","Kayani, Umar Nawaz; Hassan, M. Kabir; Moussa, Faten; Hossain, Gazi Farid",Oil in crisis: What can we learn,JOURNAL OF ECONOMIC ASYMMETRIES,2023,10.1016/j.jeca.2023.e00339,"This study focuses on the Chicago Board Options Exchange Oil Volatility Index (CBOEOVX)'s volatility transmission to the European stock markets. In the first section, to determine the contingent connection between market returns and CBOEOVX and to examine if CBOEOVX return Granger causes economic capital rates of return, the Dynamic Conditional Correlation (DCC) GARCH model has been used. Then, the study examined the asymmetric effects of fluctuations in estimated unpredictability on markets' profitability as the last step of the methoology. In this regard, the study applies quantile regression to examine the asymmetrical effect of the CBOEOVX on the market's daily returns. We have discovered a statistically significant inverse link that changes over time across our various sample markets. This hints at and supports CBOEOVX 's influence on the European stock market as a source of primary energy risk. In addition, we find substantial evidence of an asymmetric effect of fluctuations in the CBOEOVX on very negative market profits in the lowest quartile. Our findings not only build on and support previous research and add to the existing body of knowledge but also have evident consequences for future research, regulatory authorities, and practitioners. Practitioners and regulators may use these findings to better comprehend the connection between all crises and pave the path for the future.",COVID-19; GFC; DCC-GARCH; European stock markets; WAR; Crisis period,PRICE SHOCKS; STOCK-MARKET; VOLATILITY SPILLOVER; EQUITY MARKETS; COVID-19; DCC; TRANSMISSION; RETURNS; ENERGY; NEXUS,Article,Economics,Business & Economics,1703-4949,English,M3402,Q2,market_volatility_GarchHar_covid
"Dai, PF; Xiong, X; Liu, ZF; Huynh, TLD; Sun, JJ","Dai, Peng-Fei; Xiong, Xiong; Liu, Zhifeng; Huynh, Toan Luu Duc; Sun, Jianjun",Preventing crash in stock market: The role of economic policy uncertainty during COVID-19,FINANCIAL INNOVATION,2021,10.1186/s40854-021-00248-y,"This paper investigates the impact of economic policy uncertainty (EPU) on the crash risk of US stock market during the COVID-19 pandemic. To this end, we use the GARCH-S (GARCH with skewness) model to estimate daily skewness as a proxy for the stock market crash risk. The empirical results show the significantly negative correlation between EPU and stock market crash risk, indicating the aggravation of EPU increase the crash risk. Moreover, the negative correlation gets stronger after the global COVID-19 outbreak, which shows the crash risk of the US stock market will be more affected by EPU during the epidemic.",COVID-19; Economic policy uncertainty; Crash risk; Skewness,VOLATILITY,Article,"Business, Finance; Social Sciences, Mathematical Methods",Business & Economics; Mathematical Methods In Social Sciences,,English,RU0ID,Q2,market_volatility_GarchHar_covid
"Wei, L; Lee, MC; Cheng, WH; Tang, CH; You, JW","Wei, Li; Lee, Ming-Chih; Cheng, Wan-Hsiu; Tang, Chia-Hsien; You, Jing-Wun",Evaluating the Efficiency of Financial Assets as Hedges against Bitcoin Risk during the COVID-19 Pandemic,MATHEMATICS,2023,10.3390/math11132917,"In the turbulent landscape of financial markets, Bitcoin has emerged as a significant focus for investors due to its highly volatile returns. However, the risks and uncertainties associated with it necessitate effective hedging strategies. This paper explores the potential of various financial assets, including interest rates, stock markets, commodities, and exchange rates, as dynamic hedges against Bitcoin's risk. Utilizing a DCC-GARCH model, we construct a dynamic hedging model to analyze the viability of these financial assets as hedges. The data is categorized into pre-pandemic and pandemic periods to assess any change in hedging performance due to the outbreak of COVID-19. Our empirical findings suggest that the dynamic DCC-GARCH model outperforms the static OLS model in this context. During the pandemic period, a diverse set of financial assets demonstrated enhanced efficiency in hedging Bitcoin risk compared to the pre-pandemic phase. Among the hedging commodities, stock market indices, the US dollar index, and commodity futures displayed superior performance.",cryptocurrency risk; financial volatility; dynamic hedging; COVID-19 impact; DCC-GARCH model,VOLATILITY; MODELS,Article,Mathematics,Mathematics,,English,M2OR3,Q2,market_volatility_GarchHar_covid
"Güngör, A; Güngör, MS","Gungor, Arifenur; Gungor, Mahmut Sami",Financial contagion across G7 countries during stock market crashes,GLOBAL BUSINESS AND ECONOMICS REVIEW,2025,10.1504/GBER.2025.146502,"Globalisation leads to rising stock market exposure to financial contagion during economic crises. Since the importance of short-run linkages between stock markets for international portfolio diversification, this study aims to investigate the existence of financial contagion across G7 stock markets throughout the stock market crashes of 2008 and 2020 using short-run time-varying conditional correlations. To do this, first, this study estimates the DCC-MIDAS model based on the GARCH-MIDAS model to decompose the short- and long-run time-varying conditional correlations among G7 stock markets. Then, it estimates the regression model for each stock market pair to examine the existence of financial contagion across G7 stock markets during the stock market crashes. The empirical findings provide new evidence of financial contagion between developed stock markets during the global crash periods. A noteworthy finding is that the results on financial contagion are mixed and differ by region and the nature of stock market crashes.",global financial crisis; contagion; COVID-19 pandemic; stock markets; developed economies,TIME-SERIES; HETEROSKEDASTICITY; TRANSMISSION; VOLATILITY; COMOVEMENT; CRISIS; MODEL,Article,Business; Economics,Business & Economics,1097-4954,English,6EY4F,Q2,market_volatility_GarchHar_covid
"Apostolakis, GN; Floros, C; Gkillas, K; Wohar, M","Apostolakis, George N.; Floros, Christos; Gkillas, Konstantinos; Wohar, Mark","Political uncertainty, COVID-19 pandemic and stock market volatility transmission",JOURNAL OF INTERNATIONAL FINANCIAL MARKETS INSTITUTIONS & MONEY,2021,10.1016/j.intfin.2021.101383,"News about referendums and the ongoing evolution of a global contagious increase uncertainty about the development of economic fundamentals reflected by increased volatility in the financial markets. In this paper, employing volatility impulse response functions and assessing the volatility spillovers we examine intra-market volatility transmission in the Athens stock market. We employ a large sample period of daily data that spans from December 1999 to December 2020 and captures major events of the last 20 years especially related to the announcement of the two referendums during the Greek government-debt crisis in 2010 and the economic and political turmoil that increased country instability, the following years, the BREXIT referendum and the COVID-19 pandemic of 2020. Our results demonstrate that negative shocks during the announcement of the referendum produce larger impulse responses than during the announcement of the country lockdowns. Furthermore, we shed light on the existence of the dynamic relationship of volatility spillovers. Volatility spillovers peaked during the COVID-19 pandemic. Dynamic spillover plots demonstrate that during the COVID-19 pandemic, more volatility is transmitted by mid cap firms to large cap firms. Our findings have implications to market participants, policy makers and market regulators.",Asymmetric effects; Volatility spillovers; GARCH; Volatility impulse responses; Futures; VECM,INDEX FUTURES; POLICY UNCERTAINTY; IMPLIED VOLATILITY; PRICE DISCOVERY; COINTEGRATION; SPILLOVERS; EFFICIENCY; RETURNS; MODELS; IMPACT,Article,"Business, Finance; Economics",Business & Economics,1042-4431,English,WI3DB,Q2,market_volatility_GarchHar_covid
"Passos, FV; Bastos, JCA","Passos, Felipe Vieira; Bastos, Julio Cesar Albuquerque",An analysis of integration and volatility transmission between Latin American and US stock markets: before and after COVID-19,JOURNAL OF ECONOMIC STUDIES,2025,10.1108/JES-04-2025-0269,"PurposeThis paper analyzes conditional correlations and volatility transmission between Latin American and US stock markets during the pre- and post-COVID-19 periods.Design/methodology/approachThe study employs a range of econometric techniques, including six-dimensional BEKK-GARCH models and the Dynamic Conditional Correlation (DCC) model, to examine market interdependencies through spillover effects-specifically mean-to-mean, volatility-to-mean and volatility-to-volatility transmissions. It also conducts hedge ratio and optimal portfolio analyses to develop informed investment strategies.FindingsThe results reveal that while correlations between the markets are generally positive, they are moderate in strength and become more pronounced after the onset of the pandemic. Volatility transmission is particularly strong between the USA and Brazilian markets. Mexico, exhibiting lower correlations, presents opportunities for cost-effective hedging. In contrast, the Argentine market's high volatility reduces its suitability for inclusion in optimal portfolios.Originality/valueThis study offers a novel contribution by integrating BEKK and DCC models with hedging and portfolio optimization frameworks, enhancing the understanding of spillovers and conditional correlations among Latin American and US equity markets. The research highlights the rise in market correlations following the COVID-19 crisis, suggesting reduced market decoupling during periods of global stress. It also considers the political and economic implications of these dynamics, including the influence of US Federal Reserve interest rate movements on conditional correlations across countries.",Volatility transmission; Conditional correlation; Stock markets; Latin America and USA; Multivariate GARCH; C32; F36; G15,SPILLOVERS; LINKAGES; CHINA,Article; Early Access,Economics,Business & Economics,0144-3585,English,E3121,Q2,market_volatility_GarchHar_covid
"Sevinç, D","Sevinc, Deniz",Volatility spillovers among MIST stock markets,DATA SCIENCE IN FINANCE AND ECONOMICS,2022,10.3934/DSFE.2022004,"This paper examines the effects of volatility spillover between MIST stock markets. We used daily data from January 3, 2012, to November 16, 2021, and the test of causality in variance, including structural breaks. First, we observed no structural break for Turkey and Indonesia, but there is a structural break in each South Korean and Mexican stock markets. A structural break is found for Mexico the day, aka El Betito was arrested. Likewise, we detected a structural break on the first day of the Covid-19 case for South Korea. We surprisingly observed that Covid-19 did not cause a structural break in these markets during the period analyzed, except in South Korea. GARCH (1,1) models, including structural breaks, show that all series are temporarily and permanently affected by their own shocks. The causality in variance test reveals that MIST countries have volatility spillover effects on each other. There is bidirectional causality in variance between all markets, except South Korea and Mexico. The Mexican stock market is a volatility transmitter for South Korea, but vice versa. The paper indicates a connection in terms of the financial markets of MIST countries, and they are affected by each other's shocks, according to the study results.",volatility; spillover; causality in variance; structural break; MIST countries,GLOBAL FINANCIAL CRISIS; CAUSALITY-IN-VARIANCE; BRICS; CHINA; US; TRANSMISSION; CONTAGION; RETURNS; PRICE,Article,"Business, Finance; Economics; Social Sciences, Mathematical Methods",Business & Economics; Mathematical Methods In Social Sciences,,English,R1QU6,Q2,market_volatility_GarchHar_covid
"Soltani, H; Abbes, MB","Soltani, Hayet; Abbes, Mouna Boujelbene","Regime-Specific Spillover Effects Between Financial Stress, GCC Stock Markets, Brent Crude Oil, and the Gold Market",JOURNAL OF THE KNOWLEDGE ECONOMY,2024,10.1007/s13132-024-02209-z,"The purpose of this paper is to empirically investigate the volatility spillover between financial stress, the Gulf Cooperation Council (GCC) stock markets, and oil and gold markets in the presence of state (regime) dynamics. We first use the Dynamic Conditional Correlation (DCC)-GARCH model in order to study the correlation between variables. Second, the authors use a continuous wavelet decomposition technique so as to examine the interactions between financial stress, oil and GCC stock, and gold markets. Finally, the authors examine the spillover effects by estimating the Baba-Engle-Kraft-Kroner (BEKK)-GARCH model. The findings indicate various patterns of spillover between GCC financial stress index and oil, gold, and GCC stock market returns in high- and low-volatility regimes, especially during the COVID-19 pandemic. The wavelet coherency results indicate a substantial co-movement between oil and GCC financial stress and between GCC financial stress and GCC stock markets in the periods of high volatility. BEKK-GARCH model outcomes confirm this relation and report the noteworthy bi-directional transmission of volatility between GCC financial stress and oil market for some countries (see Oman, Saudi Arabia, and UAE in the bearish state and Bahrain and Saudi Arabia under bullish state) and between oil market shocks and the GCC stock market returns, chiefly in the turmoil period. Thus, these results are important for investors aiming at managing and reducing portfolio risk. These empirical findings are of significant importance in the development of effective allocation strategies to mitigate financial stress (FSIs) prevalent in the Gulf Cooperation Council (GCC) region. Moreover, they hold crucial implications for portfolio diversification, risk management, and policy formulation by shedding light on the interdependencies among various asset classes and financial markets across different market conditions.",GCC financial stress; GCC stock markets; Wavelet coherence analysis; BEKK-GARCH,VOLATILITY SPILLOVER; ECONOMIC-ACTIVITY; DYNAMICS; PRICES; ENERGY; US; TRANSMISSION; CONTAGION; BITCOIN; METALS,Article; Early Access,Economics,Business & Economics,1868-7865,English,C4Y2Z,Q2,market_volatility_GarchHar_covid
"Ahmed, WMA","Ahmed, Walid M. A.",What causes US equity market sector volatilities during the coronavirus pandemic?,APPLIED ECONOMICS LETTERS,2025,10.1080/13504851.2024.2334443,"This paper seeks to identify key variables contributing to sectoral stock market volatilities in the US under the enduring pressure of the COVID-19 pandemic, using a broad array of candidate factors. We adopt a Beta-Skew-t-EGARCH model to capture the time-varying dynamics of the individual sectoral return volatilities. The empirical analysis is performed via an elastic-net regularized regression model. We find that trading volume, volatility of broad US dollar exchange rates, coronavirus infection rates, VIX, Google search trends, US economic policy uncertainty, and the initiation of vaccination programmes are the most common determinants of sectoral volatility.",US equity sector indices; volatility determinants; COVID-19 pandemic; elastic net method,PRINCIPAL COMPONENT ANALYSIS; INFORMATION; MODEL; SELECTION; VOLUME,Article,Economics,Business & Economics,1350-4851,English,8DX5V,Q2,market_volatility_GarchHar_covid
"Dutta, A; Bouri, E; Rothovius, T; Azoury, N; Uddin, GS","Dutta, Anupam; Bouri, Elie; Rothovius, Timo; Azoury, Nehme; Uddin, Gazi Salah",Does oil price volatility matter for the US transportation industry?,ENERGY,2024,10.1016/j.energy.2023.130194,"Although the US transport sector is one of the major users of fossil fuel (e.g., crude oil), the impact of energy price volatility on transport stock sector indexes remains under-researched. The present study addresses this research void by investigating the impact of energy implied volatility on transportation stock returns in the US. Using the crude oil volatility index (OVX), as a proxy of energy price volatility, and three Dow Jones indexes tracking the performance of the airlines, marine and trucking stock subsectors, we employ a GARCH-jump model. The main results show that the oil market sends volatility to the US transport subsector stock indexes, suggesting that oil implied volatility plays a role in pricing US transport stocks. The impact of OVX shocks is asymmetric, indicating that increases and decreases in oil implied volatility have a heterogeneous impact on the transport subsector stock markets. Jumps are significant in the three transport subsector stock indexes, and are time-dependent. Notably, the three transportation subsector stock indexes are more sensitive to OVX shocks than the S&P 500 index. These results have important implications for investors, policymakers, academics, and managers of the US transportation industry.",US transport sector returns; Oil implied volatility (OVX); COVID-19 outbreak; GARCH-Jump; Asymmetric effect,CHINESE STOCK RETURNS; JUMP DYNAMICS; CLEAN ENERGY; MARKETS; SHOCKS; IMPACT; UNCERTAINTY; SPILLOVER; COMMODITY; RISK,Article,Thermodynamics; Energy & Fuels,Thermodynamics; Energy & Fuels,0360-5442,English,GX5B8,Q2,market_volatility_GarchHar_covid
"Li, HL; Chen, HQ; Xu, GL; Zhang, WG","Li, Helong; Chen, Huiqiong; Xu, Guanglong; Zhang, Weiguo","COVID-19, various government interventions and stock market performance",CHINA FINANCE REVIEW INTERNATIONAL,2023,10.1108/CFRI-03-2023-0068,"Purpose According to the Government Response tracker (oxCGRT) index, the overall government response, stringency, economic support, containment and health policies to COVID-19 from January 2020 to December 2022. The main objective of this paper is to explore how stock market performance is affected by these polices, respectively. Design/methodology/approach The authors employ EGARCH and autoregressive distributional lag (ARDL) models to test the impact of epidemic prevention policy implementation on stock market returns, volatility and liquidity and make cross-country comparisons for six important world economies. Findings Firstly, the implementation of various preventive policies hurts stock market returns and increases volatility, but there are a few indicators that have no effect or have an easing effect in some countries. Secondly, health policies exacerbate market volatility and have a stronger effect than other policy indicators. Thirdly, In China and the USA, anti-epidemic policies have been shown to worsen liquidity, while in Japan they have been shown to improve liquidity. Originality/value First, enrich the growing body of COVID-19 research by comprehensively examining whether and how government prevention policies affect stock market returns, volatility and liquidity. Second, explore the impact of different types of intervention policies on stock market performance, separately.",oxCGRT index; Stock market; Liquidity; COVID-19; Intervention policies,VOLATILITY; LIQUIDITY; GARCH,Article,"Business, Finance",Business & Economics,2044-1398,English,ES6K5,Q2,market_volatility_GarchHar_covid
"Younis, I; Shah, WU; Hkiri, B; Qureshi, F; Cheng, LS","Younis, Ijaz; Shah, Waheed Ullah; Hkiri, Besma; Qureshi, Fiza; Cheng, Longsheng","Risk co-movements and portfolio strategies between energy, gold and BRICS markets",RESOURCES POLICY,2023,10.1016/j.resourpol.2023.103487,"This study applies the parametric and nonparametric approach to examine risk comovement between energy, gold, and BRICS equity markets. Our analysis indicates that the risk comovement between these markets varies across financial crisis events. Crude oil and Russian stocks are substantially connected throughout all sub-sample periods, while gold shows a negative relationship with China and Indian stock markets. Moreover, the short-term risk transmission between the stock markets and commodity markets of China, Brazil, Russia, and India is stronger than the gold and oil markets of South Africa during the financial crises. Chinese stock market returns are higher in connectedness than other emerging markets. Further, crude oil and BRICS indices can be utilized as portfolio diversification assets to offset risks, especially during COVID-19. In addition, China and Russia have greater flexibility regarding hedging efficiency for crude oil in crises. Finally, this study offers policymakers insights into how to improve BRICS business convergence among financial and commodity markets to attract domestic and international investments while avoiding the risk of contagion.",Crude oil; Gold; BRICS; Risk comovement; Portfolio strategy; Time -frequency domain; DCC-GARCH,OIL PRICE SHOCKS; STOCK-MARKET; EMPIRICAL-ANALYSIS; FINANCIAL CRISIS; VOLATILITY; COMMODITY; CONTAGION; LINKAGES; BEHAVIOR; RETURNS,Article,Environmental Studies,Environmental Sciences & Ecology,0301-4207,English,D4AV1,Q2,market_volatility_GarchHar_covid
"Yousaf, I; Jareño, F; Tolentino, M","Yousaf, Imran; Jareno, Francisco; Tolentino, Marta",Connectedness between Defi assets and equity markets during COVID-19: A sector analysis,TECHNOLOGICAL FORECASTING AND SOCIAL CHANGE,2023,10.1016/j.techfore.2022.122174,"This paper explores the dynamic connectedness between Defi assets and sector stock markets focused around the COVID-19 pandemic crisis. For that aim, this research applies the TVP-VAR model, and it also computes the optimal weights and hedge ratios for the Defi assets-sector equity portfolios using the DCC-GARCH model. Our main findings reveal that static connectedness is slightly economy-and sector-dependent. Regarding the dynamic connectedness, as expected, the total spillover index changes over time, showing a cruel impact of the global pandemic declaration. Net spillover indices show relevant differences between the Defi assets and certain sectors (net receivers) and sectors such as industrials, materials and information technology (time-varying net trans-mitters). Finally, the optimal hedge ratios reveal similar levels of coverage in all the periods analyzed, with slight upturns in the cost of such coverage in the crisis period caused by COVID-19.",Defi assets; Sector stock markets; Connectedness; COVID-19 pandemic crisis,IMPULSE-RESPONSE ANALYSIS; VOLATILITY SPILLOVER; BITCOIN; CRYPTOCURRENCY; TRANSMISSION; ENERGY; RETURN,Article,Business; Regional & Urban Planning,Business & Economics; Public Administration,0040-1625,English,D5ZF8,Q2,market_volatility_GarchHar_covid
"Zhou, XM; Liu, HH","Zhou, Xinmiao; Liu, Huihong",Cross-Market Risk Spillovers and Tail Dependence Between U.S. and Chinese Technology-Related Equity Markets,INTERNATIONAL JOURNAL OF FINANCIAL STUDIES,2025,10.3390/ijfs13040242,"This study investigates risk contagion and dependence structures between U.S. and Chinese technology-related stock markets, focusing on the electronics and semiconductor sectors. We employ DCC-GARCH models to capture time-varying correlations and copula models to analyze nonlinear and tail dependencies. To highlight extreme risk dynamics, we extend the analysis to Value-at-Risk (VaR) series derived from a GARCH(1,1)-Skewed-t model. Empirical results reveal three major findings. First, volatility clustering and negative skewness are evident across markets, with extreme downside risks concentrated during the 2015 Chinese stock market crash and the 2020 COVID-19 pandemic. Second, copula results show stronger upper-tail dependence in cross-border broad markets and more symmetric dependence within domestic Chinese markets, while U.S. sectoral linkages exhibit the highest vulnerability during downturns. Third, dynamic copula analysis indicates that downside contagion is episodic and crisis-driven, whereas rebound co-movements are structurally persistent. These findings contribute to understanding systemic vulnerability in global technology markets. They provide insights for investors, regulators, and policymakers on monitoring cross-market contagion and managing systemic risk under stress scenarios.",copula models; DCC-GARCH; risk contagion; Value-at-Risk U.S.-China stock markets; electronics and technology sector,,Article,"Business, Finance",Business & Economics,2227-7072,English,AF1QY,Q2,market_volatility_GarchHar_covid
"Tang, CF; Aruga, K","Tang, Chaofeng; Aruga, Kentaka",Relationships among the Fossil Fuel and Financial Markets during the COVID-19 Pandemic: Evidence from Bayesian DCC-MGARCH Models,SUSTAINABILITY,2022,10.3390/su14010051,"This study examined how the relationships among the fossil fuel, clean energy stock, gold, and Bitcoin markets have changed since the COVID-19 pandemic took place for hedging the price change risks in the fossil fuel markets. We applied the Bayesian Dynamic Conditional Correlation-Multivariate GARCH (DCC-MGARCH) models using US daily data from 2 January 2019 to 26 February 2021. Our results suggest that the fossil fuel (WTI crude oil and natural gas) and financial markets (clean energy stock, gold, and Bitcoin) generally had negative relationships in 2019 before the pandemic prevailed, but they became positive for a while in mid-2020, alternating between positive (0.8) and negative values (-0.8). As it is known that negative relationships are required among assets to hedge the risk of price changes, this implies that stakeholders need to be cautious in hedging the risk across the fossil fuel and financial markets when a crisis like COVID-19 occurs. However, our study also revealed that such negative relationships only lasted for three to six months, suggesting that the effects of the pandemic were short term and that stakeholders in the fossil fuel markets could cross hedge with the financial markets in the long term.",fossil fuel; COVID-19 pandemic; clean energy; gold; Bitcoin; Bayesian DCC-MGARCH models,MULTIVARIATE GARCH MODELS; VOLATILITY SPILLOVERS; CROSS-CORRELATIONS; STOCK MARKETS; NATURAL-GAS; CRUDE-OIL; GOLD; PRICES; ENERGY,Article,Green & Sustainable Science & Technology; Environmental Sciences; Environmental Studies,Science & Technology - Other Topics; Environmental Sciences & Ecology,,English,YT2IT,Q2,market_volatility_GarchHar_covid
"Mukherjee, P; Bardhan, S","Mukherjee, Paramita; Bardhan, Samaresh","Dynamic Spillovers Among Equity, Gold and Oil Markets During COVID and Russia-Ukraine War: Evidence from India",ASIA-PACIFIC FINANCIAL MARKETS,2025,10.1007/s10690-024-09482-7,"The interactions among equity and commodity market prices and their volatility provide valuable information to market participants. This paper explores such dynamic interrelations in India, especially whether relationships have significantly changed with the onset of the COVID-19 pandemic and the Russia-Ukraine war of 2022. Based on a daily dataset from January 2017 to May 2022, VAR-MGARCH models and dynamic correlations are estimated with prices of gold, equity, and crude oil for spot and futures markets. Findings suggest that for gold, crude oil, and equity in spot and futures segments, there is evidence of significant persistence of volatility and spillover from past shocks. In general, volatility spillover is more pronounced in the spot than in the futures market. Evidence also indicates bi-directional spillovers between markets, but it is more prominent from the equity market to the crude oil and from crude oil to the gold market. However, the most notable finding of the study is that, like the period of the global financial crisis, the dynamic correlation between stock and crude oil markets has substantially increased during the COVID and war periods both in spot and futures markets. Also, during COVID, the property of gold acting as a hedge against stock has weakened.",Commodity prices; Volatility spillover; Dynamic relationship; Multivariate GARCH; Financial market; G10; G11; F65,STOCK MARKETS; CRUDE-OIL; VOLATILITY SPILLOVER; COMMODITY-MARKETS; EXCHANGE-RATE; PRICE; FUTURES; FINANCIALIZATION; LINKAGES; ECONOMY,Article,Economics,Business & Economics,1387-2834,English,7MZ8D,Q2,market_volatility_GarchHar_covid
"Xi, X; Gao, XY; Zhong, WQ","Xi, Xian; Gao, Xiangyun; Zhong, Weiqiong",How risk spillover network structure affects VaR: A study using complex networks and quantile regression,INTERNATIONAL REVIEW OF ECONOMICS & FINANCE,2025,10.1016/j.iref.2025.103956,"In early 2020, the global economy was hit by the black swan event of the COVID-19 pandemic, which triggered ups and downs in international financial markets. Volatility in financial markets is often due to price fluctuations and the fluctuations have a significant linkage effect, which makes it easy to form systemic risks. Systemic risk leads to a slight move in one part that may affect the overall situation, and the structural characteristics of the network also change with uncertainty, which has a different impact on its own risk. Mining plays a role in promoting the goal of carbon neutrality, which is likely to lead to the risk of large fluctuations in stock prices. Synthetically adopting DCC-GARCH, complex network, and quantile regression models, our research uncovers significant insights into how network structures affect Value at Risk (VaR) in this volatile market. (1) Under the influence of the COVID-19 pandemic and the US-China trade war, the network structure changes significantly, the stock price fluctuates sharply in the mining stock market, and the risk spillover probability increases. (2) The spillover range, spillover intensity, and spillover media power of stocks negatively impact VaR. They play essential roles in reducing overall risk in the network. (3) The scope and intensity of risk spillover of middle and upstream stocks are enormous, especially in some large coal and metal smelting and processing enterprises. This study provides some suggestions for market managers and policymakers on risk control.",Risk spillover; DCC-GARCH; Complex network; Quantile regression; Mining stock market,,Article,"Business, Finance; Economics",Business & Economics,1059-0560,English,Y1Q5G,Q2,market_volatility_GarchHar_covid
"Zhu, YL; Taasim, SI; Daud, A","Zhu, Yilin; Taasim, Shairil Izwan; Daud, Adrian","Volatility Modeling and Tail Risk Estimation of Financial Assets: Evidence from Gold, Oil, Bitcoin, and Stocks for Selected Markets",RISKS,2025,10.3390/risks13070138,"As investment portfolios become increasingly diversified and financial asset risks grow more complex, accurately forecasting the risk of multiple asset classes through mathematical modeling and identifying their heterogeneity has emerged as a critical topic in financial research. This study examines the volatility and tail risk of gold, crude oil, Bitcoin, and selected stock markets. Methodologically, we propose two improved Value at Risk (VaR) forecasting models that combine the autoregressive (AR) model, Exponential Generalized Autoregressive Conditional Heteroskedasticity (EGARCH) model, Extreme Value Theory (EVT), skewed heavy-tailed distributions, and a rolling window estimation approach. The model's performance is evaluated using the Kupiec test and the Christoffersen test, both of which indicate that traditional VaR models have become inadequate under current complex risk conditions. The proposed models demonstrate superior accuracy in predicting VaR and are applicable to a wide range of financial assets. Empirical results reveal that Bitcoin and the Chinese stock market exhibit no leverage effect, indicating distinct risk profiles. Among the assets analyzed, Bitcoin and crude oil are associated with the highest levels of risk, gold with the lowest, and stock markets occupy an intermediate position. The findings offer practical implications for asset allocation and policy design.",financial markets; EGARCH model; VaR model; risk measurement,VALUE-AT-RISK; COVID-19,Article,"Business, Finance",Business & Economics,,English,5HG6A,Q2,market_volatility_GarchHar_covid
"Kinnam, AC; Bin, ALY; Cheong, CW; Min, L; Hui, GTA","Kinnam, Alwin Chong; Bin, Angie Loh Yan; Cheong, Chin Wen; Min, Lim; Hui, Gloria Teng Ai",Gold price volatility and forecasting evaluations with the impact of COVID-19 pandemic,JOURNAL OF STATISTICS AND MANAGEMENT SYSTEMS,2023,10.47974/JSMS-985,"Gold is a precious metal that has always been recognized as a safe-haven investment for many defensive investors. As compared to the stock market, gold is considered less volatile. In early 2020, the Covid-19 pandemic has caused turbulence in the financial market. It is believed that the pandemic has affected the volatility of gold market. This study aims to investigate the volatility of gold market before the Covid-19 pandemic and during the pandemic using several different models including GARCH, EGARCH and GJR-GARCH. The use of EGARCH and GJR-GARCH is meant to capture the leverage effect of the market in order to have a better volatility forecast. With the results from the analysis, other financial applications such as determining value-at-risk and forecasting can be done. The results of this study act as a good reference to investors who are interested in gold investment.",GARCH; Gold market; Value-at-risk,,Article,Statistics & Probability,Mathematics,0972-0510,English,KG1O6,Q2,market_volatility_GarchHar_covid
"Pruchnicka-Grabias, I; Zebrowska-Suchodolska, D","Pruchnicka-Grabias, Izabela; Zebrowska-Suchodolska, Dorota",Heterogeneity in volatility spillovers from the US equity market to developed and Visegrad stock exchanges,STUDIES IN ECONOMICS AND FINANCE,2026,10.1108/SEF-11-2024-0826,"PurposeThis paper aims to analyze the difference in volatility spillovers between the American stock market and other markets, including developed and Visegrad ones. The study compares normal market conditions, the COVID-19 pandemic and the Russia-Ukraine war period.Design/methodology/approachThe DCC-GARCH model was used to examine pairwise relationships. An extension of the research was the examination of volatility transmission throughout the system. The study uses volatility spillover indexes by Diebold and Yilmaz for the static version, as well as the Barun & iacute;k and Krehl & iacute;k methodology for the dynamic version.FindingsThe key finding is that historical shocks during the Russia-Ukraine war had a greater impact on current volatility in the most developed stock markets than on the Visegrad markets. The authors also find out that the American stock market represented by the S&P500 index is the volatility exporter to all examined markets for all examined periods. Its shocks influenced developed markets (NASDAQ, DJIA, FTSE100, DAX, CAC40) more during the war, whereas Visegrad markets during the COVID-19 pandemic.Research limitations/implicationsThe results are important to policymakers, central bankers and investors who aim to diversify their portfolios. Policymakers must keep in mind that their decisions influence not only the market they are responsible for but also have far-reaching consequences. Central bankers should be aware that changes in interest rates which influence some markets will have more indirect connectedness with other markets. For investors, the results say that portfolio diversification possibilities during crisis times are not as numerous as in non-crisis times.Originality/valueThe novum of the study is showing that although the American market does not transfer volatility in any sub-period to some markets represented by CAC40, DAX and Stoxx50, it does to Visegrad markets. The added value of this research is also pointing out that during both the COVID-19 pandemic and the Russia-Ukraine conflict, these are especially the Visegrad markets that look toward the American market. Moreover, it is shown that for the Visegrad markets, the COVID-19 pandemic and the Russia-Ukraine war increase their connectedness with the US market. In contrast, for the developed markets, the impact is less clear because relations change beyond just the COVID-19 pandemic or war.",Volatility spillovers; Visegrad; Covid-19; Russia-Ukraine war; Equity markets; G1; G150,TRANSMISSION,Article,"Business, Finance",Business & Economics,1086-7376,English,CY9JV,Q2,market_volatility_GarchHar_covid
"Tabash, MI; Chalissery, N; Nishad, TM; Al-Absy, MSM","Tabash, Mosab I.; Chalissery, Neenu; Nishad, T. Mohamed; Al-Absy, Mujeeb Saif Mohsen",Market Shocks and Stock Volatility: Evidence from Emerging and Developed Markets,INTERNATIONAL JOURNAL OF FINANCIAL STUDIES,2024,10.3390/ijfs12010002,"Market turbulences and their impact on the financial market, particularly on the stock market, is a financial topic that has received significant research attention recently. This study compared the characteristics of stock return and volatility in selected developed and emerging markets between the 2008 financial crisis and the 2019 worldwide pandemic. In this sense, we seek to answer two concerns. First, do the developed and emerging markets behave similarly during crisis periods? Second, does economic strength always shield markets from poor economic circumstances? For this purpose, the daily return data of E7 (Emerging 7) and G7 (Developed 7) countries for two sample periods-namely, the financial crisis period of 2007-2009 and the global pandemic period of 2019-2021-were chosen. By using univariate GARCH models, namely GARCH, EGARCH, and TGARCH, the study discovered that developing and developed markets reacted differently to these two financial crises. While emerging markets responded similarly to these two crises, developed economies acted differently, being more volatile and sensitive to the worldwide pandemic of 2019 than the financial crisis of 2008. Moreover, a country's economic prowess does not always shield it from economic turmoil. This study will help investors identify diversification opportunities among the developed and emerging markets during a crisis period. Additionally, this will help portfolio and fund managers understand the behaviour of stock markets during times of market crisis and thus give advice to investors.",risk-return; volatility; asymmetric volatility; financial crisis; global pandemic; emerging markets; developed markets; GARCH models,FINANCIAL CRISIS; IMPACT; MODEL; US; TRANSMISSION; SPILLOVERS; CONTAGION; PRICES; INDEX; NEWS,Article,"Business, Finance",Business & Economics,2227-7072,English,MH9U8,Q2,market_volatility_GarchHar_covid
"Rakshit, B; Neog, Y","Rakshit, Bijoy; Neog, Yadawananda",Effects of the COVID-19 pandemic on stock market returns and volatilities: evidence from selected emerging economies,STUDIES IN ECONOMICS AND FINANCE,2022,10.1108/SEF-09-2020-0389,"Purpose The purpose of this paper is to investigate the effects of exchange rate volatility, oil price return and COVID-19 cases on the stock market returns and volatility for selected emerging market economies. Additionally, this study compares the market performance in the emerging economies during the COVID-19 pandemic with the pre-COVID and global financial crisis (GFC) period. Design/methodology/approach The authors apply the arbitrage pricing theory to model the risk-return relationship between the risk-based factors (exchange rate volatility and COVID-19 cases) and stock market returns. By applying the exponential generalized autoregressive conditional heteroskedasticity model, the study captures the asymmetric volatility spillover from the stock markets to foreign exchange markets and vice versa. Findings Findings reveal that exchange rate volatility exerts a negative and significant effect on the market returns in Brazil (BOVESPA), Chile (S&P CLX IPSA), India (SENSEX), Mexico (S&P BMV IPC) and Russia (MOEX) during the coronavirus pandemic. Regarding the effect of oil price returns, the authors find a positive relationship between oil price and stock market returns across all the economies in the study. The market returns of Russia, India, Brazil and Peru appeared more volatile during the pandemic than the GFC period. Practical implications As the exchange rate volatility is causing higher risk and uncertainty in the stock market's performance, the central bank's effort to maintain a stabilizing effect on the exchange rate sale can be proven crucial for the economies under consideration. Emphasized should also be given to boost investors' confidence in the stock market, and for this, the government policy actions in reducing the transmission of the disease are the need of the hour. Originality/value While a large volume of literature on stock market performance in times of COVID-19 has emerged from developed economies, this study adds to the literature by exploring the emerging economies' stock market performance during the COVID-19 pandemic. Unlike previous literature, this study examines the volatility spillover between stock and exchange rate markets in the worst affected emerging economies during the crisis.",GFC; EGARCH; COVID-19 pandemic; Returns and volatility,TIME-SERIES; PRICES; RATES; MEDIA; RISK,Article,"Business, Finance",Business & Economics,1086-7376,English,2C7SF,Q2,market_volatility_GarchHar_covid
"Suwannapak, S; Chancharat, S","Suwannapak, Suthasinee; Chancharat, Surachai",Stock Market Volatility Response to COVID-19: Evidence from Thailand,JOURNAL OF RISK AND FINANCIAL MANAGEMENT,2022,10.3390/jrfm15120592,"This study investigated how stock market volatility responded dynamically to unexpected changes during the COVID-19 pandemic and the resulting uncertainty in Thailand. Using a multivariate GARCH-BEKK model, the conditional volatility dynamics, the interlinkages, and the conditional correlations between stock market volatility and the increasing rate of COVID-19 infection cases are examined. The increased rate of COVID-19 infections impacts stock returns detrimentally; in Thailand, stock market volatility responses are asymmetric in the increase and decline situations. This disparity is due to the unfavourable impact of the pandemic's volatility. Finally, we acknowledge that directional volatility spillover effects exist between the increase in COVID-19 cases and stock returns, suggesting that time-varying conditional correlations occur and are generally positive. Using this study's results, governments and financial institutions can devise strategies for subsequent recessions or financial crises. Furthermore, investment managers can manage portfolio risk and forecast patterns in stock market volatility. Academics can apply our methodology in future investment trend studies to analyse additional variables in the economic system, such as the value of the US dollar, the price of commodities, or GDP.",BEKK-GARCH; COVID-19; stock return; volatility,,Article,"Business, Finance",Business & Economics,1911-8066,English,7E4YG,Q2,market_volatility_GarchHar_covid
"Ibrahim, I; Kamaludin, K; Sundarasen, S","Ibrahim, Izani; Kamaludin, Kamilah; Sundarasen, Sheela","COVID-19, Government Response, and Market Volatility: Evidence from the Asia-Pacific Developed and Developing Markets",ECONOMIES,2020,10.3390/economies8040105,"This study examines the relationship between COVID-19, government response measures, and stock market volatilities for 11 developed and developing economies within the Asia-Pacific region. Our period of study is between 15 February-30 May 2020. Using the continuous wavelet transformation (CWT) analysis and plots and GJR-GARCH analysis, we examined the effects of the COVID-19 public health crisis and the corresponding government measures on the respective domestic equity markets volatilities. The CWT plots showed a varying level of market volatilities at different investment horizons. All the sample countries, except Japan, experienced very low or low volatility over the short-term horizons. In contrast, Vietnam, Malaysia, and Laos experienced medium volatility over the medium-term horizons. Finally, China, Japan, South Korea, Malaysia, and the Philippines experienced high volatility over the long-term horizons. The GJR-GARCH results further ascertain that market volatilities are affected by domestic events, notably, the COVID-19 government intervention measures. In most sample countries, the government measures significantly reduce market volatility in the domestic equity markets. Additionally, international events have also triggered market volatilities. Overall, our study offers several contributions and implications for practitioners and policymakers.",COVID-19; Asia-Pacific; market volatility; government response; wavelet analysis,,Article,Economics,Business & Economics,,English,PJ1GO,Q2,market_volatility_GarchHar_covid
"Ngo, NS; Nguyen, HTM",Nam Sy Ngo; Huyen Thi Mai Nguyen,A Safe-haven Property of Cryptocurrencies: Evidence in Vietnam Stock Market During Pandemic Crisis,JOURNAL OF ASIAN FINANCE ECONOMICS AND BUSINESS,2021,10.13106/jafeb.2021.vol8.no12.0465,"The study investigates the dynamic correlation of cryptocurrencies and equity in Vietnam and tests the safe-haven property of them from the perspective of the stock market in Vietnam during the pandemic crisis by applying the dynamic conditional correlation (DCC) GARCH model and regression with a dummy variable, respectively. This study employs time series data on the daily dataset from September 2014 to September 2021 with the focus on the two most popular cryptocurrencies - Bitcoin and Litecoin. The results show that the dynamic conditional correlations between cryptocurrencies and equity in Vietnam increased during the pandemic, however, in most periods, positive dynamic correlations often dominate. Besides, the regression results also indicate that Bitcoin and Litecoin act as weak safe-haven investments for stocks in Vietnam during the COVID-19 turmoil. They are more suitable for diversification purposes although the dynamic correlations between them and the stock index in Vietnam vary stronger during the pandemic crisis than before. The findings of this study suggest that in the period of pandemic crisis, cryptocurrencies are not concerned as effective safe-haven assets for stock in Vietnam. Instead, cryptocurrencies are only playing a potential role in diversification benefit in this economy.",Cryptocurrency; Dynamic Conditional Correlation; Pandemic Crisis; Safe-Haven,BITCOIN; HEDGE; VOLATILITY; ECONOMICS; GOLD,Article,Business,Business & Economics,2288-4637,English,ZA5LD,Q2,market_volatility_GarchHar_covid
"Zoungrana, TD; Toé, DLT; Toé, M","Zoungrana, Tibi Didier; Toe, Daouda Lawa Tan; Toe, Mamadou",Covid-19 outbreak and stocks return on the West African Economic and Monetary Union's stock market: An empirical analysis of the relationship through the event study approach,INTERNATIONAL JOURNAL OF FINANCE & ECONOMICS,2023,10.1002/ijfe.2484,"This study uses the Wilcoxon's signed ranks test to identify the effect of the Covid-19 outbreak on the stocks returns of companies listed on the West African Economic and Monetary Union's (WAEMU) stock market by considering two event dates (January 23, 2020 and March 2, 2020). To account for the temporal volatility in the event approach, the study resort to a GARCH model. Empirical findings suggest that January 23, 2020 event (first case of death due to Covid-19 in China) have had a minor impact on the WAEMU stock market while the event on March 2, 2020 (first case of Covid-19 in the WAEMU) strongly affected the financial market. This negative impact is much more pronounced for the distribution sectors (-34.16%). Robustness analysis reveals that the main information leading to disruption on the market is the weekly death cases and not the confirmed cases. In addition, government anti-Covid-19 measures such as social distancing and governance positively affect the stock return whereas lockdown, public health measures and movement restrictions contribute to a decline in the stock's price.",BRVM; Covid-19; stocks; WAEMU; Wilcoxon signed ranks test,IMPACT; EPIDEMIC; COINTEGRATION; RESPONSES; PRICES,Article,"Business, Finance",Business & Economics,1076-9307,English,D6AG4,Q2,market_volatility_GarchHar_covid
"Shehzad, K; Liu, XX; Kazouz, H","Shehzad, Khurram; Liu Xiaoxing; Kazouz, Hayfa",COVID-19's disasters are perilous than Global Financial Crisis: A rumor or fact?,FINANCE RESEARCH LETTERS,2020,10.1016/j.frl.2020.101669,"This investigation employed the Asymmetric Power GARCH model and found that COVID-19 substantially harms the US and Japan's market returns. Moreover, COVID-19 has influenced the variance of the US, Germany, and Italy's stock markets more than the Global Financial Crises (GFC). However, GFC indicated a more significant impact on the financial volatility of the Nikkei 225 index and SSEC than COVID-19. The study confirmed the leverage effect for the S&P 500, Nasdaq Composite Index, DAX 30, Nikkei 225, FTSE MIB, and SSEC. The analysis authenticated that the health crisis that befell due to COVID-19 have imperatively originated the financial crisis globally; however, the Asian markets still make available better prospects for portfolio optimization.",COVID-19; Global Financial Crises; APGARCH model; Financial markets; Leverage effect,TIME-SERIES,Article,"Business, Finance",Business & Economics,1544-6123,English,NQ7FW,Q2,market_volatility_GarchHar_covid
"Lögün, A; Aydin, B; Aydin, R","Logun, Anil; Aydin, Buket; Aydin, Rahman",Impact of Infectious Diseases on Stock Markets: Evidence from Developed Markets,ZAGREB INTERNATIONAL REVIEW OF ECONOMICS & BUSINESS,2024,10.2478/zireb-2024-0024,"This study investigates the relationship between developed country market indices and the infectious disease stock market volatility index between March 11, 2020, and March 11, 2022. Thus, we seek an answer to the question of how global shocks will affect developed countries. In this context, indices such as S&P 500, CAC 40 and NIKKEI 225 are considered to represent developed country markets. The findings of the study indicate that the infectious disease stock market volatility index variable is significant, according to the GARCH model estimation for the CAC 40 index. In the EGARCH model estimation results for the NIKKEI 225 and S&P 500 indices, the infectious disease stock market volatility index variable is found to be significant. The results of this paper are important for policymaking by governments, investors, and the corporate sector in order to avoid future developments that could lead to financial shocks.",Covid-19; Advanced markets; Asymmetric relationship; GARCH; EGARCH; D53; G01; G14; G15,,Article,Economics,Business & Economics,1331-5609,English,O7B4E,Q2,market_volatility_GarchHar_covid
"Ta, BQ; Khai, NHQ","Ta, Bao Quoc; Khai, Nguyen H. Q.",Portfolio Optimization Based on Artificial Neural Network and GARCH-EVT-Copula Models,INTERNATIONAL JOURNAL OF UNCERTAINTY FUZZINESS AND KNOWLEDGE-BASED SYSTEMS,2023,10.1142/S0218488523400184,"Forecasting volatility is an essential task in the financial market, especially in portfolio optimization. To improve the prediction accuracy of the volatilities of assets we use a hybrid ANN-EGARCH model then combining with extreme value theory and Copula models to perform out-of-sample forecasting returns for six indices in Asia stock markets then we simulate one-day-ahead returns of these indices. We use EGARCH model to capture the leverage of return shocks due to COVID-19. Based on ANN-EGARCH-EVT-Copula models, we solve our portfolio optimization consisting of these six indices with different copula models. Using different performance measures to evaluate the efficiency of the models we show that under the Sharpe ratio and Sortino ratio the Gumbel copula gives better performance whereas with Average Drawdown and Max Drawdown measures, the Gaussian copula model is a best model for optimizing the portfolio.",Portfolio optimization; artificial neural network; Copula models; GARCH models; extreme value theory,,Article,"Computer Science, Artificial Intelligence",Computer Science,0218-4885,English,HF8T5,Q2,market_volatility_GarchHar_covid
"Messaoud, D; Ben Amar, A","Messaoud, Dorra; Ben Amar, Anis",Herding behaviour and sentiment: evidence from emerging markets,EUROMED JOURNAL OF BUSINESS,2025,10.1108/EMJB-08-2023-0209,"PurposeBased on the theoretical framework, this paper analyzes the sentiment-herding relationship in emerging stock markets (ESMs). First, it aims to examine the effect of investor sentiment on herding. Second, it seeks the direction of causality between sentiment and herding time series.Design/methodology/approachThe present study applies the Exponential Generalized Auto_Regressive Conditional Heteroskedasticity (EGARCH) model to capture the volatility clustering of herding on the financial market and to investigate the role of the investor sentiment on herding behaviour. Then the vector autoregression (VAR) estimation uses the Granger causality test to determine the direction of causality between the investor sentiment and herding. This study uses a sample consisting of stocks listed on the Shanghai Composite index (SSE) (348 stocks), the Jakarta composite index (JKSE) (118 stocks), the Mexico IPC index (14 stocks), the Russian Trading System index (RTS) (12 stocks), the Warsaw stock exchange General index (WGI) (106 stocks) and the FTSE/JSE Africa all-share index (76 stocks). The sample includes 5,020 daily observations from February 1, 2002, to March 31, 2021.FindingsThe research findings show that the sentiment has a significant negative impact on the herding behaviour pointing out that the higher the investor sentiment, the lower the herding. However, the results of the present study indicate that a higher investor sentiment conducts a higher herding behaviour during market downturns. Then the outcomes suggest that during the crisis period, the direction is one-way, from the investor sentiment to the herding behaviour.Practical implicationsThe findings may have implications for universal policies of financial regulators in EMs. We have found evidence that the Emerging investor sentiment contributes to the investor herding behaviour. Therefore, the irrational investor herding behaviour can increase the stock market volatility, and in extreme cases, it may lead to bubbles and crashes. Market regulators could implement mechanisms that can supervise the investor sentiment and predict the investor herding behaviour, so they make policies helping stabilise stock markets.Originality/valueThe originality of this paper lies in investigate the sentiment-herding relationship during the Surprime crisis and the Covid-19 epidemic in the EMs.",Financial crisis; Investor sentiment; Herding behaviour; Covid-19 epidemic,INVESTOR SENTIMENT; STOCK-MARKET; CRISES; LIQUIDITY; INFORMATION; RETURNS; BUBBLES; MOOD,Article,Business,Business & Economics,1450-2194,English,2YP9E,Q2,market_volatility_GarchHar_covid
"Karim, S; Khan, S; Mirza, N; Alawi, SM; Taghizadeh-Hesary, F","Karim, Sitara; Khan, Shabeer; Mirza, Nawazish; Alawi, Suha M.; Taghizadeh-Hesary, Farhad",CLIMATE FINANCE IN THE WAKE OF COVID-19: CONNECTEDNESS OF CLEAN ENERGY WITH CONVENTIONAL ENERGY AND REGIONAL STOCK MARKETS,CLIMATE CHANGE ECONOMICS,2022,10.1142/S2010007822400085,"Focusing on raising climate concerns and sustaining a clean ecosystem, the current study strives to examine the connectedness of clean energy markets with conventional energy markets and four regional stock markets of Asia, Pacific, Europe, and America for the period spanning January 1, 2004 to August 31, 2021. We employed the volatility connectedness methodology using dynamic conditional correlation (DCC-GARCH) estimates for analysis purposes. There is pronounced within class connectedness of all markets except conventional energy markets, which showed strong disconnection from the network. However, strong inter-class spillovers are reported between clean energy and regional stock markets. Time-varying analysis revealed that intense spillovers are shaped during the Global Financial Crisis, Shale Oil Crisis, and COVID-19 pandemic. Meanwhile, time-varying net connectedness estimates illuminate that world renewable energy and American stock markets are net transmitters, whereas leftover markets are net recipients of spillovers. Further analysis of sub-sample periods during GFC, SOR, and COVID-19 validate that intense spillovers are formed when markets experience unexpected financial, economic, and global health turmoil. We proposed significant implications for regional stock markets of Asia, Pacific, Europe and America to concentrate on the climate-friendly energy markets than conventional energy markets as they service the clean ecosystem motives more specifically.",Clean energy markets; conventional energy markets; DCC-GARCH; regional markets; volatility analysis,PRECIOUS-METAL; SPILLOVER; NETWORK; TRANSMISSION; OIL,Article,Economics; Environmental Studies,Business & Economics; Environmental Sciences & Ecology,2010-0078,English,3I0SK,Q2,market_volatility_GarchHar_covid
"Kasozi, J; Nanyonga, E; Mayambala, F","Kasozi, Juma; Nanyonga, Erina; Mayambala, Fred",Prediction of the Stock Prices at Uganda Securities Exchange Using the Exponential Ornstein-Uhlenbeck Model,INTERNATIONAL JOURNAL OF MATHEMATICS AND MATHEMATICAL SCIENCES,2023,10.1155/2023/2377314,"We use the exponential Ornstein-Uhlenbeck model to predict the stock price dynamics over some finite time horizon of interest. The predictions are the key to the investors in a financial market because they provide vital reference information for decision making. We estimated all the parameters of the model (mean reversion speed, long-run mean, and the volatility) using the data from Stanbic Uganda Holdings Limited. We used the parameters to forecast the stock price and the associated mean absolute percentage error (MAPE). The predictions were compared against those by the ARMA-GARCH model. We also found the 95% prediction intervals before and during the COVID-19 pandemic. Results indicate that the exponential Ornstein-Uhlenbeck stochastic model gives very accurate and reliable predictions with a MAPE of 0.4941%. All the forecasted stock prices were within the prediction region established. This was not the case during the COVID-19 pandemic; the predicted stock prices are higher than the actual prices, indicating the severe impact COVID-19 inflicted on the stock market.",,,Article,"Mathematics, Applied; Mathematics",Mathematics,0161-1712,English,N9OH4,Q2,market_volatility_GarchHar_covid
"Yang, TJ; Zhuo, SQ; Yang, YS","Yang, Taiji; Zhuo, Siqi; Yang, Yongsheng",Investor attention fluctuation and stock market volatility: Evidence from China,PLOS ONE,2023,10.1371/journal.pone.0293825,"This paper examines the linkage between Chinese stock market volatility and investor attention fluctuation. In Heterogeneous autoregressive (HAR) model, first, we analyzed the linkage between both decomposed and undecomposed stock market realized volatility and investor attention fluctuations across full-sample and two-year moving window sub-samples. Second, we compare the predictive power of four models in short-, medium-, and long-term volatility forecasting. Empirical results show large positive attention fluctuation amplified Chinese stock market volatility after the outbreak of COVID-19, and negative small attention fluctuation significantly stabilized stock market volatility before COVID-19, and the impact dwindled in after COVID-19. The model incorporating decomposed realized volatility and decomposed attention fluctuation performs better in volatility Forecasting. This research underscores a shift in the dynamics between stock market volatility and investor attention fluctuations, and investor attention fluctuation improves the volatility forecasting accuracy of the Chinese stock market.",,MODEL; TALK,Article,Multidisciplinary Sciences,Science & Technology - Other Topics,1932-6203,English,CI0L9,Q2,market_volatility_GarchHar_covid
"Tarchella, S; Khalfaoui, R; Hammoudeh, S","Tarchella, Salma; Khalfaoui, Rabeh; Hammoudeh, Shawkat","The safe haven, hedging, and diversification properties of oil, gold, and cryptocurrency for the G7 equity markets: Evidence from the pre- and post-COVID-19 periods",RESEARCH IN INTERNATIONAL BUSINESS AND FINANCE,2024,10.1016/j.ribaf.2023.102125,"This study investigates the safe haven, hedging, and diversification properties of oil, gold, and two cryptocurrencies, including Bitcoin and Ethereum, for equity investments in the G7 economies under different market conditions. Daily data covering the pre-and post-COVID-19 periods were employed, using the linear and nonlinear Generalized Autoregressive Conditional Hetero-skedasticity models. The empirical evidence supports gold as an undisputable diversifier for equity investments in the G7 equity markets under all market conditions. Cryptocurrencies have a valuable safe-haven potential, particularly during the COVID-19 crisis. Furthermore, the suitability of the optimal hedge asset depends on market conditions and individual countries, where the traditional assets present the best hedge in the normal conditions, compared to the modern assets. However, in the stress periods, Bitcoin presents the best hedge for the stocks of the G7 European and the UK countries, although Ethereum is the optimal hedge for the U.S. and Canada. In contrast, oil exhibits a superiority in hedging Japanese equities during all market conditions.",Hedging; Cryptocurrencies; COVID -19 crisis; Oil and gold; Multivariate GARCH,DYNAMIC CONDITIONAL CORRELATION; STOCK MARKETS; PRICE MOVEMENTS; CRUDE-OIL; VOLATILITY; BITCOIN; BONDS; GARCH; SPILLOVERS; DEPENDENCE,Article,"Business, Finance",Business & Economics,0275-5319,English,X2WO1,Q2,market_volatility_GarchHar_covid
"Grira, J; Guizani, S; Kahloul, I","Grira, Jocelyn; Guizani, Sana; Kahloul, Ines",Bitcoin's hedging attributes against equity market volatility: empirical evidence during the COVID-19 pandemic,JOURNAL OF RISK FINANCE,2022,10.1108/JRF-01-2022-0003,"Purpose The purpose of this paper is to analyze the hedging capacity of Bitcoin in relation to the S&P 500 index during the COVID-19 pandemic. Design/methodology/approach In order to investigate the hedging features of Bitcoin in relation to the S&P 500 index during the COVID-19 pandemic, the authors use the Granger causality applied on a daily sample of observations ranging from January 1st, 2019 to December 31st, 2020. As robustness checks, the authors use autoregressive models to test the validity of the findings. Findings Using time series of daily data from 1st January 2019 to 31st December 2020, the results show that Bitcoin is not considered as a safe haven because it moves at the same pace as the S&P 500. As a robustness check, the authors use the exponential GARCH model and confirm our previous findings. Overall, the study contributes to the debate on both COVID-19's impact on financial systems and the hypothesis of Bitcoin being a safe haven during extreme global crises. Originality/value The study contributes to the debate on both COVID-19's impact on financial systems and the hypothesis of Bitcoin being a safe haven during extreme global crises.",Bitcoin; Hedging; Granger causality in the sense of Toda and Yamamoto (1995); COVID-19,FINANCIAL-MARKETS; EXCHANGE; GOLD,Article,"Business, Finance",Business & Economics,1526-5943,English,5T7MM,Q2,market_volatility_GarchHar_covid
"Yu, X; Li, YY; Gong, X; Zhang, N","Yu, Xing; Li, Yanyan; Gong, Xue; Zhang, Nan",Evaluating the performance of futures hedging using factors-driven realized volatility?,INTERNATIONAL REVIEW OF FINANCIAL ANALYSIS,2022,10.1016/j.irfa.2022.102412,"The complexity and uncertainty of the financial market mainly stem from the rich market internal transaction information and a wide range effect of external factors. To this end, this paper proposes the combination factors-driven forecasting method to predict realized volatilities of the CSI 300 index and index futures. Based on the volatilities predicted by the proposed method, we further evaluate the ex-ante hedging performance in comparison to the conventional HAR model as well as GARCH-type models. The empirical results indicate that the factors-driven realized volatility model significantly dominates the other commonly used models in terms of hedging effectiveness. Furthermore, the superiority of the proposed method is robust in different market conditions, including significant rising or falling and abnormal market fluctuations in the COVID-19 pandemic, and in different index markets. Therefore, this paper improves the prediction accuracy of volatility by integrating market internal transaction information and external factor information, and the proposed method in this paper can be used by investors to obtain an excellent hedging effect.",Factors-driven realized volatilities; Out-of-sample forecasting; Ex-ante-hedge-ratio; Hedging effectiveness,STOCK-MARKET VOLATILITY; MODEL; COMBINATION; VARIANCE; PREDICTION; SENTIMENT; SPOT,Article,"Business, Finance",Business & Economics,1057-5219,English,6Q7NN,Q2,market_volatility_GarchHar_covid
"Moni, M; Sreeraj, ; Sankararaman, S","Moni, M.; Sreeraj, V; Sankararaman, S.",Unveiling the interdependency of cryptocurrency and Indian stocks through wavelet and nonlinear time series analysis: An Econophysics approach,PHYSICA A-STATISTICAL MECHANICS AND ITS APPLICATIONS,2025,10.1016/j.physa.2025.130643,"The study examines the dynamic interdependencies between the cryptocurrency market and the Indian stock market, focusing on India's high exposure to crypto fluctuations due to its large investor base. This study uses both nonlinear and linear time series models such as wavelet coherence, wavelet-based Granger causality, transfer entropy, and DCC-GARCH to analyse information transfer, causality, and volatility spillovers, and phase portrait and complexity analyses were used to assess market stability and structural differences. The findings reveal a significant unidirectional influence from the cryptocurrency market to the Indian stock market, with no reverse causality. Transfer entropy measures identified unidirectional information flow from crypto market to Indian stock market. Wavelet coherence further identifies periods of strong synchronization, particularly during global events like the COVID-19 pandemic. The DCC-GARCH model confirms interconnected volatility dynamics, while phase portrait and complexity studies reveal the crypto market's instability versus the stock market's resilience. Investors should track crypto market trends, as the unidirectional information flow and persistent volatility spillovers suggest that stock market fluctuations can be projected by analyzing crypto market movements. Policymakers should implement measures to reduce crypto-induced market instability, particularly during economic downturns, to ensure that excessive volatility does not disrupt Indian stock market stability.",Cryptocurrency and Stock Market; Information Transfer; Volatility Spillover; Wavelet Granger Causality; Wavelet Coherence; Phase Portrait,TRANSFER ENTROPY; SAFE-HAVEN; BITCOIN; GOLD,Article,"Physics, Multidisciplinary",Physics,0378-4371,English,2OU5W,Q2,market_volatility_GarchHar_covid
"Wang, K; Han, CH","Wang, Kun; Han, Chuan-Hsiang",The VolCo index: a measure of the transition from pandemic to equity market,APPLIED ECONOMICS LETTERS,2023,10.1080/13504851.2022.2089338,"The COVID-19 has serious impacts on the economy and contaminates the equity market because its spread leads to enormous uncertainty, which can be measured by various volatilities from backward and forward information contents. We find that the pandemic-related data are significant for regressing various volatilities. Hence, we construct the index termed the Volatility of COVID-19 pandemic (VolCo) as a proxy of equity market volatility, including GJR-GARCH volatility, instantaneous volatility, VIX index and their combination. This VolCo index provides an explanation for the volatility of equity market in the period of COVID-19 spreads.",COVID-19 pandemic; volatility; VolCo index; case curvature; death rate,,Article,Economics,Business & Economics,1350-4851,English,L5TD8,Q2,market_volatility_GarchHar_covid
"Insaidoo, M; Arthur, L; Amoako, S; Andoh, FK","Insaidoo, Michael; Arthur, Lilian; Amoako, Samuel; Andoh, Francis Kwaw",Stock market performance and COVID-19 pandemic: evidence from a developing economy,JOURNAL OF CHINESE ECONOMIC AND FOREIGN TRADE STUDIES,2021,10.1108/JCEFTS-08-2020-0055,"Purpose The purpose of this study is to assess the extent to which the Ghana stock market performance has been impacted by the novel COVID-19 pandemic. Design/methodology/approach The study used the exponential generalized autoregressive conditional heteroscedasticity (EGARCH) model, by using daily time series data from 2 January 2015 to 13 October 2020. Both pre-estimation (Augmented Dickey-Fuller and Phillips-Perron) and post-estimation tests (Jarque-Bera) were conducted to validate the results. Findings While the study shows a statistically insignificant negative relationship between the COVID-19 pandemic and the Ghana stock returns, the results confirm that the COVID-19 pandemic has occasioned an increase in the Ghana stock returns volatility by 8.23%. Furthermore, the study confirmed the presence of volatility clustering and asymmetric effect, with the latter implying that worthy news tends to affect volatility more than unwelcome news of equal size. Practical implications To dampen uncertainties that trigger stock market volatility, the government should surgically target worse affected COVID-19 pandemic businesses and households to check the drop in profits and demand. Rigidities associated with stock market operations must be addressed to make it attractive to investors even in the midst of a pandemic. Originality/value This paper is a pioneer attempt at assessing the extent to which a developing economy stock market has been impacted by the novel COVID-19 pandemic using the EGARCH model.",Developing economy; Stock market; COVID-19 pandemic; EGARCH model,OIL PRICE SHOCKS; UNCERTAINTY; BITCOIN; RETURNS; IMPACT,Article,Economics,Business & Economics,1754-4408,English,QX9GB,Q2,market_volatility_GarchHar_covid
"Güleç, TC; Erer, E; Duramaz, S","Gulec, Tuna Can; Erer, Elif; Duramaz, Selim","Cryptocurrencies as shock transmitters: dynamic connectedness, hedging strategies, and portfolio management across financial markets for higher-order moments",FINANCIAL INNOVATION,2026,10.1186/s40854-025-00886-6,"This study explores the higher-order moments of connectedness among cryptocurrency, commodity, bond, and stock markets from April 19, 2017, to December 29, 2023, on the basis of the GARCH-SK and TVP-VAR models. The findings reveal that Bitcoin and Ethereum act as significant net shock transmitters, especially during major events such as the COVID-19 pandemic and the Russia-Ukraine conflict. After mid-2021, these cryptocurrencies transitioned from net receivers to net transmitters of volatility owing to rising economic and geopolitical risks. These insights assist in portfolio diversification strategies. By combining shock transmitters with shock-resilient cryptocurrencies, investors can enhance their risk profiles. Diversification opportunities shift during financial crises, making it crucial to focus on shock transmitters, which are less influenced by various risk factors. Additionally, the study highlights cryptocurrencies as potential safe havens compared with traditional assets such as gold, bonds, and stocks, which often maintain or appreciate value during market stress. TVP-VAR-informed dynamic portfolio reallocation can improve risk-adjusted returns and lower volatility, aiding in capital preservation during high TCI periods. Overall, our findings suggest that portfolios that include cryptocurrencies generally outperform those that do not, emphasizing their role as effective diversifiers in portfolio optimization and financial stability.",Risk connectedness; TVP-VAR connectedness; Higher-order moments; Financial markets; G14; G15; F3,IMPULSE-RESPONSE ANALYSIS; SAFE HAVEN PROPERTIES; VOLATILITY CONNECTEDNESS; BITCOIN; GOLD; SPILLOVERS; COMMODITY; ASSETS; OIL; INTEGRATION,Article,"Business, Finance; Social Sciences, Mathematical Methods",Business & Economics; Mathematical Methods In Social Sciences,,English,DE0ZR,Q2,market_volatility_GarchHar_covid
"Othman, AHA; Alshami, M; Abdullah, A","Othman, Anwar Hasan Abdullah; Alshami, Mohamed; Abdullah, Adam",The linear and non-linear interactions between blockchain technology index and the stock market indices: a case study of the UAE banking sector,JOURNAL OF FINANCIAL ECONOMIC POLICY,2022,10.1108/JFEP-01-2022-0001,"Purpose This paper aims to investigate the linear and nonlinear interactions between the blockchain technology index and the UAE stock market index within the context of the Abu Dhabi and Dubai banking sector. Design/methodology/approach In this study, linear analysis was performed using the generalized autoregressive conditional heteroscedasticity model (GARCH) (1,1) model, whereas nonlinear analysis was performed using the wavelet coherence model. Findings Based on the results of the GARCH (1) model, the authors find that the blockchain technology index has a positive significant impact on stock market returns in the Abu Dhabi and Dubai banking sector. In addition, the findings indicate that increasing blockchain integration in the banking industry decreases banks' stock market volatility and facilitates price stabilization. Additionally, the coherence wavelet analysis reveals that there is a phase relationship between the blockchain technology index and banks' stock market indices in the banking sector of the UAE. The association was stronger during the global pandemic crisis because they were moving together across different timescales. Practical implications With the help of the linear analysis, this study offers a focal point and valuable insights to policymakers, central banks and commercial banks management on how implementing blockchain technology in the banking industry help boost stock market returns, reduce volatility and facilitate price stability. As a result of the nonlinear analysis of the significant long-term degree of co-movement between blockchain technology and banks' stock markets in UAE, policymakers or the management of banks in UAE should take the growth of the blockchain technology industry into consideration to ensure the continued development of the banking sector. For investors, the findings provide implications for portfolio managers operating in the UAE who are encouraged to take short-term co-movement into account (1-16-week horizons) through both frequency and time when designing their portfolio while keeping long-horizon periods in mind is not recommended. Originality/value It is a pioneering study that empirically examines the linear and nonlinear nexus between the blockchain technology index and banks' stock market returns and price stability.",UAE; Banking sector; Blockchain technology index; Stock market return and volatility,TIME-SERIES; CRUDE-OIL,Article,Economics,Business & Economics,1757-6385,English,5N7RB,Q2,market_volatility_GarchHar_covid
"Kamal, E; Bouri, E","Kamal, Elham; Bouri, Elie","Green bond, stock, cryptocurrency, and commodity markets: a multiscale analysis and portfolio implications",FINANCIAL INNOVATION,2025,10.1186/s40854-024-00749-6,"This paper examines the dependence, systemic risk spillover, return and volatility spillover, and portfolio implications across various timescales between the Green Bond (GB) and U.S. S&P 500 Stock (SP), Vanguard Total World Stock Index Fund (VT), Bitcoin (BTC), Ethereum (ETH), Ripple, OIL, and GOLD markets. The sample period is August 07, 2015-October 6, 2023, covering periods of instability during the COVID-19 pandemic and the Russia-Ukraine conflict. Using the wavelet-copula-conditional value-at-risk and wavelet-multivariate asymmetric-GARCH framework, our main results show that the systemic risk and return, volatility spillovers, and diversification opportunities are portfolio-specific and timescale-dependent. Specifically, there is a negative long-term correlation for the pairs GB-SP and GB-OIL, whereas the pair GB-GOLD pair is positively correlated in the short term. GB can mitigate the risk of other markets. In terms of the portfolio implications, GB weakly hedges BTC and ETH during normal and turbulent periods but has a strong ability to hedge VT in the short term and SP in the mid and long term. Regarding hedging effectiveness, the role of GB for GOLD and VT is noted.",Green bonds; Bitcoin; Crude oil; Gold; US stock market; Wavelet decomposition; Volatility spillovers; Copulas; Hedging; COVID-19; C58; G11; G15; Q50,VOLATILITY; BITCOIN; DIVERSIFICATION; SPILLOVERS; CURRENCY,Article,"Business, Finance; Social Sciences, Mathematical Methods",Business & Economics; Mathematical Methods In Social Sciences,,English,0JU3K,Q2,market_volatility_GarchHar_covid
"Nguyen, KQ",Khanh Quoc Nguyen,The correlation between the stock market and Bitcoin during COVID-19 and other uncertainty periods,FINANCE RESEARCH LETTERS,2022,10.1016/j.frl.2021.102284,"This research examined the impact of the stock market on Bitcoin during COVID-19 and other uncertainty periods. Based on the quantile regression results, during periods of high uncertainty, such as COVID-19, the S&P 500 returns significantly affected Bitcoin returns. Moreover, this research applied the VAR (1)-GARCH (1, 1) model to investigate the spillover effect from the stock market to Bitcoin. According to the findings, the shocks from the stock market also influenced Bitcoin's volatility during COVID-19 and other periods of turmoil.",Bitcoin; Uncertainty; Conditional variance; COVID-19; Safe-haven,HEDGE,Article,"Business, Finance",Business & Economics,1544-6123,English,2L3KZ,Q2,market_volatility_GarchHar_covid
"Tran, QV; Malek, J","Tran, Quang Van; Malek, Jiri",The Effect of the Pandemic and the War in Ukraine on the Riskiness of Financial Investments in Three Central European Countries,EASTERN EUROPEAN ECONOMICS,2024,10.1080/00128775.2023.2278809,"The COVID pandemic and the war in Ukraine are extraordinary events causing excessive turbulence in financial markets. Considering the leptokurtic and heteroscedastic properties of returns on financial assets, we examine the suitability of several alternatives for modeling returns to choose the most suitable option to compute the VaR and CVaR for returns of three stock market indices as well as euro exchange rates in Czechia, Poland, and Hungary. Using an appropriate test, we evaluate how the two metrics of VaR and CVaR changed during the pandemic and the war in Ukraine up to June 2022.",Central European countries; COVID pandemic; GARCH model; VaR and CVaR; war in Ukraine; C13; C46; G32,GARCH MODELS; VOLATILITY; RISK,Article,Economics,Business & Economics,0012-8775,English,TU8O3,Q2,market_volatility_GarchHar_covid
"Kantar, L; Azimova, T; Akkaya, M; Yildirim, HH","Kantar, Lokman; Azimova, Tarana; Akkaya, Murat; Yildirim, Hasan Huseyin","Bitcoin, Gold, and Stock Market Volatility Including COVID-19 Periods: Comparative Analysis Using GARCH and DCC-MGARCH Models",REVISTA FINANZAS Y POLITICA ECONOMICA,2025,10.14718/revfinanzpolitecon.v17.2025.14,"This study investigates the volatility dynamics and time-varying correlations between Bitcoin (BTC) and major financial markets, including gold, oil, NASDAQ, NIKKEI, FTSE, DAX, and the USD Index. Using daily data and GARCH-family models, we quantify persistence, asymmetry, and memory in BTC volatility. The EGARCH model was identified as the most suitable for capturing conditional variance. A DCC-MGARCH framework was then employed to estimate evolving cross-market correlations. Results indicate that BTC volatility is highly persistent with strong reactions to negative shocks. Gold displays the lowest persistence, confirming its role as a stable diversifier. DCC-MGARCH estimates reveal weak positive BTC-Gold correlations and negative BTC-USDINX correlations, implying significant diversification potential. Notably, BTC-NIKKEI and BTC-Gold correlations strengthened during the COVID-19 period. These findings underscore the importance of dynamic portfolio strategies, as optimal weights shift with evolving conditional covariances, rendering static allocations suboptimal. For policymakers, these results can inform leverage and exposure limits, particularly when linkages between BTC and traditional assets intensify..",digital currency; non-linear generalized autoregressive conditional heteroskedasticity; hedging features; diversification benefits,CONDITIONAL HETEROSKEDASTICITY; SAFE HAVEN; RETURN; SPILLOVERS; EXCHANGE; OIL,Article,Economics,Business & Economics,2248-6046,English,HK5ZM,Q2,market_volatility_GarchHar_covid
"Thuy, V; Oanh, TTK; Ha, NTH","Thuy, Van Le Thi; Oanh, Tran Thi Kim; Ha, Nguyen Thi Hong","The roles of gold, US dollar, and bitcoin as safe-haven assets in times of crisis",COGENT ECONOMICS & FINANCE,2024,10.1080/23322039.2024.2322876,"Using the GJR-GARCH method, this study examines the safe-haven role of gold, US dollar, and Bitcoin over a period including the global financial crisis, the COVID-19 pandemic and the Russia-Ukraine conflict from 3 April 2006 to 19 May 2023. The study supports the hypothesis that the safe-haven role of assets changes over periods of crisis. Specifically, gold loses its role as a safe-haven asset during the COVID-19 pandemic, but this role has been restored in the Dutch, US and German markets during the Russia-Ukraine conflict. Similarly, Bitcoin is not a safe-haven asset during the COVID-19 pandemic but is a strong safe-haven asset for the stock markets of some European countries, and a weak safe-haven asset for China when the Russia-Ukraine conflict occurred. Only the USD acts as a stable safe-haven asset through periods of crisis. However, this role is weakened in Russia. These results partly help investors and portfolio managers choose a safe haven for their assets, especially during volatile market periods. Investors often want to protect their assets by diversifying their investment portfolios or using risk prevention tools. Especially when the financial market encounters instability caused by the crisis, investors tend to look for safe-haven assets such as precious metals, foreign currencies, and cryptocurrencies. This study re-evaluates the safe-haven role of gold, USD, and Bitcoin during the Russia-Ukraine conflict, then compares the research results with two previous crises, GFC 2008 and the COVID-19 pandemic. Research results help investors choose appropriate assets during market volatility.","Safe haven assets; GFC 2008; Covid-19; Russia-Ukraine conflict; David McMillan, University of Stirling, UK; Economics; International Economics; International Finance; Finance; C58; G01; G11; G12; G14",STOCK MARKETS; HEDGE; VOLATILITY,Article,Economics,Business & Economics,2332-2039,English,JU6E1,Q2,market_volatility_GarchHar_covid
"Sanz-Martín, L; Parra-Domínguez, J; Corchado, JM","Sanz-Martin, Laura; Parra-Dominguez, Javier; Corchado, Juan Manuel",Retrospective on the importance of sustainability in investor thinking before and after the COVID-19 syndemic,GLOBAL SUSTAINABILITY,2025,10.1017/sus.2025.18,"Non-Technical Summary The COVID-19 syndemic had a strong impact on financial market volatility. This study compares traditional indices, such as the Standard & Poor's (S&P) 500 and the Euro Stoxx 50, with their sustainable counterparts; the Dow Jones Sustainability World Index (DJSWI); and the EURO STOXX Sustainability Index. The results show that the sustainable indices were more stable and less volatile before and after the crisis, suggesting that investors perceive less risk in sustainable companies. These findings reinforce the importance of considering sustainability in investment decisions, especially in times of uncertainty.Technical Summary With the ever-increasing importance of sustainability, it is a good time for a retrospective on the impact of the COVID-19 polycrisis on stock market volatility through a comparison of traditional indices such as the S&P 500 and the Euro Stoxx 50, with their sustainability counterparts; the DJSWI; and the EURO STOXX Sustainability Index. Using GJR-GARCH and E-GARCH models, the study reveals that sustainability indices exhibited greater stability and lower volatility before and after the syndemic, suggesting a lower risk perception by investors in sustainable companies. The implied volatility analysis confirms this stability, showing a more significant impact on traditional indices. Although all indices experienced greater sensitivity to negative shocks, sustainable indices showed a faster and more consistent recovery. These findings highlight the importance of considering sustainability factors in risk assessment and investment decision-making, especially in times of crisis.Social Media Summary Sustainable indices in Europe and the USA showed lower volatility and faster recovery after COVID-19 polycrisis.",COVID-19; GARCH; stock markets; sustainability; volatility,MILLENNIUM DEVELOPMENT GOALS; VOLATILITY; RETURNS,Article,Green & Sustainable Science & Technology; Environmental Sciences; Environmental Studies,Science & Technology - Other Topics; Environmental Sciences & Ecology,,English,6KT7A,Q2,market_volatility_GarchHar_covid
"Sahoo, M","Sahoo, Manamani",COVID-19 impact on stock market: Evidence from the Indian stock market,JOURNAL OF PUBLIC AFFAIRS,2021,10.1002/pa.2621,"This paper has been empirically investigated the existence of the day-of-the-week effect by using closing daily data for Nifty 50, Nifty 50 Midcap, Nifty 100, Nifty 100 Midcap, Nifty 100 Smallcap, and Nifty 200 for before and during the COVID-19 health crisis. This study used secondary data for all indices over the period 1 April 2005-14 May 2020. The present study used both dummy variable regression and the Generalized Autoregressive Conditional Heteroscedasticity (GARCH) model. The total study period is divided into two sub-periods, that is, during and before the COVID-19 health crisis. A negative return is found for Mondays when the during-COVID-19 health crisis period is examined; in contrast, it was positive for the before COVID-19 period. Tuesday's effect on index return is found statistically significant and positive for all indices during the COVID-19 crisis.",day-of-the-week effect; dummy variable; GARCH; stock market; volatility,REAL ACTIVITY; RETURNS; UNCERTAINTY; PREDICTS; RISK,Article,Public Administration,Public Administration,1472-3891,English,XK5VL,Q2,market_volatility_GarchHar_covid
"Teng, LJ; Cheong, CW; Min, LM","Teng, Leng Jing; Cheong, Chin Wen; Min, Lim",MARKET RISK DATA ANALYTICS FOR SELECTED ASIAN STOCK MARKETS DURING THE PANDEMIC COVID-19,JOURNAL OF QUALITY MEASUREMENT AND ANALYSIS,2023,,"This study investigates various conditional mean and variance models to account for the impact of COVID-19 on the selected Asian markets, specifically the Japanese and Singaporean stock markets. The research period (24 August 2012 to 24 August 2022) is split into two periods, from 24 August 2012 to 31 March 2020 and from 24 August 2012 to 24 August 2022, to analyse the effect of COVID-19 on both stock returns. We found that both returns exhibit non -normality. The best -fitted models for the Japanese and Singaporean stock markets are Student -t ARMA(1,1)-EGARCH(1,1) and ARMA(2,1)-GJR(1,1), respectively. The presence of the pandemic period indicates positive shifts in volatility intensity in both the Japanese and Singaporean stock markets. The 5% Value -at -Risk under the GARCH estimations is $3568.20 for Japan and $2050.40 for Singapore. Meanwhile, the 5% expected shortfall based on historical simulation for both countries is $3214.00 for Japan and $2196.26 for Singapore. From the results of Value -at -Risk and expected shortfall, the Japanese stock returns showed more significant maximum losses than Singaporean stock returns, which further indicates that the Japanese stock market was more volatile than the Singaporean stock market before and during the pandemic period.",conditional variance; volatility analysis; COVID-19,VOLATILITY,Article,"Operations Research & Management Science; Mathematics, Interdisciplinary Applications",Operations Research & Management Science; Mathematics,1823-5670,English,QX3B4,Q2,market_volatility_GarchHar_covid
"Chevallier, J","Chevallier, Julien",COVID-19 Pandemic and Financial Contagion,JOURNAL OF RISK AND FINANCIAL MANAGEMENT,2020,10.3390/jrfm13120309,"The original contribution of this paper is to empirically document the contagion of the Covid-19 on financial markets. We merge databases from Johns Hopkins Coronavirus Center, Oxford-Man Institute Realized Library, NYU Volatility Lab, and St-Louis Federal Reserve Board. We deploy three types of models throughout our experiments: (i) the Susceptible-Infective-Removed (SIR) that predicts the infections' peak on 2020-03-27; (ii) volatility (GARCH), correlation (DCC), and risk-management (Value-at-Risk (VaR)) models that relate how bears painted Wall Street red; and, (iii) data-science trees algorithms with forward prunning, mosaic plots, and Pythagorean forests that crunch the data on confirmed, deaths, and recovered Covid-19 cases and then tie them to high-frequency data for 31 stock markets.",Covid-19; financial contagion; Johns Hopkins repository; Susceptible-Infective-Removed model; tree algorithm; data science,,Article,"Business, Finance",Business & Economics,1911-8066,English,PK0GT,Q2,market_volatility_GarchHar_covid
"Alloul, F; Ferrouhi, E","Alloul, Fouzia; Ferrouhi, El Mehdi",Calendar Anomalies in African Stock Markets: Does the Effect of Covid-19 Pandemic Matter?,ORGANIZATIONS AND MARKETS IN EMERGING ECONOMIES,2025,10.15388/omee.2025.16.7,"The Covid-19 pandemic profoundly disrupted global economies and financial systems, altering investor behavior and challenging traditional market dynamics. Among these disruptions, calendar anomalies, which challenge the efficient market hypothesis, offer a unique lens to assess market efficiency during crises. The objective of this study is to examine the impact of Covid-19 on calendar anomalies in the main African stock markets, an area largely overlooked in existing research despite the region's increasing importance in global financial systems. Using daily closing prices from January 1, 2009 to December 31, 2021, and employing a GJR-GARCH (1,1) model, the findings indicate that calendar anomalies exhibit temporal variation within the sample markets, influenced by trends that shift markets between periods of efficiency and inefficiency. Additionally, the study highlights the emergence of new calendar anomalies coinciding with the onset of the Covid-19 pandemic. These results offer lasting insights for investors, suggesting the need for dynamic trading strategies that can adapt to calendar anomalies during global crises. For policymakers, the research underscores the importance of reducing information asymmetry to enhance market resilience in times of crisis. The study also emphasizes the need for further research to explore how systemic shocks, such as Covid-19, can disrupt traditional market patterns and affect stock market behavior.",calendar anomalies; African stock markets; Covid-19; GJR-GARCH; efficient market; hypothesis,OF-THE-WEEK; HYPOTHESIS; RETURNS; SEASONALITY; VOLATILITY,Article,Economics,Business & Economics,2029-4581,English,4MC8O,Q2,market_volatility_GarchHar_covid
"Chiang, TC","Chiang, Thomas Chinan",Evidence of Economic Policy Uncertainty and COVID-19 Pandemic on Global Stock Returns,JOURNAL OF RISK AND FINANCIAL MANAGEMENT,2022,10.3390/jrfm15010028,"This paper examines the impact of changes in economic policy uncertainty (EPU) and COVID-19 shock on stock returns. Tests of 16 global stock market indices, using monthly data from January 1990 to August 2021, suggest a negative relation between the stock return and a country's EPU. Evidence suggests that a rise in the U.S. EPU causes not only a decline in a country's stock return, but also a negative spillover effect on the global market; however, we cannot find a comparable negative effect from global EPU to U.S. stocks. Evidence suggests that the COVID-19 pandemic has a negative impact that significantly affects stock return worldwide. This study also finds an indirect COVID-19 impact that runs through a change in domestic EPU and, in turn, affects stock return. Evidence shows significant COVID-19 effects that change relative stock returns between the U.S. and global markets, creating a decoupling phenomenon.",economic policy uncertainty; COVID-19; equity market volatility; GARCH model; global market; uncertainty premium,MARKET RETURNS; CONDITIONAL HETEROSKEDASTICITY; EMPIRICAL-ANALYSIS; DOWNSIDE RISK; LONG-RUN; IMPACT; CONTAGION; US; COUNTRIES; DYNAMICS,Article,"Business, Finance",Business & Economics,1911-8066,English,ZC1IJ,Q2,market_volatility_GarchHar_covid
"Pardo, JSD; Parra-Domínguez, J","Dote Pardo, Jairo Stefano; Parra-Dominguez, Javier",Asymmetric volatility and regional integration: an EGARCH-GJR analysis of Latin American and European equity markets,JOURNAL OF ECONOMIC STUDIES,2026,10.1108/JES-10-2025-0793,"PurposeThis study analyzes volatility dynamics and regional financial integration in European and Latin American equity markets under heightened global uncertainty and the growing relevance of sustainable finance. It aims to assess volatility persistence, asymmetric responses to negative information, and the role of intraregional integration in shock transmission and financial stability.Design/methodology/approachDaily equity index returns from representative European and Latin American markets over 2010-2025 are analyzed using asymmetric GARCH-type models (EGARCH and GJR-GARCH) with skewed innovations. Volatility persistence is measured through model parameters and half-life indicators, while financial integration is examined using Dynamic Conditional Correlation (DCC-GARCH) models. Robustness is evaluated through structural stability tests and pre- and post-COVID-19 comparisons.FindingsEuropean markets exhibit high volatility persistence but short half-lives (approximately 4-6 days), indicating faster shock absorption. Latin American markets display longer half-lives (around 8-12 days), reflecting more persistent volatility. Asymmetric effects are stronger and more systematic in Europe, while Latin America shows weaker and more heterogeneous responses. Intraregional correlations are extremely high in Europe, limiting diversification, whereas Latin America remains moderately and unevenly integrated. No evidence of structural breaks is found.Originality/valueThe study offers a unified long-horizon comparative framework combining asymmetric GARCH models, half-life measures, dynamic correlations, and stability diagnostics. It provides robust evidence on structural differences between developed and emerging markets, with implications for investors and policymakers in financial stability and sustainable finance.",Volatility dynamics; Asymmetric GARCH; Half-life; Financial integration; Europe; Latin America,CONDITIONAL HETEROSKEDASTICITY; STOCK MARKETS; RETURN,Article; Early Access,Economics,Business & Economics,0144-3585,English,DE3MQ,Q2,market_volatility_GarchHar_covid
"Chen, YF; Msofe, ZA; Wang, CW","Chen, Yufeng; Msofe, Zulkifr Abdallah; Wang, Chuwen",Asymmetric dynamic spillover and time-frequency connectedness in the oil-stock nexus under COVID-19 shock: Evidence from African oil importers and exporters,RESOURCES POLICY,2024,10.1016/j.resourpol.2024.104849,"Amid the profound disruptions triggered by COVID-19 in financial markets, this paper investigates changes in the interconnectedness behavior in terms of mean and volatility contagion between crude oil and stock markets in African oil importers and exporters. To this aim, we employ asymmetric BEKK-Copula-GARCH and Wavelet Coherence methods, and the analyses are evaluated before and during COVID-19. The findings indicate that the interdependence between crude oil and African stock returns is relatively weak before COVID-19, but the strength is amplified during the pandemic. Significant volatility spillover from crude oil to stock markets is exhibited in South Africa, Tunisia, and Tanzania during COVID-19. However, the results are insignificant in all the selected African countries before the pandemic. Furthermore, evidence of asymmetric volatility transmission is uncovered in South Africa and Tunisia during COVID-19. The findings also reveal that the connectedness between crude oil and African stocks is time and frequency dependent, with the strong linkage observed in the mid-term and long-term at specific time points. Overall, this study holds vital contributions as it unveils new insights into how COVID-19 reshaped the traditional behavior regarding the oil -stock nexus in Africa, thus informing policy responses and investment strategies at times of extreme events.",Oil price; African stock markets; Dynamic spillover; COVID-19,CRUDE-OIL; PRICE SHOCKS; WAVELET COHERENCE; EXCHANGE-RATES; MARKET; MACROECONOMY; PERSISTENCE; DEPENDENCE; CRISIS,Article,Environmental Studies,Environmental Sciences & Ecology,0301-4207,English,NG0N8,Q2,market_volatility_GarchHar_covid
"Núñez-Mora, JA; Santillan-Salgado, RJ; Contreras-Valdez, MI","Antonio Nunez-Mora, Jose; Joaquin Santillan-Salgado, Roberto; Ivan Contreras-Valdez, Mario",COVID Asymmetric Impact on the Risk Premium of Developed and Emerging Countries' Stock Markets,MATHEMATICS,2022,10.3390/math10091353,"We estimated the stock market risk premium during the COVID-19 pandemic with a GARCH-in-Mean (GARCH-M)(1,1) model. The analysis then explored the presence of regime changes using a two-regime Markov-Switching GARCH (MS GARCH)(1,1) model. The sample we used included the stock market indexes of nine countries from three geographical regions, including: North America (Canada, USA, and Mexico), South America (Brazil and Argentina), and Asia (Japan, South Korea, Hong Kong, and Singapore), over two periods: (a) pre-COVID (from 1 January 2015 to 31 December 2019); and (b) COVID (from 1 January 2020 to 31 December 2021). Our GARCH-M(1,1) estimation results indicate that the more developed countries' stock markets experienced an important increase in their risk premium during the COVID period, likely explained by the massive government anticyclical policies. By contrast, developing countries' stock markets, particularly in Latin America, experienced a reduction, and in some cases, even a total loss of the risk premium effect. From the perspective of investors and portfolio risk managers, the identification of high and low volatility periods and their estimated probability of occurrence is useful for the characterization of stress scenarios and the design of emerging strategies. For governments and central bankers, the implementation of different policies should respond to the more likely scenarios but should also be prepared to respond to other less likely scenarios. Institutional preparedness to respond to as many different scenarios as may be identified with the use of MS GARCH models can make their interventions more successful. This work presents an objective example of how the use of MS GARCH models may be of use to practitioners in both the financial industry and government. We confirmed that the results of a two-regime MS GARCH model are superior to those obtained from a single-regime model.",MS GARCH; risk premium; Generalized Hyperbolic; conditional volatility,VALUE-AT-RISK; CONDITIONAL HETEROSKEDASTICITY; MODELING VOLATILITY; ECONOMIC-GROWTH; EQUITY MARKETS; ASSET RETURNS; GARCH MODELS; PERSISTENCE; CONTAGION; VARIANCE,Article,Mathematics,Mathematics,,English,1E8LH,Q2,market_volatility_GarchHar_covid
"Wang, BX; Waris, M; Adamiak, K; Adnan, M; Hamad, HA; Bhatti, SM","Wang, Baixiang; Waris, Muhammad; Adamiak, Katarzyna; Adnan, Mohammad; Hamad, Hawkar Anwer; Bhatti, Saad Mahmood","RETRACTED: The effects of the COVID-19 pandemic period on stock market return and volatility. Evidence from the Pakistan Stock Exchange (Retracted article. See vol. 20, 2025)",PLOS ONE,2024,10.1371/journal.pone.0295853,"The COVID-19 pandemic has emerged as a significant event of the current century, introducing substantial transformations in economic and social activities worldwide. The primary objective of this study is to investigate the relationship between daily COVID-19 cases and Pakistan stock market (PSX) return volatility. To assess the relationship between daily COVID-19 cases and the PSX return volatility, we collected secondary data from the World Health Organization (WHO) and the PSX website, specifically focusing on the PSX 100 index, spanning from March 15, 2020, to March 31, 2021. We used the GARCH family models for measuring the volatility and the COVID-19 impact on the stock market performance. Our E-GARCH findings show that there is long-term persistence in the return volatility of the stock market of Pakistan in the period of the COVID-19 timeline because ARCH alpha (omega 1) and GARCH beta (omega 2) are significant. Moreover, is asymmetrical effect is found in the stock market of Pakistan during the COVID-19 period due to Gamma being significant for PSX. Our DCC-GARCH results show that the COVID-19 active cases have a long-term spillover impact on the Pakistan stock market. Therefore, the need of strong planning and alternative platform should be needed in the distress period to promote the stock market and investor should advised to make diversified international portfolio by investing in high and low volatility stock market to save their income. This study advocated the implications for investors to invest in low volatility stock especially during the period of pandemics to protect their return on investment. Moreover, policy makers and the regulators can make effective policies to maintain financial stability during pandemics that is very important for the country's economic development.",,RISK,Article; Retracted Publication,Multidisciplinary Sciences,Science & Technology - Other Topics,,English,OF1C9,Q2,market_volatility_GarchHar_covid
"Li, Y; Liang, C; Ma, F; Wang, JQ","Li, Yan; Liang, Chao; Ma, Feng; Wang, Jiqian",The role of the IDEMV in predicting European stock market volatility during the COVID-19 pandemic,FINANCE RESEARCH LETTERS,2020,10.1016/j.frl.2020.101749,"The main purpose of this paper is to investigate whether the Infectious Disease EMV tracker (IDEMV) proposed by Baker et al. (2020) has additional predictive ability for European stock market volatility during the COVID-19 pandemic. The three European stock markets we consider are France, UK and Germany. Our investigation is based on the HAR and its augmented models. We find that the IDEMV has stronger predictive power for the France and UK stock markets volatilities during the global pandemic, and the VIX has also superior predictive ability for the three European stock markets during this period.",Volatility forecasting; VIX; IDEMV; Global pandemic; COVID-19,MODELS,Article,"Business, Finance",Business & Economics,1544-6123,English,NS0PP,Q2,market_volatility_GarchHar_covid
"Bonato, M; Cepni, O; Gupta, R; Pierdzioch, C","Bonato, Matteo; Cepni, Oguzhan; Gupta, Rangan; Pierdzioch, Christian",Business applications and state-level stock market realized volatility: A forecasting experiment,JOURNAL OF FORECASTING,2024,10.1002/for.3042,"We analyze the predictive value of (the surprise component of) state-level business applications, as a proxy of local investor sentiment, for the state-level realized US stock-market volatility. We use high-frequency data for the period from September 2011 to October 2021 to compute realized volatility. Using an extended version of the popular heterogeneous autoregressive realized volatility model and accounting for the possibility that users of forecasts have an asymmetric loss function, we show that business applications tend to have predictive value for realized state-level stock-market volatility, as well as for upside (good) and downside (bad) realized volatility, for users of forecasts who suffer a larger loss from an underprediction of realized volatility than from an overprediction of the same (absolute) seize, after controlling for realized moments (realized skewness, realized kurtosis, realized jumps, and realized tail risks). We also highlight that the COVID-19 period is a major driver of our empirical results.",business applications; forecasting; realized volatility; state-level investor sentiment; state-level stock markets,INVESTOR SENTIMENT; RETURNS; EQUITY; HAPPINESS,Article,Economics; Management,Business & Economics,0277-6693,English,GT3O5,Q2,market_volatility_GarchHar_covid
"Li, HL; Xu, GL; Huang, Q; Ruan, RB; Zhang, WG","Li, Helong; Xu, Guanglong; Huang, Qin; Ruan, Rubin; Zhang, Weiguo",COVID-19 Impact on Stock Markets: A Multiscale Event Analysis Perspective,COMPUTATIONAL ECONOMICS,2024,10.1007/s10614-023-10448-6,"The existing literature primarily examined the impact of unexpected events on the stock market at a single scale, posing the challenge of a lack of multiscale analysis. This paper investigates the impact of COVID-19 on stock markets (China, the U.S., and Hong Kong) from a multiscale perspective using an improved ensemble empirical mode decomposition (EEMD)-based event analysis method. First, the stock price series is decomposed into several independent intrinsic mode functions (IMFs) and a residue. Second, a novel composition method is proposed to reconstruct the IMFs into three components: high-frequency, low-frequency, and long-term trend. We find that the composition of low-frequency and long-term trend components is dominant, which is used to estimate the strength of COVID-19 impact on the stock markets. In addition, the outbreak of COVID-19 significantly increased the intensity of short-term fluctuations in stock prices. Finally, the high-frequency component is analyzed to capture the volatility spillover effects among the three stock markets by the BEKK(Baba-Engle-Kraft-Kroner)-GARCH model. The results show that before the outbreak, there are two-way volatility spillovers between any two of the three markets. After the outbreak, there is no spillover effect between China and Hong Kong, and Hong Kong has no spillover effect on the U.S. However, volatility in the U.S. market still has a significant spillover effect on the other two markets, implying that a mature market can absorb new information more quickly.",Stock markets; EEMD; Multiscale event analysis; BEKK-GARCH; C53; C6; C8,EMPIRICAL MODE DECOMPOSITION; INTERVENTION ANALYSIS,Article,"Economics; Management; Mathematics, Interdisciplinary Applications",Business & Economics; Mathematics,0927-7099,English,MC0E9,Q2,market_volatility_GarchHar_covid
"Umar, M; Rubbaniy, G; Iqbal, A; Rizvi, SKA; Xu, Y","Umar, Muhammad; Rubbaniy, Ghulame; Iqbal, Amjad; Rizvi, Syed Kumail Abbas; Xu, Yan",Covid-19 and stock market liquidity: international evidence,ECONOMIC RESEARCH-EKONOMSKA ISTRAZIVANJA,2022,10.1080/1331677X.2022.2142257,"This study analyzes the impact of Covid-19 on stock market liquidity of China and four worst hit countries by the pandemic. Using daily data for the stock market illiquidity spanning over July 1, 2019 to July 10, 2020 and the data for new cases and deaths over the period from December 31, 2019 to July 10, 2020, the results of our GARCH analysis show that liquidity in stock markets of all the sampled countries hit hard by the news of the Covid-19 outbreak. We find that for all sampled countries increase in illiquidity due to temporary shocks reverts to long term trend shortly, suggesting that the liquidity shocks due to the incidence of Covid-19 were short lived. The findings of our VAR analysis show an absence of any short-term relationship between Covid-19 new cases or deaths and illiquidity. Since the series are not integrated at same level, long-term relationship between Covid-19 and stock market illiquidity do not exist as well suggesting no evidence of the effect of Covid-19 on stock market liquidity.",Covid-19; stock market liquidity; GARCH; VAR; BRIC; G10; G01; I15,VOLATILITY SPILLOVERS; RETURN; TIME,Article; Early Access,Economics,Business & Economics,1331-677X,English,6F7MA,Q2,market_volatility_GarchHar_covid
"Li, ZC; Xie, C; Zeng, ZJ; Wang, GJ; Zhang, T","Li, Zhao-Chen; Xie, Chi; Zeng, Zhi-Jian; Wang, Gang-Jin; Zhang, Ting",Forecasting global stock market volatilities in an uncertain world,INTERNATIONAL REVIEW OF FINANCIAL ANALYSIS,2023,10.1016/j.irfa.2022.102463,"We investigate the predictive relationship between uncertainty and global stock market volatilities from a highfrequency perspective. We show that uncertainty contains information beyond fundamentals (volatility) and strongly affects stock market volatility. Using several crucial uncertainty measures (i.e., uncertainty and implied volatility indices), we prove that the CBOE volatility index (VIX) performs best in point (density) forecasting; the financial stress index (FSI) in directional forecasting. Furthermore, VIX's predictive power improved dramatically after the COVID-19 outbreak, and the VIX-based portfolio strategy enables mean-variance investors to achieve higher returns. There are two empirical properties of VIX: (i) it helps reduce significantly forecast variance rather than bias; and (ii) its forecasts encompass other uncertainty forecasts well. Overall, we highlight the importance of considering uncertainty when exploring the expected stock market volatility.",Global stock markets; Realized volatility; Uncertainty measures; HAR framework; Out-of-sample forecasts,OUT-OF-SAMPLE; INVESTOR SENTIMENT; REALIZED VOLATILITY; OIL; PRICES; RETURNS; PREMIUM; IMPACT; JUMPS; MODEL,Article,"Business, Finance",Business & Economics,1057-5219,English,7N9JS,Q2,market_volatility_GarchHar_covid
"Samarakoon, SMRK; Pradhan, RP","Samarakoon, S. M. R. K.; Pradhan, Rudra P.","How do return and volatility spillovers shape futures markets? Insights from index, commodity, and carbon emission futures",RENEWABLE ENERGY,2026,10.1016/j.renene.2025.124110,"This study examines return and volatility spillovers among global futures markets using a dataset of 3523 daily observations spanning 2008 to 2024. The analysis includes 20 futures markets, comprising commodity futures, equity index futures, carbon emissions futures, and the CBOE Volatility Index (VIX). Employing a combination of Time-Varying Parameter Vector Autoregressive (TVP-VAR), Quantile Vector Autoregression (QVAR), Dynamic Conditional Correlation-Generalized Autoregressive Conditional Heteroskedasticity (DCC-GARCH), and wavelet coherence models, this study captures the dynamic, frequency-specific, and quantile-specific nature of market interconnectedness. The findings reveal significant return spillovers, with equity indices such as the S&P 500 and Dow Jones acting as critical transmitters of shocks. Increased interconnectedness is observed during periods of market distress, such as the 2008 financial crisis and the COVID-19 pandemic, highlighting the influence of macroeconomic and geopolitical events. Commodity futures, particularly crude oil and gold, demonstrate substantial spillover effects, driven by shared market fundamentals. Volatility analysis identifies the VIX and crude oil futures as central to volatility transmissions, with wavelet coherence further illustrating the alignment of spillovers with economic cycles and asset-specific drivers. Carbon emissions futures exhibit high selfconnectedness, underscoring their sensitivity to internal market factors. By integrating multiple econometric approaches and linking spillovers to underlying economic drivers, this study contributes to the literature on financial market dynamics.",Commodity futures; Connectedness approach; Equity index futures; Return and volatility spillovers; Volatility index; Wavelet coherence,IMPULSE-RESPONSE ANALYSIS; WAVELET COHERENCE; DYNAMIC CONNECTEDNESS; NETWORK TOPOLOGY; FINANCIAL MARKET; EFFICIENT TESTS; PRECIOUS METALS; STOCK MARKETS; RISK INDEXES; SAFE HAVEN,Article,Green & Sustainable Science & Technology; Energy & Fuels,Science & Technology - Other Topics; Energy & Fuels,0960-1481,English,6SU9Q,Q2,market_volatility_GarchHar_covid
"Ben Said, YR; Khabou, A","Ben Said, Yosra Ridha; Khabou, Asma",Do Islamic and socially responsible stocks act as a safe refuge for the US stock market?,JOURNAL OF CHINESE ECONOMIC AND BUSINESS STUDIES,2025,10.1080/14765284.2025.2472505,"Our work aims to compare and specify the role that Islamic and socially responsible stocks can play in times of stock market crises. For crises, we extend our study to the four crises that have occurred since 2008: the global financial crisis, the European Sovereign crisis, the COVID-19 crisis, and the Ukrainian-Russian conflict. In this paper, we study the dynamics of the correlation between Islamic stock returns, socially responsible stocks, and US stock returns for the period 2008-2022. We adopt the DCC-GARCH model to determine the best strategy to hedge a portfolio against the risk of adverse price movements in the US stock market. Our main results demonstrate the important diversifying role of Islamic and socially responsible indices for conventional US stocks and reject the role of safe haven and hedge, respectively, in times of crisis and stability.",Hedge; safe haven; diversifier; financial crisis; DJIMI; TRESGUS,GLOBAL FINANCIAL CRISIS; VOLATILITY SPILLOVERS; FIRM PERFORMANCE; HAVEN; INVESTMENT; LINKAGES; RISK; GOLD; OIL; DISCLOSURE,Article,Economics,Business & Economics,1476-5284,English,5KE3H,Q2,market_volatility_GarchHar_covid
"Baek, S; Lee, KY","Baek, Seungho; Lee, Kwan Yong",The risk transmission of COVID-19 in the US stock market,APPLIED ECONOMICS,2021,10.1080/00036846.2020.1854668,"This paper studies volatility transmission effects between the US stock market and the COVID-19. Using BEKK-multivariate GARCH model, we find the US stock market volatility depends both its own past shocks and past COVID-19 shocks. Further, we find the US stock market volatility is positively affected by the death rate (bad news) while the recovered rate (good news) has a negative impact on the US stock market volatility. In addition, we find there is an asymmetric volatility impact of COVID-19 on the US stock market: the bad news affects the current US stock market much more than the good news. Our fixed effect panel regression results support the volatility spillover effects.",COVID-19; volatility spillovers; BEKK-MGARCH; systemic risk; principal component factors,,Article,Economics,Business & Economics,0003-6846,English,RC3IP,Q2,market_volatility_GarchHar_covid
"Singh, A","Singh, Amanjot","Investigating the dynamic relationship between litigation funding, gold, bitcoin and the stock market: The case of Australia",ECONOMIC MODELLING,2021,10.1016/j.econmod.2021.01.007,"Litigation funding is gradually growing in Australia, although, there remains a lack of understanding regarding its dynamic relationship with other assets. Litigation funding covers litigant's lawsuit-related expenses using the legal outcome as collateral. This study investigates the dynamic relationship between litigation funding, Gold, Bitcoin and the stock market using data from July 2015 to July 2020. Three important findings emerge by employing return spillover effects, Markov regime-switches and dynamic correlations; (1) litigation funding and the stock market share a lower degree of correlation with each other; (2) capital started flowing away from the stock market to litigation funding after the COVID-19 market shock; and (3) the dynamic correlations between litigation funding and Gold (Bitcoin) started increasing (decreasing) after the COVID-19 market shock. Because the judgement or settlement amount is a contingent outcome, litigation funding is immune from the market shocks, and relevant for portfolio diversification and other investment strategies.",Assets; Bitcoin; GARCH; Litigation funders; Spillover effects,INDEX FUTURES MARKETS; SAFE-HAVEN; VOLATILITY SPILLOVERS; GARCH; HEDGE; TIME; DCC; BONDS; OIL; INVESTMENT,Article,Economics,Business & Economics,0264-9993,English,TZ6DS,Q2,market_volatility_GarchHar_covid
"Abouelfarag, HA; Qutb, R","Abouelfarag, Hanan AbdelKhalik; Qutb, Rasha",The Egyptian stock market's reaction to the COVID-19 pandemic,AFRICAN JOURNAL OF ECONOMIC AND MANAGEMENT STUDIES,2022,10.1108/AJEMS-10-2021-0461,"Purpose The purpose of this study is to empirically examine the impact of the novel coronavirus (COVID-19) on Egyptian stock market returns and volatility between July 2018 and June 2021. Design/methodology/approach This study utilizes a generalized autoregressive conditional heteroskedasticity (GARCH) model to examine the impact of COVID-19 on two basic stock market indices (EGX30 and EGX100). In addition, the heteroskedasticity corrected model (HCM) was employed to differentiate between the effects of each subsequent wave of the pandemic. Findings The results of the GARCH model revealed that all COVID-19 variables have a significant impact on the daily returns of EGX100, but an insignificant impact on that of EGX30. The mortality rate and transmission speed increased the market volatility of EGX30 daily returns. The results of the HCM confirmed that the Egyptian stock market reacted more nervously to the first wave than to the second, while the impact was not detected in the third wave. Practical implications This study provides useful insights to investors and policymakers in handling the negative influence of unanticipated events. To retain economic stability, the Egyptian government can impose fiscal stimuli and consider policies to combat the impact of the pandemic. Originality/value This study is one of the first attempts to differentiate between the effects of subsequent waves of the pandemic on the stock market in Egypt, one of the largest economies in Africa.",Covid-19; Stock returns; Volatility; Egypt; GARCH; HCM,VOLATILITY,Article,Economics,Business & Economics,2040-0705,English,1V8NB,Q2,market_volatility_GarchHar_covid
"Wang, ZF; Xing, TC; Wang, X","Wang, Zaifeng; Xing, Tiancai; Wang, Xiao",Economic uncertainty and stock market asymmetric volatility: analysis based on the asymmetric GARCH-MIDAS model,INTERNATIONAL JOURNAL OF EMERGING MARKETS,2024,10.1108/IJOEM-05-2023-0841,"PurposeWe aim to clarify the effect of economic uncertainty on Chinese stock market fluctuations. We extend the understanding of the asymmetric connectedness between economic uncertainty and stock market risk and provide different characteristics of spillovers from economic uncertainty to both upside and downside risk. Furthermore, we aim to provide the different impact patterns of stock market volatility following several exogenous shocks.Design/methodology/approachWe construct a Chinese economic uncertainty index using a Factor-Augmented Variable Auto-Regressive Stochastic Volatility (FAVAR-SV) model for high-dimensional data. We then examine the asymmetric impact of realized volatility and economic uncertainty on the long-term volatility components of the stock market through the asymmetric Generalized Autoregressive Conditional Heteroskedasticity-Mixed Data Sampling (GARCH-MIDAS) model.FindingsNegative news, including negative return-related volatility and higher economic uncertainty, has a greater impact on the long-term volatility components than positive news. During the financial crisis of 2008, economic uncertainty and realized volatility had a significant impact on long-term volatility components but did not constitute long-term volatility components during the 2015 A-share stock market crash and the 2020 COVID-19 pandemic. The two-factor asymmetric GARCH-MIDAS model outperformed the other two models in terms of explanatory power, fitting ability and out-of-sample forecasting ability for the long-term volatility component.Research limitations/implicationsMany GARCH series models can also combine the GARCH series model with the MIDAS method, including but not limited to Exponential GARCH (EGARCH) and Threshold GARCH (TGARCH). These diverse models may exhibit distinct reactions to economic uncertainty. Consequently, further research should be undertaken to juxtapose alternative models for assessing the stock market response.Practical implicationsOur conclusions have important implications for stakeholders, including policymakers, market regulators and investors, to promote market stability. Understanding the asymmetric shock arising from economic uncertainty on volatility enables market participants to assess the potential repercussions of negative news, engage in timely and effective volatility prediction, implement risk management strategies and offer a reference for financial regulators to preemptively address and mitigate systemic financial risks.Social implicationsFirst, in the face of domestic and international uncertainties and challenges, policymakers must increase communication with the market and improve policy transparency to effectively guide market expectations. Second, stock market authorities should improve the basic regulatory system of the capital market and optimize investor structure. Third, investors should gradually shift to long-term value investment concepts and jointly promote market stability.Originality/valueThis study offers a novel perspective on incorporating a Chinese economic uncertainty index constructed by a high-dimensional FAVAR-SV model into the asymmetric GARCH-MIDAS model.",Economic uncertainty; Asymmetric effect; Long-term volatility component; GARCH-MIDAS; C32; C53; G17,FINANCIAL CRISIS; POLICY,Article; Early Access,Business; Economics; Management,Business & Economics,1746-8809,English,IR6N2,Q2,market_volatility_GarchHar_covid
"Chkili, W","Chkili, Walid",The risk transmission from the COVID-19 to MENA stock markets: what is the best safe haven asset during the pandemic?,EUROMED JOURNAL OF BUSINESS,2026,10.1108/EMJB-11-2023-0307,"PurposeThis paper investigates potential safe haven assets for Middle East and North Africa (MENA) stock markets during the uncertainty period of the COVID-19 pandemic.Design/methodology/approachThis study applies the dynamic conditional correlation-generalized autoregressive conditionally heteroskedastic (DCC-GARCH) model and the Diebold-Yilmaz spillover index for ten MENA stock markets, three precious metals and Bitcoin for the period 2013-2021.FindingsEmpirical results show, on the one hand, that the COVID-19 crisis risk has been transmitted to MENA stock markets through volatility spillover across markets. This has increased the conditional volatility for all markets. On the other hand, findings point out that the dynamic correlation between the precious metals/Bitcoin and stock markets is not stable and switches between low positive and negative values during the period under studies. Extending analysis to portfolio management, results reveal that investors should include precious metals/Bitcoin in their portfolio of stocks in order to reduce the risk of the portfolio. Finally, for the period of COVID-19, the analysis concludes that gold preserves its traditional role as a safe haven for MENA stock markets during the pandemic, while Bitcoin fails to provide this property.Practical implicationsThese results have several implications for international investors, risk managers and financial analysts in terms of portfolio diversifications and hedging strategies. Indeed, the exploration of the volatility connectedness between financial, commodity and cryptocurrency markets becomes an essential task for all market participants during the COVID-19 outbreak. Such analysis can help investors and portfolio managers to evaluate the risk of investments in the MENA stock markets during the crisis period and to achieve the optimal diversification strategy and hedging instruments.Originality/valueThe paper interests MENA stock markets that experienced the last decade a substantial development in terms of market capitalization and number of listed firms. To the author's knowledge, this is the first study that investigates the dynamic correlation between MENA stock markets and four potential safe haven assets, including three precious metals and Bitcoin. In addition, the paper employs two types of models, namely the DCC-GARCH model and the Diebold-Yilmaz spillover index.",COVID-19; Safe haven; Connectedness; MENA stock markets; Bitcoin; Precious metals,VOLATILITY SPILLOVERS; BITCOIN; GOLD; HEDGE,Article,Business,Business & Economics,1450-2194,English,EP8YX,Q2,market_volatility_GarchHar_covid
"Al-Nassar, NS; Boubaker, S; Chaibi, A; Makram, B","Al-Nassar, Nassar S.; Boubaker, Sabri; Chaibi, Anis; Makram, Beljid","In search of hedges and safe havens during the COVID-19 pandemic: Gold versus Bitcoin, oil, and oil uncertainty",QUARTERLY REVIEW OF ECONOMICS AND FINANCE,2023,10.1016/j.qref.2022.10.010,"This paper investigates the potential hedging and safe-haven properties of several alternative investment assets, including gold, Bitcoin, oil, and the oil price volatility index (OVX), against the risks of the Saudi stock market and its constituent sectors in different phases of the COVID-19 pandemic. Using daily data, we employ the bivariate dynamic conditional correlation-generalized autoregressive conditional heteroskedasticity (DCC-GARCH) technique to model volatilities and conditional correlations. Our findings show that all in-vestigated alternative investment assets had a time-varying hedging role in the Saudi stock market, which became expensive during the early stages of the COVID-19 pandemic. Our results also show that the optimal weights for gold were substantially higher than those of other assets, reaching a peak during the pandemic, implying that investors consider gold a flight-to-safety asset. Additionally, we find that gold and OVX were strong hedges and could have served as weak safe havens for investors during the early stages of the COVID-19 pandemic, while the remaining assets generally lacked these properties and could be merely used as diversi-fiers. Our empirical findings offer several key implications for policymakers and portfolio managers in Saudi Arabia that may be applicable to similar markets. In particular, we show that OVX-based products can serve as a promising hedging asset for stock markets in oil-exporting countries.& COPY; 2022 Board of Trustees of the University of Illinois. Published by Elsevier Inc. All rights reserved.",Finance; Gold; Bitcoin; OVX; COVID319; Hedge and safe haven; Emerging markets,AUTOREGRESSIVE CONDITIONAL HETEROSCEDASTICITY; DYNAMIC CORRELATION-ANALYSIS; GLOBAL FINANCIAL CRISIS; STOCK-MARKET; PRECIOUS METALS; RISK; VOLATILITY; INVESTMENT; CONTAGION; INFLATION,Article,Economics,Business & Economics,1062-9769,English,R2AJ0,Q2,market_volatility_GarchHar_covid
"Apergis, N; Apergis, E","Apergis, Nicholas; Apergis, Emmanuel",The role of Covid-19 for Chinese stock returns: evidence from a GARCHX model,ASIA-PACIFIC JOURNAL OF ACCOUNTING & ECONOMICS,2022,10.1080/16081625.2020.1816185,"This paper examines the effect of Covid-19 pandemic on the Chinese stock market returns and their volatility using the generalized autoregressive conditionally heteroskedastic GARCHX model. The GARCHX model allows us to include Covid-19 information within the GARCH framework. The findings document that daily increases in total confirmed Covid-19 cases in China, measured as total daily deaths and cases, have a significant negative impact on stock returns, with the negative impact of the Covid-19 on stock returns being more pronounced when total deaths proxy the effect of this infectious disease. The results also document that Covid-19 has a positive and statistically significant effect on the volatility of these market returns. Overall, new evidence is offered that infectious diseases, such as Covid-19, can seriously impact market returns, as well as their volatility. The findings could be essential in understanding the implications of Covid-19 for the stock market in China.",Stock market returns; Covid-19; China; GARCHX model,OIL PRICE SHOCKS; MARKETS EVIDENCE; INTEREST-RATES; VOLATILITY; IMPACT; WORLD,Article,"Business, Finance; Economics",Business & Economics,1608-1625,English,4T2JN,Q2,market_volatility_GarchHar_covid
"Fang, Y; Yang, Y","Fang, Yan; Yang, Yi",Dynamic Linkage Between Stock and Forex Markets: Mechanisms and Evidence from China,EMERGING MARKETS FINANCE AND TRADE,2026,10.1080/1540496X.2025.2535710,"This paper examines the dynamic linkage between Chinese stock and forex markets from July 2005 to December 2023, and explores the key factors influencing this relationship. To this end, we employ a copula-based aDCC-CGARCH framework to analyze the dependence structure, use a structural break analysis to identify shifts in market interdependence, and apply a RR-MIDAS regression to investigate the underlying determinants, with a particular focus on uncertainty, economic fundamentals, and capital flows. The results reveal a time-varying linkage with significant breakpoints corresponding to the global financial crisis, domestic market reforms, the U.S.-China trade conflict, and the COVID-19 pandemic. Moreover, the long-run volatility component exhibits high persistence in both markets, with greater persistence observed in the currency market than in the stock market. The RR-MIDAS regression results indicate that Chinese economic policy uncertainty and foreign investments significantly accelerate the linkage, while GDP and the capital control policy significantly decelerate the linkage. These findings provide important insights for policymakers, global investors, and financial market regulators.",Dynamic linkage; stock market; forex market; capital controls; copula-based aDCC-GARCH; RR-MIDAS; G15; F31; C51; C32,AUTOREGRESSIVE CONDITIONAL HETEROSCEDASTICITY; EXCHANGE-RATE; DEPENDENCE STRUCTURE; RISK SPILLOVERS; TIME-SERIES; MODEL; PRICES; RATES; POINT; FIT,Article,Business; Economics; International Relations,Business & Economics; International Relations,1540-496X,English,AZ1ET,Q2,market_volatility_GarchHar_covid
"Ghorbel, A; Jeribi, A","Ghorbel, Achraf; Jeribi, Ahmed",Investigating the relationship between volatilities of cryptocurrencies and other financial assets,DECISIONS IN ECONOMICS AND FINANCE,2021,10.1007/s10203-020-00312-9,"This paper analyzes the relationships between volatilities of five cryptocurrencies, American indices (S&P500, Nasdaq, and VIX), oil, and gold. The results of the BEKK-GARCH model show evidence of a higher volatility spillover between cryptocurrencies and lower volatility spillover between cryptocurrencies and financial assets. The results of the DCC-GARCH model identify an important effect of the launch of Bitcoin futures. During the stability period, the overarching implications of the results are that there is a persistence of correlation between cryptocurrencies in high positive value and low dynamic conditional correlations between cryptocurrencies and financial assets. Also, we find that Bitcoin and gold are considered hedges for the US investors before the coronavirus crisis. Our results show that cryptocurrencies may offer diversification benefits for investors and are diversifiers during the stability period. At the beginning of 2020, we observe that the conditional correlation increased between cryptocurrencies, stock indexes, and oil which confirm the effect of the coronavirus contagion between them. Unlike gold, digital assets are not a safe haven for US investors during the coronavirus crisis.",Cryptocurrencies; Bitcoin; Gold; Oil price; VIX; Stock market; COVID-19 pandemic,SAFE HAVEN; BITCOIN; GOLD; OIL; GARCH; SPILLOVER; CURRENCY; DOLLAR; STOCKS; HEDGE,Article,"Social Sciences, Mathematical Methods",Mathematical Methods In Social Sciences,1593-8883,English,XO6EU,Q2,market_volatility_GarchHar_covid
"Abdelmalek, W; Ben Abdallah, F","Abdelmalek, Wafa; Ben Abdallah, Fatma",Correlations and volatility spillovers between clean and dirty cryptocurrencies and regional stock markets: new evidence from COVID-19 and Russia-Ukraine conflict,STUDIES IN ECONOMICS AND FINANCE,2025,10.1108/SEF-01-2024-0051,"PurposeThis study aims to explore dynamic correlations and volatility spillovers as well as hedging opportunities of clean and dirty cryptocurrencies with both developed and emerging regional stock markets during the COVID-19 pandemic and the Russia-Ukraine conflict.Design/methodology/approachThis study applies, first, the dynamic conditional correlation-generalized autoregressive conditional heteroskedasticity model proposed by Engle (2002) to analyze the dynamic correlations between clean-dirty cryptocurrencies and regional stock markets. Second, it uses the VAR-MGARCH with the BEKK representation developed by Engle and Kroner (1995), to explore the volatility spillover effects between all variables. Third, it determines the optimal portfolio weights and the hedge ratios following Kroner and Ng (1998) and Kroner and Sultan (1993), respectively.FindingsThe findings reveal significant correlation and volatility spillovers between cryptocurrencies and regional stock markets, which are more prevalent during the COVID-19 pandemic than during the Russia-Ukraine conflict. In addition, in times of crisis, pairing clean cryptocurrencies with emerging market indices appears more attractive due to their relatively lower contagion effects and volatility spillovers as well as cheaper hedging cost.Originality/valueTo the best of the authors' knowledge, this study is among the first to analyze the dynamic linkages of clean and dirty digital currencies with regional stock market indices during both COVID-19 pandemic and Russia-Ukraine conflict, contributing to not only enhanced understanding of these cross-market spillovers in time of crisis but also their hedging benefits. This understanding provides actionable insights into portfolio construction and risk management involving clean and dirty cryptocurrencies and regional stock market indices.",Clean and dirty cryptocurrencies; Dynamic correlation; Volatility spillovers; Covid-19 pandemic; Russia-Ukraine conflict; Hedge strategy,GARCH MODELS; BEKK-GARCH; BITCOIN; OIL; PRICES; ENERGY; CRISIS; RETURN; HEDGE; RISK,Article,"Business, Finance",Business & Economics,1086-7376,English,8MY1A,Q2,market_volatility_GarchHar_covid
"Le, TPTD; Tran, HLM",Thao Phan Thi Dieu Le; Hieu Luong Minh Tran,1The Contagion Effect from U.S. Stock Market to the Vietnamese and the Philippine Stock Markets: The Evidence of DCC - GARCH Model,JOURNAL OF ASIAN FINANCE ECONOMICS AND BUSINESS,2021,10.13106/jafeb.2021.vol8.no2.0759,"Using a DCC - GARCH model analysis, this paper examines the existence of financial contagion from the U.S. stock market to the Vietnamese and the Philippine stock markets during the global financial crisis and the COVID-19 pandemic crisis. We use daily data from the S&P 500 (U.S.), VN-Index (Vietnam), and the PSEi (the Philippines). As a result, there is no evidence of contagion from the U.S stock market to the Philippine stock market that can be found during global financial crisis, while the Vietnamese market is influenced by this effect. Besides, both these developing stock markets (the Vietnamese and Philippine stock markets) are influenced by the contagion effect in COVID-19 pandemic crisis. Another finding is that the contagion effect during the coronavirus pandemic crisis in Vietnam is smaller than that during the global financial crisis, however, the opposite is the case for the Philippines. It is noticed that the Philippines seems to be more affected by the contagion effect from the COVID-19 pandemic than Vietnam at the time of this study. Because financial contagion is important for monetary policy, asset pricing, risk measurement, and portfolio allocation, the findings in this paper may give some useful information for policymakers and investors.",Contagion; COVID-19; Financial Crisis; DCC - GARCH; Stock Market,EMERGING MARKETS; VOLATILITY; RETURNS,Article,Business,Business & Economics,2288-4637,English,QU0NS,Q2,market_volatility_GarchHar_covid
"Jelilov, G; Iorember, PT; Usman, O; Yua, PM","Jelilov, Gylych; Iorember, Paul Terhemba; Usman, Ojonugwa; Yua, Paul M.",Testing the nexus between stock market returns and inflation in Nigeria: Does the effect ofCOVID-19 pandemic matter?,JOURNAL OF PUBLIC AFFAIRS,2020,10.1002/pa.2289,"Given the palpable fear generated by the threat of COVID-19 pandemic and the bearish sentiments of stock investors, this study represents one of the first efforts towards testing the effect of COVID-19 on the stock market returns-inflation relationship. Specifically, the study investigates the stock market returns-inflation nexus by controlling for the effect of COVID-19 pandemic in Nigeria from February 27, 2020 to April 30, 2020. Using the estimation procedures based on the generalized autoregressive conditional heteroskedasticity type models (GARCH (1,1), the GJR-GARCH), and the accounting innovation tests, our results show that COVID-19 increases volatility and distorts the positive relationship between inflation and stock market returns, which tends to negate the Fisher's hypothesis. In addition, the results reveal that the negative effects of COVID-19 on the market returns and its disruption to the stock market returns-inflation relationship may not die away rapidly considering that the duration of the pandemic is unknown. Further, these findings are validated by the innovation accounting tests. Therefore, the study presents to policymakers the consequences of COVID-19 and the urgent need to strengthen the market through collaborative efforts.",,VOLATILITY; POLICY,Article,Public Administration,Public Administration,1472-3891,English,PA5XJ,Q2,market_volatility_GarchHar_covid
"Manner, H; Rodríguez, G; Stöckler, F","Manner, Hans; Rodriguez, Gabriel; Stoekler, Florian",A changepoint analysis of exchange rate and commodity price risks for Latin American stock markets,INTERNATIONAL REVIEW OF ECONOMICS & FINANCE,2024,10.1016/j.iref.2023.08.021,"Focusing on countries whose economies are exposed to fluctuations in commodity prices and exchange rates, we study the vulnerability of these stock market returns to exchange rate and commodity price shocks using non-parametric structural break tests for volatility and dependence. The return distributions are modeled using a Copula-GARCH model incorporating the estimated changepoints and we measure risk-spillovers with the conditional Value-at-Risk. We find evidence for various changepoints at different points in time, implying changes in risk and spillovers. In particular, there is evidence of increased spillover risk after the outbreak of the global financial crisis in 2008, as well as higher conditional risk following the Covid-19 outbreak.",Latin American stock markets; Commodity prices; Changepoint analysis; Copula; CoVaR,FOREIGN-EXCHANGE; SYSTEMIC RISK; VOLATILITY; DEPENDENCE; OIL; RETURN; COVAR,Article,"Business, Finance; Economics",Business & Economics,1059-0560,English,T2JU8,Q2,market_volatility_GarchHar_covid
"Huong, LM",Le Thi Minh Huong,The contagion between stock markets: evidence from Vietnam and Asian emerging stocks in the context of COVID-19 Pandemic,MACROECONOMICS AND FINANCE IN EMERGING MARKET ECONOMIES,2024,10.1080/17520843.2021.1993653,"Existing literature does not assess the contagion from emerging Asian stock markets to Vietnam amid the Pandemic. The bivariate VAR and BEKK-GARCH models in this study aim to analyse the return and volatility contagion effects between countries. The main findings reveal Philippine, Singapore, and Thai stocks' spread on the Vietnam index during the COVID-19 period. The direction from the Vietnam index towards Malaysia and the Philippines is opposite. This conclusion helps investors with more information to diversify their portfolios, minimize risks during the Pandemic.",BEKK-garch model; the emerging market; return; contagion; volatility; Covid-19,VOLATILITY SPILLOVERS; RETURN; TRANSMISSION; BEHAVIOR; DCC,Article,Economics,Business & Economics,1752-0843,English,IX0X7,Q2,market_volatility_GarchHar_covid
"Zaman, A; Tlemsani, I; Matthews, R; Hashim, MAM","Zaman, Asif; Tlemsani, Issam; Matthews, Robin; Hashim, Mohamed Ashmel Mohamed",Assessing the potential of blockchain technology for Islamic crypto assets,COMPETITIVENESS REVIEW,2023,10.1108/CR-05-2023-0100,"PurposeThe rapid rise of Islamic crypto assets, underpinned by blockchain technology, has introduced a novel dimension to the Islamic financial landscape, raising questions about their potential as safe havens within emerging Islamic economies. However, the opportunities and challenges associated with this phenomenon remain insufficiently explored. In this context, this study aims to empirically investigate the extent to which blockchain technology can establish Islamic crypto assets as safe havens in equity markets within Islamic economies.Design/methodology/approachThis study addresses the need for rigorous empirical analysis to understand the dynamics between Islamic crypto assets and stock markets in emerging Islamic economies, focusing on the transmission of volatility. While the evolving nature of the Islamic financial sector demands reliable data, the reliance on the most available data offers insights into the expected future trends in this emerging field. The research specifically focuses on three essential assets in the Islamic financial portfolio: OneGram Coin and X8XToken, both backed by gold and MRHB DeFi, an Islamic DeFi asset lacking gold backing. These crypto assets are compared with corresponding assets in seven stock markets of emerging Islamic economies. Using daily log returns of the Islamic crypto assets from various sources and seven Islamic stock indices. The data covers the period from December 27, 2021, to December 28, 2022, capturing the fluctuations in Islamic stocks and cryptocurrency markets during the post-COVID-19 era. This research uses advanced econometric techniques, including pairwise dynamic correlation and the DCC GARCH model.FindingsThe findings indicate that Islamic crypto assets exhibit distinct characteristics, with lower volatility and low correlations compared to their conventional counterparts in non-Islamic contexts. This outcome suggests that these Islamic crypto assets could potentially serve as safe havens within Islamic stock markets, offering valuable insights for various stakeholders, including investors, governments and policymakers.Research limitations/implicationsThe findings are based on a specific set of Islamic crypto assets and may vary with a different selection. Market dynamics can also influence the relationships observed. Nevertheless, the outcomes provide valuable insights for investors, policymakers and researchers interested in the intersection of Islamic finance, cryptocurrency and technology.Originality/valueIn essence, this research not only unveils the potential of Islamic crypto assets as stabilizing forces but also delineates a trajectory for subsequent research endeavours within the realm of emerging Islamic Fintech, elucidating the challenges, opportunities and benefits that lie therein. With a discerning eye on circumventing the pitfalls entrenched within conventional crypto finance, this study contributes to a heightened comprehension of the transformative role that Islamic crypto assets can assume, ultimately enriching the financial resilience of Islamic economies.",Decentralization; Digital money; Mal; Blockchain; Financial innovation; Cryptocurrency,SYSTEMS,Article; Early Access,Business,Business & Economics,1059-5422,English,W9WB3,Q2,market_volatility_GarchHar_covid
"Caiado, J; Lúcio, F","Caiado, Jorge; Lucio, Francisco",Stock market forecasting accuracy of asymmetric GARCH models during the COVID-19 pandemic,NORTH AMERICAN JOURNAL OF ECONOMICS AND FINANCE,2023,10.1016/j.najef.2023.101971,"We propose a new clustering approach for comparing financial time series and employ it to study how the COVID-19 pandemic affected the U.S. stock market. Essentially, we compute the forecast accuracy of asymmetric GARCH models applied to S&P500 industries and use the model forecast errors for different horizons and cut-off points to calculate a distance matrix for the stock indices. Hierarchical clustering algorithms are used to assign the set of industries into clusters. We found homogeneous clusters of industries in terms of the impact of COVID-19 on US stock market volatility. The industries most affected by the pandemic and with less accurate stock market prediction (Hotels, Airline, Apparel, Accessories & Luxury Goods, and Automobile) are separated in Euclidean distance from those industries that were less impacted by COVID-19 and which had more accurate forecasting (Pharmaceuticals, Internet & Direct Marketing Retail, Data Processing, and Movies & Entertainment).",Cluster analysis; COVID-19; Forecast accuracy; Threshold GARCH model; S & P500; Unsupervised machine learning,TIME-SERIES,Article,"Business, Finance; Economics",Business & Economics,1062-9408,English,T0DR4,Q2,market_volatility_GarchHar_covid
"Kaur, A; Chavali, K","Kaur, Arvinder; Chavali, Kavita",Deciphering the Risk-Return Dynamics of Pharmaceutical Companies Using the GARCH-M Model,RISKS,2025,10.3390/risks13050087,"This study focuses on the precise forecasting of stock price movement to determine returns, diversify risk, and demystify existing opportunities. It also aims to gauge the difference in terms of the stock volatility of various pharma companies before and during the pandemic era. The prediction of stock market volatility and associated risks is demonstrated by using the GARCH-M model. A sample is collected by clustering daily closing and opening prices from the official websites of the top ten pharmaceutical companies listed on the Bombay Stock Exchange for ten years, from 2012 to 2023. It is evident when using the GARCH-M model, which indicates pharma stock volatility clustering before the COVID-19 pandemic, that a significant relationship is present between risk and return and that these could cause future volatility and significant price movements. Before the COVID-19 pandemic, investors had time to adjust to market conditions, as the volatility was constant but less sensitive to transient shocks. Though it passed faster than ever, the COVID-19 pandemic produced significant market instability. The findings suggest that, especially before the COVID-19 pandemic, the high GARCH(-1) coefficients held Merton's ICAPM, which maintains that past volatility shapes future returns. This sort of activity is compatible with the way financial markets usually operate. The findings suggest that volatility rose after the COVID-19 pandemic, but this was more because of changes in government policies and vaccines than because of regular market forces. Pricing patterns are dominated by stock interventions, liquidity constraints, and sentiments during a crisis period when volatility becomes irrelevant. Appropriate decision-making by individual investors, portfolio managers, and policymakers regarding the stock market is possible through effective prediction based on time-series analysis. The GARCH-M model is compatible with predicting future stock price changes efficiently. This study uniquely applies the GARCH-M model to the Indian pharmaceutical sector, offering valuable insights into stock volatility and risk-return dynamics, particularly during the COVID-19 pandemic.",pharmaceutical sector; BSE stock indices; GARCH-M model; risk; return volatility; COVID-19,TIME-SERIES; VOLATILITY; FOREIGN; PERFORMANCE; INDUSTRY; IMPACT,Article,"Business, Finance",Business & Economics,,English,3BA6T,Q2,market_volatility_GarchHar_covid
"Xu, QQ; Meng, TC; Sha, Y; Jiang, X","Xu, Qingqing; Meng, Tianci; Sha, Yue; Jiang, Xia",Volatility in metallic resources prices in COVID-19 and financial Crises-2008: Evidence from global market,RESOURCES POLICY,2022,10.1016/j.resourpol.2022.102927,"The prevalence of uncertainty is evident in natural resources and financial markets almost every period. How-ever, the global financial crisis and the recent Covid-19 pandemic is considered the most distressful event that disturbs the global economic and financial performance. In such crises, natural resource (mineral) prices also fluctuate as a result of demand and supply shocks. Identifying volatility in metallic resource prices is now the time???s need, which consequently leads to implementing appropriate policies for recovery of the global markets. In this sense, the current study analyzed these two period from August 21, 2007, to December 31, 2009 (global financial crisis) and from January 01, 2019, to September 17, 2021 (Covid-19 pandemic). The empirical results obtained via threshold generalized autoregressive conditional heteroscedasticity (TGARCH) and exponential autoregressive conditional heteroscedasticity (EGARCH) model asserted that volatility exists in metallic resource prices in both the crises periods. Concerning the global financial cristhe metallic resource prices were more volatile in 2008, while such priwere are highly volatile during the Covid-19 pandemic peak year (2020). Additionally, volatility in metallic resources is found higher in the Covid-19 pandemic, relative to global financial crisis. Based on the empirical results, this study suggests the appropriate policy measures that could help tackle the issue of metallic resource price volatility.",Metallic resources prices; Gold prices: global financial crisis; Covid-19; TGARCH; EGARCH,GOLD PRICE; SAFE HAVEN; STOCK MARKETS; CRUDE-OIL; HEDGE; CRISIS; RETURN,Article,Environmental Studies,Environmental Sciences & Ecology,0301-4207,English,4V6GR,Q2,market_volatility_GarchHar_covid
"Irwaningtyas, MF; Sukmaningrum, PS; Rusgianto, S","Irwaningtyas, Maulidya Firdaus; Sukmaningrum, Puji Sucia; Rusgianto, Sulistya","INVESTOR SENTIMENTS, THE COVID-19 PANDEMIC AND ISLAMIC STOCK RETURN VOLATILITY IN INDONESIA",ISRA INTERNATIONAL JOURNAL OF ISLAMIC FINANCE,2023,10.55188/ijif.v15i3.613,"Purpose - This study aims to investigate the effect of investor sentiments, as measured by the Consumer Confidence Index (CCI), and the impact of COVID-19 on Islamic stock return volatility proxied by the Indonesia Sharia Stock Index (ISSI). Design/Methodology/Approach - This study employs the GARCH (1,1) model to test the impact of investor sentiments and COVID-19 on the volatility of Islamic stock returns using monthly data from July 2011 to December 2021. Findings - The findings of this study indicate that investor sentiments negatively impact the volatility of Islamic stock returns; while COVID-19 caused a high and persistent effect on Islamic stock return volatility. Originality/Value - Research on investor behaviour and volatility in the Islamic capital market (ICM) is limited. Investor sentiment is an essential variable in predicting the volatility level of stock returns. Investors must be aware of major events that are happening globally, such as COVID-19. This research specifically focuses on the sentiments of Islamic stock investors in Indonesia. Research Limitations/Implications - This study uses a traditional GARCH model for variance and is limited to the Islamic stock market in Indonesia. Only a few variables were assessed, notably investor sentiments and COVID-19 on the impact of stock return volatility, using monthly data. Practical Implications - Research on market volatility will significantly help investors, companies and regulators determine strategies to overcome risks. This research illustrates how investor behaviour can influence the movement of stock returns. A global event, notably the COVID-19 pandemic, proved to have significantly impacted the conditions of ICMs.",Consumer Confidence Index; COVID-19; Financial empowerment; GARCH; Indonesia; Investor sentiments; Sharia Stock Index; Volatility,MARKET VOLATILITY; PREDICT,Article,"Business, Finance",Business & Economics,0128-1976,English,HD9C9,Q2,market_volatility_GarchHar_covid
"Gunay, S; Muhammed, S; Elkanj, N","Gunay, Samet; Muhammed, Shahnawaz; Elkanj, Nasser","Risk transmissions between regional green economy indices: Evidence from the US, Europe and Asia",JOURNAL OF CLEANER PRODUCTION,2022,10.1016/j.jclepro.2022.134752,"This paper examines the risk transmissions across the green economy indices of three major regions which include US, Europe and Asia. The econometric analyses are conducted using DCC-GARCH and TVP-VAR connectedness approach to evaluate potential spillover effects within the context of oil and gold. Results indicate that green economy indices of US-Europe exhibit the greatest time-varying correlations among the three pairs during much of 2010-2022 consistent with that of the general equity market. However, co-movements during the COVID-19 pandemic period seem to display a change in pattern for green economy indices. The strength of the co-movements between the US and Europe displayed a declining trend, while that between US and Asia was strengthened, suggesting greater interdependence between these two markets. TVP-VAR connectedness analysis revealed that US and Europe dominate the transmission of the shocks across the years in the green economy, similar to that of the equity markets. However, during the pandemic a pronounced shift occurred in green economies when considering the risk transmissions within the context of commodities: oil and gold. While Asian green economy index was persistently a receiver of risk transmission from oil unlike the other two regions, since pandemic, oil displayed an asymmetric effect and has become the net transmitter of risk in negative returns of the green economies of US and Europe. This may reflect the diversion in environmental policies of the two regions in the recent past, and point to the dominance of energy sector in the green economy. These findings have substantial implications for the development of green economy policies and from an investment perspective.",Green economy; Dynamic correlations; Volatility spillovers; COVID-19,IMPULSE-RESPONSE ANALYSIS; SUSTAINABLE DEVELOPMENT; VOLATILITY SPILLOVERS; FINANCIAL-MARKETS; CO-MOVEMENT; CONNECTEDNESS; CONTAGION; OIL; GOLD; MECHANISM,Article,"Green & Sustainable Science & Technology; Engineering, Environmental; Environmental Sciences",Science & Technology - Other Topics; Engineering; Environmental Sciences & Ecology,0959-6526,English,6A7CK,Q2,market_volatility_GarchHar_covid
"Owjimehr, S; Dastfroosh, HH","Owjimehr, Sakine; Dastfroosh, Hooman Hasanzadeh",Uncertainty governance in the stock market during the COVID-19: evidence of the strictest economies in the world,CHINA FINANCE REVIEW INTERNATIONAL,2023,10.1108/CFRI-07-2022-0109,"PurposeAccording to the Government Response tracker (oxCGRT) index, the strictest policy responses to the coronavirus pandemic from January 2020 to May 2022 belong to Italy, China, Hong Kong, Greece, Austria, Peru, Singapore and Malaysia. The main question is: this level of strictness has been able to reduce the uncertainty of the stock market?Design/methodology/approachTo achieve this goal, the authors investigated the effect of oxCGRT index, and the growth rate of COVID-19 confirms cases on stock market uncertainty from January 2020 to May 2022 in the GARCH, EGARCH and TGARCH models.FindingsAmong these countries, the oxCGRT index has reduced uncertainty in the stock market only in Malaysia and Singapore. This result says an appropriate pattern of applying government policy responses is more important than the degree of stringency.Originality/valueThe study will contribute to the existing literature by examining the impact of the comprehensive oxCGRT index on the uncertainty of the stock market.",oxCGRT index; Stock market; Uncertainty governance; Strictest economies,VOLATILITY; GARCH; MODELS; OIL,Article,"Business, Finance",Business & Economics,2044-1398,English,O5SJ2,Q2,market_volatility_GarchHar_covid
"Li, HY","Li, Haoyu","Does the COVID-19 outbreak affect dynamic co-movement among the stock markets of China, Japan, and the USA?",INTERNATIONAL JOURNAL OF FINANCIAL ENGINEERING,2025,10.1142/S2424786323500639,"The research examines the effect of the COVID-19 outbreak on the dynamic co-movement of the stock markets of China, Japan, and the USA using a VAR model and a DCC-GJR-GARCH model. Especially, this study focuses on during and preceding the COVID period. This study data period extends from 1 January 2016 to 31 April 2022. The results demonstrate that COVID-19's effect increases stock market volatility. Meanwhile, the VAR model revealed that the USA's exogeneity was greater during COVID-19. In addition, the pre-crisis Granger Causality between China-USA and Japan-China is substantially higher than during the crisis. The findings of DCC-GJR-GARCH indicate the presence of volatility clustering in each of the stock markets. Moreover, the results suggest that the time-varying correlations between China and the USA during the pre-COVID period are greater than during the COVID period. The study's findings highlight that investors attempting to increase investment diversification opportunities worldwide should always consider dynamic co-movement in different periods to maximize returns and minimize risk.",Dynamic co-movement; DCC-GJR-GARCH; stock markets; COVID-19; stock returns,GLOBAL FINANCIAL CRISIS; TIME-SERIES; UNIT-ROOT; IMPACT; CONTAGION; LINKAGES,Article,"Business, Finance",Business & Economics,2424-7863,English,0UO1Y,Q2,market_volatility_GarchHar_covid
"Bedir, F; Bozma, G; Turan, M; Mizrak, O","Bedir, Fatih; Bozma, Gurkan; Turan, Murat; Mizrak, Orcan",Effects of COVID-19 on Football Stock Market's Return and Uncertainty,INTERNATIONAL JOURNAL OF SPORT FINANCE,2022,10.32731/ijsf.173.082022.02,"The cancellation of mass gatherings was one of the earliest measures implemented to combat the spread of COVID-19. One of the sectors affected by this situation was sports organizations. The study aimed to analyze the impact of COVID-19 on the returns and volatility of football club stocks using mean and variance estimates. In line with this aim, the Stoxx Football Index was used to estimate the stocks of football clubs, and a dummy variable was used to estimate the effect of COVID-19. According to the analyses, it was found that COVID-19 had a negative and statistically significant impact on football index revenue. On the other hand, the results of the second moment analysis, the EGARCH-X model, suggested an increase in the Stoxx Football Index conditional variance (volatility) due to COVID-19.",coronavirus; football stock market; ARIMA; EGARCH,TIME-SERIES; EVENTS; SOCCER; SPORT; PERFORMANCE; PERCEPTION; SENTIMENT; BEHAVIOR,Article,"Hospitality, Leisure, Sport & Tourism",Social Sciences - Other Topics,1558-6235,English,P8786,Q2,market_volatility_GarchHar_covid
"Ezer, D","Ezer, Deniz",The Impact of News Related Covid-19 on Exchange Rate Volatility: A New Evidence From Generalized Autoregressive Score Model,EKOIST-JOURNAL OF ECONOMETRICS AND STATISTICS,2023,10.26650/ekoist.2023.38.1179575,"The COVID-19 pandemic causes serious problems for the economy. When considering the significant impact the COVID-19 pandemic had on capital flows and global trade, it can be stated that the outbreak of this virus has caused sharp fluctuations in exchange rate markets. From this point of view, this study examines the effect of the news regarding the COVID-19 pandemic on exchange rate volatility for 12 emerging and developed countries that were most affected by the outbreak. The data covers the period between January 1, 2019 and August 31, 2022. For this purpose, we use the Generalized Autoregressive Score (GAS) model with student-t distribution, which is a new approach to measure the volatility of a financial series and to obtain the volatility clustering and fat-tail properties of a financial series. The findings of this study show that panic and fake news about the COVID-19 pandemic has increased the volatilites of exchange rates, while media hype news decreases the volatilities. These results indicate that the negative and speculative news regarding COVID-19 adversely affects exchange rate volatility through increasing the uncertainty of financial markets.",Exchange Rate Volatility; COVID-19; Generalized Autoregressive Score Model; Expected Shortfall; Tail Effect,STOCK-MARKET VOLATILITY; TIME PRICE DISCOVERY; CONDITIONAL HETEROSKEDASTICITY; MACROECONOMIC NEWS; GARCH MODELS; RISK; VARIANCE; RETURNS; SERIES; BOND,Article,Economics; Statistics & Probability,Business & Economics; Mathematics,2651-396X,English,G8G7Q,Q2,market_volatility_GarchHar_covid
"Al-Nassar, NS; Makram, B","Al-Nassar, Nassar S.; Makram, Beljid",The COVID-19 Outbreak and Risk-Return Spillovers between Main and SME Stock Markets in the MENA Region,INTERNATIONAL JOURNAL OF FINANCIAL STUDIES,2022,10.3390/ijfs10010006,"This study investigates return and asymmetric volatility spillovers and dynamic correlations between the main and small and medium-sized enterprise (SME) stock markets in Saudi Arabia and Egypt for the periods before and during the COVID-19 pandemic. Return and volatility spillovers are modelled using a VAR-asymmetric BEKK-GARCH (1,1) model, while a VAR-asymmetric DCC-GARCH (1,1) model is employed to model the dynamic conditional correlations between these markets, which are then used to determine and explore portfolio design and hedging implications. The results show that while bidirectional return spillovers between the main and SME stock markets are limited to Saudi Arabia, shock and volatility spillovers have different characteristics and dynamics in both main-SME market pairs. In addition, the dynamic correlations between the main and SME markets are mostly positive and have notably increased during the COVID-19 pandemic, particularly in Saudi Arabia, suggesting that adding SME stocks to a main stock portfolio enhances its risk-adjusted return, especially during tranquil market phases. One practical implication of our results is that the development of SME stock markets can indirectly contribute to economic development via the main market channel and provide an avenue for portfolio diversification and risk management.",MENA region; SME stock market; return and volatility spillovers; hedge ratios; optimal portfolio designs,DYNAMIC CONDITIONAL CORRELATION; GLOBAL FINANCIAL CRISIS; VOLATILITY SPILLOVERS; OIL PRICE; ASYMPTOTIC THEORY; TIME-SERIES; CRUDE-OIL; INFORMATION; CONTAGION; LINKAGES,Article,"Business, Finance",Business & Economics,2227-7072,English,0C5QF,Q2,market_volatility_GarchHar_covid
"Ampountolas, A","Ampountolas, Apostolos",Resilience and risk: Financial performance of lodging REITs and major financial indices to market crises,TOURISM ECONOMICS,2026,10.1177/13548166251327238,"This study examines the financial performance of Lodging Real Estate Investment Trusts (REITs) during the COVID-19 pandemic, focusing on the impact of the March 2020 market crash. While existing research primarily addresses general financial markets, we investigate the lodging REIT index and its correlation with seven major financial indices across the U.S. and Europe. The analysis highlights Lodging REITs' sensitivity to recession-related shocks by using daily data from January 1, 2019, to December 31, 2021, applying risk-adjusted performance measures and a two-stage multivariate volatility EGARCH model. The findings reveal significant increases in conditional volatility in response to negative shocks, persistent correlation dynamics, and quicker mean-reversion behavior compared to other indices. These results underscore Lodging REITs' resilience and unique characteristics during periods of market uncertainty, offering actionable insights for investors and policymakers.",COVID-19; lodging real estate investment trusts; stock return; volatility; DCC-EGARCH; risk-adjusted performance measures,STOCK-MARKET; CONDITIONAL HETEROSKEDASTICITY; VOLATILITY; BITCOIN,Article,"Economics; Hospitality, Leisure, Sport & Tourism",Business & Economics; Social Sciences - Other Topics,1354-8166,English,GI2PX,Q2,market_volatility_GarchHar_covid
"Khan, M; Kayani, UN; Khan, M; Mughal, KS; Haseeb, M","Khan, Maaz; Kayani, Umar Nawaz; Khan, Mrestyal; Mughal, Khurrum Shahzad; Haseeb, Mohammad",COVID-19 Pandemic & Financial Market Volatility; Evidence from GARCH Models,JOURNAL OF RISK AND FINANCIAL MANAGEMENT,2023,10.3390/jrfm16010050,"Across the globe, COVID-19 has disrupted the financial markets, making them more volatile. Thus, this paper examines the market volatility and asymmetric behavior of Bitcoin, EUR, S&P 500 index, Gold, Crude Oil, and Sugar during the COVID-19 pandemic. We applied the GARCH (1, 1), GJR-GARCH (1, 1), and EGARCH (1, 1) econometric models on the daily time series returns data ranging from 27 November 2018 to 15 June 2021. The empirical findings show a high level of volatility persistence in all the financial markets during the COVID-19 pandemic. Moreover, the Crude Oil and S&P 500 index shows significant positive asymmetric behavior during the pandemic. Apart from this, the results also reveal that EGARCH is the most appropriate model to capture the volatilities of the financial markets before the COVID-19 pandemic, whereas during the COVID-19 period and for the whole period, each GARCH family evenly models the volatile behavior of the six financial markets. This study provides financial investors and policymakers with useful insight into adopting effective strategies for constructing portfolios during crises in the future.",COVID-19; financial markets; GARCH; GJR-GARCH; EGARCH; volatility,UNCERTAINTY; BITCOIN; RISK; SKEWNESS,Article,"Business, Finance",Business & Economics,1911-8066,English,7Y9QX,Q2,market_volatility_GarchHar_covid
"Mohammad, AS; Afzal, MA; Khan, N; Taqi, M; Jafri, AH","Mohammad, Abdul Saboor; Afzal, Mohd Atif; Khan, Nasreen; Taqi, Mohd; Jafri, Arshad Hasan",Long-term effect of Fits on Indian stock market,JOURNAL OF STATISTICS AND MANAGEMENT SYSTEMS,2022,10.1080/09720510.2022.2040860,The Indian stock market has reacted positively and bounced back in crisis like pandemics and recession. Foreign inflows have been recorded highest among the emerging economies. Indian stock market is dominated by two major stock indices namely NIFTY-50 and Bombay Stock Exchange Sensitive index (BSE SENSEX). This study evaluates the long-term impact of FII on the Indian stock market considering these stock exchanges. 'This study applies Augmented Dickey-Fuller (ADF) and Phillips Perron (PP) for estimating the stationarity of the data. Generalized Autoregressive Conditionally Heteroscedastic (GARCH) model has been applied to measure the volatility of the stock market. The selected indices are found to be significantly influenced by FIIs.,Indian Stock Market; NIFTY; BSE; SENSEX; GARCH; ADF; PP,,Article,Statistics & Probability,Mathematics,0972-0510,English,4O9EX,Q2,market_volatility_GarchHar_covid
"Deev, O; Plíhal, T","Deev, Oleg; Plihal, Tomas",How to calm down the markets? The effects of COVID-19 economic policy responses on financial market uncertainty,RESEARCH IN INTERNATIONAL BUSINESS AND FINANCE,2022,10.1016/j.ribaf.2022.101613,"Financial markets during the COVID-19 pandemic are characterized by a prolonged period of increased uncertainty. In this paper, we analyse how the announcements of policy interventions and responses, to buffer short-term economic impact of the pandemic and offset financial turmoil, have affected the level of realized volatility in 23 countries. Under the augmented heterogeneous autoregressive model framework, we show that the international calming effect of COVID-19 economic policy actions originates from the US macroprudential policy announcements.",Volatility; Market uncertainty; COVID-19; Policy actions; Macroprudential policy,VOLATILITY; SELECTION; MODEL,Article,"Business, Finance",Business & Economics,0275-5319,English,5C3UY,Q2,market_volatility_GarchHar_covid
"Alqahtani, A; Selmi, R; Ouyang, HB","Alqahtani, Abdullah; Selmi, Refk; Ouyang Hongbing",The financial impacts of jump processes in the crude oil price: Evidence from G20 countries in the pre- and post-COVID-19,RESOURCES POLICY,2021,10.1016/j.resourpol.2021.102075,"This study seeks to compare the responses of G20 stock markets to the double blow of COVID-19 and the historic oil price shock. By considering two different periods with distinct anxiety levels, namely the pre- and the post-COVID-19, we first explore the volatility spillovers between the spot price of crude oil and the stock markets. Second, we use a GARCH with jump intensity model to test whether the arrival of new information leads to unusual and rapid changes (or jumps) in crude oil prices. After investigating the potential presence of jumps in the spot price of crude oil, we perform a dynamic copula-based approach to assess the impacts on G20 stock prices under different volatility regimes. Our results show that the volatility transmission from oil to the G20 stock markets is significant for all countries, though with varying extents. The volatility transmission became more pronounced with the onslaught of the coronavirus pandemic. These findings provide relevant information to agents with respect to the stock market in which they need to invest at the current situation of acute distress caused by the pandemic in an effort to mitigate risks.",COVID-19 pandemic; Crude oil prices; G20 stock markets; Jumps; Volatility transmission; Dynamic correlations,STOCK MARKETS; VOLATILITY SPILLOVERS; TIME-SERIES; RETURNS EVIDENCE; UNIT-ROOT; SHOCKS; CONNECTEDNESS; INDEXES; GOLD; MOVE,Article,Environmental Studies,Environmental Sciences & Ecology,0301-4207,English,SR8HS,Q2,market_volatility_GarchHar_covid
"Vo, DH; Ho, CM; Dang, THN","Vo, Duc Hong; Ho, Chi Minh; Dang, Tam Hoang-Nhat",Stock market volatility from the Covid-19 pandemic: New evidence from the Asia-Pacific region,HELIYON,2022,10.1016/j.heliyon.2022.e10763,"Responses from stock markets to the Covid-19 pandemic appear to change over time. Recent responses might differ as herd mentality in stock markets tends to become herd immunity to the pandemic. This study revisits the pandemic's effects on the Asia-Pacific countries' market volatility over the past 25 months. Primarily, we examine the changes of the impacts of the pandemic on volatility between the first pandemic period (2020) and the second period (January 2021-January 2022). Our findings indicate that implementing pandemic control measures helps reduce market volatility at the country and region levels. The effects of new Covid-19 cases and pandemic control measures on market volatility have been dramatically fading since 2021. The Toda-Yamamoto causality test and the panel impulse response functions from panel VAR estimation are also used for robustness analysis. Based on our findings, it appears that the current pandemic may no longer be blamed for stock market volatility in the Asia -Pacific region.",Market volatility; Government responses; GARCH models; Toda-Yamamoto causality test; Panel VAR; Asia-Pacific region,HETEROSKEDASTICITY,Article,Multidisciplinary Sciences,Science & Technology - Other Topics,,English,5F6IK,Q2,market_volatility_GarchHar_covid
"Chiang, TC","Chiang, Thomas C.",Can gold or silver be used as a hedge against policy uncertainty and COVID-19 in the Chinese market?,CHINA FINANCE REVIEW INTERNATIONAL,2022,10.1108/CFRI-12-2021-0232,"Purpose The purpose of this study is to present evidence as to whether the use of gold or silver can be justified as an asset to hedge against policy uncertainty and COVID-19 in the Chinese market. Design/methodology/approach By using a GARCH model with a generalized error distribution (GED), this study specifies that the gold (or silver) return is a function of a set of economic and uncertainty variables, which include volatility from interest rate innovation, a change in economic policy uncertainty (EPU), a change in geopolitical risk (GPR) and volatility due to pandemic diseases, while controlling for stock market returns, inflation rates, economic growth and the Chinese currency value. Findings This study employs monthly data of gold and silver prices over the period from January 2002 to August 2021 to examine hedging behavior. Estimated results show that the gold return is positively correlated to the stock return and a rise in uncertainty from economic policy innovation, geopolitical risk, volatility due to US interest rate innovation as well as COVID-19 infection. This result suggests that gold cannot be used to hedge against a stock market decline, but can be used to hedge against uncertainty in general. However, the silver return only responds positively to a rise in uncertainty from the inflation rate and geopolitical risk. Evidence shows that silver returns are negatively correlated with stock returns, and display hedging characteristics. However, the evidence lacks statistically significance during the COVID-19 period, suggesting that the role of silver as a safe-haven asset against stock market turmoil is weak for this time period. Research limitations/implications More general nonlinear specifications can be developed. The tests may include different measures of uncertainty that interact with each other or with the lagged error terms. An implication of the model is that gold can be used to hedge against a broad range of uncertainties for economic policy change, political risk and/or a pandemic. However, the use of gold as an asset to hedge against a stock downturn in Chinese market should be done with caution. Practical implications This study has important policy implications as regards a choice in assets in formatting a portfolio to hedge against uncertainty. Specifically, this study presents empirical evidence on gold and silver return behavior and finds that gold returns respond positively to heightened uncertainty. Thus, gold is a good asset to hedge against uncertainty arising from policy innovations and infectious disease uncertainty. Social implications This paper provides insightful information on the choice of assets toward hedging against risk in the uncertainty market conditions. It provides information to investors and policy makers to use gold price movements as a signal for detecting the arrival of uncertainty. This study also provides information for demanding a risk premium for infectious disease. Originality/value This study empirically analyzes and verifies the role that gold serves as a safe haven asset to hedge against uncertainty in the Chinese market. This paper contributes to the literature by presenting evidence of risk/uncertainty premiums for holding gold against various sources of uncertainty such as economic policy uncertainty, geopolitical risk and equity market volatility due to US interest rate innovation and/or COVID-19. This study finds evidence that supports the use of a nonlinear specification, which demonstrates the interaction of uncertainty with the lagged change of infectious disease and helps to explain the gold/silver return behavior. Further, evidence shows that the gold return is positively correlated to the stock return. This finding contrasts with evidence in the US market. However, silver returns are negatively correlated with stock returns, but this correlation becomes insignificant during the period of COVID-19.",Gold price; Silver price; Inflation; Economic policy uncertainty; Geopolitical risk; Safe-haven; D81; F31; G12; G15,SAFE HAVEN; CONDITIONAL HETEROSKEDASTICITY; DYNAMIC CORRELATIONS; EMPIRICAL-ANALYSIS; STOCK MARKETS; PRICES; CAUSALITY; RETURNS; VOLATILITY; RISK,Article,"Business, Finance",Business & Economics,2044-1398,English,5D2IA,Q2,market_volatility_GarchHar_covid
"Gupta, K; Das, S; Gupta, K","Gupta, Khushboo; Das, Seshanwita; Gupta, Kanishka",Volatility in Indian Stock Markets During COVID-19: An Analysis of Equity Investment Strategies,INTERNATIONAL JOURNAL OF BUSINESS ANALYTICS,2022,10.4018/IJBAN.288512,"The aim of the paper is to evaluate the impact of novel COVID-19 on the returns and volatility of Indian stock markets with special reference to equity investment strategies of the Bombay Stock Exchange. For the purpose of evaluating the impact, the study has applied GARCH. The research has considered a time frame from March 2015 to January 2021. Prior to implementing GARCH model, pre-estimation tests (i.e., augmented Dickey-Fuller and ARCH-Lagrange multiplier) were conducted. Outcomes clearly indicate that the returns during the crisis for all the strategy indices have been negative, which means that the COVID-19 outbreak resulted in massive losses. Additionally, 'during crisis' period showed an increase in volatility for all the strategy indices depicting that the pandemic has a long-lasting effect and will take time to fade off. This research will help the investors in the investment decision process by giving them insights about the different strategies.",BSE; COVID-19; Equity Investment Strategies; GARCH; India; Indian Stock Market Performance,IMPACT; EVENT,Article,Business,Business & Economics,2334-4547,English,3O2VD,Q2,market_volatility_GarchHar_covid
"Maingo, I; Ravele, T; Sigauke, C","Maingo, Israel; Ravele, Thakhani; Sigauke, Caston",Volatility Modelling of the Johannesburg Stock Exchange All Share Index Using the Family GARCH Model,FORECASTING,2025,10.3390/forecast7020016,"In numerous domains of finance and economics, modelling and predicting stock market volatility is essential. Predicting stock market volatility is widely used in the management of portfolios, analysis of risk, and determination of option prices. This study is about volatility modelling of the daily Johannesburg Stock Exchange All Share Index (JSE ALSI) stock price data between 1 January 2014 and 29 December 2023. The modelling process incorporated daily log returns derived from the JSE ALSI. The following volatility models were presented for the period: sGARCH(1, 1) and fGARCH(1, 1). The models for volatility were fitted using five unique error distribution assumptions, including Student's t, its skewed version, the generalized error and skewed generalized error distributions, and the generalized hyperbolic distribution. Based on information criteria such as Akaike, Bayesian, and Hannan-Quinn, the ARMA(0, 0)-fGARCH(1, 1) model with a skewed generalized error distribution emerged as the best fit. The chosen model revealed that the JSE ALSI prices are highly persistent with the leverage effect. JSE ALSI price volatility was notably influenced during the COVID-19 pandemic. The forecast over the next 10 days shows a rise in volatility. A comparative study was then carried out with the JSE Top 40 and the S&P500 indices. Comparison of the FTSE/JSE Top 40, S&P 500, and JSE ALLSI return indices over the COVID-19 pandemic indicated higher initial volatility in the FTSE/JSE Top 40 and S&P 500, with the JSE ALLSI following a similar trend later. The S&P 500 showed long-term reliability and high rolling returns in spite of short-run volatility, the FTSE/JSE Top 40 showed more pre-pandemic risk and volatility but reduced levels of rolling volatility after the pandemic, similar in magnitude for each index with low correlations among them. These results provide important insights for risk managers and investors navigating the South African equity market.",family GARCH; forecasting; standard GARCH; volatility modelling,BEHAVIOR,Article,Multidisciplinary Sciences,Science & Technology - Other Topics,,English,4DT8A,Q2,market_volatility_GarchHar_covid
"Bakry, W; Kavalmthara, PJ; Saverimuttu, V; Liu, YY; Cyril, S","Bakry, Walid; Kavalmthara, Peter John; Saverimuttu, Vivienne; Liu, Yiyang; Cyril, Sajan",Response of stock market volatility to COVID-19 announcements and stringency measures: A comparison of developed and emerging markets,FINANCE RESEARCH LETTERS,2022,10.1016/j.frl.2021.102350,"We investigate the relationship between the daily release of COVID-19 related announcements, defensive government interventions, and stock market volatility, drawing upon an extended time period of one year, to independently test, confirm and iteratively improve on previous research findings. We categorize stock markets into emerging and developed markets and consider differences and similarities utilizing an asymmetric measure of volatility. We find that there are major differences between these markets with respect to investors' interpretation of risk in response to daily new confirmed cases, death rates, recovery rates, and different defensive government interventions. We suggest explanations for these differences, in terms of national culture, and the quality of governance. Moreover, the development of Pfizer-BioNTech's vaccine is of immense importance to both markets. The findings have implications for tailoring government responses to crises in country-specific contexts.",COVID-19 announcements; Stock market volatility; GJR-GARCH; Emerging markets; Developed markets,,Article,"Business, Finance",Business & Economics,1544-6123,English,2L3JZ,Q2,market_volatility_GarchHar_covid
"Yu, XL; Xiao, KT; Liu, JP","Yu, Xiaoling; Xiao, Kaitian; Liu, Junping",Dynamic co-movements of COVID-19 pandemic anxieties and stock market returns,FINANCE RESEARCH LETTERS,2022,10.1016/j.frl.2021.102219,"In this study, we constructed two pandemic anxiety indexes based on an assumption that people's emotions fluctuate with the COVID-19 reported cases and deaths, to examine the dynamic co-movements between these anxiety indexes and the stock markets in the BRICS and G7 countries. We found that the anxiety indexes are volatile over time but have an overall downtown trend. The correlations between stock market returns and the epidemic anxiety indexes are time varying. We found a common feature across the countries studied, namely that the correlation becomes weaker and has smaller fluctuations after the announcement of the mRNA-based COVID-19 vaccine.",Stock market; COVID-19; Pandemic anxiety index; DCC-GARCH; Co-movement,INDEX; FEAR,Article,"Business, Finance",Business & Economics,1544-6123,English,2L3LZ,Q2,market_volatility_GarchHar_covid
"Yousaf, I; Beljid, M; Chaibi, A; Al Ajlouni, A","Yousaf, Imran; Beljid, Makram; Chaibi, Anis; Al Ajlouni, Ahmed",Do volatility spillover and hedging among GCC stock markets and global factors vary from normal to turbulent periods? Evidence from the global financial crisis and Covid-19 pandemic crisis,PACIFIC-BASIN FINANCE JOURNAL,2022,10.1016/j.pacfin.2022.101764,"In this paper, we use a bivariate VAR-asymmetric-BEKK-GARCH model to examine returns, asymmetric volatility spillovers, and time-varying correlations among GCC stock markets (Saudi Arabia, UAE, Qatar, Kuwait, Oman, and Bahrain) and five global factors (Islamic stocks, oil, gold, bonds, and real estate) from July 5, 2004, to March 31, 2021. To take into account the effects of the global financial crisis (GFC) and recent COVID-19 pandemic, we divide the sample period into four sub-periods: the full sample without COVID-19, pre-GFC, post-GFC, and the COVID-19 crisis. The empirical results indicate significant return and volatility spillovers between the GCC stock markets and global factors. Moreover, these spillovers between GCC stock markets and global factors increase in both the return and variance during turbulent periods (post-GFC and COVID-19 crisis periods). The time-varying correlations reveal that gold serves as a hedge and safe haven against most of the GCC stock markets in all sample periods, whereas the results vary across markets and sample periods for bonds, oil, Islamic stocks, and real estate assets against the GCC stocks. Our findings provide useful insights for investors and portfolio managers formulating trading strategies, determining asset allocation, and assembling optimal portfolios, since they persistently pursue challenging investment ideas and alternative asset classes, especially at times of financial crisis and global recession.",GCC markets; Global factors; Returns and volatility spillovers; Time-varying correlations; Hedging; Portfolio diversification,REAL-ESTATE; EQUITY RETURNS; SAFE HAVEN; OIL MARKET; GOLD; CONTAGION; US; TRANSMISSION; INDEXES; PRICES,Article,"Business, Finance",Business & Economics,0927-538X,English,3I6CW,Q2,market_volatility_GarchHar_covid
"Bedir, F; Bozma, G; Turan, M; Mizrak, O","Bedir, Fatih; Bozma, Gurkan; Turan, Murat; Mizrak, Orcan",Effects of COVID-19 on Football Stock Market's Return and Uncertainty,INTERNATIONAL JOURNAL OF SPORT FINANCE,2022,,"The cancellation of mass gatherings was one of the earliest measures implemented to combat the spread of COVID-19. One of the sectors affected by this situation was sports organizations. The study aimed to analyze the impact of COVID-19 on the returns and volatility of football club stocks using mean and variance estimates. In line with this aim, the Stoxx Football Index was used to estimate the stocks of football clubs, and a dummy variable was used to estimate the effect of COVID-19. According to the analyses, it was found that COVID-19 had a negative and statistically significant impact on football index revenue. On the other hand, the results of the second moment analysis, the EGARCH-X model, suggested an increase in the Stoxx Football Index conditional variance (volatility) due to COVID-19.",coronavirus; football stock market; ARIMA; EGARCH,TIME-SERIES; EVENTS; SOCCER; SPORT; PERFORMANCE; PERCEPTION; SENTIMENT; BEHAVIOR,Article,"Hospitality, Leisure, Sport & Tourism",Social Sciences - Other Topics,1558-6235,English,4E9MR,Q2,market_volatility_GarchHar_covid
"Trabelsi, E; Serghini, M","Trabelsi, Emna; Serghini, Manoubia",Stock Market Volatility in the Covid-19 Era: Insights from a GARCH family and VECM in Tunisia,JOURNAL OF APPLIED ECONOMICS AND BUSINESS RESEARCH,2024,,"This paper examines the effects of the COVID-19 pandemic on the volatility of the TUNINDEX stock market. Our main goal is to decipher how this worldwide health epidemic has influenced Tunisia's financial stability. A thorough empirical approach was employed, leveraging sophisticated econometric techniques such as GARCH and VECM to scrutinize daily market data. The analysis uncovers a notable escalation in TUNINDEX volatility during the pandemic, emphasizing the critical role of investors' sentiment, economic, and monetary interventions in mitigating the crisis. These insights shed light on the dilemmas and prospects facing investors, portfolio managers, and policymakers in navigating market volatility amidst pandemic uncertainty.",Stock market volatility; TUNINDEX; COVID-19; GARCH; VECM,DIVIDEND POLICY; RETURNS; PRICES; INFLATION; MEMORY; IMPACT,Article,Economics,Business & Economics,1927-033X,English,J2T5P,Q2,market_volatility_GarchHar_covid
"Mosionek-Schweda, M; Chylinska, M","Mosionek-Schweda, Magdalena; Chylinska, Marta",Volatility and co-movement between ESG and non-ESG futures and uncertainty indices: Evidence from wavelet coherence and GARCH models,RESEARCH IN INTERNATIONAL BUSINESS AND FINANCE,2026,10.1016/j.ribaf.2026.103509,"This study examines the dynamic relationship between environmental, social, and governance (ESG) futures and conventional stock index futures, as well as their co-movement with key uncertainty indices i.e. the CBOE Volatility Index (VIX), Geopolitical Risk Index (GPR), and Economic Policy Uncertainty Index (EPU) over the period 2021-2025. Using wavelet coherence and GARCH models, the analysis captures time-frequency dependence and volatility persistence under varying market conditions, including the aftermath of the COVID-19 pandemic, the war in Ukraine, and the 2025 U.S. tariff shock. The results reveal strong positive correlations between ESG and non-ESG futures, indicating a high degree of integration across markets. Among the uncertainty measures, the VIX exerts the most consistent and significant influence, with pronounced co-movement across multiple time scales. While ESG futures exhibit volatility clustering similar to their conventional counterparts, differences in persistence point to a form of relative resilience during turbulent periods. However, this resilience does not reflect safe haven properties. Instead, ESG futures remain strongly exposed to systemic risk factors and respond to shocks in a manner comparable to traditional assets, particularly under conditions of heightened financial market uncertainty. The findings further demonstrate that the relationship between futures and uncertainty is heterogeneous and depends on the nature of the underlying shock. Financial market volatility induces immediate and synchronized responses, whereas geopolitical and policy-related uncertainty operate through weaker or more gradual transmission channels. This study contributes to the literature on sustainable finance by providing new evidence on the behaviour of ESG derivatives in a time-frequency framework and by clarifying their role within the broader system of financial risk transmission. The results offer practical implications for investors and policymakers, suggesting that ESG futures may provide differentiated volatility dynamics but should not be considered as protective or hedging instruments in periods of systemic stress.",ESG futures; Volatility; Wavelet coherence; GARCH; Uncertainty indices; Sustainable finance; Geopolitical risk,TESTS; BIAS; TIME,Article,"Business, Finance",Business & Economics,0275-5319,English,JB5CU,Q2,market_volatility_GarchHar_covid
"Hussain, S; Islam, KU","Hussain, Sartaj; Islam, Khalid Ul",Chasing the black swan and the grey rhino: volatility asymmetries in the Indian stock market,JOURNAL OF INDIAN BUSINESS RESEARCH,2025,10.1108/JIBR-09-2023-0292,"PurposeThis study aims to investigate the impact of volatility asymmetries and external shocks, including the global financial crisis of 2007 and the COVID-19 pandemic, on the returns and volatility of the stock market in the Indian context.Design/methodology/approachThe data used is extensive, covering around 24 years of stock market activity in terms of prices and subsequent returns. To achieve the objectives, variants of conditional models that incorporate the effect of volatility asymmetries and external shocks have been estimated.FindingsThis study found that the asymmetric effect is significant, and due to both the global financial crisis and the COVID-19 pandemic, volatility has increased significantly. The inclusion of the asymmetric effect of volatility, global financial crisis and COVID-19 into volatility modeling reveals that the effect of both past innovation or shocks and past volatility has increased, which is evident from the change in lag length structure found in different conditional models of volatility.Research limitations/implicationsThis study has important implications for understanding the dynamics of stock market volatility across various economic phases. It provides insights into how stock markets evolve in terms of volatility swings and the subsequent price formation. Moreover, this study provides insights for policymakers to devise efficient mechanisms to control the possible effects of such shocks on the financial system.Originality/valueThis study contributes toward a comparative study of events based on their likelihood of occurrence and thereupon impact on stock market performance.",GARCH; ASYMMETRIC effect; Global financial crisis; COVID-19; Black swan event; Grey rhino event; Volatility modeling,RETURN; CONTAGION; MODELS; IMPACT,Article,Business,Business & Economics,1755-4195,English,4BN3R,Q2,market_volatility_GarchHar_covid
"Dhingra, B; Batra, S; Aggarwal, V; Yadav, M; Kumar, P","Dhingra, Barkha; Batra, Shallu; Aggarwal, Vaibhav; Yadav, Mahender; Kumar, Pankaj",Stock market volatility: a systematic review,JOURNAL OF MODELLING IN MANAGEMENT,2024,10.1108/JM2-04-2023-0080,"Purpose - The increasing globalization and technological advancements have increased the information spillover on stock markets from various variables. However, there is a dearth of a comprehensive review of how stock market volatility is influenced by macro and firm-level factors. Therefore, this study aims to fill this gap by systematically reviewing the major factors impacting stock market volatility.Design/methodology/approach - This study uses a combination of bibliometric and systematic literature review techniques. A data set of 54 articles published in quality journals from the Australian Business Deans Council (ABDC) list is gathered from the Scopus database. This data set is used to determine the leading contributors and contributions. The content analysis of these articles sheds light on the factors influencing market volatility and the potential research directions in this subject area.Findings - The findings show that researchers in this sector are becoming more interested in studying the association of stock markets with cryptocurrencies and bitcoin during COVID-19. The outcomes of this study indicate that most studies found oil prices, policy uncertainty and investor sentiments have a significant impact on market volatility. However, there were mixed results on the impact of institutional flows and algorithmic trading on stock volatility, and a consensus cannot be established. This study also identifies the gaps and paves the way for future research in this subject area.Originality/value - This paper fills the gap in the existing literature by comprehensively reviewing the articles on major factors impacting stock market volatility highlighting the theoretical relationship and empirical results.",Volatility spillover; Stock market; GARCH; Diebold Yilmaz; Risk,EXCHANGE-RATES; CORPORATE GOVERNANCE; GEOPOLITICAL RISKS; EMPIRICAL-ANALYSIS; OIL PRICES; CRUDE-OIL; RETURN; SPILLOVER; EQUITY; CRYPTOCURRENCIES,Review,Management,Business & Economics,1746-5664,English,KH3H2,Q2,market_volatility_GarchHar_covid
"Senol, Z; Gulcemal, T; Çakan, O","Senol, Zekai; Gulcemal, Tuba; Cakan, Oguz",Volatility Spillover between Cryptocurrencies and Stock Markets,EKONOMI POLITIKA & FINANS ARASTIRMALARI DERGISI,2022,10.30784/epfad.1200423,"Cryptocurrencies are digital currencies. It is an algorithm that maintains and confirms data without the use of a central database in the blockchain system. Cryptocurrencies have emerged as an alternative to the existing money market for purposes such as decentralized money, low transaction costs and fast fund transfer. Over time, it has been seen that the crypto market also exhibits alternative features to the capital markets. In this study, the volatility spillover between cryptocurrencies and stock exchanges is examined. In the study, bitcoin, etherium, litecoin and ripple were used to represent cryptocurrencies, Awhile S&P500 (USA), DAX (Germany), Shanghai (China) and BIST100 (Turkey) indices were used to represent stock markets. The study period was formed as 24 August 2016 - 18 November 2021 and the volatility spillover was investigated with the Diebold and Y & imath;lmaz (2012) spillover index. In the study, it was observed that there is a bidirectional volatility spillover between stock market index and cryptocurrency returns. Looking at the net volatility spillover, it is understood that the S&P500 index is a volatility emitter in the sample, followed by etherium and bitcoin. On the other hand, it has been determined that Shanghai, BIST100 and DAX indices are volatility receivers, followed by litecoin and ripple. In the study, it was also understood that the volatility spillover index increased significantly during the COVID-19 epidemic period, and that the volatility spillover index started to decrease again with the COVID-19 vaccination process.",Cryptocurrency; Stock Markets; Volatility,IMPULSE-RESPONSE ANALYSIS; BITCOIN; GARCH,Article,"Business, Finance; Economics",Business & Economics,,English,K3R1W,Q2,market_volatility_GarchHar_covid
"Ghorbel, A; Jeribi, A","Ghorbel, Achraf; Jeribi, Ahmed",Volatility spillovers and contagion between energy sector and financial assets during COVID-19 crisis period,EURASIAN ECONOMIC REVIEW,2021,10.1007/s40822-021-00181-6,"In this paper, we examine the relationship between the volatilities of the energy index, crude oil, gas prices, and financial assets (Gold, Bitcoin, and G7 stock indexes), especially during the coronavirus crisis. The study tests the presence of regime changes in the GARCH volatility dynamics of the G7 stock indexes, Bitcoin, Gold, and energy assets (energy index, oil, and gas) by using the Markov-Switching GARCH model. It estimates the dynamic correlation and volatility spillover between energy and financial assets, by using the multivariate MSGARCH models. The estimation results of the Markov-Switching-BEKK-GARCH prove the volatility spillover from energy assets to financial assets. For the high regime, the results indicate a high level of dynamic correlation between energy assets and stock indexes which proves the contagion effect of the COVID-19. On the contrary, the dynamic conditional correlation between energy assets and Gold prices decreased during the COVID-19 crisis. This paper makes an original contribution in identifying the contagion between energy and financial assets and indicates that Gold is a safe haven for all energy and financial assets during the COVID-19 crisis. However, Bitcoin cannot be considered as a safe haven during the COVID-19 pandemic when investing in energy assets (crude oil and gas).",Cryptocurrency; Gold; Energy indices; G7 stock indices; COVID-19 pandemic; Markov-switching GARCH,STOCK; OIL; BITCOIN; GOLD,Article,Economics,Business & Economics,1309-422X,English,UN2AL,Q2,market_volatility_GarchHar_covid
"Tamilselvan, M; Palamalai, S; Kumar, M; Aswathaman, J; Veerabhadrappa, M","Tamilselvan, Manickam; Palamalai, Srinivasan; Kumar, Magesh; Aswathaman, Jayakumar; Veerabhadrappa, Manjula",Risk-Return Trade-off and Volatility Characteristics in the Indian Stock Market,TEM JOURNAL-TECHNOLOGY EDUCATION MANAGEMENT INFORMATICS,2022,10.18421/TEM111-38,"The study examines the volatility characteristics of Indian stock markets and their trade-off between the risk and return. It finds a positive but insignificant association between the risk and returns during the subsample (the pre-COVID and COVID pandemic outbreak) and whole sample periods. The study also shows that the weak form of Indian stock markets is not sustainable. Consistent with the GARCH literature, persistent and asymmetric effects are evidenced, and the magnitude of the negative shocks has a larger immediate impact than the positive shocks. These results would help measure the volatility in the Indian stock markets and provide investors and regulators with necessary information about the market efficiency, persistency (long-memory process) and asymmetric effects.",hybrid GARCH-Mean type models; asymmetric volatility; volatility clustering; risk-return trade-off; weak-form efficiency,,Article,"Computer Science, Information Systems",Computer Science,2217-8309,English,0E3HT,Q2,market_volatility_GarchHar_covid
"Bouzid, KN; Makala, UE","Bouzid, Khalil Nait; Makala, Ulrich Ekouala",Casablanca Stock Exchange response to the COVID-19 pandemic,AFRICAN REVIEW OF ECONOMICS AND FINANCE-AREF,2021,,"This study investigates the Casablanca Stock Exchange response to the COVID-19 by considering the impact of the COVID-19 related cases and deaths of eleven selected countries affected by the COVID-19, including Morocco, on the Moroccan Stock Market (MASI Index), over the period from June 13, 2019, to June 11, 2020. This study employs the GARCH (1,1) model for this purpose, in which we are allowing for the impact of changes in the COVID-19 related cases and deaths in both the conditional-mean and the conditional heteroscedasticity equations. Furthermore, we extend our analysis by employing the VAR-X model to examine stock market returns and trading volume response to the COVID-19 related cases and deaths. Finally, we use the Markov-Switching models to inspect whether the COVID-19 has caused a structural break in the stock market returns. Empirical results indicate that in some of the selected countries, changes in the number of cases and deaths related to the COVID-19 have had an impact on the volatility of the MASI Index as well as the MASI Index returns. Furthermore, the Markov-Switching model results suggest that at the end of February 2020, the COVID-19 pandemic crisis has caused a structural break on MASI Index returns and the relationship between trading volume and MASI index returns has turned negative.",COVID-19; Casablanca Stock Exchange; MASI index; GARCH model; VAR-X model; Markov-Switching model,,Article,Economics,Business & Economics,2042-1478,English,XQ3PG,Q2,market_volatility_GarchHar_covid
"Wu, RH; Fang, YT; Hossain, MA","Wu, Renhong; Fang, Yuantao; Hossain, Md. Alamgir","The Dynamic Relationships Among Economic Policy Uncertainty, Bitcoin, and the Stock Market",DISCRETE DYNAMICS IN NATURE AND SOCIETY,2025,10.1155/ddns/7975712,"This study aims to explore the dynamic relationships among economic policy uncertainty (EPU), Bitcoin trading activity, and the NASDAQ index over the period from January 2, 2014, to March 21, 2023. Employing the dynamic conditional correlation-generalized autoregressive conditional heteroskedasticity (DCC-GARCH) model, this research reveals significant time-varying interdependencies between EPU and financial markets, with a specific focus on the Bitcoin sector. This paper extends the literature by examining EPU's influence on trading volume and volatility spillovers during different market regimes and crisis events, including the COVID-19 pandemic. The results demonstrate that the correlations between EPU and both Bitcoin and the NASDAQ index are dynamic and sensitive to market phases, with stronger effects observed during bull markets and heightened volatility during the pandemic. The findings provide new empirical evidence on the evolving role of EPU in shaping investor behavior and financial asset comovement. This study offers practical implications for investors, regulators, and policymakers, especially in designing risk management strategies under uncertainty.",C32; C58; E44; G12; G15; Bitcoin; dynamic relationships; economic policy uncertainty; NASDAQ index,EXCHANGE-RATES; TIME-SERIES; VOLATILITY; RETURNS; HEDGE; BEAR; RISK; GOLD; BULL; EPU,Article,"Mathematics, Interdisciplinary Applications; Multidisciplinary Sciences",Mathematics; Science & Technology - Other Topics,1026-0226,English,5OP4B,Q2,market_volatility_GarchHar_covid
"Chang, MS; Huang, PC; Zhang, LSD; Jiang, L","Chang, Meng-Shiuh; Huang, Pengcheng; Zhang, Linsidi; Jiang, Liang","The Asymmetric Effect of Market Uncertainty on Safe havens, Inverted Asymmetry and Contagion During COVID-19 Periods",SAGE OPEN,2025,10.1177/21582440251378567,"This study examines the asymmetric effect of stock market uncertainty on the safe-haven status, asymmetric volatility, and contagion/flight characteristics of gold, bonds, exchange rates, crude oil, and Bitcoin during the COVID-19 pandemic in the US, Eurozone and Japan. Utilizing a quantile-based double-threshold GJR-GARCH model, we analyze how increased stock market uncertainty, indicated by high implied volatility, impacts the behavior of these assets. Our findings reveal that gold, bonds, and exchange rates exhibit safe-haven properties and inverted asymmetric volatility (where volatility spikes during market upswings due to liquidity strains, contrasting traditional leverage effects) during periods of high stock market uncertainty. In this phenomenon, volatility spikes during market upswings due to liquidity strains and surging demand as investors rush toward these assets, contrasting with traditional leverage effects where volatility rises after negative shocks. Notably, investors flee stocks toward gold and bonds during periods of high uncertainty, while contagion emerges during periods of low uncertainty due to shared investor sentiment driving correlated movements. These discoveries challenge conventional views of uniform co-movements during crises and have significant policy implications for financial regulators, policymakers, and investors alike. By understanding how safe-haven assets respond to varying levels of stock market uncertainty, policymakers can design policies to maintain market stability and prevent systemic risks. For example, measures to ensure liquidity and stability in safe-haven markets during periods of heightened uncertainty could mitigate adverse market reactions. Similarly, investors can optimize their portfolios by strategically allocating assets based on prevailing market conditions, while financial regulators can anticipate and mitigate potential market stresses.JEL Classification: G01, G11.",market uncertainty; safe haven; inverted asymmetry; contagion; VIX,TO-SAFETY; VOLATILITY; RETURN; GOLD; SENTIMENT; FLIGHTS; HEDGE; TIME; RISK,Article,"Social Sciences, Interdisciplinary",Social Sciences - Other Topics,2158-2440,English,8AV6P,Q2,market_volatility_GarchHar_covid
"Corbet, S; Hou, Y; Hu, Y; Oxley, L","Corbet, Shaen; Hou, Yang (Greg); Hu, Yang; Oxley, Les",An analysis of investor behaviour and information flows surrounding the negative WTI oil price futures event,ENERGY ECONOMICS,2021,10.1016/j.eneco.2021.105589,"Intertwined with the persisting effects of the COVID-19 pandemic on the world economy, the price of WTI crude oil futures became negative on April 20, 2020. This anomalous incident has drawn much attention within the literature. This paper attempts to investigate the origins and specific impacts of the negative pricing event on the price discovery of WTI futures by employing a bivariate VECM-DCC-GARCH-SNP model, incorporating Legendre polynomials, where the dynamics of major information share measures at high frequency time intervals are uncovered. Time-varying patterns of information share are identified across the period surrounding negative WTI prices. In particular, price discovery effects steadily abate after a sharp shock during the eight weeks before the negative pricing event. Peak price discovery differentials then re-occur within the negative-pricing event, before once again abating. Such results verify CFTC concerns surrounding the peculiarity of WTI futures trading conditions, that is, the conditions for the negative pricing event were well-established in the weeks before April 2020. Our results shed light on stylised evidence relating to the information efficiency of the international crude oil market more generally.",Information flows; Price discovery; Oil; Crises; Negative prices; Volatility,VOLATILITY SPILLOVERS; STOCK MARKETS; DYNAMIC SPILLOVERS; FINANCIAL CRISES; EQUITY MARKETS; DISCOVERY; COMMODITY; ENERGY; CONTAGION; MODEL,Article,Economics,Business & Economics,0140-9883,English,WQ3SF,Q2,market_volatility_GarchHar_covid
"Naeem, MA; Rabbani, MR; Karim, S; Billah, SM","Naeem, Muhammad Abubakr; Rabbani, Mustafa Rasa; Karim, Sitara; Billah, Syed Mabruk",Religion vs ethics: hedge and safe haven properties of Sukuk and green bonds for stock markets pre- and during COVID-19,INTERNATIONAL JOURNAL OF ISLAMIC AND MIDDLE EASTERN FINANCE AND MANAGEMENT,2023,10.1108/IMEFM-06-2021-0252,"Purpose - This study aims to examine the hedge and safe-haven properties of the Sukuk and green bond for the stock markets pre- and during the COVID-19 pandemic period. Design/methodology/approach - To test the hedge and safe-haven characteristics of Sukuk and green bonds for stock markets, the study first uses the methodology proposed by Ratner and Chiu (2013). Next, the authors estimate the hedge ratios and hedge effectiveness of using Sukuk and green bonds in a portfolio with stock markets. Findings - Strong safe-haven features of ethical (green) bonds reveal that adding green bonds into the investment portfolios brings considerable diversification avenues for the investors who tend to take fewer risks in periods of economic stress and turbulence. The hedge ratio and hedge effectiveness estimates reveal that green bonds provide sufficient evidence of the hedge effectiveness for various international stocks. Practical implications - The study has significant implications for faith-based investors, ethical investors, policymakers and regulatory bodies. Religious investors can invest in Sukuk to relish low-risk and interest-free investments, whereas green investors can satisfy their socially responsible motives by investing in these investment streams. Policymakers can direct the businesses to include these diversifiers for portfolio and risk management. Originality/value - The study provides novel insights in the testing hedge and safe-haven attributes of green bonds and Sukuk while using unique methodologies to identify multiple low-risk investors for investors following the uncertain COVID-19 pandemic.",Sukuk; COVID-19; Green bond; AGDCC-GARCH; Hedge/safe-haven; International stock markets,PORTFOLIO MANAGEMENT; VOLATILITY SPILLOVER; RISK; DIVERSIFICATION; RETURN; OIL,Article,"Business, Finance; Management",Business & Economics,1753-8394,English,A1DR3,Q2,market_volatility_GarchHar_covid
"Olayungbo, DO; Zhuparova, A; Al-Faryan, MAS; Ojo, MS","Olayungbo, David Oluseun; Zhuparova, Aziza; Al-Faryan, Mamdouh Abdulaziz Saleh; Ojo, Michael Segun",Global oil price and stock markets in oil exporting and European countries: Evidence during the Covid-19 and the Russia-Ukraine war,RESEARCH IN GLOBALIZATION,2024,10.1016/j.resglo.2024.100199,"The relationship between oil price movements and stock markets during the COVID-19 pandemic and the geopolitical crisis like the ongoing Russian-Ukraine war is yet unexplored extensively. This study therefore examines the return-correlation effects of oil prices on stock markets and their spillover effects in oil-exporting and European countries using daily closing data. After estimating the GARCH process, we employ the static and dynamic Markov Switching model that allow the relationship between oil price and stock market to switch between two regimes coined the COVID-19 and the Russia-Ukraine war periods. The static model shows stock price returns to respond positively and significantly to oil price returns in Italy, Germany and the US during the Covid-19 period while the response is significantly positive only for US in the Russia-Ukraine war period. As regards the volatility spillover, significant spillover is found from stock to oil market for Nigeria, vice versa for Saudi Arabia and bi-directional volatility spillover found for the US, Italy and Germany during the COVID-19 period. The policy implication is that Nigeria and Saudi Arabia should prioritize financial policy and energy policy respectively while US, Italy and Germany should adopt policy coordination to stabilize oil-stock market volatility during low oil price period like the COVID-19 period.",Global oil price; Stock market; GARCH; Markov switching model; COVID-19; Russia-Ukraine war; European countries; Oil exporting countries,VOLATILITY SPILLOVERS; SUPPLY SHOCKS; US STOCK; MACROECONOMY; RETURNS; IMPACT; NEXUS,Article,"Economics; Environmental Studies; Social Sciences, Interdisciplinary",Business & Economics; Environmental Sciences & Ecology; Social Sciences - Other Topics,,English,U9Q7S,Q2,market_volatility_GarchHar_covid
"Kristjanpoller, W; Michell, K; Minutolo, MC","Kristjanpoller, Werner; Michell, Kevin; Minutolo, Marcel C.",How the effective reproductive number impacts global stock markets,INTERNATIONAL JOURNAL OF FINANCE & ECONOMICS,2024,10.1002/ijfe.2772,"The pandemic caused by the novel coronavirus COVID-19 has impact the economies of countries across the world. In a short period of time, researchers have begun to analyse the effect of the pandemic on global stock markets. Although the most known measurements of COVID-19 are the number of new cases and deaths, there are more robust indicators. In particular, the effective reproductive number is one of the most important indicators to analyse the pandemic which indicates the degree to which the spread is under control. In this paper, we assess the impact that the Effective Reproductive Number (Rt) has on 26 countries around the world (32 stock market indexes) comparing the performance of various forms of Generalized AutoRegressive Conditional Heteroskedasticity models. The results demonstrate that of the 32 stock markets analysed, 37.5% had a negative effect with respect to Rt and only in 12.5% of the cases was the effect of the variation of Rt positive. This implies that in more than a third of the stock markets analysed as the pandemic progressed uncontrolled the result was a decrease in the value of the market index. The 11 of the 26 countries analysed had a negative and significant effect (Brazil, Germany, Indonesia, Israel, Italy, Japan, Russia, South Korea, Sweden, Taiwan, and United States). Findings suggest that the Effective Reproductive Number volatility had a significant impact on 10 of the 26 countries analysed (38.5%) (Australia, Brazil, Canada, China, India, Italy, Mexico, Russia, Singapore and United Kingdom).",COVID19; effective reproductive number; Garch models; stock markets; volatility,COVID-19,Article,"Business, Finance",Business & Economics,1076-9307,English,NB9G6,Q2,market_volatility_GarchHar_covid
"Qureshi, F","Qureshi, Fiza","COVID-19 pandemic, economic indicators and sectoral returns: evidence from US and China",ECONOMIC RESEARCH-EKONOMSKA ISTRAZIVANJA,2022,10.1080/1331677X.2021.1934508,"This study examines time-frequency connectedness between COVID-19 pandemic and economic indicators through a continuous wavelet transformation approach in the US and China. The study also assesses the dynamic conditional correlations (DCCs) between macroeconomic indicators and domestic sectoral returns during the pandemic. The findings display higher coherencies between COVID-19 and long-term predictive economic indicators in China compared to the US. Moreover, the results indicate that the stock market spillovers are more pronounced on domestic sectoral returns than other economic indicators during the COVID-19 outburst. Besides, the findings exhibit that exchange market instability has significant negative repercussions on the domestic sectors in China, however, weaker correlations are discerned between exchange market and domestic sectors in the US. The findings offer several policy implications and endorsements for portfolio managers, policymakers, practitioners, and other market participants.",COVID-19 pandemic; stock market; exchange rate; continuous wavelet; wavelet coherence; DCC-GARCH,STOCK-MARKET; FINANCIAL CONTAGION; EMPIRICAL-EVIDENCE; FUNDS PERFORMANCE; EQUITY FUNDS; VOLATILITY; RISK; EFFICIENCY; COUNTRIES; BRICS,Article,Economics,Business & Economics,1331-677X,English,3N9PJ,Q2,market_volatility_GarchHar_covid
"Wang, JQ; Lu, XJ; He, F; Ma, F","Wang, Jiqian; Lu, Xinjie; He, Feng; Ma, Feng",Which popular predictor is more useful to forecast international stock markets during the coronavirus pandemic: VIX vs EPU?,INTERNATIONAL REVIEW OF FINANCIAL ANALYSIS,2020,10.1016/j.irfa.2020.101596,"This study mainly investigates which predictors (VIX or EPU index) are useful to forecast future volatility for 19 equity indices based on HAR framework during coronavirus pandemic. Out-of-sample analysis shows that the HAR-RV-VIX model exhibits superior forecasting performance for 12 stock markets, while EPU index just can improve forecast accuracy for 5 equity indices, implying that VIX index is more useful for most stock markets' future volatility during coronavirus crisis. The results are robust in recursive window method, alternative realized measures and sub-sample analysis; moreover, VIX index still contains the strongest predictive ability by considering kitchen sink model and mean combination forecast. Furthermore, we further discuss the predictive effect of VIX and EPU index before the coronavirus crisis. Our article provides policy makers, researchers and investors with new insights into exploiting the predictive ability of VIX and EPU index for international stock markets during coronavirus pandemic.",COVID-19; International stock market; VIX; EPU; HAR framework,REALIZED VOLATILITY; CRUDE-OIL; CHANGING WORLD; MODEL; PREDICTABILITY; KERNELS; PRICES; INDEX; HAR,Article,"Business, Finance",Business & Economics,1057-5219,English,OU9HN,Q2,market_volatility_GarchHar_covid
"Sahiner, M","Sahiner, Mehmet",Volatility Spillovers and Contagion During Major Crises: An Early Warning Approach Based on a Deep Learning Model,COMPUTATIONAL ECONOMICS,2024,10.1007/s10614-023-10412-4,"This paper contributes to the ongoing debate on the nature and characteristics of the volatility transmission channels of major crash events in international stock markets between 03 July 1997 and 09 March 2021. Using dynamic conditional correlations (DCC) for conditional correlations and volatility clustering, GARCH-BEKK for the direction of transmission of disturbances, and the Diebold-Yilmaz spillover index for the level of volatility contagion, the paper finds that the climbs in external shock transmissions have long-lasting impacts in domestic markets due to the contagion effect during crisis periods. The findings also reveal that the heavier magnitude of financial stress is transmitted between Asian countries via the Hong Kong stock market. Additionally, the degree of volatility spillovers between advanced and emerging equity markets is smaller compared to the pure spillovers between advanced markets or emerging markets, offering a window of opportunity for international market participants in terms of portfolio diversification and risk management applications. Furthermore, the study introduces a novel early warning system created by integrating DCC correlations with a state-of-the-art deep learning model to predict the global financial crisis and COVID-19 crisis. The experimental analysis of long short-term memory network finds evidence of contagion risk by verifying bursts in volatility spillovers and generating signals with high accuracy before the 12-month crisis period. This provides supplementary information that contributes to the decision-making process of practitioners, as well as offering indicative evidence that facilitates the assessment of market vulnerability for policymakers.",Volatility; Machine learning; Spillovers; Financial crisis; Contagion,GLOBAL FINANCIAL CRISIS; DYNAMIC CONDITIONAL CORRELATION; IMPULSE-RESPONSE ANALYSIS; TIME-SERIES; UNIT-ROOT; MARKET CONTAGION; STOCK; LINKAGES; PRICE; INTERDEPENDENCE,Article,"Economics; Management; Mathematics, Interdisciplinary Applications",Business & Economics; Mathematics,0927-7099,English,UY2R8,Q2,market_volatility_GarchHar_covid
"Kumar, S; Kaur, J; Tabash, MI; Tran, DK; Dhankar, RS","Kumar, Sanjeev; Kaur, Jaspreet; Tabash, Mosab I.; Tran, Dang K.; Dhankar, Raj S.",RESPONSE OF STOCK MARKET DURING COVID-19 AND 2008 FINANCIAL CRISIS: A COMPARATIVE EVIDENCE FROM BRICS NATIONS,SINGAPORE ECONOMIC REVIEW,2021,10.1142/S0217590821500387,"This study attempts to examine the response of stock markets amid the COVID-19 pandemic on prominent stock markets of the BRICS nation and compare it with the 2008 financial crisis by employing the GARCH and EGARCH model. First, average and variance of stock returns are tested for differences before and after the pandemic, t-test and F-test were applied. Further, OLS regression was applied to study the impact of COVID-19 on the standard deviation of returns using daily data of total cases, total deaths, and returns of the indices from the date on which the first case was reported till June 2020. Second, GARCH and EGARCH models are employed to compare the impact of COVID-19 and the 2008 financial crisis on the stock market volatility by using the data of respective stock indices for the period 2005-2020. The results suggest that the increasing number of COVID-19 cases and reported death cases hurt stock markets of the five countries except for South Africa in the latter case. The findings of the GARCH and EGARCH model indicate that for India and Russia, the financial crisis of 2008 has caused more stock volatility whereas stock markets of China, Brazil, and South Africa have been more volatile during the COVID-19 pandemic. The study has practical implications for investors, portfolio managers, institutional investors, regulatory institutions, and policymakers as it provides an understanding of stock market behavior in response to a major global crisis and helps them in taking decisions considering the risk of these events.",Coronavirus; COVID-19; 2008 financial crisis; stock market volatility; BRICS; GARCH models,CONTAGION; US; VOLATILITY; RETURNS; IMPACT,Article; Early Access,Economics,Business & Economics,0217-5908,English,UJ5XK,Q2,market_volatility_GarchHar_covid
"Talha, M; Malhotra, G; Tabassum, S; Faisal, SM","Talha, Mohammad; Malhotra, Gaytri; Tabassum, Sabia; Faisal, Syed Mohammad",Dynamic Return and Volatility Forecasts for Selected Economies: An Analysis of the Covid-19 Pandemic and the Russo-Ukraine Saga,SAGE OPEN,2025,10.1177/21582440251369158,"The goal of this paper is to forecast the return and volatility of specific emerging-market stock market returns. We gather adjusted daily closing prices covering the COVID-19 pandemic and RUSSO-Ukraine evasion, from December 31, 2019, to December 31, 2023. Standardised generalised autoregressive conditional heteroscedasticity (GARCH) models and autoregressive integrated moving averages (ARIMA) are used for empirical results. In terms of ARIMA, it shows that only 5 of the 11 countries have predictable stock returns when different autoregressive and moving average orders are followed. With reference to GARCH, it is discovered that every stock market records new information and experiences persistent volatility. It also shows that, in comparison, the volatility of the Chinese stock market is declining quickly. In order to help investors, portfolio managers, and stock market analysts make investment decisions based on expected return and risk, this paper provides insights.",dynamic return; volatility forecast; COVID-19 pandemic; RUSSO-Ukraine saga; GARCH; ARIMA,,Article,"Social Sciences, Interdisciplinary",Social Sciences - Other Topics,2158-2440,English,9VH7S,Q2,market_volatility_GarchHar_covid
"Fei, F; Zhang, JN","Fei, Fan; Zhang, Jianing",Chinese stock market volatility and herding behavior asymmetry during the COVID-19 pandemic,COGENT ECONOMICS & FINANCE,2023,10.1080/23322039.2023.2203436,"The primary purpose of this paper is to explore the herding behavior in the Chinese stock market during COVID-19 and the asymmetry of that behavior using the daily returns of A- and B-shares from 2 January 2019, to 15 October 2021. The study uses the cross-sectional absolute deviation model to analyze stock market herding behavior by non-linear polynomial regression. We show that the herding behavior in the Chinese stock market is more prominent during the COVID-19 pandemic. Herding behavior has a negative effect on stock market volatility. Moreover, such a suppressing effect weakened during the COVID-19 pandemic. There is an asymmetry in herding behavior during the bull and bear markets, which is helpful in our investigation of the market's volatility during the COVID-19 pandemic. The pronounced asymmetry in the herding behavior of the Chinese stock market during COVID-19 is assessed using the E-GARCH (p, q) model. The empirical results of the present study contribute to the literature about herding asymmetry by showing the herding behavior during the health crisis and bull and bear markets. It also helps reconcile the debate about the impact of herding on market stability and provides insightful guidance for investors wishing to invest in the Chinese stock market.",herding behavior; Chinese stock market; CSAD model; E-GARCH model,IMPACT,Article,Economics,Business & Economics,2332-2039,English,E1TD0,Q2,market_volatility_GarchHar_covid
"Anghel, LC; Zwak-Cantoriu, MC; Mendon, S; Gyorgy, A; Ermis, S; Trivedi, J","Anghel, Lucian Claudiu; Zwak-Cantoriu, Maria-Cristina; Mendon, Suhan; Gyorgy, Attila; Ermis, Simona; Trivedi, Jatin",FINANCIAL MARKET INTERCONNECTIONS ANALYZED USING GARCH UNIVARIATE AND MULTIVARIATE MODELS,ECONOMIC COMPUTATION AND ECONOMIC CYBERNETICS STUDIES AND RESEARCH,2022,10.24818/18423264/56.3.22.07,"Given that the financial markets are facing the effects of the coronavirus pandemic, we chose to perform an analysis on them, in order to see the transmission of volatility, the effects of the contagion and the interconnection between the financial markets. Using stock indices from different countries and applying theoretical and empirical methods such as univariate and multivariate models (ARCH - GARCH, BEKK), we aim to capture volatility and bidirectional contagion, as well as testing and occurring the phenomenon of clustering volatility and its transmission effect.",Volatility; Contagion; Clustering; ARCH-GARCH models; GARCH-BEKK models,HETEROSCEDASTICITY,Article,"Economics; Mathematics, Interdisciplinary Applications",Business & Economics; Mathematics,0424-267X,English,6O3QY,Q2,market_volatility_GarchHar_covid
"Al Rababaa, AR; Mensi, W; Mcmillan, D; Kang, SH","Al Rababaa, Abdel Razzaq; Mensi, Walid; Mcmillan, David; Kang, Sang Hoon",Forecasting the Realized Volatility of Stock Markets: The Roles of Jumps and Asymmetric Spillovers,JOURNAL OF FORECASTING,2025,10.1002/for.3219,"This paper evaluates the roles of jump and sign-asymmetry spillovers in forecasting the realized volatility in a large sample of 20 stock markets. We compare for the first time whether controlling for either the jumps or asymmetric spillovers into the heterogeneous autoregressive-realized volatility (HAR-RV) model improves the forecasts over 1, 5 and 22 days. Before doing so, the spillovers predictors are generated. In analyzing the spillover process, we find that the US stock market remains the main net transmitter of shocks, and while China is relatively detached from the spillover linkages, such effects may be transmitted through Hong Kong, which is a significant receiver of shocks. The out-of-sample results reveal that the incorporation of jump spillovers improves forecast performance the most across a range of measures. This is more clearly demonstrated at the 22-day forecasting horizon more notably in Europe, France, Germany, India, and the United Kingdom. Lastly, irrespective of the forecasting horizon, performing the predicting stability test uncovers significant improvements in the jump spillover-based model during periods of notable market stress such as the 2014-2016 oil price crash and COVID-19. Overall, results suggest paying more attention to jump spillover while constructing international portfolios based on the realized volatility.",asymmetric spillover; high-moments spillover; jumps; realized volatility; stocks,RETURNS; OIL; CONNECTEDNESS; INFORMATION; MODEL; BAD; US,Article,Economics; Management,Business & Economics,0277-6693,English,3KL8F,Q2,market_volatility_GarchHar_covid
"Alnatour, A","Alnatour, Abdulrahman","Resilience in Jordan's Stock Market: Sectoral Volatility Responses to Financial, Political, and Health Crises",RISKS,2025,10.3390/risks13100194,"Sectoral vulnerability to distinct crisis types in small, open, and geopolitically exposed markets-such as Jordan-remains insufficiently quantified, constraining targeted policy design and portfolio allocation. This study's primary purpose is to establish a transparent, comparable metric of sector-level market resilience that reveals how crisis typology reorders vulnerabilities and shapes recovery speed. Applying this framework, we assess Jordan's equity market across three archetypal episodes-the Global Financial Crisis, the Arab Spring, and COVID-19-to clarify how shock channels reconfigure sectoral risk. Using daily Amman Stock Exchange sector indices (2001-2025), we estimate GARCH(1,1) models for each sector-crisis window and summarize volatility dynamics by persistence (alpha+beta), interpreted as an inverse proxy for resilience; complementary diagnostics include maximum drawdown and days-to-recovery, with nonparametric (Kruskal-Wallis) and rank-based (Spearman, Friedman) tests to evaluate within-crisis differences and cross-crisis reordering. Results show pronounced heterogeneity in every crisis and shifting sectoral rankings: financials-especially banking-display the highest persistence during the GFC; tourism and transportation dominate during COVID-19; and tourism/electric-related industries are most persistent around the Arab Spring. Meanwhile, food & beverages, pharmaceuticals/medical, and education recurrently exhibit lower persistence. Higher persistence aligns with slower post-shock normalization. We conclude that resilience is sector-specific and contingent on crisis characteristics, implying targeted policy and portfolio responses; regulators should prioritize liquidity backstops, timely disclosure, and contingency planning for fragile sectors, while investors can mitigate crisis risk via dynamic sector allocation and volatility-aware risk management in emerging markets.",market resilience; volatility persistence; Amman Stock Exchange (ASE); financial crisis; Arab Spring; COVID-19,RETURNS; CRASH,Article,"Business, Finance",Business & Economics,,English,9BD5I,Q2,market_volatility_GarchHar_covid
"Dutta, A; Park, D; Uddin, GS; Kanjilal, K; Ghosh, S","Dutta, Anupam; Park, Donghyun; Uddin, Gazi Salah; Kanjilal, Kakali; Ghosh, Sajal",Do dirty and clean energy investments react to infectious disease-induced uncertainty?,TECHNOLOGICAL FORECASTING AND SOCIAL CHANGE,2024,10.1016/j.techfore.2024.123515,"Following the outbreak of novel coronavirus, numerous studies have assessed the effect on global financial markets. However, investigations into whether, and to what extent, dirty and clean energy asset classes are sensitive to contagious diseases are rare. This study aims to fill this gap in the literature. We measured the effects of contagious viruses using the recently introduced infectious disease-related uncertainty index (EMVID). Our data include the iShares Global Energy ETF and clean energy stock indices from leading economies such as the United States, the European Union, Japan, and China. Employing the GARCH-MIDAS model, we find that the uncertainty associated with infectious diseases has a significant positive (negative) effect on the realized volatility (RV) of dirty (green) assets. This finding is novel given that it indicates the potential for green recovery in the post-pandemic era. Our findings further document that EMVID has significant predictive content for the volatility of these assets and that inserting the EMVID index into the GARCH-MIDAS process produces better volatility predictions than other uncertainty measures, including the crude oil volatility (OVX), geopolitical risk (GPR), and economic policy uncertainty (EPU) indices. Hence, the EMVID provides additional information not contained in the OVX, GPR, or EPU during the pandemic period. Our findings will be useful for energy market participants to make appropriate asset allocation decisions during pandemics.",Infectious disease -induced uncertainty; COVID-19; Dirty assets; Clean energy investments; Sustainability; Volatility forecast,STOCK-MARKET VOLATILITY; CRUDE-OIL; PRICE UNCERTAINTY; DEPENDENCE; PERFORMANCE; SPILLOVERS; POLICY,Article,Business; Regional & Urban Planning,Business & Economics; Public Administration,0040-1625,English,WL3A1,Q2,market_volatility_GarchHar_covid
"Thangamuthu, M; Maheshwari, S; Naik, DR","Thangamuthu, Mohanasundaram; Maheshwari, Suneel; Naik, Deepak Raghava","Volatility Spillover Effects during Pre-and-Post COVID-19 Outbreak on Indian Market from the USA, China, Japan, Germany, and Australia",JOURNAL OF RISK AND FINANCIAL MANAGEMENT,2022,10.3390/jrfm15090378,"We examined volatility spillover effects from five prominent global stock markets to India's stock market during the pre-and-post COVID-19 outbreak using daily adjusted closing prices between January 2019 and September 2021 from six capital markets. The structural breakpoint was identified as 23 March 2020, as per the breakpoint unit root test, to examine and compare the results pre-and-post COVID-19. Results show that previous period news and volatility feeds the next period's volatility significantly and the volatility is found to be persistent. The analysis also shows that during the pre-COVID period there is a negative significant volatility spillover from four of the five selected stock markets (Australia, China, Japan, and Germany) to the Indian stock market, and that spillover continues in the post-COVID period. There is a positive significant return and volatility spillover from the US market to the Indian stock market in the post-COVID-19 period. The results of our study will be useful for retail investors and portfolio managers in understanding the portfolio allocation methods in case of volatility spillover arising due to the crisis caused by the COVID-19 outbreak.",stock returns; volatility; investment; asymmetry; spillover; EGARCH; COVID-19,STOCK-MARKET; RETURNS; TRANSMISSION; INTEGRATION; PRICES,Article,"Business, Finance",Business & Economics,1911-8066,English,4R5NQ,Q2,market_volatility_GarchHar_covid
"Yousfi, M; Dhaoui, A; Bouzgarrou, H","Yousfi, Mohamed; Dhaoui, Abderrazak; Bouzgarrou, Houssam",Risk Spillover during the COVID-19 Global Pandemic and Portfolio Management,JOURNAL OF RISK AND FINANCIAL MANAGEMENT,2021,10.3390/jrfm14050222,"This paper aims to examine the volatility spillover, diversification benefits, and hedge ratios between U.S. stock markets and different financial variables and commodities during the pre-COVID-19 and COVID-19 crisis, using daily data and multivariate GARCH models. Our results indicate that the risk spillover has reached the highest level during the COVID-19 period, compared to the pre-COVID period, which means that the COVID-19 pandemic enforced the risk spillover between U.S. stock markets and the remains assets. We confirm the economic benefit of diversification in both tranquil and crisis periods (e.g., a negative dynamic conditional correlation between the VIX and SP500). Moreover, the hedging analysis exhibits that the Dow Jones Islamic has the highest hedging effectiveness either before or during the recent COVID19 crisis, offering better resistance to uncertainty caused by unpredictable turmoil such as the COVID19 outbreak. Our finding may have some implications for portfolio managers and investors to reduce their exposure to the risk in their portfolio construction.",COVID-19; hedging; Bitcoin; Islamic indices; dynamic conditional correlation,VOLATILITY; BITCOIN; PRICES; MARKET; HEDGE; GOLD; OIL,Article,"Business, Finance",Business & Economics,1911-8066,English,SH7OY,Q2,market_volatility_GarchHar_covid
"Dahal, M; Das, J","Dahal, Mahesh; Das, Joy",Impact of COVID-19 Pandemic on Stock Market: Evidence from Bombay Stock Exchange,INTERNATIONAL JOURNAL OF ECOLOGICAL ECONOMICS & STATISTICS,2021,,"The present study attempts to examine the behavior of the Indian stock market during the COVID 19 pandemic. In the study, a systemic approach is undertaken, where three significant events, namely declaration of COVID 19 as a pandemic, first death in India by COVID 19 and imposition of the nationwide lockdown, have been considered and the market reaction around the events is studied. The study employed event study methodology with daily return series of hundred and one firms, constituting the BSE 100 index. The study observed that the investors did not provide much attention to the announcement of the COVID 19 as a pandemic. However, the investors started panicking after the first death by the pandemic was reported, as witnessed from the negative abnormal returns the return further declined on the announcement of nationwide lockdown. However, the sectors like FMCG, Health and Technology earned an abnormal positive return on the announcement of the nationwide lockdown. The study further employed GARCH Model and observed high volatility in the return series during the events. Overall, the study concludes that the events have a significant negative impact on the Indian stock market.",COVID 19 Pandemic; Indian Stock Market; Event Study Methodology; GARCH,,Article,Economics,Business & Economics,0973-1385,English,YV8NT,Q2,market_volatility_GarchHar_covid
"Kayani, UN; Aysan, AF; Khan, M; Khan, M; Mumtaz, R; Irfan, M","Kayani, Umar Nawaz; Aysan, Ahmet Faruk; Khan, Mrestyal; Khan, Maaz; Mumtaz, Roohi; Irfan, Muhammad",Unleashing the pandemic volatility: A glimpse into the stock market performance of developed economies during COVID-19,HELIYON,2024,10.1016/j.heliyon.2024.e25202,"The COVID-19 pandemic has resulted in significant financial losses globally, increasing the volatility of financial assets. Thus, this study models the stock market volatility of developed economies during the COVID-19 pandemic. For this purpose, we used the GJR-GARCH (Albulescu, 2020; Albulescu, 2020) [1,1] econometric model on the daily time series returns data ranging from 01st-July-2019 to 18th-November-2020. The entire dataset was equally divided into two subsets; before COVID-19, and after the COVID-19. The empirical results of this study showed the presence of volatility clustering, leverage effect, and excess kurtosis indicating leptokurtic phenomena in all stock indices returns. In addition to this, it can be noted that compared to before COVID-19, the stock markets showed negative returns, and increased volatility during the COVID19. Hence, based on these findings, this study provides significant insights for global stock market investors and economic policymakers regarding financial portfolio construction particularly during crises times.",COVID-19; Volatility; Developed markets; Stock indices; GJR-GARCH model,RISK; SKEWNESS; RETURN,Article,Multidisciplinary Sciences,Science & Technology - Other Topics,,English,LC2J9,Q2,market_volatility_GarchHar_covid
"Soon, WCK; Yee, CP; Rajan, DKS; Anuar, MA","Soon, William Choo Keng; Yee, Chan Pui; Rajan, Dinesh Kumar Saundra; Anuar, Muhammad Ashraf",THE EFFECT OF GLOBAL PANDEMIC COVID-19 AND ECONOMIC INDICATORS ON FTSE BURSA MALAYSIA KLCI STOCK RETURNS VOLATILITY: AN EXPLORATORY SEQUENTIAL MIXED METHODS APPROACH,JOURNAL OF INTERNATIONAL STUDIES-JIS,2025,10.32890/jis2025.21.2.7,"Malaysia's stock markets experienced significant declines as the virus spread throughout the global pandemic of COVID-19. This study was undertaken to investigate the global pandemic COVID-19 and Malaysia stock market volatility during the Movement Control Order from 18 March 2020 until 30 September 2022 using a mixed method of quantitative and qualitative data. The Exponential Generalized Autoregressive Conditional Heteroskedastic (EGARCH) methodology was employed to analyse identified quantitative variables and understand stock return patterns, along with a qualitative exploratory sequential mixed methods approach to investigate the phenomenon. The EGARCH empirical finding reveals statistically positive coefficients and highlights substantial continuity in Malaysia's stock market return volatility, besides negative shocks and significance between the variables in considering uneven volatility and their impact on FTSE Bursa Malaysia KLCI stock returns, except for Malaysia's gold price.",Covid-19; stock market; volatility; FTSE Bursa Malaysia; Malaysia KLCI,CONTAGION,Article,International Relations,International Relations,1823-691X,English,8MX8S,Q2,market_volatility_GarchHar_covid
"Tabash, MI; Sahabuddin, M; Abdulkarim, FM; Hamouri, B; Tran, DK","Tabash, Mosab I.; Sahabuddin, Mohammad; Abdulkarim, Fatima Muhammad; Hamouri, Basem; Tran, Dang Khoa",Dynamic Dependency between the Shariah and Traditional Stock Markets: Diversification Opportunities during the COVID-19 and Global Financial Crisis (GFC) Periods,ECONOMIES,2023,10.3390/economies11050149,"The aim of the present research is to highlight whether there exist any diversification opportunities from investing in developed and developing countries' Shariah-compliant and non-Shariah-compliant stock markets during global financial crisis (GFC) and the COVID-19 pandemic periods. For this purpose, we employ daily data for both Shariah and non-Shariah indices from 29 October 2007 to 31 December 2021. The study uses multivariate GARCH-DCC and wavelet approaches to examine if there exist diversification opportunities in the selected markets. Evidence from this study shows that although the developing markets' stock returns experience high volatility of a similar degree, the conventional indices of Malaysia have the highest volatility among them. This shows that Shariah indices have less exposure to risk and higher possibilities of diversification compared to their conventional counterparts. Regarding developed markets, the Japanese conventional index and the U.S. Shariah indices are more volatile compared to other indices in the market. Moreover, the results of the wavelet power spectrum show significant and higher volatility during the COVID-19 pandemic rather than the GFC. Similarly, the Chinese conventional market experienced minimum variance during the GFC and COVID-19 pandemic period. On the other hand, the results of wavelet-coherence transform indicate that the Japanese Shariah-based market offered better portfolio opportunities for U.S. traders during the GFC and the COVID-19 pandemic periods. Hence, opportunities for investment in this selected market are basically close to zero. Therefore, investors should carefully choose which stocks they can include in their investment portfolio.",dynamic dependency; Shariah and traditional stock markets; diversification opportunity; COVID-19; GFC,CO-MOVEMENTS; PORTFOLIO DIVERSIFICATION; VOLATILITY SPILLOVER; RISK; INDEXES; INVESTMENT; DCC; HETEROGENEITY; PERFORMANCE; BENEFITS,Article,Economics,Business & Economics,,English,H8HE0,Q2,market_volatility_GarchHar_covid
"Li, YX; Lau, WY; Ng, KH","Li, Yaxing; Lau, Wee-Yeap; Ng, Kok-Haur",Impact of unconventional monetary policy on stock market in selected economies during and post-COVID-19 pandemic,ECONOMIC ANALYSIS AND POLICY,2025,10.1016/j.eap.2025.08.023,"This study investigates the impact and effectiveness of unconventional monetary policy (UMP) interventions, specifically central bank policy announcements and asset purchases programs, across four major advanced economies, namely the United States (US), European Union (EU), United Kingdom (UK), and Japan during and post-COVID-19 pandemic. By utilizing the EGARCH (1,1)-X-MIDAS framework, the model captures both short-run and long-run components of stock market volatility by incorporating mixed-frequency exogenous variables of policy announcement and asset purchases. Covering the period from March 2020 to December 2023, the findings reveal that policy announcements had transient or insignificant effects on volatility, especially as market participants adjusted to well-communicated policy regimes. In contrast, the impact of asset purchases varied by economy and period: the US experienced volatility-dampening effects, while the EU, UK, and Japan exhibited volatility amplification in response to sustained interventions. These effects were found to be state-dependent and time-varying, reflecting differences in institutional credibility, market expectations, and macro-financial conditions. Robustness checks using a GJR-GARCH(1,1)-X-MIDAS model confirm the consistency of results under asymmetric volatility dynamics. Overall, the study provides new empirical evidence on the conditional effectiveness of UMP, highlighting its transmission through the volatility channel rather than mean returns.",Unconventional monetary policy; Policy announcements; Asset purchases; Stock market volatility; Central banks; COVID-19 pandemic,LIQUIDITY; VOLATILITY; VARIANCE; RETURNS; PRICE; RISK,Article,Economics,Business & Economics,0313-5926,English,6TE8Z,Q2,market_volatility_GarchHar_covid
"Das, R; Debnath, A","Das, Runumi; Debnath, Arabinda",Analyzing the COVID-19 Pandemic Volatility Spillover Influence on the Collaboration of Foreign and Indian Stock Markets,REVISTA FINANZAS Y POLITICA ECONOMICA,2022,10.14718/revfinanzpolitecon.v14.n2.2022.5,"This article assesses the impact of COVID-19 on stock market volatility spillover in India using equity (NSE exchange) and bond (Foreign Exchange) indices. The article utilized the TGARCH model (1,1) to evalua-te the volatility of the NSE stock exchange and sectoral indices. Furthermore, the study aimed to compare stock price returns in pre-and post-COVID-19 scenarios to global indices, such as NASDAQ, Nikkei 225, and FTSE100. Subsequently, it utilised stock exchange and bond indices to explore the volatility spillover in-fluence using vector autoregressive-Baba, Engle, Kraft, and Kroner with multivariate GARCH (VAR-BEKK-GARCH model). The findings of the variable showed a negative and statistically significant correlation that suggests that the COVID-19 outbreak lowered stock market volatility in India. In terms of historical errors, the coefficients represent the persistence of volatility for each nation. NIFTY and NASDAQ have the largest and longest-term spillover effect. According to the findings, India is the least sensitive country to external shocks.",stock; stock indices; foreign ex-change; volatility; volatility spillover; NSE; TGARCH; VAR-BEKK-GARCH,RETURN,Article,Economics,Business & Economics,2248-6046,English,7I5VQ,Q2,market_volatility_GarchHar_covid
"Jude, O; Turgeman, A; Botoc, C; Milos, LR","Jude, Octavian; Turgeman, Avraham; Botoc, Claudiu; Milos, Laura Raisa",Volatility and Spillover Effects between Central-Eastern European Stock Markets and Energy Markets: An Emphasis on Crisis Periods,ENERGIES,2023,10.3390/en16176159,"The objective of this paper is to study the spillover effects between energy markets and stock markets with emphasis on the significant crisis periods of the last 15 years, the period of the financial crisis that officially started in 2008, the pandemic period, generically called COVID-19, and the recent confrontation in Eastern Europe. Understanding the volatility transmission mechanisms between the energy and capital markets and also from the energy markets back and the spillover effects that result is very important. We use multivariate GARCH models to highlight a spillover effect between energy commodities and equities in Central and Eastern Europe. The highest correlations are recorded for CEE stock markets with electricity and Brent, and the lowest for CEE stock markets with gas. The biggest symmetric shocks between energy and CEE stock markets occurred during the COVID-19 pandemic. In contrast, the biggest asymmetric shocks occurred during the financial crisis (for gas) and the Ukrainian invasion (for Brent). We also find that volatility is more sensitive to its lagged values in the marketplace than it is to new information. The impact and contagion of shocks caused by the oil market are greater than those of other energy markets.",volatility; energy; stock markets; spillover; multivariate GARCH,DYNAMIC SPILLOVER; OIL; PRICES; FUTURES; RETURN,Article,Energy & Fuels,Energy & Fuels,,English,R2HE2,Q2,market_volatility_GarchHar_covid
"Bui, HQ; Tran, T; Pham, TT; Nguyen, HLP; Vo, DH",Hung Quang Bui; Thao Tran; Toan Tan Pham; Hung Le-Phuc Nguyen; Duc Hong Vo,Market volatility and spillover across 24 sectors in Vietnam,COGENT ECONOMICS & FINANCE,2022,10.1080/23322039.2022.2122188,"While market volatility and volatility connectedness across different financial markets have been examined, the spillover effects across sectors have been under-examined. As such, this study aims to examine market volatility and the volatility patterns for 24 Vietnamese sectors. Our study uses the ARMA-GARCH estimation technique over the 2012-2021 period. The spillover effects between these sectors are then investigated using the vector autoregression (VAR) technique. Three key findings are as follows. First, the market volatility of Development Investment, Education, and Securities is most affected by the market volatility from the previous periods, whereas Construction is least affected. Second, the Vietnamese stock market exhibits a substantial intersector connectedness above 60 per cent from 2012 to 2021. However, the sectoral spillover effects increase to around 90 per cent during the Covid-19 pandemic. We found that Aquaculture, Building Materials, Food, and Plastic are the four primary risk transmitters at the sectoral level. Third, market volatility for Energy, Plastic, and Steel is unaffected by the pandemic. Meanwhile, Securities, Fertilizer, and Transportation exhibited a significant increase in market volatility during Covid-19. Based on these empirical results, policy implications have emerged for the Vietnamese government to support affected industries to recover and develop.",Volatility; spillover; ARMA-GARCH; VAR; Vietnamese sectors,GRANGER CAUSALITY; STOCK; TRANSMISSION; CONNECTEDNESS; RETURN; OIL,Article,Economics,Business & Economics,2332-2039,English,4N9PB,Q2,market_volatility_GarchHar_covid
"Curto, JD","Curto, Jose Dias",To keep faith with homoskedasticity or to go back to heteroskedasticity? The case of FATANG stocks,NONLINEAR DYNAMICS,2021,10.1007/s11071-021-06535-8,"Did the pattern of US stock market volatility change due to COVID-19 or have the US stock markets been less volatile despite the pandemic shock? And as for tech stocks, are they even less volatile than the market overall? In this paper, we provide evidence in favor of a quietness in the stock markets, interrupted by COVID-19, by analyzing dispersion, skewness and kurtosis characteristics of the empirical distribution of nine returns series that include individual FATANG stocks (FAANG: Facebook, Amazon, Apple, Netflix and Google; plus Tesla) and US indices (S&P 500, DJIA and NASDAQ). In comparison with the years before, the daily average return after COVID-19 was 6.48, 2.58 and 2.34 times higher for Tesla, Apple and NASDAQ, respectively. In terms of volatility, the increase was more pronounced in the three stock indices when compared to the individual FATANG stocks. This paper also puts forward a new methodology based on semi-variance and semi-kurtosis. While the value of the ratio between semi-kurtosis and kurtosis is always higher than 70% for the three US stock indices, in the case of stocks the opposite is true, which highlights the importance of large positive returns when compared to negative ones. Structural breaks and conditional heteroskedasticity are also analyzed by considering the traditional symmetrical and asymmetrical GARCH models. We show that in the most recent past, despite the COVID-19 pandemic, the FATANG tech stocks are characterized mostly by conditional homoskedasticity, while the returns of US stock indices are characterized mainly by conditional heteroskedasticity.",US stock markets; Volatility; Persistence; Half-life; Semi-kurtosis,STRUCTURAL BREAKS; ASSET RETURNS; GARCH MODELS; TIME-SERIES; VOLATILITY; MARKETS; PERSISTENCE; DEPENDENCE; VARIANCE,Article,"Engineering, Mechanical; Mechanics",Engineering; Mechanics,0924-090X,English,SW8VO,Q2,market_volatility_GarchHar_covid
"Ampountolas, A","Ampountolas, Apostolos",The Effect of COVID-19 on Cryptocurrencies and the Stock Market Volatility: A Two-Stage DCC-EGARCH Model Analysis,JOURNAL OF RISK AND FINANCIAL MANAGEMENT,2023,10.3390/jrfm16010025,"This research examines the correlations between the return volatility of cryptocurrencies, global stock market indices, and the spillover effects of the COVID-19 pandemic. For this purpose, we employed a two-stage multivariate volatility exponential GARCH (EGARCH) model with an integrated dynamic conditional correlation (DCC) approach to measure the impact on the financial portfolio returns from 2019 to 2020. Moreover, we used value-at-risk (VaR) and value-at-risk measurements based on the Cornish-Fisher expansion (CFVaR). The empirical results show significant long- and short-term spillover effects. The two-stage multivariate EGARCH model's results show that the conditional volatilities of both asset portfolios surge more after positive news and respond well to previous shocks. As a result, financial assets have low unconditional volatility and the lowest risk when there are no external interruptions. Despite the financial assets' sensitivity to shocks, they exhibit some resistance to fluctuations in market confidence. The VaR performance comparison results with the assets portfolios differ. During the COVID-19 outbreak, the Dow (DJI) index reports VaR's highest loss, followed by the S&P500. Conversely, the CFVaR reports negative risk results for the entire cryptocurrency portfolio during the pandemic, except for the Ethereum (ETH).",COVID-19 outbreak; value-at-risk (VaR); Cornish-Fisher expansion; stock market indices; cryptocurrencies return; stock return; spillover effects; volatility; EGARCH; DCC-GARCH,CONDITIONAL HETEROSKEDASTICITY; TIME-SERIES; GARCH; LIKELIHOOD; BITCOIN; RISK,Article,"Business, Finance",Business & Economics,1911-8066,English,7Y0VC,Q2,market_volatility_GarchHar_covid
"Jahromi, M","Jahromi, Maria",Resilience of Islamic and conventional equity markets in turbulent times,JOURNAL OF ACCOUNTING LITERATURE,2025,10.1108/JAL-09-2024-0233,"PurposeThe purpose of this study is to examine the resilience of Islamic equities during crisis periods and in times of financial distress and how the industry composition and other characteristics of Islamic financial markets contribute to this resilience.Design/methodology/approachThis study uses panel regressions, pooled regressions and EGARCH models to analyse the impact of various crisis periods and financial distress on the returns and the volatility of Islamic and conventional equities. The main sample covers 48 Islamic and conventional equity indices from 1996 to 2023.FindingsIslamic equity indices are more stable than conventional equity indices during various financial crises and the COVID-19 pandemic. These findings also hold for continuous measures of financial distress and a global crisis index. Industry composition contributes substantially to the relative resilience of Islamic equities. Many performance differences reduce or disappear once controlling for industry. There are additional protective factors of Islamic equities including lower leverage and the exclusion of volatile assets.Practical implicationsThe findings provide valuable insights for index construction, risk management and diversification strategies in times of financial instability. Diversification across Shari'ah-compliant firms and industries is beneficial.Originality/valueThis study provides a comprehensive analysis of resilience among Islamic equities in turbulent times, covering multiple binary and continuous measures of financial crises and financial distress. Importantly, it considers the role of industry composition and other factors in contributing to their resilience. These results have implications for index construction and for risk management and diversification strategies in turbulent times.",Financial crisis; Financial distress; Islamic finance; Resilience; Industry composition,FINANCIAL CRISES; PERFORMANCE; INDEXES; CONTAGION; RISK; TRANSMISSION,Article; Early Access,"Business, Finance",Business & Economics,0737-4607,English,Y4J4Z,Q2,market_volatility_GarchHar_covid
"Zeng, J; Zhang, YJ; Yin, Y; Mo, PG","Zeng, Jin; Zhang, Yijia; Yin, Yun; Mo, Peter G.",The effect of the Covid pandemic on stock market volatility: Separating initial impact from time-to-recovery,DATA SCIENCE IN FINANCE AND ECONOMICS,2024,10.3934/DSFE.2024022,"We develop an extension to the GARCHX model- named GARCHX-NL- that captures a key stylized fact for stock market return data seen during the COVID-19 pandemic: an abrupt jump in volatility at the onset of the crisis, followed by a gradual return to its precrisis level. We apply the GARCHX-NL procedure to daily data on various major stock market indexes. The profile likelihood method is used for estimation. The model decomposes the overall impact of the crisis into two measures: the initial impact, and the half-life of the shock. We find a strong negative association between these two measures. Moreover, countries with low initial impact but a long half-life tend to be emerging markets, while those with high initial impact and short half-life tend to be developed economies with well-established stock-markets. We attribute these differences to differences in investors' sensitivity to adverse news, and to differences in the preparedness of stock markets to absorb the effects of crises such as the COVID-19 pandemic.",market volatility; COVID-19 pandemic; GARCH; GARCHX; profile likelihood,,Article,"Business, Finance; Economics; Social Sciences, Mathematical Methods",Business & Economics; Mathematical Methods In Social Sciences,,English,P7D3S,Q2,market_volatility_GarchHar_covid
"Chalissery, N; Nishad, TM; Naushad, JA; Tabash, MI; Al-Absy, MSM","Chalissery, Neenu; Nishad, T. Mohamed; Naushad, J. A.; Tabash, Mosab I.; Al-Absy, Mujeeb Saif Mohsen",Beneath the Surface: Disentangling the Dynamic Network of the U.S. and BRIC Stock Markets' Interrelations Amidst Turmoil,RISKS,2024,10.3390/risks12120202,"The study examines the time-varying correlation and return spillover mechanism among developed (U.S.) and emerging (BRIC) stock markets during major crises from 2000 to 2023, namely the global financial crisis, COVID-19, and the Russia-Ukraine war. To do so, we used dynamic conditional correlation (DCC-GARCH) and time-varying parameter vector autoregression (TVP-VAR) models. This study finds that the nature of market crises plays a significant role in the interrelationship and return spillover mechanisms among the U.S. and BRIC stock markets. The interconnectedness of the stock markets was strengthened by crises such as the GFC and the COVID-19 pandemic. On the other hand, the Russia-Ukraine war temporarily disrupted the interrelationships between the markets. The study yields valuable insight to local and international investors in portfolio diversification and risk management strategies during market turbulence.",time-varying correlation; spillover; market crisis; U.S.; BRIC; TVP-VAR; D53; G01; G11; C58,GLOBAL FINANCIAL CRISIS; IMPULSE-RESPONSE ANALYSIS; VOLATILITY SPILLOVERS; CONDITIONAL CORRELATION; US; INTEGRATION; CONTAGION; CONNECTEDNESS; MODEL; INTERDEPENDENCE,Article,"Business, Finance",Business & Economics,,English,Q4Q8P,Q2,market_volatility_GarchHar_covid
"Ibrahim, BA; Elamer, AA; Alasker, TH; Mohamed, MA; Abdou, HA","Ibrahim, Bassam A.; Elamer, Ahmed A.; Alasker, Thamir H.; Mohamed, Marwa A.; Abdou, Hussein A.","Volatility contagion between cryptocurrencies, gold and stock markets pre-and-during COVID-19: evidence using DCC-GARCH and cascade-correlation network",FINANCIAL INNOVATION,2024,10.1186/s40854-023-00605-z,"The rapid rise of Bitcoin and its increasing global adoption has raised concerns about its impact on traditional markets, particularly in periods of economic turmoil and uncertainty such as the COVID-19 pandemic. This study examines the extent of the volatility contagion from the Bitcoin market to traditional markets, focusing on gold and six major stock markets (Japan, USA, UK, China, Germany, and France) using daily data from January 2, 2011, to June 2, 2022, with 2958 daily observations. We employ DCC-GARCH, wavelet coherence, and cascade-correlation network models to analyze the relationship between Bitcoin and those markets. Our results indicate long-term volatility contagion between Bitcoin and gold and short-term contagion during periods of market turmoil and uncertainty. We also find evidence of long-term contagion between Bitcoin and the six stock markets, with short-term contagion observed in Chinese and Japanese markets during COVID-19. These results suggest a risk of uncontrollable threats from Bitcoin volatility and highlight the need for measures to prevent infection transmission to local stock markets. Hedge funds, mutual funds, and individual and institutional investors can benefit from using our findings in their risk management strategies. Our research confirms the utility of the cascade-correlation network model as an innovative method to investigate intermarket contagion across diverse conditions. It holds significant implications for stock market investors and policymakers, providing evidence for potentially using cryptocurrencies for hedging, for diversification, or as a safe haven.",Cryptocurrencies; Gold; Stock markets; COVID-19; Cascade-correlation network; C45; D53; E42; G10,SAFE HAVEN; WAVELET COHERENCE; BITCOIN; SPILLOVERS; EXCHANGE; RETURN; HEDGE,Article,"Business, Finance; Social Sciences, Mathematical Methods",Business & Economics; Mathematical Methods In Social Sciences,,English,KN0R7,Q2,market_volatility_GarchHar_covid
"Shang, Y; Chen, XD; Zhang, YF; Wei, Y","Shang, Yue; Chen, Xiaodan; Zhang, Yifeng; Wei, Yu",The Impacts of the Infectious Disease Epidemic on the Permanent Volatility of Precious Metal and Crude Oil Futures Markets: A Long-Term Perspective,DISCRETE DYNAMICS IN NATURE AND SOCIETY,2021,10.1155/2021/2800671,"The aim of this paper is to identify the quantitative impacts of the infectious disease pandemic on the permanent volatility of precious metal and crude oil futures from a long-term perspective by using a recently constructed Infectious Disease Equity Market Volatility Tracker (ID-EMV) to capture the epidemic severity and with a novel mixed data sampling GARCH (GARCH-MIDAS) method. Different from the extant literature only focusing on the short-term influences of the COVID-19 epidemic on commodity futures market, this paper shows that the infectious disease pandemic does have significant and positive impacts on the permanent (long-term) volatilities of precious metal and crude oil futures markets lasting for at least up to 12 months. In addition, these specific impacts on crude oil futures are greater than those on precious metal futures. Finally, we find that the infectious disease epidemic has larger impacts on gold (WTI oil) futures than those on silver (Brent oil) futures. All these findings are robust after controlling the negative influences of lagged long-run realized volatility in commodity futures markets.",,STOCK-MARKET; SPILLOVERS; COVID-19; MODEL,Article,"Mathematics, Interdisciplinary Applications; Multidisciplinary Sciences",Mathematics; Science & Technology - Other Topics,1026-0226,English,UP3RH,Q2,market_volatility_GarchHar_covid
"Sodnomdavaa, T","Sodnomdavaa, Tsolmon",Explainable Hybrid Modeling of Stock Market Turning Points: An Integrated ARIMA-LSTM-SHAP Approach,JOURNAL OF ADVANCES IN INFORMATION TECHNOLOGY,2026,10.12720/jait.17.3.569-582,"recent years, global shocks such as the COVID-19 pandemic, geopolitical conflicts, and trade tensions have substantially intensified volatility in financial markets, thereby increasing the frequency of price turning points. This study proposes a novel approach that addresses the growing demand for artificial intelligence models that are not only highly predictive but also interpretable. Traditional econometric models, such as Autoregressive Integrated Moving Average (ARIMA) and Generalized Autoregressive Conditional Heteroskedasticity (GARCH), are effective at capturing linear dependencies but fail to adequately represent nonlinear market dynamics. Meanwhile, machine learning methods, despite their strong predictive power, often exhibit limited interpretability. To bridge this gap, this paper presents an explainable hybrid Memory (LSTM), and Shapley Additive exPlanations (SHAP). Using daily data from ten major global stock indices from January 1, 2010 to September 30, 2025, the study employs a hybrid labeling approach that combines Forecasting accuracy is further enhanced by incorporating ARIMA residual-based feature fusion. The model's performance is evaluated using both statistical (F1-Score, Precision-Recall Area Under the Curve (PR-AUC), Root Mean Squared Error (RMSE), and economic (Sharpe ratio) metrics within a walk-forward validation framework. The results show that the ARIMA-LSTM-SHAP model achieves an optimal balance between predictive accuracy and economic efficiency, achieving an F1-Score of 0.60 and a Sharpe ratio exceeding 1.5. The findings highlight the framework's practical relevance for investors and policymakers by facilitating the early detection of turning cycles and supporting risk-informed decision-making.",turning-point detection; explainable artificial intelligence; behavioral finance; adaptive market hypothesis; economic validation,TIME-SERIES,Article,"Computer Science, Information Systems; Computer Science, Interdisciplinary Applications",Computer Science,1798-2340,English,FX9VA,Q2,market_volatility_GarchHar_covid
"Farid, S; Kayani, GM; Naeem, MA; Shahzad, SJH","Farid, Saqib; Kayani, Ghulam Mujtaba; Naeem, Muhammad Abubakr; Shahzad, Syed Jawad Hussain","Intraday volatility transmission among precious metals, energy and stocks during the COVID-19 pandemic",RESOURCES POLICY,2021,10.1016/j.resourpol.2021.102101,"In this study, we present the evidence of dramatic changes in the structure and time-varying patterns of volatility connectedness across equities and major commodities (oil, gold, silver and natural gas) in the US economy before and during the COVID-19 outbreak. We utilize high frequency 5-min trading data of most actively traded US ETFs to construct the volatility connectedness network. We compute the intraday volatility estimates using MCS-GARCH model and then employ Diebold and Yilmaz (2012) spillover index approach to approximate volatility spillovers between the financial markets. Our main findings showcase significant impact of COVID-19 pandemic on the volatility linkages of financial markets as the volatility connectedness among the different assets peaked during the outbreak. Other findings and implications of the study are further discussed.",COVID-19; Financial markets; High frequency; Volatility spillovers; Connectedness network,CRUDE-OIL; TIME-SERIES; FREQUENCY DYNAMICS; EXCHANGE-RATE; NATURAL-GAS; GOLD PRICE; COMMODITY; SPILLOVERS; MARKETS; CONNECTEDNESS,Article,Environmental Studies,Environmental Sciences & Ecology,0301-4207,English,SR8HS,Q2,market_volatility_GarchHar_covid
"Eledum, H; Sayed, OA","Eledum, Hussein; Sayed, Omer Ahmed",Asymmetric Modelling of COVID-19 related news persistence impact on Saudi Arabia stock market volatility,INTERNATIONAL JOURNAL OF ECOLOGY & DEVELOPMENT,2021,,"This paper investigates the persistence impact of the COVID-19 related news on the volatility of the Saudi Arabia stock market based on daily time series data consists of closing prices of 21 industry groups that constitute the Saudi stock market as well as the main market for the period from 4th August 2019 to 21st May 2020 by running the EGARCH model. The empirical findings showed that the Saudi Arabia market was significantly affected during the nine trading days after the first case in Saudi Arabia. Moreover, the EGARCH model estimates supported the existence of asymmetric effect on the Saudi stock market with a 25% negative ( leverage effect) and 14% positive effects. It was discovered that the Saudi stock market showed evidence of volatility persistence for the main market index and the majority of the industry groups. This paper contributes to the existing literature on the impact of COVID-19 related news on stock returns volatility. To our knowledge, similar studies are absent in the literature about Saudi Arabia. This study used the EGARCH model, which is considered the most reliable analysis technique to investigate this cloudy subject.",Unit root; Leverage effect; ARCH effect; Stock returns; EGARCH model,BEHAVIOR,Article,Ecology,Environmental Sciences & Ecology,0972-9984,English,UC5KY,Q2,market_volatility_GarchHar_covid
"Ersin, ÖÖ; Bildirici, M","Ersin, Ozguer Omer; Bildirici, Melike","Financial Volatility Modeling with the GARCH-MIDAS-LSTM Approach: The Effects of Economic Expectations, Geopolitical Risks and Industrial Production during COVID-19",MATHEMATICS,2023,10.3390/math11081785,"Forecasting stock markets is an important challenge due to leptokurtic distributions with heavy tails due to uncertainties in markets, economies, and political fluctuations. To forecast the direction of stock markets, the inclusion of leading indicators to volatility models is highly important; however, such series are generally at different frequencies. The paper proposes the GARCH-MIDAS-LSTM model, a hybrid method that benefits from LSTM deep neural networks for forecast accuracy, and the GARCH-MIDAS model for the integration of effects of low-frequency variables in high-frequency stock market volatility modeling. The models are being tested for a forecast sample including the COVID-19 shut-down after the first official case period and the economic reopening period in in Borsa Istanbul stock market in Turkiye. For this sample, significant uncertainty existed regarding future economic expectations, and the period provided an interesting laboratory to test the forecast effectiveness of the proposed LSTM augmented model in addition to GARCH-MIDAS models, which included geopolitical risk, future economic expectations, trends, and cycle industrial production indices as low-frequency variables. The evidence suggests that stock market volatility is most effectively modeled with geopolitical risk, followed by industrial production, and a relatively lower performance is achieved by future economic expectations. These findings imply that increases in geopolitical risk enhance stock market volatility further, and that industrial production and future economic expectations work in the opposite direction. Most importantly, the forecast results suggest suitability of both the GARCH-MIDAS and GARCH-MIDAS-LSTM models, and with good forecasting capabilities. However, a comparison shows significant root mean squared error reduction with the novel GARCH-MIDAS-LSTM model over GARCH-MIDAS models. Percentage decline in root mean squared errors for forecasts are between 39% to 95% in LSTM augmented models depending on the type of economic indicator used. The proposed approach offers a key tool for investors and policymakers.",deep neural networks; long-short term memory; volatility; GARCH; mixed data sampling; geopolitical risk; industrial production; economic expectations,DEEP NEURAL-NETWORKS; TIME-SERIES; INTEGRATING LSTM; UNIT-ROOT; STATIONARITY; INDICATORS; PRICES; POWER,Article,Mathematics,Mathematics,,English,E7IO7,Q2,market_volatility_GarchHar_covid
"Özdemir, O","Ozdemir, Onur",Cue the volatility spillover in the cryptocurrency markets during the COVID-19 pandemic: evidence from DCC-GARCH and wavelet analysis,FINANCIAL INNOVATION,2022,10.1186/s40854-021-00319-0,"This study investigates the dynamic mechanism of financial markets on volatility spillovers across eight major cryptocurrency returns, namely Bitcoin, Ethereum, Stellar, Ripple, Tether, Cardano, Litecoin, and Eos from November 17, 2019, to January 25, 2021. The study captures the financial behavior of investors during the COVID-19 pandemic as a result of national lockdowns and slowdown of production. Three different methods, namely, EGARCH, DCC-GARCH, and wavelet, are used to understand whether cryptocurrency markets have been exposed to extreme volatility. While GARCH family models provide information about asset returns at given time scales, wavelets capture that information across different frequencies without losing inputs from the time horizon. The overall results show that three cryptocurrency markets (i.e., Bitcoin, Ethereum, and Litecoin) are highly volatile and mutually dependent over the sample period. This result means that any kind of shock in one market leads investors to act in the same direction in the other market and thus indirectly causes volatility spillovers in those markets. The results also imply that the volatility spillover across cryptocurrency markets was more influential in the second lockdown that started at the beginning of November 2020. Finally, to calculate the financial risk, two methods-namely, value-at-risk (VaR) and conditional value-at-risk (CVaR)-are used, along with two additional stock indices (the Shanghai Composite Index and S&P 500). Regardless of the confidence level investigated, the selected crypto assets, with the exception of the USDT were found to have substantially greater downside risk than SSE and S&P 500.",Volatility spillover; EGARCH; DCC-GARCH; Wavelets; COVID-19,CONDITIONAL HETEROSKEDASTICITY; STOCK MARKETS; LONG MEMORY; BITCOIN; EFFICIENCY; LIQUIDITY; RETURNS; DEMAND,Article,"Business, Finance; Social Sciences, Mathematical Methods",Business & Economics; Mathematical Methods In Social Sciences,,English,YR8UF,Q2,market_volatility_GarchHar_covid
"Zhang, WT; Liu, TT; Zhang, YL; Hamori, S","Zhang, Wenting; Liu, Tiantian; Zhang, Yulian; Hamori, Shigeyuki",Can NFTs hedge the risk of traditional assets after the COVID-19 pandemic?,NORTH AMERICAN JOURNAL OF ECONOMICS AND FINANCE,2024,10.1016/j.najef.2024.102149,"Our study analyzes the dynamic spillover effects between the NFT market, Bitcoin market, oil market, gold futures market, S &P 500 stock index, bond market, and US dollar index over three time periods: the full sample period (2017/6/23 - 2022/9/2), before the COVID-19 outbreak (2017/6/23 - 2020/1/12), and after the COVID-19 outbreak (2020/1/13 - 2022/9/2) by employing the DCC-GARCH-based connectedness model. Furthermore, we apply the DCC-GARCH-tCopula model, Risk Parity Portfolio (RPP) model, and Minimum Connectedness Portfolio (MCoP) model to evaluate the bilateral dynamic hedge ratios, portfolio weights, and the multivariate portfolio performance of these financial assets, respectively. Our findings suggest that NFTs are a source of volatility spillovers during both periods and that the COVID-19 outbreak accelerates the speed and intensity of volatility spillovers from NFTs to traditional financial markets. Moreover, most of the volatility spillovers from NFTs are caused by own shocks, which implies that NFTs are not susceptible to financial risk contagion. The results of bilateral portfolio analysis show that NFTs can effectively hedge other traditional financial assets when used as long positions. The results of multivariate portfolio analysis demonstrate that NFTs can also reduce investment risk despite their smaller weighting. In the two months after the COVID-19 outbreak, MCoP slightly outperforms RPP, although RPP outperforms MCoP in general.",NFTs; Volatility spillover effect; Risk hedging; Multivariate portfolio,IMPULSE-RESPONSE ANALYSIS; VOLATILITY; VARIANCE,Article,"Business, Finance; Economics",Business & Economics,1062-9408,English,QP6F4,Q2,market_volatility_GarchHar_covid
"Ajmi, H; Arfaoui, N; Saci, K","Ajmi, Hechem; Arfaoui, Nadia; Saci, Karima",Volatility transmission across international markets amid COVID 19 pandemic,STUDIES IN ECONOMICS AND FINANCE,2021,10.1108/SEF-11-2020-0449,"Purpose This paper aims to investigate the volatility transmission across stocks, gold and crude oil markets before and during the novel coronavirus (COVID-19) crisis. Design/methodology/approach A multivariate vector autoregression (VAR)-Baba, Engle, Kraft and Kroner generalized autoregressive conditional heteroskedasticity model (BEKK-GARCH) is used to assess volatility transmission across the examined markets. The sample is divided as follows. The first period ranging from 02/01/2019 to 10/03/2020 defines the pre-COVID-19 crisis. The second period is from 11/03/2020 to 05/10/2020, representing the COVID-19 crisis period. Then, a robustness test is used using exponential GARCH models after including an exogenous variable capturing the growth of COVID-19 confirmed death cases worldwide with the aim to test the accuracy of the VAR-BEKK-GARCH estimated results. Findings Results indicate that the interconnectedness among the examined market has been intensified during the COVID-19 crisis, proving the lack of hedging opportunities. It is also found that stocks and Gold markets lead the crude oil market especially during the COVID-19 crisis, which explains the freefall of the crude oil price during the health crisis. Similarly, results show that Gold is most likely to act as a diversifier rather than a hedging tool during the current health crisis. Originality/value Although the recent studies in the field focused on analyzing the relationships between different markets during the first quarter of 2020, this study considers a larger data set with the aim to assess the volatility transmission across the examined international markets Amid the COVID-19 crisis, while it shows the most significant impact on various financial markets compared to other diseases.",Gold; Crude oil; Stocks; COVID-19 pandemic; Volatility transmission; C58; G13; L19,STOCK-MARKET; OIL PRICES; PRECIOUS METALS; CO-MOVEMENTS; CRUDE-OIL; SPILLOVERS; RETURNS; GOLD; US; ENERGY,Article,"Business, Finance",Business & Economics,1086-7376,English,WJ3CV,Q2,market_volatility_GarchHar_covid
"Matar, A","Matar, Ali",THE CO-MOVEMENT BETWEEN EMERGING STOCK MARKETS USING DCC-GARCH MODEL: EVIDENCE FROM GCC AND AMMAN STOCK EXCHANGE,ANNALS OF FINANCIAL ECONOMICS,2023,10.1142/S2010495223500112,"This study examines the existence of interrelationships among GCC and Jordanian stock markets. The study applied weekly data for stock price indices for the Amman Exchange (ASE) and Gulf Cooperation Council (GCC) countries, namely, Saudi Arabia, Qatar, Bahrain, Kuwait, Oman and the United Arab Emirates. In this analysis, weekly market returns were employed to avoid the overlapping of recognized holidays and trading hours in the GCC and the ASE. During the global financial crisis and the COVID-19 pandemic crisis, the sample period spanned from January 7, 2009 to December 30, 2020 for overall (626) weekly observations The main contribution of this study is to shed light on the dynamics of cross-market associations, particularly in the context of emerging economies can be concluded as follows: First, this study is a forefront study that tested the linkages between GCC and Jordanian Markets. Second, the period of this study covered various crises such as the global financial crisis, and COVID-19. Third, the empirical study of multivariate integration, which considers both pairwise interactions and the overall integration of different stock markets by utilizing cutting-edge econometric methods like VECM and DCC-GARCH. As a result, an examination of ASE's weekly stock price index was conducted. The findings show that there is causality and correlation among stock market indices. Three unidirectional causality relationships running from KUW, OMAI, and UAEI to ASEI. Moreover, the results revealed two bidirectional causality relationships, one between ASEI and BAHI and the other between ASEI and UAEI. The conditional correlations appear to be generally negative, implying that higher ASE volatility causes worse GCC stock returns. Saudi Arabia has the highest conditional connections, followed by Bahrain, Qatar and the United Arab Emirates, while Kuwait and Oman's stock markets are the least connected with the ASE among their peers. Since financial indices are essential for investors, portfolio managers, risk management and fiscal and monetary policy, the findings of this study may be interest of many parties of them, especially for investors, policymakers and governments.",Stock markets; GCC; Amman Stock Exchange; DCC-GARCH; VECM causality,PORTFOLIO DIVERSIFICATION; FINANCIAL DEVELOPMENT; INVESTMENT HORIZONS; WAVELET COHERENCE; CARBON EMISSIONS; COINTEGRATION; INTEGRATION; CONTAGION; RISK; COMOVEMENT,Article,Economics,Business & Economics,2010-4952,English,PS8E1,Q2,market_volatility_GarchHar_covid
"Guo, HY; Zhao, WJ; Jia, BX; Sui, C","Guo, Hongyue; Zhao, Wenjie; Jia, Boxiang; Sui, Cong",Dynamic risk spillovers between crude oil futures and the Chinese stock market under exogenous shocks: A refined analysis with stock clustering,JOURNAL OF BEHAVIORAL AND EXPERIMENTAL FINANCE,2025,10.1016/j.jbef.2025.101087,"This study examines the dynamic relationship between the Chinese stock market and Brent futures under external shocks from January 2016 to December 2022, and compares changes in the associated hedging performance using a DCC-GJR-GARCH model with exogenous variables. To elucidate this dynamic relationship, we partition the Chinese stock market into several subclasses by clustering based on stock performance. Results confirm dynamic correlations and time-varying bidirectional asymmetric risk spillovers between the Chinese stock market and Brent crude oil futures, with the risk predominantly spreading from stocks to the Brent. These spillovers peaked following the COVID-19 outbreak, suggesting a contagion effect in crude oil and equities volatilities in response to unexpected shocks. Considering market risk sentiment and hedging demand, this study employs three crucial variables - volatility index, geopolitical risk, and gold price - as exogenous variables. The empirical results indicate that crude oil's hedging performance varies with diverse conditions, and the model with geopolitical risk shows the strongest performance. During periods of economic stability, investors holding stocks with the largest DTW distance from Brent crude oil futures may prioritize hedging with Brent futures. The study concludes that governments and regulators need to establish cross-market joint risk monitoring mechanisms to respond more promptly to the contagion effect of volatility in crude oil and the Chinese stock market.",Crude oil; Chinese stock market; Risk spillovers; Exogenous shocks; Clustering,VALUE-AT-RISK; PRICE SHOCKS; PORTFOLIO OPTIMIZATION; VOLATILITY SPILLOVERS; CO-MOVEMENT; US STOCK; RETURNS; WAVELET; IMPACT; TRANSMISSION,Article,"Business, Finance; Economics",Business & Economics,2214-6350,English,8BW7R,Q2,market_volatility_GarchHar_covid
"Ghosh, SK; Hossain, MN; Khatun, H","Ghosh, Sutap Kumar; Hossain, Md. Naiem; Khatun, Hosneara",The hedging role of US and Chinese stock markets against economic and trade policy uncertainty: lessons from recent turbulences,CHINA FINANCE REVIEW INTERNATIONAL,2023,10.1108/CFRI-08-2022-0154,"PurposeThis study analyses the impact of economic and trade policy uncertainty on US and Chinese stock markets. Also, this study examines the hedge and safe-haven properties of US and China stocks against both US and Chinese economic and trade policy uncertainty.Design/methodology/approachTo achieve the desired goals, the authors employ Dynamic Conditional Correlation through Glosten et al. (1993) model based on the Generalized Autoregressive Conditional Heteroscedasticity (DCC-GJR-GARCH (1, 1)) and Quantile cross-spectral (QS) models. The study uses monthly observations spanning from March 2010 to June 2022.FindingsThis study evidence that the economic and trade policy uncertainty between USA and China is extremely sensitive and has high volatility clustering effects on DJChina88 and DJUS, respectively. Conversely, against the Chinese economic and trade policy uncertainty, the US stock market indexes show both hedging properties across the period and safe-haven during COVID-19 and Russia-Ukraine crises. In contrast, among the Chinese stock markets, only DJShenzhen and DJShanghai stock indices might provide strong hedging and safe-haven properties against the US economic and trade policy uncertainties; however, DJShenzhen (DJChina88) stock shows weak hedge and safe-haven properties (hedging benefits) against Chinese trade policy uncertainty (CTPU) (Chinese economic policy uncertainty [CEPU]).Practical implicationsThe findings have significant implications for investors, portfolio managers and regulators in hedging and making proper decisions under uncertain circumstances.Originality/valueThe study extends the literature on stock market performance to cover the economic and trade policy uncertainty by providing novel evidence during the recent COVID-19 and Russia-Ukraine invasion.",Policy uncertainty; Stock markets; Hedging; COVID-19; DCC-GJR-GARCH (1; 1); Quantile cross-spectral; F3; G1; G11,RETURNS EVIDENCE; VOLATILITY; INVESTMENT; RISK,Article,"Business, Finance",Business & Economics,2044-1398,English,O5SJ2,Q2,market_volatility_GarchHar_covid
"Kumar, M","Kumar, Mohit",From pandemic to war: dynamics of volatility spillover between BRICS exchange and stock markets,JOURNAL OF ECONOMIC STUDIES,2024,10.1108/JES-02-2023-0064,"Purpose To estimate the volatility of exchange and stock markets and examine its spillover within and across the member countries of BRICS during COVID-19 and the conflict between Russia and Ukraine.Design/methodology/approach The study utilizes the dynamic conditional correlation-generalized autoregressive conditional heteroskedasticity (DCC-GARCH) approach of Gabauer (2020). The volatility of the markets is calculated following the approach of Parkinson (1980). The sample dataset comprises the daily volatility of the stock and exchange markets for 35 months, from November 2019 to September 2022.FindingsThe study confirms the existence of contagion effects among member countries. Volatility spillover between exchange and stock markets is low within the country but substantial across borders. Russian contribution increased significantly during the conflict with Ukraine, and other countries also witnessed a surge in the spillover index during the pandemic and war.Research limitations/implications It adds to the body of literature by emphasizing the necessity of comprehending the economies' behavior and interdependence. Offers insightful information to decision-makers who must be more watchful regarding the financial crisis and its regional spillover.Originality/valueThe study is the first to explore the contagion of volatility among the BRICS countries during the two biggest crisis periods of the decade.",Volatility spillover; Covid-19; Russia-Ukraine war; BRICS; DCC-GARCH; E44; F15; F31; G01; G15,IMPULSE-RESPONSE ANALYSIS; FINANCIAL CRISIS; CONTAGION; INTERDEPENDENCE; TRANSMISSION; VARIANCE; RETURN,Article,Economics,Business & Economics,0144-3585,English,MX9Y0,Q2,market_volatility_GarchHar_covid
"Aivaz, KA; Mastac, L; Jula, D; Vancea, DPC; Duhnea, C; Condrea, E","Aivaz, Kamer-Ainur; Mastac, Lavinia; Jula, Dorin; Vancea, Diane Paula Corina; Duhnea, Cristina; Condrea, Elena",Volatility Spillovers Between the U.S. and Romanian Markets: The BET-SFT-500 Dynamic Under Political Uncertainty,RISKS,2025,10.3390/risks13080150,"This paper analyzes the volatility relationship between the Romanian BET index and the U.S. SFT-500 index during the period 2019-2024, with a particular focus on the impact of political and geopolitical shocks. The study investigates whether financial markets in emerging economies react symmetrically or asymmetrically to external shocks originating from mature markets, especially during periods of political uncertainty. The research period includes four major systemic events: the COVID-19 pandemic, the military conflict in Ukraine, the 2024 U.S. presidential elections, and the 2024 Romanian elections, all of which generated significant volatility in global markets. The methodological approach combines time series econometrics with the Impulse Indicator Saturation (IIS) technique to identify structural breaks and outliers, without imposing exogenous assumptions about the timing of events. The econometric model includes autoregressive and lagged exogenous variables to estimate the influence of the SFT-500 index on the BET index, while IIS variables capture unanticipated political and economic shocks. Additionally, a Fractionally Integrated GARCH (FIGARCH) specification is applied to model the persistence of volatility over time, capturing the long-memory behavior often observed in emerging markets like Romania. The results confirm a statistically significant but partial synchronization between the two markets, with lagged and contemporaneous effects from the SFT-500 index on the BET index. Volatility in Romania is markedly higher and longer-lasting during domestic political episodes, confirming that local factors are a primary source of market instability. For investors, this underscores the need to embed political risk metrics into emerging market portfolios. For policymakers, it highlights how stronger institutions and transparent governance can dampen election- and crisis-related turbulence.",financial volatility; political uncertainty; BET; SFT-500; exogenous impulses; emerging markets; econometric modeling; IIS (Impulse Indicator Saturation),STOCK-MARKET; MODEL SELECTION; IMPACT,Article,"Business, Finance",Business & Economics,,English,6OS4N,Q2,market_volatility_GarchHar_covid
"Liang, C; Huynh, LDT; Li, Y","Liang, Chao; Huynh, Luu Duc Toan; Li, Yan",Market momentum amplifies market volatility risk: Evidence from China's equity market,JOURNAL OF INTERNATIONAL FINANCIAL MARKETS INSTITUTIONS & MONEY,2023,10.1016/j.intfin.2023.101856,"We examine the role of a belief-based momentum indicator, measured by conditional past returns (CPR), in the realized volatility (RV) predictability of equity markets. Based on the week- and month-horizon CPR, we construct the HAR-CPR and HAR-LCPR models on the basis HAR-RV model. Here, the HAR-LCPR model additionally includes the daily leverage factor in the absence of daily CPR. In China, we find that: 1) week- and month-horizon CPR have significantly positive impacts on one-, five-, and 22-days-ahead RVs; 2) our out-of-sample results further indicate that the HAR-LCPR model performs best in forecasting one- and five-days-ahead RVs, whereas the HAR-CPR model is a more reliable forecasting model for 22-days-ahead volatility; 3) the performance also passes various robustness tests, including sub-period performance testing, alternative training rolling window, and alternative RV estimation. We show the economic mechanism underlying the predictive role of CPR from the perspective of investors' trading activities.",Volatility forecasting; Realized volatility; Conditional past returns; HAR; Leverage effect; COVID-19; Global financial crisis,REALIZED VOLATILITY; MODEL,Article,"Business, Finance; Economics",Business & Economics,1042-4431,English,X3JD2,Q2,market_volatility_GarchHar_covid
"Wu, XY; Jiang, ZT","Wu, Xinyu; Jiang, Zhengting","Time-varying asymmetric volatility spillovers among China's carbon markets, new energy market and stock market under the shocks of major events",ENERGY ECONOMICS,2023,10.1016/j.eneco.2023.107004,"This paper investigates the dynamic asymmetric (good and bad) volatility spillover effects among China's carbon markets, new energy market and stock market by considering the volatility asymmetry in the markets. We infer the good and bad volatilities from the GJR-GARCH model, where they correspond to positive and negative shocks, respectively. Moreover, we extend the traditional (symmetric) marginal net spillover measure to asymmetric (good and bad) marginal net spillover measures to analyze the time-varying asymmetric transmission of volatility spillovers across markets based on external shocks of major events, including the Sino-US trade war, COVID-19 pandemic, and Russia-Ukraine conflict. Our empirical results show that there exists significantly time-varying asymmetric volatility spillover effects among China's carbon markets, new energy market and stock market. Moreover, the bad volatility spillover effect dominates the good volatility spillover effect. The asymmetric (good and bad) volatility spillovers across markets increase under the shocks of major events. In particular, we observe that the good volatility spillovers increase more significantly compared with the bad volatility spillovers during the Sino-US trade war and COVID-19 pandemic, while the bad volatility spillovers increase more significantly compared with the good volatility spillovers during the Russia-Ukraine conflict.",Volatility spillovers; Asymmetric volatility; Major events; China's carbon markets; New energy market; Stock market,IMPULSE-RESPONSE ANALYSIS; OIL MARKET; CONNECTEDNESS; DEPENDENCE; PRICES; RETURN; BAD,Article,Economics,Business & Economics,0140-9883,English,CF5F0,Q2,market_volatility_GarchHar_covid
"Zonon, BIP; Chen, C","Zonon, Babatounde Ifred Paterne; Chen, Chuang",The resilience and vulnerability of WAEMU stock market amid COVID-19,COGENT ECONOMICS & FINANCE,2025,10.1080/23322039.2025.2555413,"This study examines the impact of the COVID-19 pandemic on stock market returns at Bourse R & eacute;gionale des Valeurs Mobili & egrave;res (BRVM) in the West African Economic and Monetary Union (WAEMU). Using an event study and Markov regime-switching dynamic regression methodologies, including a robustness check via threshold regression, we analyze how pandemic-related variables and government stringency measures affect the market performance under different volatility regimes. Our findings reveal that, during low-volatility periods, confirmed COVID-19 cases and strict public health interventions significantly depressed returns, whereas fatalities exhibited no significant effect. By contrast, under high volatility, these adverse impacts are partially offset, suggesting that stringent policy measures can stabilize investor sentiment. A detailed sectoral analysis indicates heterogeneous responses: the industrial sector experienced prolonged high volatility, whereas the agricultural sector demonstrated resilience to fatalities, despite its sensitivity to confirmed cases. These insights highlight the critical role of targeted sector-specific policy interventions in regions characterized by high inflation, commodity price volatility, and structural fiscal challenges. This study contributes to the literature on crisis impacts on frontier markets and outlines clear directions for future research on post-pandemic recovery dynamics, policy effectiveness, and firm-level heterogeneity.","WAEMU; BRVM; stock market; stock returns; COVID-19; Economics; Finance; Business, Management and Accounting; F65; G01; G15; H12",VOLATILITY; PRICES; GARCH; FEAR,Article,Economics,Business & Economics,2332-2039,English,6YC7R,Q2,market_volatility_GarchHar_covid
"Alotaibi, TANMS; Morales, L","Alotaibi, Talal A. N. M. S.; Morales, Lucia",Financial Uncertainty from a Dual Shock at Global Level-Insights from Kuwait,INTERNATIONAL JOURNAL OF FINANCIAL STUDIES,2022,10.3390/ijfs10040101,"Global stock markets experienced a dual shock in 2020 due to the impact of the global health crisis, parallel to a simultaneous shock derived from the Saudi Arabia and Russia oil price war. The dual shock fueled oil market volatility with lasting effects as the global economy is immersed in an energy crisis combined with high inflationary pressures exacerbated by heightened energy costs. This research paper implemented GARCH and FIGARCH models on daily returns from 31 December 2015, to 9 December 2021, to examine volatility persistence and long memory processes. The world's most prominent economies are represented by the G7, E7 and the GCC stock markets. Particular attention was devoted to the case of Kuwait as an example of a small oil-dependent economy. The research findings suggest evidence of volatility persistence across the markets, as reported by the GARCH (1,1) model. The FIGARCH (1,1) did not offer significant evidence of long memory processes except for the cases of FTSE 100, BIST 100, IDEX, BSE 100 and Bahrain.",Kuwait; COVID-19; oil; market shocks; stock markets; dual shock,,Article,"Business, Finance",Business & Economics,2227-7072,English,7E1GQ,Q2,market_volatility_GarchHar_covid
"Bhuiyan, RA; Mukherjee, TC; Tarique, KM; Zhang, CY","Bhuiyan, Rubaiyat Ahsan; Mukherjee, Tanusree Chakravarty; Tarique, Kazi Md; Zhang, Changyong","Hedge asset for stock markets: Cryptocurrency, Cryptocurrency Volatility Index (CVI) or Commodity",QUANTITATIVE FINANCE AND ECONOMICS,2025,10.3934/QFE.2025005,"In order to provide hedging strategies on the financial risks involved in such crises and also taking into consideration that two cryptocurrency prices have been impacted by Russia-Ukraine war uncertainties apart from the COVID-19 pandemic, we applied wavelet analysis along with the multivariate DCC-GARCH process to scrutinize the return-volatility causal relationship among gold price and six stock market indices, including three well-established emerging economy (EE) ones. We achieved a more balanced and complete picture by considering data for the time period July 28, 2016 to December 30, 2022. The events of analysis were crises in the Chinese market, a trade war between the USA and China), caused by the COVID-19 pandemic, after which came global recession III (a Russia-Ukraine war); next, part IV - the peak of the global energy crisis. The findings generally indicated that when a sudden shock sometimes like this happens (or in a pandemic), there is no one other than Ethereum for all investors in emerging and developed markets to find a safe haven or protect themselves, while Bitcoin acts as less safe. We also showed Gold as a hedge in Global Crises and as a Hedge and Weak Safe Haven Against Geopolitical Tension. Last, investors in the paired joint oil stock have a greater benefit but can gain only if they hold shorter-term investments. As for volatility, arguably, only bitcoin is to be observed as the least volatile among all other variables. Our findings suggested that stock markets are the source of volatility spillover to all others while prior work has established mixed evidence during the pandemic, the most crucial and recent periods, respectively.",Bitcoin; Ethereum; Wavelet Coherence; DCC-GARCH; hedge; volatility spillover,ECONOMIC-POLICY UNCERTAINTY; SAFE HAVEN; BITCOIN HEDGE; CRUDE-OIL; DYNAMIC RELATIONSHIP; FINANCIAL CRISIS; GOLD PRICE; US DOLLAR; INVESTMENT; BONDS,Article,"Business, Finance",Business & Economics,2573-0134,English,0EC3G,Q2,market_volatility_GarchHar_covid
"Maurya, PK; Bansal, R; Mishra, AK","Maurya, Prince Kumar; Bansal, Rohit; Mishra, Anand Kumar","Sectoral connectedness, volatility spillover and hedging opportunities: evidence from Indian stock market",EURASIAN ECONOMIC REVIEW,2025,10.1007/s40822-025-00324-z,"This work investigates the sectoral connectedness among the major indices in the Indian stock market. This study uses the connectedness approach based on the time-varying parameter-vector autoregression (TVP-VAR) model. Based on the availability, daily data of fourteen major sectoral indices of the Indian stock market from January 3, 2007 to February 28, 2023 has been used for analysis. Connectedness among indices varies significantly in the period of study. The highest (lowest) sectoral connectedness was observed in May 2009 (July 2014). A significant increase in the TCI has been observed following the announcement of COVID-19 as a global pandemic. The analysis also reveals service sector, infrastructure, and financial services are the largest volatility transmitters, while FMCG, consumer durables and pharma are the largest volatility receivers. Investment risk in sectoral indices can be hedged significantly using nifty, gold, and WTI futures. Finally, we assessed the predictive power of the total connectedness index using nifty return and volatility index (VIX). The results are significant at a 1% level. These findings will provide insight for investors, portfolio managers, and others looking to maximize the risk-adjusted returns in the Indian stock market by diversifying their investment portfolio.",Indian stock market; Connectedness approach; Russia-Ukraine conflict; Volatility spillover; TVP-VAR; DCC-GARCH; G1; D53,IMPULSE-RESPONSE ANALYSIS; ELECTION; FUTURE; PRICES; IMPACT,Article,Economics,Business & Economics,1309-422X,English,D4779,Q2,market_volatility_GarchHar_covid
"Kuranchie-Pong, R; Forson, JA","Kuranchie-Pong, Raphael; Forson, Joseph Ato",Overconfidence bias and stock market volatility in Ghana: testing the rationality of investors in the Covid-19 era,AFRICAN JOURNAL OF ECONOMIC AND MANAGEMENT STUDIES,2022,10.1108/AJEMS-05-2021-0209,"Purpose The paper tests the overconfidence bias and volatility on the Ghana Stock Exchange (GSE) during the pre-Covid-19 pandemic and Covid-19 pandemic period. Design/methodology/approach The study employs pairwise Granger causality to test the presence of overconfidence bias on the Ghana stock market as well as GARCH (1,1) and GJR-GARCH (1, 1) models to understand whether overconfidence bias contributed to volatility during pre-Covid-19 pandemic and Covid-19 pandemic period. The pre-Covid-19 pandemic period spans from January, 2019 to December, 2019, and Covid-19 pandemic period spans from January, 2020 to December, 2020. Findings The paper finds a unidirectional Granger causality running from weekly market returns to weekly trading volume during the Covid-19 pandemic period. These results indicate the presence of overconfidence bias on the Ghana stock market during the Covid-19 pandemic period. Finally, the conditional variance estimation results showed that excessive trading of overconfident market players significantly contributes to the weekly volatility observed during the Covid-19 pandemic period. Research limitations/implications The empirical findings demonstrate that market participants on the GSE exhibit conditional irrationality in their investment decisions during the Covid-19 pandemic period. This implies investors overreact to private information and underreact to available public information and as a result become overconfident in their investment decisions. Practical implications Findings from this paper show that there is evidence of overconfidence bias among market players on the GSE. Therefore, investors, financial advisors and other market players should be educated on overconfidence bias and its negative effect on their investment decisions so as to minimize it, especially during the pandemic period. Originality/value This study is a maiden one that underscores investors' overconfidence bias in the wake of a pandemic in the Ghanaian stock market. It is a precursor to the overconfidence bias discourse and encourages the testing of other behavioral biases aside what is understudied during the Covid-19 pandemic period in Ghana.",Overconfidence bias; Covid-19; Granger-causality; GARCH; GJR-GARCH; GSE; C1; G1; G4,COINTEGRATION; BEHAVIOR; TIME,Article,Economics,Business & Economics,2040-0705,English,ZD4XK,Q2,market_volatility_GarchHar_covid
"Waris, M; Younis, I; Naveed, RT; Shahid, MS; Abbas, M","Waris, Muhammad; Younis, Ijaz; Naveed, Rana Tahir; Shahid, Muhammad Sadiq; Abbas, Muhammad",Dynamic co-movement of stock market and risk management by hedging strategies in diverse portfolios: A wavelet-multivariate GARCH,CHAOS SOLITONS & FRACTALS,2026,10.1016/j.chaos.2025.117512,"Purpose and motivation: The financial events occurrence including the crisis and pandemics increased the panic in the global financial markets. Investors are in trouble for investment due to the cointegration pattern between the global markets in the period of these events. Investors belongs to different regions want to minimize their risk at given expected return. Some previous research provides the solution of the investors troubles by investigating different factors that affect the investment risk and return in the portfolio. This study provides a wide range of investment strategy that is helpful for the investors to minimize the portfolio risk by taking the cointegration or co-movement pattern in mind while preparing the effective portfolio. Material and methods: This study used the dynamic conditional variance, correlation, covariance, dynamic portfolio weight, hedge ratio and hedge effectiveness between Malaysia and its trading partners at different frequency and time domain in our investigation. Study used the daily volatility from 1993 to 2021 for each stock market return. Findings: The financial crisis in the global economy affects the volatility of the return. Based on the portfolio weight, investors should increase their investment in Malaysia for the portfolio of Malaysia-emerging countries and Malaysia for the portfolio of Malaysia-OECD countries during the turmoil period. Moreover, our findings show that all hedge ratios are higher at the period of different financial crisis as well as pandemic COVID-19 also. The results of the hedge effectiveness reveals that the risk-adjustment return can be favorable and improved through constructing the effective portfolio of Malaysia with China, Germany, France, Pakistan, Indonesia, UK and Japan in a short run due to the stable dynamic condition correlation between them, while portfolio of Malaysia with USA and India in a long run due to unstable dynamic conditional correlation existed between these stock markets. Implications: The study results indicate that USA is the strong, safe haven and hedge opportunity for the Malaysian market, while China, France, Germany, Singapore, Pakistan, UK serve as a diversifier for the Malaysia market during the turmoil period and full sample period. By using the study findings, investors around the globe can manage their portfolio. Originality: This study provides hedging strategies through risk management that is useful for the portfolio investors to hedge or safe haven at the pre-and post-crisis period.",Portfolio; Diversification; Risk management; Wavelet; Emerging & OECD countries,DIVERSIFICATION; DCC,Article,"Mathematics, Interdisciplinary Applications; Physics, Multidisciplinary; Physics, Mathematical",Mathematics; Physics,0960-0779,English,H0854,Q2,market_volatility_GarchHar_covid
"Raza, SA; Khan, KA; Benkraiem, R; Guesmi, K","Raza, Syed Ali; Khan, Komal Akram; Benkraiem, Ramzi; Guesmi, Khaled","The importance of climate policy uncertainty in forecasting the green, clean and sustainable financial markets volatility",INTERNATIONAL REVIEW OF FINANCIAL ANALYSIS,2024,10.1016/j.irfa.2023.102984,"This research represents the first empirical evidence highlighting the significant role of climate policy uncertainty in predicting the green, clean, and sustainable financial markets volatility. The analysis incorporates Gavriilidis's (2021) recently introduced news-based climate policy uncertainty index. To conduct this investigation, an advanced econometric approach, namely GARCH-MIDAS, has been employed, considering two sample periods: (i) full period (ii) COVID-19 period. Furthermore, the study reveals that climate policy uncertainty amplifies volatility of the S&P Green Bond Index, S&P Global Clean Energy Index, and Dow Jones Sustainability Index, rendering these indices highly sensitive to such uncertainty. Additionally, the out-of-sample analysis demonstrates climate policy uncertainty as a strong predictor, with the GARCH-MIDAS model displaying superior predictive accuracy. The findings of this research bear significant implications for strategies related to risk mitigation and diversification of portfolio particularly for investors, policymakers, and portfolio managers.",Climate policy uncertainty; Volatility; Green; clean; sustainable financial markets; COVID-19; GARCH-MIDAS,CHINESE; HELP,Article,"Business, Finance",Business & Economics,1057-5219,English,X9YH6,Q2,market_volatility_GarchHar_covid
"Chiang, TC","Chiang, Thomas C.","The effects of economic uncertainty, geopolitical risk and pandemic upheaval on gold prices",RESOURCES POLICY,2022,10.1016/j.resourpol.2021.102546,"This paper tests whether gold can be used to hedge against various forms of uncertainty, using monthly data for the sample period from January 1998 through August 2020. The study presents a model featuring GED-GARCH (1,1) technique to examine gold return behavior for five regional markets: the U.S., U.K., European Union, China and India. The model relates gold returns to changes of economic policy uncertainty, changes of geopolitical risk, market volatility due to interest rate variations and equity market volatility resulting from a worsening in the pandemic while controlling for the inflation rate, stock returns, economic growth, and changes in the exchange rate. Testing of gold prices expressed in U.S. dollars, British pounds, Euros, and Chinese yuans finds evidence that gold returns respond positively to a rise in a set of uncertainty variables, suggesting that gold can be viewed as a hedge against uncertainties. However, tests of a gold return equation in Indian rupee (or USD) show that some coefficients of uncertainty variables have negative signs because gold is most likely treated as an alternative to money.",Gold prices; Inflation; Real effective exchange rate; Economic policy uncertainty; Geopolitical risk,SAFE HAVEN; STOCK MARKETS; DYNAMIC CORRELATIONS; CAUSALITY; RETURNS; HEDGE,Article,Environmental Studies,Environmental Sciences & Ecology,0301-4207,English,ZR0TY,Q2,market_volatility_GarchHar_covid
"Wang, Y; Cheung, AWK; Yan, WL; Wang, B","Wang, Yu; Cheung, Adrian Wai Kong; Yan, Wan-Lin; Wang, Bin",Connectedness of China's green bond and green stock markets at the low-and high-order moments: The role of economic and climate policy uncertainty,NORTH AMERICAN JOURNAL OF ECONOMICS AND FINANCE,2025,10.1016/j.najef.2025.102410,"Economic policy uncertainty (EPU) and climate policy uncertainty (CPU) may affect green finance (GF) markets not only on lower-order moments (mean and variance) but also on higherorder moments (skewness and kurtosis). This study analyses the impacts of these uncertainties on the high-order moment connectedness in green bond (GB) and green stock (GS) markets in China using the Glosten, Jagannathan, and Runkle GARCH with Skewness and Kurtosis (GJRSK) model, time- and frequency-domain methodologies, and quantile-on-quantile regression. Static analysis shows that spillovers from higher order moments (skewness 63.18 % and kurtosis 68.91 %) are higher than those from lower order moments (return 51.52 % and volatility 61.83 %), and that spillovers from return (48.88 %), skewness (33.8 %), and kurtosis (56.81 %) occur mainly in the short term, whereas spillover from volatility (38.23) occurs mainly in the long term. The dynamic analysis indicates significant time-variation in the dynamic total and net connectedness indices. COVID-19 has a greater impact on the connectedness of volatility, skewness, and kurtosis, and a relatively weaker impact on the connectedness of returns. The dynamic total return and kurtosis spillovers occur mainly in the short term, while the dynamic total volatility and skewness spillovers occur mainly in the long term. In terms of the net-pairwise directional connectedness, GB is the largest shock emitter, while stocks in the environmental protection (EP) sector are the primary receivers of skewness and kurtosis spillovers. In addition, we find that CPU and EPU affect the upside risk of total spillovers in the GF market more than the downside risk, and exhibit significant heterogeneity across time, frequency, and quantiles. The results offer both insights for policymakers to coordinate the GF markets and for investment institutions to design asset allocation and risk management strategies, contributing to the understanding of the complex dynamics of the GF market's response to climate and economic policies, thereby promoting economically sustainable development and financial stability.",Green financial market; Economic policy uncertainty; Climate policy uncertainty; Spillover effect; Quantile-on-quantile regression,FINANCIAL-MARKETS; RENEWABLE ENERGY; US STOCK; SPILLOVER; NETWORK; CARBON; RISK,Article,"Business, Finance; Economics",Business & Economics,1062-9408,English,1LG9V,Q2,market_volatility_GarchHar_covid
"Madani, MA; Ftiti, Z","Madani, Mohamed Arbi; Ftiti, Zied",Understanding Intraday Oil Price Dynamics during the COVID-19 Pandemic: New Evidence from Oil and Stock Investor Sentiments,ENERGY JOURNAL,2024,10.5547/01956574.45.3.mmad,"This study employed intraday stock market and oil investor sentiment data related to news and social media (i.e., the Thomson Reuters MarketPsych Indices [TRMI] sentiment index) to gauge investors' interest in the West Texas Intermediate (WTI) crude oil futures market during the recent health crisis. We proposed an original nonlinear empirical framework by considering oil price dynamics' complexity and its potential interaction with investor sentiment. The analysis revealed three noteworthy findings. First, we observed evidence of nonlinearity in the relationship between excess returns on WTI crude oil futures and investor sentiment data. Second, the causality direction moved only from oil and stock market investor sentiment to oil returns. Third, the impacts of oil and stock market sentiment data on crude oil returns (i.e., volatility) were always negative. Furthermore, sentiment data related to social media showed a more pronounced cross-correlation than that of news.",Social media; News; Nonlinear; Long memory; Causality; HAR model; Forecast,MODEL; TIME; DECOMPOSITION; PERFORMANCE; VOLATILITY; RETURNS; MARKETS; IMPACT; MONEY; LIMIT,Article,Economics; Energy & Fuels; Environmental Studies,Business & Economics; Energy & Fuels; Environmental Sciences & Ecology,0195-6574,English,C1X7M,Q2,market_volatility_GarchHar_covid
"Fakhfekh, M; Jeribi, A; Ben Salem, M","Fakhfekh, Mohamed; Jeribi, Ahmed; Ben Salem, Marwa",Volatility dynamics of the Tunisian stock market before and during the COVID-19 outbreak: Evidence from the GARCH family models,INTERNATIONAL JOURNAL OF FINANCE & ECONOMICS,2023,10.1002/ijfe.2499,"The aim of this article is to choose the appropriate GARCH model to analyse the volatility dynamics of the Tunisian sectorial stock market indices during the COVID-19 outbreak period. We explore the optimal conditional heteroscedasticity model with regards to goodness-of-fit to these sectorial indices. In particular, it proposes four models (EGARCH, FIGARCH, FIEGARCH and TGARCH) to measure asymmetric and persistence volatility. Our findings point to three interesting results. First, following the COVID-19 outbreak, volatility is more persistent in all series. Second, the results show that building constructs materials, construction and food and beverage sector return volatilities have an insignificant asymmetric effect while consumer service, financials and distribution, industrials, basic materials and banks sector return volatilities have relatively high positive and significant asymmetric effect compared with those during the pre-COVID-19 period. Finally, the findings show that financial services, automobile and parts, insurance and TUNINDEX20 sectors have insignificant leverage effect. Our results can thus be useful to investors when accounting for future volatility and implementing hedging strategies under COVID-19 crisis.",COVID-19 outbreak; GARCH models; Tunisian sectorial stock market indices,,Article,"Business, Finance",Business & Economics,1076-9307,English,D6AG4,Q2,market_volatility_GarchHar_covid
"Shahid, MN","Shahid, Muhammad Naeem","Connectedness of global energy markets with global agricultural, natural resources, and socially responsible investments using extended GFI",JOURNAL OF FINANCIAL ECONOMIC POLICY,2024,10.1108/JFEP-02-2024-0035,"Purpose - The study aims to investigate the risk transmission from COVID-19 to global agriculture, energy, natural resources/mining and environmentally/socially responsible investments. Additionally, it explores the connectedness of global energy indices with global agriculture, natural resources/mining and environmentally/socially responsible investments. The study develops a new COVID-19-based Global Fear Index (GFI) to achieve the objectives, thus contributing to the prevailing literature. Design/methodology/approach - The data of Global indices are selected from January 2020 to December 2021. The study uses multivariate BEKK-GARCH and TVP-VAR models to explore COVID-19 risk transmission and connectedness between global indices. Findings - Significant shock and volatility transmissions from COVID-19 to all global indices are observed. Results show that global agriculture, natural resource/mining markets and environmentally and socially responsible investments are safe havens during COVID-19. Furthermore, these global investment choices are barely connected with global energy indices. Practical implications - Portfolio managers and investors should invest in global indices to gauge the risk-adjusted return during the pandemic and upcoming health-related risks. Investors in energy sectors are advised to diversify the risk by adding safe-haven assets to their portfolios. Social implications - The findings shed light on the importance of environmentally and socially responsible investments as a separate asset class where ecologically friendly and socially sentimental investors could invest in diversifying the risk of their portfolios. Originality/value - The paper offers valuable insights to policymakers and investors regarding asset pricing, risk management and financial market stability during pandemic-type emergencies.",Global agriculture investments; Clean energy; Socially responsible investments; Clean technology; Natural resources: TVP; BRKK-GARCH,STOCK-MARKET; LINKAGES; INDEX; BOND,Article,Economics,Business & Economics,1757-6385,English,I5K1B,Q2,market_volatility_GarchHar_covid
"Ma, J; Li, XQ; Liu, JX; Cui, JD; Zhang, MZ; Sriboonchitta, S","Ma, Ji; Li, Xiaoqing; Liu, Jianxu; Cui, Jiande; Zhang, Mingzhi; Sriboonchitta, Songsak",Comparison of Systemic Financial Risks in the US before and after the COVID-19 Outbreak-A Copula-GARCH with CES Approach,AXIOMS,2022,10.3390/axioms11120669,"The analysis and prediction of systemic financial risks in the US during the COVID-19 pandemic is of great significance to the stability of financial markets in the US and even the world. This paper aims to predict the systemic financial risk in the US before and during the COVID-19 pandemic by using copula-GJR-GARCH models with component expected shortfall (CES), and also identify systemically important financial institutions (SIFIs) for the two comparative periods. The empirical results show that the overall systemic financial risk increased after the outbreak of the COVID-19 pandemic, especially in the first half of the year. We predicted four extreme risks that were basically successful in capturing the high risks in the US financial markets. Second, we identified the SIFIs, and depository banks made the greatest contribution to systemic risk from four financial groups. Third, after the outbreak of the epidemic, the share of Broker-Dealer and Other Institutions in the overall systemic risk has apparently increased. Finally, we recommend that the US financial regulators should consider macro-prudential guidance for major financial institutions, and we should pay more attention to Broker-Dealers, thereby improving the financial stability of the US and the global financial markets.",CES; copula; systemic risk; GARCH; financial crisis,CAPITAL SHORTFALL; MONETARY-POLICY; MARKETS; VOLATILITY; RETURN; BANKS,Article,"Mathematics, Applied",Mathematics,,English,7F9BT,Q2,market_volatility_GarchHar_covid
"Panyagometh, K","Panyagometh, Kamphol",The Effects of Pandemic Event on the Stock Exchange of Thailand,ECONOMIES,2020,10.3390/economies8040090,"The unprecedented global pandemic of COVID-19 has greatly impacted the stock market in terms of both price reactions and the influences of volatility. Using a sample of 46 stocks listed in the Stock Exchange of Thailand, in this paper, an event study technique is developed considering idiosyncratic volatility to analyze the reactions of stock prices and market volatility in Thailand during the period of the pandemic. The empirical results suggest that most securities in the Thai stock market have been adversely affected by the pandemic, as reflected in the abnormal returns compared to the period before the COVID-19 outbreak. This is mainly attributable to the curtailed economic activities induced by the pandemic as well as policy responses such as social distancing, quarantine and temporary market shutdown. Nevertheless, stocks in different sectors have been shown to have varied in terms of price responses, as some businesses may have benefitted from the pandemic. In terms of market volatility, the cumulated abnormal volatility (CAV) calculated in the paper suggests that volatility in the Stock Exchange of Thailand (SET) was significantly higher during the event window of COVID-19.",event study; cumulated abnormal volatility; COVID-19; GARCH; stock market reaction,CONDITIONAL HETEROSCEDASTICITY; STUDY METHODOLOGY,Article,Economics,Business & Economics,,English,PJ1KY,Q2,market_volatility_GarchHar_covid
"Yfanti, S; Karanasos, M","Yfanti, Stavroula; Karanasos, Menelaos",Financial volatility modeling with option-implied information and important macro-factors,JOURNAL OF THE OPERATIONAL RESEARCH SOCIETY,2022,10.1080/01605682.2021.1966327,"The research debate on the informational content embedded in option prices mostly approves the incremental predictive power of implied volatility estimates for financial volatility forecasting beyond that contained in GARCH and realized variance models. Contributing to this ongoing debate, we introduce the novel AIM-HEAVY model, a tetravariate system with asymmetries, option-implied volatility, and economic uncertainty variables beyond daily and intra-daily dispersion measures included in the benchmark HEAVY specification. We associate financial with macroeconomic uncertainties to explore the macro-financial linkages in the high-frequency domain. In this vein, we further focus on economic factors that exacerbate stock market volatility and represent major threats to financial stability. Hence, our findings are directly connected to the current world-wide Coronavirus outbreak. Financial volatilities are already close to their crisis-peaks amid the generalized fear about controversial economic policies to support societies and the financial system, especially in the case of the heavily criticized UK authorities' delayed and limited response.",Economic policy uncertainty; high-frequency data; implied volatility; macro-financial linkages; realized variance; risk management,STOCK-MARKET VOLATILITY; ECONOMIC-POLICY UNCERTAINTY; REALIZED VOLATILITY; ASYMPTOTIC THEORY; RETURN VARIANCE; GARCH; EXCHANGE; RISK; INFERENCE; PRICES,Article,Management; Operations Research & Management Science,Business & Economics; Operations Research & Management Science,0160-5682,English,5W4AA,Q2,market_volatility_GarchHar_covid
"Frydman, R; Mangee, N","Frydman, Roman; Mangee, Nicholas",Expectations Concordance and Stock Market Volatility: Knightian Uncertainty in the Year of the Pandemic,JOURNAL OF RISK AND FINANCIAL MANAGEMENT,2021,10.3390/jrfm14110521,This study introduces a novel index based on expectations concordance for explaining stock-price volatility when novel events that are each somewhat unique cause unforeseeable change and Knightian uncertainty in the process driving outcomes. Expectations concordance measures the degree to which KU events are associated with directionally similar expectations of future returns. Narrative analytics of daily news reports allow for the assessment of bullish versus bearish views in the stock market. Increases in expectations concordance across all KU events results in reinforcing effects and an increase in stock market volatility. Lower expectations concordance produces a stabilizing effect wherein the offsetting views reduce market volatility. The empirical findings hold for ex post and ex ante measures of volatility and for OLS and GARCH estimates.,expectations concordance; narrative analytics; volatility; Knightian uncertainty,DISAGREEMENT,Article,"Business, Finance",Business & Economics,1911-8066,English,XF9WD,Q2,market_volatility_GarchHar_covid
"Chancharat, S; Sinlapates, P","Chancharat, Surachai; Sinlapates, Parichat",Dependences and dynamic spillovers across the crude oil and stock markets throughout the COVID-19 pandemic and Russia-Ukraine conflict: Evidence from the ASEAN+6,FINANCE RESEARCH LETTERS,2023,10.1016/j.frl.2023.104249,"This research studies WTI crude oil and stock price dynamics in Australia, China, Indonesia, India, Japan, Korea, Malaysia, New Zealand, the Philippines, Singapore, Thailand, and Vietnam. We investigate data from January 2, 2018, to June 13, 2023 using BEKK- and DCC-GARCH. Crude oil volatility affects ASEAN+6 stock markets. Crude oil volatility spillovers were not statistically significant during pre-COVID-19, COVID-19 outbreak, and Russia-Ukraine war periods. After the crisis, asymmetric volatility remained prominent. The findings suggest that investors diversifying their portfolios should consider dynamic volatility and crude oil-stock price correlations to maximize returns and decrease risk.",Crude oil; Multivariate GARCH; Russia-Ukraine war; Stock price; Volatility spillover,ASYMMETRIC IMPACT; PRICE SHOCKS; TIME-SERIES; GOLD; US; MACROECONOMY; WAR,Article,"Business, Finance",Business & Economics,1544-6123,English,P4PF7,Q2,market_volatility_GarchHar_covid
"Hung, NT; Vo, XV",Ngo Thai Hung; Xuan Vinh Vo,Multi-scale Features of Interdependence Between Oil Prices and Stock Prices,ASIA-PACIFIC FINANCIAL MARKETS,2023,10.1007/s10690-022-09385-5,"This paper investigates the time-varying connectedness between oil prices and the stock prices in African markets. We employ a wavelet-based dynamic conditional correlation framework, which allows us to look into the time-varying correlation between oil and African stock markets in time and frequency domains. Empirical results show the interdependence between oil prices and African stock market prices are time-varying and spread across various wavelet scales. More importantly, the dynamic relationship between oil prices and stock returns in these countries varies more frequently and at a lower level in the short run. However, we find the long and medium-range co-movements between them except during the Covid-19 period when short-term integration increased considerably, which might help portfolio managers and investors mitigate risk. We identify the hedge ratios and optimal portfolio weights for practical implications based on the said assets' dynamic conditional correlation.",Africa stock markets; Oil prices; Wavelet; DCC-GARCH; Hedge ratio,GLOBAL FINANCIAL CRISIS; CRUDE-OIL; MARKETS; CAUSALITY; SPILLOVERS; VOLATILITY; DEPENDENCE; DYNAMICS; RETURNS; SHOCKS,Article,Economics,Business & Economics,1387-2834,English,O5NX0,Q2,market_volatility_GarchHar_covid
"Bouteska, A; Hassan, MK; Safa, MF","Bouteska, A.; Hassan, M. Kabir; Safa, M. Faisal",Investor sentiment and stock markets during the war in pandemic time,INTERNATIONAL JOURNAL OF ACCOUNTING AND INFORMATION MANAGEMENT,2026,10.1108/IJAIM-02-2024-0073,"Purpose - This paper aims to use three proxy variables - initial public offerings, trading volume and business confidence index (BCI) to construct an investor sentiment index both for the USA and China, taking into account the challenging periods of the COVID-19 pandemic and the Russo-Ukrainian conflict. Design/methodology/approach - Based on monthly data for a period from January 2009 to June 2022, this paper uses data of BCI, consumer confidence index (CCI), gross domestic product, trading volume and Fama and French (1993) factor data; linear regression of single and multifactor model; and EGARCH-M model for analyzing the effect of investor sentiment on stock market return and volatility, both in the USA and China. Findings - The empirical results indicate the suitability of BCI over CCI as a measure of investor sentiment, both in the USA and China. The results indicate that investor sentiment has a significant positive effect on the excess returns in the stock market in both countries. Moreover, the effect of investor sentiment is higher in China than it is in the USA. Such an effect of investor sentiment is significant and fluctuates asymmetrically in the short run but loses its significance in the long run. Optimistic investor sentiment has a larger effect on the stock market volatility in the USA, while the pessimistic investor sentiment has a larger effect in the Chinese stock market. Originality/value - This paper focuses on finding a more suitable proxy for investor sentiment from BCI or CCI. This paper also contributes by including both optimism and pessimism in explaining the stock return and volatility in both markets. The overall fi ndings are important for understanding investor behavior in different market conditions.",Investor sentiment; Stock returns; COVID-19 pandemic; Russo-Ukrainian conflict; USA and China,CONSUMER CONFIDENCE; RETURNS EVIDENCE; CROSS-SECTION; RISK; VOLATILITY; DYNAMICS; PREDICT; PRICES; MODEL,Article,Management,Business & Economics,1834-7649,English,EN7CL,Q2,market_volatility_GarchHar_covid
"Tabash, MI; Issa, SS; Mansour, M; Hannoon, A; Gherghina, SC","Tabash, Mosab I.; Issa, Suzan Sameer; Mansour, Marwan; Hannoon, Azzam; Gherghina, Stefan Cristian",Ripples of Global Fear: Transmission of Investor Sentiment and Financial Stress to GCC Sectoral Stock Volatility,ECONOMIES,2025,10.3390/economies13110313,"This study analyzes how sectoral stock volatility in the GCC region responds to global financial uncertainty shocks originating from the U.S. (CBOE VIX), Europe (VSTOXX-50), Bitcoin investors' Sentiment Indices (BSI), and disaggregated global Financial Stress Indicators (FSI) by using both the Frequency and Time domain TVP-VAR based connectivity approaches. The Time and Frequency domain TVP-VAR results indicate that the Energy, Financials, Materials and REIT sectors experience the highest shock spillover from the U.S. and European equity market uncertainty (VIX and VSTOXX-50) for the overall and long-term investment horizons. Whereas, all the five disaggregated global financial stress indicators and BSI transmit higher shocks spillovers towards the sectoral stock conditional volatility of Energy and Materials sectors for the overall and long-term investment horizons. Furthermore, the Frequency domain TVP-VAR approach shows that overall shocks spillovers are higher in long-term and intensified during the COVID-19 period. The Energy, Materials, and REIT sectors' high sensitivity to U.S.VIX and Euro.VSTOXX-50 shocks calls for sector-specific hedging-such as sectors remain least susceptibility to long-term U.S. and European equity risk shocks such as Utility. Over the long-term and overall investment horizons, the Energy and Material sectors' position as the main shock recipient from all five global financial stress components and the BSI underscores its role as a volatility hub. Policymakers should enforce stress tests and capital buffers for energy and material focused firms, while proactive liquidity management and commodity hedging are vital during global financial stress and BSI spikes to limit funding and operational risks.",GCC stock market risk; financial stress indicators; sentiment indexes; EGARCH with student's t-copula; TVP-VAR; frequency domain connectedness,IMPULSE-RESPONSE ANALYSIS; TIME-SERIES; MARKET VOLATILITY; CONNECTEDNESS; SPILLOVERS; VIX; UNCERTAINTY; LIQUIDITY; DYNAMICS; IMPACT,Article,Economics,Business & Economics,,English,F4801,Q2,market_volatility_GarchHar_covid
"Ghosh, R; Bagchi, B; Chatterjee, S","Ghosh, Raktim; Bagchi, Bhaskar; Chatterjee, Susmita",The effect of economic policy uncertainty index on the Indian economy in the wake of COVID-19 pandemic,JOURNAL OF ECONOMIC AND ADMINISTRATIVE SCIENCES,2024,10.1108/JEAS-08-2021-0172,"Purpose The paper tries to analyse empirically the impact of India's economic policy uncertainty (EPU) index on different macro-economic variables of India, like import, export, interest rate, exchange rate, inflation rate and stock market during pre-COVID-19 and COVID-19 era. Design/methodology/approach Although there exist several works where relationship and volatility among the stock markets and macro-economic indicators during the COVID-19 pandemic have been estimated, but till now none of the studies examined the effect of EPU index on different macro-economic variables in the Indian context along with the stock market due to the outbreak of COVID-19 pandemic. This is considered a noteworthy gap and hence opens up a new dimension for examination. To get a clear picture, monthly data from January, 2012 to September, 2021 have been considered where January, 2012-February, 2020 is taken as the pre-COVID-19 period and March, 2020-September, 2021 as COVID-19 period. All the data are converted into log natural. The authors applied DCC-GARCH model to investigate the impact of EPU index on volatility of selected variables over the study period across a multivariate framework and Markov regime-switching model to examine the switching over of the variables. Findings The results of dynamic conditional correlation - multivariate generalized autoregressive conditional heteroskedasticity (DCC-MGARCH) model indicates the presence of volatility in the dependent variables arising out of economic policy uncertainty considering the segmentation of the study period into pre-COVID-19 and COVID-19. The results of Markov regime-switching model show the variables make a significant move from low-volatility regime to high-volatility regime due to the presence of COVID-19. Research limitations/implications It can be implied that impact of EPU in terms of volatility on the Indian Stock Market will lead to unfavourable investment conditions for the prospective investors. Even, the different macro-economic variables are to suffer from the volatility arising out of EPU across a long time horizon as confirmed from the DCC-MGARCH model. Originality/value The study is original in nature. It adds superior values from the new and significant findings from the study empirically. Application of DCC-MGARCH model and Markov regime switching model makes the study an innovative one in terms of methodology and findings.",Economic policy uncertainty; COVID-19; Indian economy; DCC-MGARCH; Markov regime-switching model,STOCK-MARKET RETURNS,Article,Economics,Business & Economics,1026-4116,English,C0Y0Q,Q2,market_volatility_GarchHar_covid
"Hussain, M; Bashir, U; Rehman, RU","Hussain, Muntazir; Bashir, Usman; Rehman, Ramiz Ur",Exchange Rate and Stock Prices Volatility Connectedness and Spillover during Pandemic Induced-Crises: Evidence from BRICS Countries,ASIA-PACIFIC FINANCIAL MARKETS,2024,10.1007/s10690-023-09411-0,"This paper investigated exchange rate and stock price volatility connectedness and spillover in Brazil, Russia, India, China, and South Africa (BRICS) during pandemic-induced crises. We first extracted volatility using the Generalized Auto-Regressive Conditional Heteroskedasticity (GARCH) model. Then volatility connectedness and spillover were investigated by using (Diebold and Yilmaz, International Journal of Forecasting, 28(1), 57-66, 2012) method. We find that exchange rate volatility and stock return volatilities are connected during pandemic-induced crises. The study also finds volatilities spillover among countries in the sample. Russia has strong volatility connectedness with India in these financial markets. The direction of volatility spillover is from Russia to India. Similarly, Brazil has strong volatility connectedness with South Africa and the direction volatility spillover is from Brazil to South Africa. Finally, China has a weak volatility connection with the remaining BRICS countries. Thus, the volatility transfer in these financial markets and across BRICS countries has economic implications.",Volatility connectedness; Volatility spillover; Exchange rate; Stock prices; Pandemic,FOREIGN-EXCHANGE; FINANCIAL LIBERALIZATION; MARKET RETURNS; SOUTH-AFRICA; INDIA; OIL; DYNAMICS; IMPACT; MOVEMENTS; BENEFITS,Article,Economics,Business & Economics,1387-2834,English,IQ2E4,Q2,market_volatility_GarchHar_covid
"Yao, XY; Li, JF; Shang, ZZ; Le, W; Li, JP","Yao, Xiaoyang; Li, Jianfeng; Shang, Zezhong; Le, Wei; Li, Jianping",Impacts of COVID-19 on financial markets: from the perspective of financial stress,APPLIED ECONOMICS LETTERS,2023,10.1080/13504851.2021.2009756,"This research analyzes the impacts of COVID-19 on financial markets from the perspective of financial stress. Effects on financial stress and its cross-border spillovers are investigated, respectively. The results show that the stress of a country's financial system is positively correlated with the severity of COVID-19 pandemic the country experiences. Although the volatilities of financial stress increased slightly, the cross-border spillovers have increased significantly after the COVID-19 outbreak. We provide a new insight to the impacts of the COVID-19 and suggest a more prudent look at financial risk management.",COVID-19; financial stress; spillover; GARCH,VOLATILITY,Article,Economics,Business & Economics,1350-4851,English,8J5SE,Q2,market_volatility_GarchHar_covid
"Dat, PT; Khanh, PD; Minh, VD; Trung, NT","Dat, Pham Thanh; Khanh, Pham Dan; Minh, Vu Duy; Trung, Nguyen Thanh",Assessing the impact of the COVID-19 pandemic on the performance of the Vietnam stock exchange: An empirical analysis,INTERNATIONAL JOURNAL OF ADVANCED AND APPLIED SCIENCES,2023,10.21833/ijaas.2023.08.024,"The emergence of COVID-19 in Wuhan, China, in December 2019 led to a global crisis with profound implications for public health and the global economy. This study investigates the ramifications of the pandemic on the Vietnam Stock Exchange, recognizing its interconnectedness with global financial markets. Despite the considerable speculation surrounding the pandemic's influence on economic and financial systems worldwide, limited empirical research has been conducted on its specific impact on the Vietnam Stock Exchange. Employing historical data spanning from January 30, 2020, to April 27, 2022, sourced from a secondary dataset, this research empirically explores the performance of the Vietnam Stock Exchange during the COVID-19 pandemic period compared to a normal period. The findings reveal a significant decline in stock returns and heightened volatility during the pandemic, signaling adverse effects on the exchange's performance. Furthermore, the study applies Quadratic GARCH (QGARCH) and Exponential GARCH (EGARCH) models, incorporating a dummy variable, to scrutinize stock returns. The results corroborate the pandemic's negative impact on stock returns in Vietnam. This research underscores the importance of implementing strategic political and economic policies, including maintaining a stable political environment, promoting indigenous enterprises, diversifying the economy, and adopting a flexible exchange rate regime. These measures are recommended to enhance the resilience of the financial market and attract new investors to the Ho Chi Minh Stock Exchange.(c) 2023 The Authors. Published by IASE. This is an open access article under the CC BY-NC-ND license (http://creativecommons.org/licenses/by-nc-nd/4.0/).",COVID-19; Vietnam stock exchange; Stock returns; Volatility; GARCH models; Financial market,,Article,Multidisciplinary Sciences,Science & Technology - Other Topics,2313-626X,English,U2TI0,Q2,market_volatility_GarchHar_covid
"Esparcia, C; Jareño, F; Umar, Z","Esparcia, Carlos; Jareno, Francisco; Umar, Zaghum",Revisiting the safe haven role of Gold across time and frequencies during the COVID-19 pandemic,NORTH AMERICAN JOURNAL OF ECONOMICS AND FINANCE,2022,10.1016/j.najef.2022.101677,"This research empirically evaluates the potential diversification benefits of Gold during the COVID-19 pandemic period, when including it in equity-based asset allocation strategies. This study proposes minimum VaR portfolios, with monthly rebalance and different wavelet scales (short-run, mid-run and long-run), doing both an in-sample and out-of-sample analysis. We find much more unstable weights as the frequency of the decomposition becomes lower, and strong evidence of the outperformance of the mid-run decompositions over the rest of active management strategies and the passive management of buy and hold the variety of single equity indices. Thus, we may shed some light on the role of Gold as a safe haven when properly filtering aggregated data.",MODWT; ADCC-GARCH; COVID-19; Gold; Stock markets,STOCK MARKETS; PORTFOLIO SELECTION; CRUDE-OIL; US STOCK; VOLATILITY; GARCH; HEDGE; RISK; DEPENDENCE; SPILLOVER,Article,"Business, Finance; Economics",Business & Economics,1062-9408,English,1C8IQ,Q2,market_volatility_GarchHar_covid
"Sattar, MA; Shenjunxin; Naeem, M; Zaman, MF; Waseem, M","Sattar, Muhammad Atif; Shenjunxin; Naeem, Muhammad; Zaman, Muhammad Fakhar; Waseem, Muhammad",Optimization in volatility estimation for imperfect financial markets: a GARCH modeling analysis,JOURNAL OF APPLIED ECONOMICS,2026,10.1080/15140326.2026.2656018,"This study aims to enhance the accuracy of volatility estimation in imperfect financial markets, particularly during the COVID-19 pandemic and non-pandemic periods. It also examines the dynamic behavior of volatility, focusing on how market imperfections influence volatility, particularly during periods of crisis like COVID-19. The study investigates the extent to which COVID-19 triggers changes in information content, which, in turn, affects volatility. The research proposes a GARCH-X framework that incorporates various market imperfections as exogenous variables (Model 1), the interaction between COVID-19 and asymmetric information (Model 2), and the degree of imperfection as an exogenous variable (Model 3). A refined contribution of this study is the use of entropy to measure market imperfections and the degree of imperfection. All models yield significant results, signifying that market imperfections influence volatility behavior. An empirical finding nominating that the proposed model is superior to conventional GARCH models in both in-sample and out-of-sample periods.",Volatility estimation; market imperfections; GARCH modeling; shannon entropy; G10-General; G12-Asset pricing; Trading Volume; Bond Interest Rates; G19-Other; G15-International Financial Markets,INFORMATION; RETURNS; RISK,Article,Economics,Business & Economics,1514-0326,English,GL1BN,Q2,market_volatility_GarchHar_covid
"Iqbal, N; Manzoor, MS; Bhatti, MI","Iqbal, Najam; Manzoor, Muhammad Saqib; Bhatti, Muhammad Ishaq",Asymmetry and Leverage with News Impact Curve Perspective in Australian Stock Returns' Volatility during COVID-19,JOURNAL OF RISK AND FINANCIAL MANAGEMENT,2021,10.3390/jrfm14070314,"This paper studies the effect of COVID-19 on the volatility of Australian stock returns and the effect of negative and positive news (shocks) by investigating the asymmetric nature of the shocks and leverage impact on volatility. We employ a generalised autoregressive conditional heteroskedasticity (GARCH) model and extend the analysis using the exponential GARCH (EGARCH) model to capture asymmetry and allegedly leverage. We proxy the news related to the negative effect of COVID-19 on the Australian health system and its economy as bad news, and on the other hand, measures taken by government economic stimulus packages through their monetary and fiscal policies as good news. The S&P ASX200 (ASX-200) index is used as a proxy to the Australian stock market, and we use value-weighted returns of the stocks listed on ASX-200 for the period 27 January 2020 to 29 December 2020. The empirical results suggest the EGARCH model fits better in capturing asymmetry and leverage than the GARCH model in estimating the volatility of the Australian stock returns. However, another interesting finding is that the EGARCH model with volatility equation without news demonstrates a larger (smaller) leverage effect of the negative (positive) shocks on the conditional volatility compared to its variant with the news.",Australian stock market; volatility; COVID-19; GARCH; EGARCH; news impact curve,OIL PRICES; INTEREST-RATES; MARKETS; DEMAND; MODEL,Article,"Business, Finance",Business & Economics,1911-8066,English,TO3AH,Q2,market_volatility_GarchHar_covid
"Chaudhary, R; Bakhshi, P; Gupta, H","Chaudhary, Rashmi; Bakhshi, Priti; Gupta, Hemendra",Volatility in International Stock Markets: An Empirical Study during COVID-19,JOURNAL OF RISK AND FINANCIAL MANAGEMENT,2020,10.3390/jrfm13090208,"Predicting volatility is a must in the finance domain. Estimations of volatility, along with the central tendency, permit us to evaluate the chances of getting a particular result. Financial analysts are frequently challenged with the assignment of diversifying assets in order to form efficient portfolios with a higher risk to reward ratio. The objective of this research is to analyze the influence of COVID-19 on the return and volatility of the stock market indices of the top 10 countries based on GDP using a widely applied econometric model-generalized autoregressive conditional heteroscedasticity (GARCH). For this purpose, the daily returns of market indices from January 2019 to June 2020 were taken into consideration. The results reveal daily negative mean returns for all market indices during the COVID period (January 2020 to June 2020). Though the second quarter of the COVID period reflects a bounce back for all market indices with altered strengths, the volatility remains higher than in normal periods, signaling a bearish tendency in the market. The COVID variable, as an exogenous variance regressor in GARCH modeling, is found to be positive and significant for all market indices. Furthermore, the results confirmed the mean-reverting process for all market indices.",volatility; GARCH; stock market; risk; crisis; coronavirus; GDP,SKEWNESS; MODELS; RETURN; RISK; CAPM,Article,"Business, Finance",Business & Economics,1911-8066,English,OB1EU,Q2,market_volatility_GarchHar_covid
"Balaban, S; Milenkovic, I; Joksimovic, M","Balaban, Suzana; Milenkovic, Ivan; Joksimovic, Marijana",The euro exchange rate's resistance to the exogenous shock caused by COVID-19,STRATEGIC MANAGEMENT,2025,10.5937/StraMan2300059B,"Background: The COVID-19 pandemic represents the greatest exogenous global shock in the last few decades, which has deeply affected the macro-economic aggregates around the world. Bearing in mind that COVID-19 pandemic is an exogenous shock; its effect on the macro-economic aggregates will take time to be analysed, while it has a persistent impact on the financial markets. Purpose: One-third of the transactions worldwide includes the euro. Hence, the main objective of this study is to estimate the euro exchange rate's resistance to the exogenous shock caused by the COVID-19 pandemic. Study design/methodology/approach: This paper employs the General AutoRegressive Conditional Heteroskedasticity (GARCH) model to examine the EUR/USD exchange rate's resistance to the global exogenous shock caused by the COVID-19. In other words, the authors try to find an answer to question whether the COVID-19 pandemic affects the EUR/USD exchange rate volatility. Finding/conclusions: The results show that the COVID-19 pandemic has no effect on the EUR/USD exchange rate volatility in the long run. These results may confirm our assumption of the resistance of the financial market to the exogenous shock and are useful for anyone needing forecasts of the exchange rate futures movements. The obtained results produce pragmatic expertise in order to manage exchange rate risk and should support policymakers to advance exchange rate policy. Limitations/future research: As a limitation of this study, the authors state the estimation of the euro exchange rate`s resistance to only one exogenous shock, caused by COVID-19. Bearing in mind that in the considered period was also the world economic crises which might have caused a higher volatility then COVID-19, for further research the authors propose an examination of the detailed estimation of the euro exchange rate`s resistance to different exogenous shocks.",COVID-19; GARCH; EUR/USD volatility; Financial market; Shock resistance,RARE DISASTERS; MARKETS,Article,Management,Business & Economics,1821-3448,English,8GJ5B,Q2,market_volatility_GarchHar_covid
"García, JS; Rambaud, SC","Garcia, Javier Sanchez; Rambaud, Salvador Cruz",Volatility spillovers between oil and financial markets during economic and financial crises: A dynamic approach,JOURNAL OF ECONOMICS AND FINANCE,2023,10.1007/s12197-023-09634-x,"Volatility in international oil markets is a recurrent phenomenon which causes spillovers on financial markets. However, a bidirectional comparison between the dynamic behavior of economic and financial crises has not been documented yet. This paper addresses this research question by employing a combined GARCH-VAR-Spillover Index methodology to measure the volatility of the WTI and the Brent in order to analyze its relationship with the SP500, NASDAQ, DAX and the IBEX for a sample corresponding to the period [2000:01, 2021:04]. Specifically, this paper compares the dynamic behavior of spillovers during the 2007-2009 financial crisis (taken as the financial crisis) and the COVID-19 pandemic (taken as the economic crisis). It has been found that there exists statistically significant net volatility shocks and spillovers from oil to stocks markets in the majority of cases and periods. These spillovers are bidirectional, and the net relationship is reversed depending on the market and the time period. The dynamic behavior of such spillovers depends on the region, being the USA more reactive to the source of the crisis than Europe. In particular, in the USA when the crisis is originated by financial shocks, financial markets are net transmitters of volatility to oil markets. When the source of the shock is economic, oil markets are net transmitters of volatility to stocks markets. This is not the case for Europe, where financial markets seem to be either transmitters or receivers of volatility no matter the source of the shock. In general, our study offers new evidence to understand macro-financial linkages.",Price volatility; International oil markets; COVID-19 pandemic; GARCH models; Forecasting and simulation; C22; C53; C58; E31; F40; E30,EQUITY RETURNS; PRICES; COMMODITY; RISK,Article,"Business, Finance; Economics",Business & Economics,1055-0925,English,CB9V0,Q2,market_volatility_GarchHar_covid
"Sharma, V; Anand, GS","Sharma, Varun; Anand, Gargie S.",An Integrated Mean-Variance Model for Assessing Risk-adjusted Market Efficiency and Shifts in Investors' Behaviour: Evidence from the Indian Stock Market,GLOBAL BUSINESS REVIEW,2026,10.1177/09721509251415309,"The study uses mean-variance modelling to examine market anomalies and test the existence of the market in the Indian stock market. The analysis includes leading firms by market capitalization across sectors, focusing on daily log returns and excess returns over short-, medium- and long-term horizons. A novel integrated model, combining mean and variance properties through both mean modelling and Generalized Autoregressive Conditional Heteroskedasticity (GARCH) estimation, is applied to capture risk-adjusted market anomaly effects and their implications for investors. The findings highlight persistent and statistically significant anomalies that question the validity of market efficiency. These anomalies are most pronounced during periods of heightened market volatility caused by global events, such as the COVID-19 pandemic, the Russia-Ukraine conflict and other geopolitical crises, challenging the validity of the market availability. Negative 'Monday' and positive 'Tuesday' effects are consistently observed across all stocks, with variations in their magnitude and direction after applying risk adjustments. Compared to mean modelling, the integrated approach reveals volatility patterns and yields higher or lower risk-adjusted returns. The study demonstrates how to capitalize on positive returns from the market anomalies while managing risks.",Market anomalies; trading strategies; ESG; GARCH; integrated model; market efficiency; Indian stock market,ANOMALIES,Article; Early Access,Business; Management,Business & Economics,0972-1509,English,CU3XI,Q2,market_volatility_GarchHar_covid
"Kulikova, MV; Kulikov, GY","Kulikova, M. V.; Kulikov, G. Yu.",Estimation of market efficiency process within time-varying autoregressive models by extended Kalman filtering approach,DIGITAL SIGNAL PROCESSING,2022,10.1016/j.dsp.2022.103619,"This paper explores a time-varying version of weak-form market efficiency that is a key component of the so-called Adaptive Market Hypothesis (AMH). One of the most common methodologies used for modeling and estimating a degree of market efficiency lies in an analysis of the serial autocorrelation in observed return series. Under the AMH, a time-varying market efficiency level is modeled by time-varying autoregressive (AR) process and traditionally estimated by the Kalman filter (KF). Being a linear estimator, the KF is hardly capable to track the hidden nonlinear dynamics that is an essential feature of the models under investigation. The contribution of this paper is threefold. We first provide a brief overview of time-varying AR models and estimation methods utilized for testing a weak-form market efficiency in econometrics literature. Secondly, we propose novel accurate estimation approach for recovering the hidden process of evolving market efficiency level by the extended Kalman filter (EKF). Thirdly, our empirical study concerns an examination of the Standard and Poor's 500 Composite stock index and the Dow Jones Industrial Average index. Monthly data covers the period from November 1927 to June 2020, which includes the U.S. Great Depression, the 2008-2009 global financial crisis and the first wave of recent COVID-19 recession. The results reveal that the U.S. market was affected during all these periods, but generally remained weak-form efficient since the mid of 1946 as detected by the estimator.(c) 2022 Elsevier Inc. All rights reserved.",Adaptive market hypothesis; Degree of market inefficiency; Time-varying autoregressive models; GARCH models; Extended Kalman filter,COMPRESSED VECTOR AUTOREGRESSION; STOCK MARKETS; EVOLUTION; VOLATILITY; RETURN; STATE; US,Article,"Engineering, Electrical & Electronic",Engineering,1051-2004,English,2N9XA,Q2,market_volatility_GarchHar_covid
"Go, YH; Teo, JJ; Chan, KF","Go, You-How; Teo, Jia-Jun; Chan, Kam Fong",The effectiveness of crude oil futures hedging during infectious disease outbreaks in the 21st century,JOURNAL OF FUTURES MARKETS,2023,10.1002/fut.22447,"This study analyzes the hedging effectiveness of crude oil futures during infectious disease outbreaks in the 21st century. The conditional volatility of crude oil markets experienced a greater shock during the coronavirus disease 2019 (COVID-19) pandemic than during the severe acute respiratory syndrome and swine-origin influenza A outbreaks. The sharp decline in the conditional correlation of crude oil markets following the onset of COVID-19 increases the persistence of shocks to correlations, thereby diminishing the effectiveness of futures contracts as a hedging instrument.",COVID-19; crude oil futures; hedging effectiveness; SARS,BIVARIATE GARCH ESTIMATION; STOCK INDEX FUTURES; VOLATILITY; MARKET; RATIO; PERFORMANCE; EFFICIENCY; DEMAND; PRICES; SHOCKS,Article,"Business, Finance",Business & Economics,0270-7314,English,T8IM7,Q2,market_volatility_GarchHar_covid
"Apostolakis, GN; Floros, C; Gkillas, K; Wohar, M","Apostolakis, George N.; Floros, Christos; Gkillas, Konstantinos; Wohar, Mark","Financial stress, economic policy uncertainty, and oil price uncertainty",ENERGY ECONOMICS,2021,10.1016/j.eneco.2021.105686,"The role of non-financial sector market fluctuations such as the role of oil price uncertainty either on financial stability or on policy-related economic uncertainty has not been investigated extensively. This study examines the connectedness of financial stress and economic policy uncertainty with a non-financial market of Brent oil and its prices, by employing a Diebold and Yilmaz (2012, 2014) generalized framework and a TVP-VAR model specification. We use monthly series of 7 advanced countries, namely the US, UK, Canada, Japan, Germany, France, and Italy and 2 different indices for measuring financial stress (FSI) and economic policy uncertainty (EPU), over the period 2007-2020. Furthermore, the literature on oil price uncertainty and its effect on financial stress and on economic policy uncertainty is scarce. We additionally, examine the impact of oil price volatility on FSI and on EPU, by employing a structural VAR-GARCH-M model specification and IRFs analysis. Our results from the dynamic connectedness analysis indicate that during the COVID-19 pandemic, spillovers have increased substantially but not exceeded the Global Financial Crises 2007 levels. Finally, our estimation results from the IRFs analysis reveal that oil price uncertainty is associated with higher financial stress for some of the G7 countries while it is not related to economic policy uncertainty.","FSI, financial stress; Financial stability; Economic policy uncertainty; EPU; Oil price shock; Spillovers; GARCH-M; Impulse responses; Pandemic",IMPULSE-RESPONSE ANALYSIS; CRUDE-OIL; STOCK MARKETS; VOLATILITY TRANSMISSION; EXCHANGE-RATE; SHOCKS; SPILLOVERS; RETURNS; IMPACT; US,Article,Economics,Business & Economics,0140-9883,English,XL8WP,Q2,market_volatility_GarchHar_covid
"Ouakil, H; Kartobi, SE; Salhi, Z; Elhachimi, Z","Ouakil, Hicham; Kartobi, Salah Eddine; Salhi, Zakaria; Elhachimi, Zineb","Hedging MENA stock markets with gold, oil, and cryptocurrencies: evidence from the COVID-19 pandemic and Russia-Ukraine war periods",EURASIAN ECONOMIC REVIEW,2026,10.1007/s40822-025-00347-6,"This study investigates the effectiveness of gold, oil, and cryptocurrencies as hedges for MENA stock markets during periods of significant financial turmoil, including the COVID-19 pandemic and the Russia-Ukraine war. Given the increasing volatility and global integration of these markets, understanding the role of alternative assets in risk mitigation is crucial for investors. We employ a suite of multivariate GARCH models, including the DCC, ADCC, and GO-GARCH models, to analyze the dynamic correlations between daily data of MENA stock indices, gold, oil, and cryptocurrencies (Bitcoin, Ethereum, and Tether) from March 2016 to December 2024. The study calculates hedge ratios, optimal weights, and evaluates the hedging effectiveness of each asset. The results consistently reveal that gold and oil serve as effective hedges for MENA stock indices, particularly during times of crisis. Cryptocurrencies show varying degrees of hedging effectiveness, with Tether emerging as the most reliable hedge during crises, whereas Bitcoin and Ethereum exhibit less stable hedging properties. This research contributes to the literature on investment risk management and portfolio construction by providing empirical evidence on the hedging roles of these assets, offering valuable insights for investors and portfolio managers seeking robust risk mitigation strategies in a volatile global economy.",Hedging effectiveness; MENA stock markets; DCC-GARCH; ADCC-GARCH; GO-GARCH; COVID-19; Russia-Ukraine war; F65; G11; G15,SAFE HAVEN PROPERTIES; VOLATILITY SPILLOVERS; BITCOIN; PRICES; BONDS; INVESTMENT; HEDGES; DCC,Article,Economics,Business & Economics,1309-422X,English,FT0CX,Q2,market_volatility_GarchHar_covid
"Kumar, M; Gupta, A","Kumar, Mohit; Gupta, Arushi",17 Months of the Pandemic: A Study of the Stress Spillover Among the BRICS Countries During COVID-19,VISION-THE JOURNAL OF BUSINESS PERSPECTIVE,2025,10.1177/09722629221074900,"This study examines the stress spillover of the stock market, bond market and exchange market among the BRICS countries during the COVID-19 pandemic. Following the principal component analysis approach, a composite stress index is developed for each country to measure the stress level in BRICS. We use the dynamic conditional correlation-generalized autoregressive conditional heteroskedasticity (DCC-GARCH) approach to investigate the dynamic connectedness among the countries. While the stress in the stock market and exchange market is measured by their respective volatility, the bond market fluctuation is examined by using the yield spreads between the 10-year government bonds yield of BRICS countries and 10-year government bond yield of the United States. The study finds that among all the BRICS countries, India and China have been major transmitters as well as receivers of the stress spillover. The findings of our study contribute to the literature by highlighting the importance of understanding the behaviour and interconnectedness of the economies in a group. The study also provides valuable insights to policymakers who need to be more vigilant about the financial crisis and spillover among the countries.",COVID-19; Spillover; PCA; DCC-GARCH; Stress Index; BRICS,IMPULSE-RESPONSE ANALYSIS; FINANCIAL STRESS; BANKING; IMPACT; MARKET,Article,Business; Management,Business & Economics,0972-2629,English,4CE3Q,Q2,market_volatility_GarchHar_covid
"Chen, CWS; Chien, CTH","Chen, Cathy W. S.; Chien, Cindy T. H.",Improving Quantile Forecasts via Realized Double Hysteretic GARCH Model in Stock Markets,COMPUTATIONAL ECONOMICS,2024,10.1007/s10614-024-10563-y,"This research introduces a realized double hysteretic GARCH (R-dhGARCH) model with a skew Student's t distribution designed to improve quantile forecasts by allowing regime-switching in both volatility and measurement equations. The nonlinear model is flexible, accommodating both explosive persistence and high volatility in the first regime and effectively capturing extreme values within the volatility and measurement equations. Bayesian methods are proposed for estimating the unknown parameters of a target model while also forecasting value-at-risk (VaR) and expected shortfall (ES) simultaneously. An adaptive MCMC algorithm serves to sample from nonstandard posterior distributions. Illustrations of the proposed methods occur through a simulation study as well as from real examples. In the simulation study, parameter estimates and tail forecasts undergo evaluation. Daily data from four stock markets form the VaR and ES forecasts for a four-year out-of-sample period, including the COVID-19 pandemic period. Backtests, scoring functions, and Murphy diagrams help assess the models' forecasts. The results show that the R-dhGARCH model outperforms other models in the U.S., Japan, and South Korea markets.",Nonlinear model; Hysteretic effect; Markov chain Monte Carlo method; Value-at-risk; Expected shortfall; Skew Student's t distribution; Murphy diagrams,VALUE-AT-RISK; CONDITIONAL HETEROSCEDASTICITY; VOLATILITY; VARIANCE; POST,Article,"Economics; Management; Mathematics, Interdisciplinary Applications",Business & Economics; Mathematics,0927-7099,English,N6M9E,Q2,market_volatility_GarchHar_covid
"Li, ZJ; Meng, QY","Li, Zijian; Meng, Qiaoyu",Time and frequency connectedness and portfolio diversification between cryptocurrencies and renewable energy stock markets during COVID-19,NORTH AMERICAN JOURNAL OF ECONOMICS AND FINANCE,2022,10.1016/j.najef.2021.101565,"The assessment of the time and frequency connectedness between cryptocurrencies and renewable energy stock markets is of key interest for portfolio diversification. In this paper, we utilize weekly data from 07 August 2015 to 26 March 2021 to document the dynamics and portfolio diversification from a fresh cryptocurrencies-renewable energy perspective. Our time-frequency domain spillovers results reveal that renewable energy stocks are the main spillover contributors in the connectedness system and the short-run spillovers dominate their long-run counterparts. Furthermore, investors can gain more profits through short-run transactions in our portfolio design and we can optimize portfolios by investing a large portion in cryptocurrencies. A fascinating fact is that the COVID-19 pandemic can reverse the effectiveness of our hedging strategy.",Connectedness; Portfolio diversification; Cryptocurrencies; Renewable energy; COVID-19,ECONOMIC-POLICY UNCERTAINTY; GJR-GARCH MODEL; CO-MOVEMENT; BITCOIN; OIL; VOLATILITY; WAVELET; GOLD; PREDICTABILITY; RETURNS,Article,"Business, Finance; Economics",Business & Economics,1062-9408,English,WM9BM,Q2,market_volatility_GarchHar_covid
"Belhassine, O; Karamti, C","Belhassine, Olfa; Karamti, Chiraz",Contagion and portfolio management in times of COVID-19,ECONOMIC ANALYSIS AND POLICY,2021,10.1016/j.eap.2021.07.010,"This paper aims to investigate the COVID-19 pandemic impacts on the interconnectedness between the Chinese stock market and major financial and commodity markets-gold, silver, Bitcoin, WTI, S&P 500, and Euro STOXX 50-and analyze the portfolio design implications. Using daily data from 2018 to 2021, we first apply the wavelet power spectrum (WPS) to visualize volatility shifts. In contrast to previous research, we empirically identify the precise COVID-19 outbreak dates for each market using the Perron (1997) breakpoint test. Finally, we employ the bivariate DCC-GARCH model to analyze the connectedness between markets. The findings reveal that the COVID-19 pandemic caused volatility shifts of different intensities for all of the studied markets. Moreover, each return series exhibits one break date, which is specific to each market and corresponds to a distinct COVID-19-related event. Correlations, hedge ratios, and optimal portfolio weights changed significantly after the COVID-19 outbreak. There is evidence of contagion effects between the Chinese stock market and S&P 500, Euro STOXX 50, gold, and silver. Interestingly, the latter two assets lost their safe haven property with SSE. However, WTI and Bitcoin act as safe havens against SSE risks. (C) 2021 Economic Society of Australia, Queensland. Published by Elsevier B.V. All rights reserved.",COVID-19; China; Dynamic conditional correlations; Hedge ratios; Volatility; Break dates,SAFE HAVEN; OIL; HEDGE,Article,Economics,Business & Economics,0313-5926,English,XG5KM,Q2,market_volatility_GarchHar_covid
"Rodrigues, GAP; Serrano, ALM; Saiki, GM; de Oliveira, MN; Vergara, GF; Fernandes, PAG; Gonçalves, VP; Neumann, C","Rodrigues, Gabriel Arquelau Pimenta; Serrano, Andre Luiz Marques; Saiki, Gabriela Mayumi; de Oliveira, Matheus Noschang; Vergara, Guilherme Fay; Fernandes, Pedro Augusto Giacomelli; Goncalves, Vinicius Pereira; Neumann, Clovis",Signs of Fluctuations in Energy Prices and Energy Stock-Market Volatility in Brazil and in the US,ECONOMETRICS,2024,10.3390/econometrics12030024,"Volatility reflects the degree of variation in a time series, and a measurement of the stock performance in the energy sector can help one understand the pattern of fluctuations within this industry, as well as the factors that influence it. One of these factors could be the COVID-19 pandemic, which led to extreme volatility within the stock market in several economic sectors. It is essential to understand this regime of volatility so that robust financial strategies can be adopted to handle it. This study used stock data from the Yahoo! Finance API and data from the energy-price database from the US Energy Information Administration to conduct a comparative analysis of the volatility in the energy sector in Brazil and in the United States, as well as of the energy prices in California. The volatility in these time series were modeled using GARCH. The stock volatility regimes, both before and after COVID-19, were identified with a Markov switching model; the spillover index between the energy markets in the USA and in Brazil was evaluated with the Diebold-Yilmaz index; and the causality between the energy stock price and the energy prices was measured with the Granger causality test. The findings of this study show that (i) the volatility regime introduced by COVID-19 is still prevalent in Brazil and in the USA, (ii) the changes in the energy market in the US affect the Brazilian market significantly more than the reverse, and (iii) there is a causality relationship between the energy stock markets and the energy prices in California. These results may assist in the achievement of effective regulation and economic planning, while also supporting better market interventions. Also, acknowledging the persistent COVID-19-induced volatility can help with developing strategies for future crisis resilience.",energy stocks; energy price; time series; volatility,ECONOMIC-GROWTH; CONSUMPTION,Article,Economics,Business & Economics,,English,H5B2D,Q2,market_volatility_GarchHar_covid
"Min, FS; Ab Razak, NH; Kamarudin, F; Zakaria, N","Min, Foo Siong; Ab Razak, Nazrul Hisyam; Kamarudin, Fakarudin; Zakaria, Nadisah",The Volatility and Risk-Return Trade-Off of Malaysian Islamic and Conventional Indexes During the Global Financial Crisis and COVID-19 Pandemic,ASIAN JOURNAL OF BUSINESS AND ACCOUNTING,2023,10.22452/ajba.vol16no2.1,"Manuscript type: Research paper Research aims: This study aims to investigate the volatility characteristics and risk-return trade-off of Islamic and conventional indexes in the Malaysian market. Design/Methodology/Approach: The research covers the daily data of the period from August 2007 to December 2022, divided into four distinct periods: the full sample, the period during and after the 200708 financial crisis, and the period during the COVID-19 pandemic. The research employs a hybrid model that combines ARIMA with GARCH family models. Research findings: In this research, both Islamic and conventional indexes in the Malaysian market demonstrate a memory effect, emphasising the persistence of market volatility through the influence of past volatility. Additionally, historical data, represented by lagged values, significantly shape volatility, while negative shocks have an immediate and pronounced impact compared to positive shocks, providing valuable insights for investors and risk management. Lastly, during the COVID-19 crisis, the conventional index showed no leverage effect, and the Islamic index lacked safe haven characteristics, making this crisis unique in the Malaysian financial context. Theoretical contribution/Originality: This research contributes to the understanding of market volatility dynamics in the Malaysian context by utilising a hybrid ARIMA-GARCH model. The identification of memory effects, asymmetric responses, and the unique characteristics observed during the COVID-19 crisis adds to the body of knowledge on financial market behaviour. Practitioner/Policy implication: The findings of this study have practical implications for investors and supervisory entities operating in the Malaysian market. Understanding the persistence of volatility and the differential impact of positive and negative shocks can help investors make more informed decisions, while regulators can use this information to quantify and manage market volatility effectively. Research limitation/Implications: The limitation of the present study is that the results may be influenced by the selection of the sample period, potentially yielding different outcomes depending on market conditions, such as the presence of bull or bear markets, periods of high or low volatility, or other contextual factors.","Islamic Index,; GARCH Family Models,; Risk return Trade Offf; Asymmetric volatility; Market Efficiency",STOCK MARKETS,Article,"Business, Finance",Business & Economics,1985-4064,English,EF0M2,Q2,market_volatility_GarchHar_covid
"Hongsakulvasu, N; Khiewngamdee, C; Liammukda, A","Hongsakulvasu, Napon; Khiewngamdee, Chatchai; Liammukda, Asama",Does COVID-19 Crisis Affects the Spillover of Oil Market's Return and Risk on Thailand's Sectoral Stock Return?: Evidence from Bivariate DCC GARCH-in-Mean Model,INTERNATIONAL ENERGY JOURNAL,2020,,"This paper utilizes a bivariate DCC GARCH-in-Mean model to capture the spillover of Singapore's oil market risk and return on Thailand's stock market return by using daily data of 11 stock indices include 1 market level, 8 industry levels and 2 sector levels. For the period before COVID-19 appearance from October 5, 2016 to October 31, 2019, we found that Singapore's oil market return had a significant positive effect on the return of Resources, Industrials, Petrochemicals and Chemicals, Energy and Utilities and Stock Exchange of Thailand while Singapore's oil market risk had a significant negative effect on Consumer Products, Industrials and Petrochemicals and Chemicals. For the period during COVID-19 crisis from November 1, 2019 to June 8, 2020, we found that Singapore's oil market return had a significant positive effect on every category of Thailand's stock return while Singapore's oil market risk had a significant negative effect on Financials, Consumer Products, Agro and Food Industry, Property and Construction, Services and Stock Exchange of Thailand. We found that the spillover of Singapore's oil price return on Thailand's sectoral stock return became aggressively higher during COVID-19 crisis. According to our results, we can conclude that the investors consider Singapore's Oil market and Thailand's stock market as a complimentary investment product in their portfolio. Moreover, the investors consider Singapore's oil market volatility as a signal of incoming recession or crisis to withdraw their investment from Thailand's stock market. In addition, our study found the evidence that the daily changing of COVID-19 anxiousness had a significant negative effect on every category of Thailand's stock return. The DCC estimation results showed that the correlation between Singapore's oil market return and Thailand's sectoral stock return was varying over time and became more fluctuated during COVID-19 crisis.",bivariate GARCH in mean model; COVID-19; dynamic conditional correlation; Singapore's oil market; Thailand's stock market,DYNAMIC CONDITIONAL CORRELATION; PRICE SHOCKS; CRUDE-OIL; VOLATILITY; EUROPE; IMPACT; US,Article,Energy & Fuels,Energy & Fuels,1513-718X,English,PA9WF,Q2,market_volatility_GarchHar_covid
"Gabriel, VMD; Neves, MED; Vieira, E; Reis, PMN","Gabriel, Vitor Manuel de Sousa; Neves, Maria Elisabete Duarte; Vieira, Elisabete; Reis, Pedro M. Nogueira","Connectedness between low carbon portfolios, economy and finance: the role of pandemic crisis and Ukrainian war",SOCIETY AND BUSINESS REVIEW,2023,10.1108/SBR-06-2022-0179,"PurposeThe purpose of this work is to study the connections generated between stock market indices, representing firms whose practices focus on fighting climate change and several global risk factors in accordance with the sustainability objectives defined in the 2030 Agenda. An endogenous perspective is adopted, considering the spillovers generated within the low carbon stock market sector, as well as the latter's exposure to exogenous shocks of an economic and financial nature. Design/methodology/approachThis work uses a multivariate model of dynamic correlation (GARCH-corrected dynamic conditional correlation [cDCC]), which can accompany the correlations generated over time. FindingsConsidering five low carbon indices, representing various parts of the world, and four global macro-economic and financial variables, over a period of approximately eight years, it was possible to understand that the variables studied transmit between each other a statistically significant spillover. The period of the pandemic crisis shows a sharp increase in the information transmission process. It was also possible to conclude that some global variables are risk factors, performing the role of transmission channels for the spillover effects to low carbon indices, increasing the risk of contagion and reducing the possibilities of diversifying the investment portfolio. Originality/valueFirstly, this work analyses the connection and spillover effects between low carbon indices. Secondly, considers an extended sample covering different market phases, particularly that of the pandemic crisis and the Ukrainian War, creating conditions to compare connection patterns between those indices. Thirdly, it studies the variable influence over time of global risk factors in the transmission of spillover between low carbon indices.",Low carbon investment; Connectivity; Portfolio diversification; Pandemic crisis,STOCK-MARKET RETURNS; AUTOREGRESSIVE CONDITIONAL HETEROSCEDASTICITY; VOLATILITY SPILLOVERS; POLICY UNCERTAINTY; OIL; INVESTMENTS; PERFORMANCE; CONTAGION; ENERGY; COUNTRIES,Article,Business,Business & Economics,1746-5680,English,M9IM0,Q2,market_volatility_GarchHar_covid
"Apergis, N; Mustafa, G; Malik, S","Apergis, Nicholas; Mustafa, Ghulam; Malik, Shafaq","COVID-19 pandemic, stock returns, and volatility: the role of the vaccination program in Canada",APPLIED ECONOMICS,2022,10.1080/00036846.2022.2036688,"This paper examines how stock returns and volatility in the Canadian stock market have been affected by both the COVID-19 pandemic and the associated vaccination program. The empirical analysis is based on the generalized autoregressive conditionally heteroskedastic model which explicitly allows the inclusion of information on the COVID-19 pandemic and the vaccination program. The analysis uses daily Canadian equity returns and volatility, spanning the period 27 January 2020, to 31 August 2021. The findings provide evidence that the COVID-19 pandemic exerts a significant negative impact on the mean of Canadian stock returns and a positive impact on their volatility. In contrast, the findings provide novel evidence that the vaccination program in Canada has reversed these detrimental effects.",Stock market returns; volatility returns; COVID-19; vaccination program; Canada; GARCH-X model,INVESTOR SENTIMENT; NATURAL DISASTERS; EMERGING MARKETS; IMPACT; CONTAGION; RISK,Article,Economics,Business & Economics,0003-6846,English,2T6QT,Q2,market_volatility_GarchHar_covid
"Vikram; Mohanty, D; Agrawal, A","Vikram; Mohanty, Debasis; Agrawal, Archa",The outbreak of COVID-19 pandemic and its impact on volatility of Indian stock market: evidence from top ten stocks of Bombay Stock Exchange,AFRICAN JOURNAL OF ACCOUNTING AUDITING AND FINANCE,2022,,"This study estimates the influence of COVID-19 on the volatility of the top ten companies of the Indian stock market. For the purpose of estimation, daily return series of these companies have been examined for a period of five years from May 2016 to May 2021. COVID-19 as variance exogenous in the GARCH (1, 1) model was employed. The time period is divided into three phases, pre-COVID (2016-2019), first phase of COVID (2020), and the second phase (2021). The results reveal that there has been a significant impact of COVID-19 on the volatility of the companies. HDFC Bank has considered being the most volatile of all, whereas, Infosys is considered the least volatile of all, taking only three days to die out the change. The study can be of most relevant to portfolio managers and financial analyst to make an informed decision regarding the diversification of their portfolio.",COVID-19; volatility; capitalisation; GARCH; stock exchange,,Article,"Business, Finance",Business & Economics,2046-8083,English,2R5YF,Q2,market_volatility_GarchHar_covid
"Ballester, L; Escrivá, AM; González-Urteaga, A","Ballester, Laura; Escriva, Ana Monica; Gonzalez-Urteaga, Ana",The Nexus between Sovereign CDS and Stock Market Volatility: New Evidence,MATHEMATICS,2021,10.3390/math9111201,"This paper extends the studies published to date by performing an analysis of the causal relationships between sovereign CDS spreads and the estimated conditional volatility of stock indices. This estimation is performed using a vector autoregressive model (VAR) and dynamically applying the Granger causality test. The conditional volatility of the stock market has been obtained through various univariate GARCH models. This methodology allows us to study the information transmissions, both unidirectional and bidirectional, that occur between CDS spreads and stock volatility between 2004 and 2020. We conclude that CDS spread returns cause (in the Granger sense) conditional stock volatility, mainly in Europe and during the sovereign debt crisis. This transmission dynamic breaks down during the COVID-19 period, where there are high bidirectional relationships between the two markets.",CDS sovereign spread; conditional volatility; GARCH; VAR; Granger causality,CREDIT DEFAULT SWAP; EMPIRICAL-ANALYSIS; RISK; CAUSALITY; RETURNS; SPREADS; EQUITY,Article,Mathematics,Mathematics,,English,SR7IK,Q2,market_volatility_GarchHar_covid
"Maharana, N","Maharana, Narayana",Dynamic Hedging and Risk Optimization: Evidence from Sectoral Indices in the Indian Stock Market,GLOBAL BUSINESS REVIEW,2026,10.1177/09721509261417611,"The primary focus of this study is to examine how shocks and volatility are transmitted across sector indices in the Indian stock market. This study employs a dynamic conditional correlation generalized autoregressive conditional heteroscedasticity (DCC-GARCH) model, utilizing daily data from five prominent sectoral indices of the National Stock Exchange (NSE) in India, from 1 January 2016 to 31 May 2024. The study shows that sectoral volatility responds very differently across pre-COVID, COVID, post-COVID and geopolitical-crisis periods, with pro-cyclic sectors displaying sharper shock sensitivity during the pandemic and defensive sectors showing stronger stability under geopolitical stress. Consumer durables and financial services consistently provide the strongest hedging benefits during COVID and post-COVID periods, while IT-linked pairs exhibit weak hedging relationships throughout. The geopolitical shock generates volatility but does not compress sector movements as strongly as the pandemic, resulting in shallower and less persistent spillovers. Dynamic hedge ratios and portfolio weights reveal that IT becomes more relevant only in the post-COVID phase, but it does not function as a strong hedge during crisis-driven volatility. Crisis conditions tend to compress diversification opportunities by increasing correlations and connectedness, requiring more careful portfolio rebalancing. These findings offer new insights into how sector-specific behaviours and hedging performance evolve under varying macro-financial conditions, contributing to adaptive risk-management and portfolio-optimization strategies.",DCC-GARCH; COVID-19; geopolitical crisis; volatility spillover; sectoral performance,EQUITY SECTORS; COVID-19; SHOCK; OIL,Article; Early Access,Business; Management,Business & Economics,0972-1509,English,DE2NX,Q2,market_volatility_GarchHar_covid
"Al-Khazaleh, S; Badwan, N; Almashaqbeh, M","Al-Khazaleh, Suhaib; Badwan, Nemer; Almashaqbeh, Mohammad","RETRACTED: Financial contagion in financial markets: a systematic literature review and directions for future research (Retracted article. See OCT, 2025)",JOURNAL OF MONEY LAUNDERING CONTROL,2025,10.1108/JMLC-10-2024-0166,"Purpose This paper aims to provide a comprehensive overview of the existing knowledge on financial contagion through a systematic literature review. Financial contagion, the phenomenon of events spreading and affecting financial markets, has gathered significant attention from scholars and practitioners. Numerous studies have been conducted on this topic, necessitating a thorough examination of the diverse approaches and findings related to financial contagion. Design/methodology/approach This study reviews financial contagion research in the Web of Science (WoS) and Scopus databases, analyzing 66 articles. This review, based on selected keywords and defined criteria, has a total of 1,470 citations referencing these articles as of April 2023. Notably, the GARCH model and the Copula model emerged as prominent methodologies for investigating the financial contagion effect. Findings The results reveal the interconnectedness of financial markets, where economic and financial instabilities in one country affect others. The insights obtained from articles retrieved from the WoS and Scopus databases are as follows: The analyzed studies span the time range of 1999-2023. The publication count was minimal in 1999-2000 (1 each) and peaked in 2021 (13 articles), indicating a rising trend in research on financial contagion in recent years, reflecting an increased focus on the topic. The majority of articles related to financial contagion and corruption have multiple authors. Research limitations/implications This study's limitation is that network indicators are only used as explanatory variables. Future research could use these indicators to illustrate the topological configurations of financial structures, elucidating the dynamic evolution of financial networks and advancing a thorough understanding of contagion mechanisms from a network perspective. Practical implications Policymakers should consider the effects of financial contagion cross various financial markets, particularly in neighboring nations, when establishing policies address a financial crisis. Countries need to protect their economic frameworks, ensure the smooth operation of their economies and manage investment decisions within acceptable risks levels. Examining the impact of financial crises and pandemics on the financial system's vulnerability to financial contagion is essential for policymakers and risk to develop effective strategies. Originality/value By synthesizing current research findings, this paper provides insights into potential avenues for future studies on this critical topic, thereby enhancing the understanding of financial contagion. This paper enriches the existing literature by presenting a systematic overview of financial contagion research, concentrating on financial contagion during periods of financial crises and pandemics and emphasizing the increasing interest in this field in recent years. Furthermore, this paper adds to the literature on the financial contagion effects of COVID-19, offering a clearer understanding of the nature of this crisis and its distinctive characteristics.",Financial contagion; Financial crisis; Financial markets; GARCH model; Copula model; Systematic literature review,SUBPRIME CRISIS; SPILLOVERS; VOLATILITY; CAUSALITY; DYNAMICS; CHANNELS; EUROPE; IMPACT; PRICE; US,Review; Retracted Publication,Criminology & Penology,Criminology & Penology,1758-7808,English,2XQ3F,Q2,market_volatility_GarchHar_covid
"Liu, M; Lee, CC","Liu, Min; Lee, Chien-Chiang","Capturing the dynamics of the China crude oil futures: Markov switching, co-movement, and volatility forecasting",ENERGY ECONOMICS,2021,10.1016/j.eneco.2021.105622,"The launch of the China's Shanghai International Energy Exchange (INE) oil futures market in 2018 has shed new light on the role of China in international crude oil market. Understanding the dynamics of the newly arrived RMB denominated crude oil futures market not only facilitates the international market participants in risk management and hedging, but also provides helpful information for policy-makers, especially for those from emerging countries, to financialize its energy market, along with the currency internationalization and financial market liberalization. However, the literature on the China crude oil futures is quite scant compared with abundant literature on international benchmarks. In this regard, we make attempts to capture the dynamics of the China crude oil futures by: (1) adopting Markov switching analysis to uncover the regime switching of the INE crude oil futures market; (2) investigating the dynamic connectedness of INE, WTI, and Brent crude oil futures; (3) forecasting the realized volatility of INE crude oil futures. The results have shown that: (1) the outbreak of global pandemic at the beginning of 2020 has switched the crude oil futures market from a stable regime to a volatile regime; (2) the increasing financial uncertainty originated from the world, U.S., other advanced countries and emerging countries could significantly negatively affect the movement of crude oil futures. However, China suffers the least; (3) the dynamic conditional correlations between INE vs WTI, and INE vs Brent are high but lower and more volatile than that of WTI vs Brent; (4) Brent crude oil futures contribute to improving the accuracy of volatility forecasting of INE crude oil futures; and more importantly (5) we highly recommend carrying out volatility forecasting by incorporating intraday realized measures into mixed data sampling approach, in particular, when intraday transactions present extremely different behavior across the time.",INE crude oil futures; Regime switching; Co-movement; Volatility forecasting; Global pandemic,STOCK-MARKET; REALIZED VOLATILITY; PRICE DISCOVERY; MODEL; PERSPECTIVE; MIDAS; HAR; TRANSMISSION; UNCERTAINTY; PERFORMANCE,Article,Economics,Business & Economics,0140-9883,English,WM5VJ,Q2,market_volatility_GarchHar_covid
"Li, YG; Gu, RT; Zhao, DZ","Li, Yanguo; Gu, Ruitao; Zhao, Dezhi",Comparative analysis of volatility forecasting for healthcare stock indices amid public health crises: a study based on the Bayes-CNN model,FRONTIERS IN PUBLIC HEALTH,2024,10.3389/fpubh.2024.1476196,"In recent years, public health events have significantly impacted various aspects of human production and daily life, particularly in the domains of disease transmission and economic stability. While many scholars have primarily focused on the influence of public health events from the perspective of disease prevention and control, research examining their economic implications, especially regarding public health indices in the securities market, remains relatively scarce. Such studies are crucial for ensuring public health safety and stability. This paper employs the Bayesian Convolutional Neural Network (Bayes-CNN) model to predict financial market volatility influenced by public health events and conducts a comparative analysis. To validate the feasibility of this method, the model is used to analyze the impact of the COVID-19 pandemic on the CSI (China Securities Index) Medical Service Index. The results indicate significant differences in the volatility of the CSI Medical Service Index before and after the outbreak, particularly during the pandemic period. This study also enhances the validity and reliability of its conclusions by incorporating European data and employing the GARCH model. Relevant institutions and individual investors should adopt different regulatory and investment strategies based on the specifics of various public health events to prevent the outbreak of systemic financial risks that could affect social stability. This paper offers a new perspective and methodology for predicting financial market volatility under the influence of public health events, providing valuable insights for investors and decision-makers to better understand and respond to the potential impacts of such events on financial markets.",public health crises; healthcare stock indices; volatility forecasting; Bayes-CNN model; comparative analysis,,Article,"Public, Environmental & Occupational Health","Public, Environmental & Occupational Health",,English,N5O6H,Q2,market_volatility_GarchHar_covid
"Dhingra, B; Saini, M; Yadav, M; Kumar, G; Kumar, P","Dhingra, Barkha; Saini, Mohit; Yadav, Mahender; Kumar, Gaurav; Kumar, Pankaj","Exploring global financial interdependencies among ASEAN-5, major developed and developing markets",JOURNAL OF ECONOMIC ASYMMETRIES,2025,10.1016/j.jeca.2024.e00398,"The outbreak of the virus in early 2020 led to widespread market volatility and significant declines in stock prices. The importance of the ASEAN-5 markets has emerged as a result of the pandemic. Post-covid-19 and Russia-Ukraine war, these markets have gained attention from investors and researchers. Therefore, it is crucial to understand the extent to which the ASEAN-5 markets are connected to other major markets in order to fully grasp the impact of the pandemic on global stock markets. Hence, this study aims to examine the connectedness among ASEAN-5, the US, the UK, India, and China's stock markets. The data for the period January 2017 to December 2022 were retrieved. DCC-GARCH is employed to fetch the connectedness for sub-periods: pre, during, and post-covid-19. The results in the pre-covid-19 period highlight that Indian markets are least connected with the others; the Philippines is the worst net volatility receiver. During covid-19, China is the net volatility receiver, in the post-covid-19 period; Singapore is the net volatility receiver. The results are robust to the Minimum Spanning Tree (MST) analysis. During the crisis, investors should rebalance or reallocate their portfolios due to increased connection and declining benefits of diversification. To prevent the local markets from being affected by other markets, policymakers should take action.",ASEAN; Stock markets; Connectedness; India; China; United States; United Kingdom; Minimum spanning tree,VOLATILITY SPILLOVERS; CONNECTEDNESS; OIL; CRISIS,Article,Economics,Business & Economics,1703-4949,English,N3563,Q2,market_volatility_GarchHar_covid
"Kakinuma, Y","Kakinuma, Yosuke","Nexus between Southeast Asian stock markets, bitcoin and gold: spillover effect before and during the COVID-19 pandemic",JOURNAL OF ASIA BUSINESS STUDIES,2022,10.1108/JABS-02-2021-0050,"Purpose This study aims to provide empirical evidence on the return and volatility spillover effects between Southeast Asian stock markets, bitcoin and gold in the periods before and during the COVID-19 pandemic. The interdependence among different asset classes, the two leading stock markets in Southeast Asia (Singapore and Thailand), bitcoin and gold, is analyzed for diversification opportunities. Design/methodology/approach The vector autoregressive-Baba, Engle, Kraft, and Kroner-generalized autoregressive conditional heteroskedasticity model is used to capture the return and volatility spillover effects between different financial assets. The data cover the period from October 2013 to May 2021. The full period is divided into two sub-sample periods, the pre-pandemic period and the during-pandemic period, to examine whether the financial turbulence caused by COVID-19 affects the interconnectedness between the assets. Findings The stocks in Southeast Asia, bitcoin and gold become more interdependent during the pandemic. During turbulent times, the contagion effect is inevitable regardless of region and asset class. Furthermore, bitcoin does not provide protection for investors in Southeast Asia. The pricing mechanism and technology behind bitcoin are different from common stocks, yet the results indicate the co-movement of bitcoin and the Singaporean and Thai stocks during the crisis. Finally, risk-averse investors should ensure that gold constitutes a significant proportion of their portfolio, approximately 40%-55%. This strategy provides the most effective hedge against risk. Originality/value The mean return and volatility spillover is analyzed between bitcoin, gold and two preeminent stock markets in Southeast Asia. Most prior studies test the spillover effect between the same asset classes such as equities in different regions or different commodities, currencies and cryptocurrencies. Moreover, the time-series data are divided into two groups based on the structural break caused by the COVID-19 pandemic. The findings of this study offer practical implications for risk management and portfolio diversification. Diversification opportunities are becoming scarce as different financial assets witness increasing integration.",Emerging markets; Volatility; Spillover effects; COVID-19 pandemic; BEKK GARCH; Spillover,SAFE-HAVEN; VOLATILITY SPILLOVER; HEDGING EFFECTIVENESS; ASSET CLASSES; UNCERTAINTY; PRICE; RETURNS; CRYPTOCURRENCIES; DIVERSIFICATION; INVESTMENT,Article,Business,Business & Economics,1558-7894,English,2L0GB,Q2,market_volatility_GarchHar_covid
"Zhang, YM; Sun, YR","Zhang, Yongmin; Sun, Yiru",Did US and Chinese investors respond differently to the exogenous shocks from COVID-19 and the war in Ukraine?,INTERNATIONAL REVIEW OF FINANCIAL ANALYSIS,2023,10.1016/j.irfa.2023.102710,"This paper investigates the U.S. and Chinese stock markets' long-run responses to COVID-19 and the Russia --Ukraine war, the main shocks that have recently battered the globalized economy. The investigation uses both static data analysis and ARMA-GARCH and DCC-GARCH dynamic risk models incorporating both events' im-pacts. Model fitting reveals opposite reactions of the two stock markets' long-run volatilities to the pandemic, but both volatilities have been enhanced by the war, with a much stronger reaction from the U.S. than from the Chinese market. Furthermore, the war has reduced the linkage between the two markets, while the pandemic has had no significant effect. The different responses of U.S. and Chinese investors may be attributed to the two countries' very different virus containment strategies, pandemic severities, and policy approaches to the geopolitical conflict. Our results have important practical implications for regulators' risk mitigation policy design and investors' cross-market hedging strategy development.",Long -run volatilities; Dynamics correlation; COVID-19; Russia -Ukraine war,COMMODITY FUTURES MARKETS; CO-MOVEMENT; VOLATILITY; STOCK,Article,"Business, Finance",Business & Economics,1057-5219,English,K5HO1,Q2,market_volatility_GarchHar_covid
"Son, J; Ryu, D","Son, Jaemin; Ryu, Doojin",Energy price shocks and stock market volatility in an energy-importing country,ENERGY & ENVIRONMENT,2025,10.1177/0958305X241228514,"We examine volatility dynamics in the Korean market using heterogeneous autoregressive models with exogenous covariates. The COVID-19 pandemic and the Russia-Ukraine War have caused substantial fluctuations in energy prices. We assess how these energy shocks affect stock market-implied volatility in Korea, a representative energy-importing country. During the pre-pandemic period, domestic and U.S. market factors affect Korea's volatility dynamics, whereas crude oil and natural gas futures prices have little explanatory power for these dynamics. In contrast, during the pandemic (war), oil (natural gas) futures prices become the key explanatory variable, and other market factors lose their explanatory power.",Crude oil; energy price; implied volatility dynamics; natural gas; pandemic; Russia-Ukraine war,IMPLIED VOLATILITY; CRUDE-OIL; INFORMATION-CONTENT; US; IMPACT; CONTAGION; EXCHANGE; DYNAMICS; TESTS; JUMPS,Article,Environmental Studies,Environmental Sciences & Ecology,0958-305X,English,9XS2A,Q2,market_volatility_GarchHar_covid
"Shah, AA; Sahay, A","Shah, Adil Ahmad; Sahay, Arvind",Is gold a preferable diversifier of cleaner equity risk across diverse scenarios? Evidence from multidimensional connectedness and spillover measures,ENERGY,2024,10.1016/j.energy.2024.132411,"The study aims to explore the risk management potential of historical (gold and crude oil) and modern (bitcoin) assets against the shocks in clean energy stocks. Specifically, the quest related to which asset(s)? In what proportion? In which market condition? and for what time preference? should be held with cleaner equity. The exploration is based on the presumptions that conventional and cleaner stocks are alike and that financial markets (assets) have an asymmetric interdependence. We also assume that the interdependence among the considered markets is driven by various events over time and distinct investment horizons. To that end, we employ a generalized vector autoregressive-based overall, time-varying, asymmetric, and frequency-based connectedness measures and DCC-GARCH model to the daily data ranging from October 15, 2014 to April 12, 2023. The spillovers across the considered markets confirm the similarity of conventional and cleaner stocks and the asymmetry hypothesis, suggesting that downside shock transmission (bad spillovers) outperforms upside shock transmission (good spillovers). The time-varying results suggest that connectedness among the considered markets is higher, and asymmetric during Brexit-2016, the COVID-19 pandemic, Russia's invasion of Ukraine in early 2022, and the monetary policy tightening of 2022 and 2023. Finally, we show that gold is a preferable diversifier of cleaner equity risk on average, during distress events, downside markets, and across all investment horizons. The study has implications for financial market participants to strategically manage the cleaner equity risk with gold in diverse market scenarios.",Gold; Cleaner investment risk; Green finance; Russian-Ukrainian conflict; Monetary policy tightening; Banking crisis; COVID-19,RENEWABLE ENERGY STOCK; SAFE-HAVEN; OIL PRICES; VOLATILITY SPILLOVERS; CRUDE-OIL; BITCOIN; RETURN; DEPENDENCE; ASSETS; FIRMS,Article,Thermodynamics; Energy & Fuels,Thermodynamics; Energy & Fuels,0360-5442,English,YT3Z4,Q2,market_volatility_GarchHar_covid
"Ünlu, Ü; Bayram, V","Unlu, Ulan; Bayram, Vildan",ANALYSIS OF BITCOIN VOLATILITY DURING THE COVID-19 PANDEMIC: AN EXAMINATION USING ARCH AND GARCH,EKONOMI POLITIKA & FINANS ARASTIRMALARI DERGISI,2024,10.30784/epfad.1588310,"The COVID-19 pandemic has had a profound effect on the global economy and financial markets, including a significant impact on the cryptocurrency markets. This study analyzes the impact of the COVID-19 process on bitcoin price movements. The study examines the daily price data of bitcoin between 01/03/2020 and 01/04/2022 and uses ARCH and GARCH models to estimate volatility. The results show that there was a significant increase in bitcoin volatility during the initial period of the pandemic. This reflects a period when the pandemic increased uncertainty in financial markets and spurred investor interest in cryptocurrencies. While the ARCH model showed limited success in analyzing the short-term dynamics of volatility, the GARCH model captured the long-term trends in volatility more effectively. However, both models were insufficient to fully predict the sudden and extreme increases in volatility observed during crisis periods such as the pandemic. In addition to analyzing the impact of the pandemic on cryptocurrency markets, the study provides important implications for investor behavior and volatility management. In this context, it highlights the importance of developing risk management and regulatory frameworks in cryptocurrency markets.",Bitcoin; Volatility; Covid-19; GARCH,,Article,"Business, Finance; Economics",Business & Economics,,English,R3I0X,Q2,market_volatility_GarchHar_covid
"Ncube, M; Sibanda, M; Matenda, FR","Ncube, Mbongiseni; Sibanda, Mabutho; Matenda, Frank Ranganai",Investigating the Effects of the COVID-19 Pandemic on Stock Volatility in Sub-Saharan Africa: Analysis Using Explainable Artificial Intelligence,ECONOMIES,2024,10.3390/economies12050112,"This study examines the impact of the COVID-19 pandemic on sector volatility in sub-Saharan Africa by drawing evidence from two large and two small stock exchanges in the region. The analysis included stock-specific data, COVID-19 metrics, and macroeconomic indicators from January 2019 to July 2022. This study employs generalized autoregressive conditional heteroskedasticity (GARCH) models to estimate volatility and Explainable Artificial Intelligence (XAI) in the form of SHapley Additive exPlanations (SHAP) to identify significant factors driving stock volatility during the pandemic. The findings reveal significant volatility increases at the onset of the pandemic, with government stringency measures leading to increased volatility in larger exchanges, while the introduction of vaccination programs helped to reduce volatility. Weaker macroeconomic fundamentals impact volatility in smaller exchanges. The healthcare sector has emerged as the most resilient, while non-essential sectors, such as consumer discretionary, materials, and real estate, face greater vulnerability, especially in smaller exchanges. The research findings reveal that the heightened stock market volatility observed was mainly a result of the government's actions to combat the spread of the pandemic, rather than its outbreak. We recommend that governments introduce sound policies to balance public health measures and economic stability, and that investors diversify their investments to reduce the impact of pandemics.",COVID-19 pandemic; sub-Saharan Africa; stock market volatility; GARCH models; Explainable Artificial Intelligence,MARKET; OUTBREAK; RETURN,Article,Economics,Business & Economics,,English,SD2G4,Q2,market_volatility_GarchHar_covid
"Sheraz, M; Nasir, I","Sheraz, Muhammad; Nasir, Imran",Information-Theoretic Measures and Modeling Stock Market Volatility: A Comparative Approach,RISKS,2021,10.3390/risks9050089,"The volatility analysis of stock returns data is paramount in financial studies. We investigate the dynamics of volatility and randomness of the Pakistan Stock Exchange (PSX-100) and obtain insights into the behavior of investors during and before the coronavirus disease (COVID-19 pandemic). The paper aims to present the volatility estimations and quantification of the randomness of PSX-100. The methodology includes two approaches: (i) the implementation of EGARCH, GJR-GARCH, and TGARCH models to estimate the volatilities; and (ii) analysis of randomness in volatilities series, return series, and PSX-100 closing prices for pre-pandemic and pandemic period by using Shannon's, Tsallis, approximate and sample entropies. Volatility modeling suggests the existence of the leverage effect in both the underlying periods of study. The results obtained using GARCH modeling reveal that the stock market volatility has increased during the pandemic period. However, information-theoretic results based on Shannon and Tsallis entropies do not suggest notable variation in the estimated volatilities series and closing prices. We have examined regularity and randomness based on the approximate entropy and sample entropy. We have noticed both entropies are extremely sensitive to choices of the parameters.",volatility; GARCH processes; randomness; Shannon entropy; Tsallis entropy; approximate entropy; sample entropy,APPROXIMATE ENTROPY; EXCHANGE-RATE; COVID-19; RISK; RETURNS; UNCERTAINTY; SELECTION; PRICE,Article,"Business, Finance",Business & Economics,,English,SI0WZ,Q2,market_volatility_GarchHar_covid
"Iglesias, EM; Rivera-Alonso, D","Iglesias, Emma M.; Rivera-Alonso, David",Brent and WTI oil prices volatility during major crises and Covid-19,JOURNAL OF PETROLEUM SCIENCE AND ENGINEERING,2022,10.1016/j.petrol.2022.110182,"We provide novel evidence of two different types of volatility-patterns of oil spot prices that are generated depending on which is the predominant trigger: a) spikes of volatility (which are highly erratic) are produced during periods of supply/demand crises of oil disruptions (such as the 1990/91 First-Gulf-War, 2001 US-terrorist attack, the oil conflict of Saudi-Arabia with the US in 2014/16 and with Russia in 2020-together with the Covid-19 impact-); while b) periods where economic/financial/stock market crises are the predominant trigger (such as the 1997/98 Asian and 2008/09 Global-Financial Crises and the 2017/19 oil conflicts including the 2018 stock market crisis) are associated to higher volatility persistence. Our results are very relevant since oil markets in the coming months/years are very likely to have a very high degree of uncertainty, and knowledge of the type of volatility that is generated under each of the different triggers and how it affects oil markets is very relevant for investors, speculators and policy makers.",Crude oil volatility; Energy crisis; Extreme events; Covid-19; GARCH-type models,CO-MOVEMENT; TIME-SERIES; MANAGEMENT; ESTIMATORS; MODELS; ARCH; QMLE,Article,"Energy & Fuels; Engineering, Petroleum",Energy & Fuels; Engineering,0920-4105,English,ZH2XW,Q2,market_volatility_GarchHar_covid
"Siddiqui, N; Mohamad Hasim, H","Siddiqui, Nida; Mohamad Hasim, Haslifah",Risk contagion of COVID-19 to oil prices: A Markov switching GARCH and PCA approach,PLOS ONE,2024,10.1371/journal.pone.0312718,"The COVID-19 pandemic and its impact on crude oil prices created additional risks throughout the financial industry. To contribute to the ongoing debates, this paper empirically examined the risk contagion of COVID-19 to oil prices by incorporating a Markov-Switching GARCH (MS-GARCH) framework and the multivariate GARCH time series model, BEKK-GARCH model. The study examines data collected between 27 January 2020 and 31 December 2020. Further, we used principal component analysis (PCA) to find principal factors explaining the overall variability of the global economic indicators that contribute to the risk. Finally, to support the risk transmission effects between COVID-19 and oil prices, we conducted regression analysis, while controlling for the factors extracted from the PCA method.",,FINANCIAL-MARKETS; VOLATILITY; STOCK; CRISIS,Article,Multidisciplinary Sciences,Science & Technology - Other Topics,1932-6203,English,Q2K7C,Q2,market_volatility_GarchHar_covid
"Gyasi, G; Mireku, K; Frimpong, JM","Gyasi, Genevieve; Mireku, Kwame; Frimpong, Joseph Magnus",The moderating role of major global shock events and policy effects on African frontier currency and stock market relationships,COGENT ECONOMICS & FINANCE,2025,10.1080/23322039.2025.2563160,"The study investigates the relationship between stock and currency markets in African frontier economies in response to global shock events and policy changes. Using the Dynamic Conditional Correlation (DCC) GARCH model, cross-wavelet coherence (WTC) and partial wavelet coherence (PWC), the study examines volatility persistence, interdependence and spillover effects between these markets using daily data from January 2010 to March 2023. The results show that stock and currency markets in African frontier economies exhibit high volatility persistence, and that financial contagion increases with global integration. Findings suggest that external shocks, such as COVID-19, Brexit and the Russia-Ukraine conflict significantly impact market relationships, although the effects vary across countries. Furthermore, policy changes, such as the transition from Millennium Development Goals (MDGs) to Sustainable Development Goals (SDGs), exhibit moderate but lasting influence on market behavior. The study highlights the need for institutional development to mitigate contagion risks and enhance investment stability in African frontier markets.","African frontier stock market; exchange rate; DCC GARCH; wavelet transformation; financial contagion; F24; F31; F43; Economics; Finance; Business, Management and Accounting",CO-MOVEMENT; RETURNS; INTEGRATION; INVESTMENT; GROWTH,Article,Economics,Business & Economics,2332-2039,English,8HC7G,Q2,market_volatility_GarchHar_covid
"Castillo, B; León, A; Ñíguez, TM","Castillo, Brenda; Leon, Angel; Niguez, Trino-Manuel",Backtesting VaR under the COVID-19 sudden changes in volatility,FINANCE RESEARCH LETTERS,2021,10.1016/j.frl.2021.102024,"We analyze the impact of the COVID-19 pandemic on the conditional variance of stock returns. We look at this effect from a global perspective, so we employ series of major stock market and sector indices. We use the Hansen's Skewed-t distribution with EGARCH extended to control for sudden changes in volatility. We oversee the COVID-19 effect on measures of downside risk such as the Value-at-Risk. Our results show that there is a significant sudden shift up in the return distribution variance post the announcement of the pandemic, which must be explained properly to obtain reliable measures for financial risk management.",Backtesting; EGARCH; Monte Carlo; Skewed-t; Value-at-Risk,PERSISTENCE; VARIANCE,Article,"Business, Finance",Business & Economics,1544-6123,English,XA7OB,Q2,market_volatility_GarchHar_covid
"Du, HT; Can, VV; Thao, NBH; Huong, NTL; Trang, PTK","Du, Hoang Thi; Can, Vo Van; Thao, Nguyen Bich Huong; Huong, Nguyen Thi Lien; Trang, Phan Thi Khanh",TIME-VARYING WEEKDAY EFFECTS IN THE VIETNAMESE STOCK MARKET: PRE-AND DURING-COVID-19 EVIDENCE,VEREDAS DO DIREITO,2025,10.18623/rvd.v22.n73924,"This study investigates the weekday effects in the Vietnamese stock market by using the data across two distinct periods, before and during the COVID-19 pandemic. The data series spans from January 2018 to March 2022 with five major indices: VN-Index, Largecap, Midcap, Smallcap, and VN30. We employ both OLS and GARCH (1,1) models with weekday dummies to capture mean and volatility dynamics. Our results show that weekday effects were weak and index-specific in the pre-pandemic period; only Largecap and Smallcap indices were observed with significant anomalies. However, a consistent and statistically significant Friday effect was presented across all indices during the pandemic. It indicates reduced market efficiency and provides empirical support for the Adaptive Market Hypothesis. In addition, volatility persistence decreased during the COVID-19 crisis, which means that volatility shocks became more intense but less persistent. These findings make some contributions to the literature. First, they offer multi-index, time-varying evidence of calendar anomalies in a frontier market. Second, they highlight how exogenous shocks can temporarily distort market efficiency.",Calendar Anomalies; COVID-19 Pandemic; Manufacturing Firms; The day-of-the-week Effect; Weekday Effects,,Article,Law,Government & Law,1806-3845,English,CN2MU,Q2,market_volatility_GarchHar_covid
"Elgammal, MM; Ahmed, WMA; Alshami, A","Elgammal, Mohammed M.; Ahmed, Walid M. A.; Alshami, Abdullah","Price and volatility spillovers between global equity, gold, and energy markets prior to and during the COVID-19 pandemic",RESOURCES POLICY,2021,10.1016/j.resourpol.2021.102334,"This study sets out to provide fresh evidence on the dynamic interrelationships, at both return and volatility levels, between global equity, gold, and energy markets prior to and during the outbreak of the novel corona-virus. We undertake our analysis within a bivariate GARCH(p, q) framework, after orthogonalizing raw returns with respect to a rich set of relevant universal factors. Under the COVID-19 regime, we find bidirectional return spillover effects between equity and gold markets, and unidirectional mean spillovers from energy markets to the equity and gold counterparts. The results also suggest the presence of large reciprocal shock spillovers between equity and both of energy and gold markets, and cross-shock spillovers from energy to gold markets. Most probably driven by the recent oil price collapse, energy markets appear to have a substantial cross-volatility spillover impact on the others. Our results offer implications for policymakers and investors.",COVID-19; Coronavirus; Stock markets; Gold markets; Energy markets; Mean and volatility spillovers,SAFE HAVEN; STOCK MARKETS; TIME-SERIES; OIL; FUTURES; HEDGE; BITCOIN; BONDS; INTEGRATION; DCC,Article,Environmental Studies,Environmental Sciences & Ecology,0301-4207,English,UW7XT,Q2,market_volatility_GarchHar_covid
"Song, G; Xia, ZQ; Basheer, MF; Shah, SMA","Song, Ge; Xia, Zhiqing; Basheer, Muhammad Farhan; Shah, Syed Mehmood Ali",Co-movement dynamics of US and Chinese stock market: evidence from COVID-19 crisis,ECONOMIC RESEARCH-EKONOMSKA ISTRAZIVANJA,2022,10.1080/1331677X.2021.1957971,"This paper aims to examine the co-movement between the two economic powers, namely the USA and China. The authors are mainly interested in examining the dynamics of co-movements during, and in the pre-covid periods. Additionally, they have aimed to examine the volatility spillover between USA and China, during and in the pre-covid periods. In order to achieve the research-based objectives, advanced econometrics models have been applied to the data from July1, 2010, to April 30, 2021. The results show that the sample market is integrated in the long run. The results also indicate that the behaviour of the Chinese market is same as the US market, and offers negligible opportunities for investors for diversification during this time. The findings indicate that the Ganger Causality between the stock markets during crisis is significantly higher than the pre-crisis period. The results of EGARCH model confirm the presence of asymmetric volatility spillover effects between the US and Chinese markets, during the considered time periods. This study also examines the co-movement in China, grounded upon the robust approach that facilitates examining the dependence structure between the sample variables. The findings offer valuable understanding for investors who are looking for investment diversification opportunities worldwide.",China; COVID-19; co-movement; stock; EGARCH; volatility spillover; USA,,Article,Economics,Business & Economics,1331-677X,English,3N9IP,Q2,market_volatility_GarchHar_covid
"Lithin, BM; Chakraborty, S; Iyer, V; Nikhil, NM; Ledwani, S","Lithin, B. M.; Chakraborty, Suman; Iyer, Vishwanathan; Nikhil, N. M.; Ledwani, Sanket",Modelling asymmetric sovereign bond yield volatility with univariate GARCH models: Evidence from India,COGENT ECONOMICS & FINANCE,2023,10.1080/23322039.2023.2189589,"Does Indian sovereign yield volatility reflect economic fundamentals, or whether it is a self-generated force flowing through markets with little connection to such fundamentals? To answer the question, this research explores the volatility dynamics and measures the persistence of shocks to the sovereign bond yield volatility in India from 1 January 2016, to 18 May 2022, using a family of GARCH models. The empirical results indicate the high volatility persistence across the maturity spectrum in the sample period. However, upon decomposing the markets into bull and bear phases, our results support the existence of weak volatility persistence and rapid mean reversion in the bear market. This shows that the economic response policies implemented by the government during the pandemic, including fiscal measures, have a restraining effect on sovereign yield volatility. For a positive gamma, the results suggest the possibility of a leverage effect that is markedly different from that frequently seen in stock markets. Results further indicate that the fluctuations in Indian sovereign yields cannot be dissociated from inflation and money market volatility. Our findings herein provide valuable information and implications for policymakers and financial investors worldwide.",sovereign bond yield; volatility; leverage; symmetric GARCH; COVID-19; mean reversion,UNCERTAINTY SHOCKS; RETURN RELATION; MEAN-REVERSION; STOCK MARKETS; RISK; DETERMINANTS; CONTAGION; PRICES; SPREADS; CRISIS,Article,Economics,Business & Economics,2332-2039,English,9W4BP,Q2,market_volatility_GarchHar_covid
"Sarma, N","Sarma, Nilotpal",Cross-market Volatility Transmission and Correlation Dynamics Between Real Estate and Financial Markets: Evidence from India,GLOBAL BUSINESS REVIEW,2026,10.1177/09721509251411077,"This study investigates the volatility spillovers and dynamic conditional correlations (DCCs) among the Nifty Realty Index, Indian government bonds, commodities index and exchange rate, utilizing Baba-Engle-Kraft-Kroner (BEKK)-generalized autoregressive conditional heteroskedasticity (GARCH) and DCC-GARCH models. The results indicate that the real estate sector plays a pivotal role in propagating shocks, particularly during periods of heightened uncertainty such as the COVID-19 pandemic and geopolitical conflicts. The findings highlight short-term volatility spillovers, underscoring the interrelation between the real estate market and commodity prices, as well as macroeconomic stability. The results correspond with recent research indicating increased interconnection and heightened housing market volatility during adverse conditions. These observations have significant implications for policymakers and investors, underscoring the need for targeted macroprudential measures, portfolio diversification and hedging strategies to mitigate systemic risk in the Indian financial system. This study examines the impact of the real estate sector on financial market dynamics, thereby expanding the existing literature on cross-market volatility spillovers and laying the groundwork for future research on the effect of real estate on asset pricing and economic stability.JEL Codes: C58, G10, G11",Volatility spillover; real estate index; bond; commodity; exchange rate,HOUSE PRICES; OIL; RETURNS; CREDIT; GOLD; DCC,Article; Early Access,Business; Management,Business & Economics,0972-1509,English,CG5QI,Q2,market_volatility_GarchHar_covid
"Wang, PP; Liu, XX; Wu, SX","Wang, Panpan; Liu, Xiaoxing; Wu, Sixu",Dynamic Linkage between Bitcoin and Traditional Financial Assets: A Comparative Analysis of Different Time Frequencies,ENTROPY,2022,10.3390/e24111565,"This study employs the ADCC-GARCH approach to investigate the dynamic correlation between bitcoin and 14 major financial assets in different time-frequency dimensions over the period 2013-2021, for which the risk diversification, hedging and safe-haven properties of bitcoin for those traditional assets are further examined. The results show that, first, bitcoin is positively linked to risk assets, including stock, bond and commodity, and negatively linked to the U.S. dollar, which is a safe-haven asset, so bitcoin is closer in nature to a risk asset than a safe-haven asset. Second, the high short-term volatility and speculative nature of the bitcoin market makes its long-term correlation with other assets stronger than the short-term. Third, the positive linkage between the prices of bitcoin and risk assets increases sharply under extreme shocks (e.g., the outbreak of COVID-19 in early 2020). Fourth, bitcoin can hedge against the U.S. dollar, and in the long term, bitcoin can hedge against the Chinese stock market and act as a safe haven for the U.S. stock market and crude oil. However, for most other traditional assets, bitcoin is only an effective diversifier.",bitcoin; ADCC-GARCH; diversifier; hedge; safe haven,SAFE-HAVEN; HEDGE; GOLD,Article,"Physics, Multidisciplinary",Physics,,English,6V1JE,Q2,market_volatility_GarchHar_covid
"Zheng, TG; Ye, SQ","Zheng, Tingguo; Ye, Shiqi",Cholesky GAS models for large time-varying covariance matrices,JOURNAL OF MANAGEMENT SCIENCE AND ENGINEERING,2024,10.1016/j.jmse.2023.10.003,"This paper develops a new class of multivariate models for large -dimensional time -varying covariance matrices, called Cholesky generalized autoregressive score (GAS) models, which are based on the Cholesky decomposition of the covariance matrix and assume that the parameters are score -driven. Specifically, two types of score -driven updates are considered: one is closer to the GARCH family, and the other is inspired by the stochastic volatility model. We demonstrate that the models can be estimated equation -wise and are computationally feasible for high -dimensional cases. Moreover, we design an equationwise dynamic model averaging or selection algorithm which simultaneously extracts model and parameter uncertainties, equipped with dynamically estimated model parameters. The simulation results illustrate the superiority of the proposed models. Finally, using a sizeable daily return dataset that includes 124 sectors in the Chinese stock market, two empirical studies with a small sample and a full sample are conducted to verify the advantages of our models. The full sample analysis by a dynamic correlation network documents significant structural changes in the Chinese stock market before and after COVID-19. (c) 2023 China Science Publishing & Media Ltd. Publishing Services by Elsevier B.V. on behalf of KeAi Communications Co. Ltd. This is an open access article under the CC BY -NC -ND license (http://creativecommons.org/licenses/by-nc-nd/4.0/).",Cholesky decomposition; GAS; Dynamic conditional correlations; Dynamic model averaging,AUTOREGRESSIVE CONDITIONAL HETEROSCEDASTICITY; REALIZED VOLATILITY; SYSTEMIC RISK; GARCH MODELS; SERIES; VARIANCE; DRIVEN,Article,"Business, Finance; Economics; Management; Operations Research & Management Science",Business & Economics; Operations Research & Management Science,2096-2320,English,JJ8F3,Q2,market_volatility_GarchHar_covid
"Khanthaporn, R; Wichitaksorn, N","Khanthaporn, Rewat; Wichitaksorn, Nuttanan",Modelling and forecasting COVID-19 stock returns using asymmetric GARCH-ICAPM with mixture and heavy-tailed distributions,APPLIED ECONOMICS,2023,10.1080/00036846.2022.2141448,"COVID-19 pandemic is an extreme event that created turmoil in stock markets around the world. This unexpected circumstance poses a critical question of whether the prevailing models can help predict the plummets of indices, hence the returns. In this study, we aim to analyse and forecast the daily stock returns using various generalized autoregressive conditional heteroscedastic (GARCH) models with intertemporal capital asset pricing structure and innovation following (1) a mixture of generalized Pareto and Gaussian distributions and (2) generalized error distribution that can capture extreme events. We also employ the parallel griddy Gibbs (GG) sampling, which is a Markov chain Monte Carlo method, to facilitate parameter estimation. Our simulation study shows that the GG estimation method outperforms the benchmark quasi-maximum likelihood estimation method. We then proceed to the empirical study of seven stock markets where the results from the in-sample period before the COVID-19 pandemic justify the use of the proposed GARCH models. The out-of-sample forecasts during the early COVID-19 period also show satisfactory results.",COVID-19 pandemic; bayesian markov chain monte carlo; asymmetric GARCH; ICAPM; mixture distribution; generalized pareto distribution,LOG-GARCH; RISK; OPTIMIZATION; VOLATILITY; PARAMETER; NETWORKS; FAMILY,Article,Economics,Business & Economics,0003-6846,English,Q5GF2,Q2,market_volatility_GarchHar_covid
"Meng, B; Chen, SY; Yang, M; Kuang, HB","Meng, Bin; Chen, Shuiyang; Yang, Mo; Kuang, Haibo",Spillover effects between the carbon and linear shipping markets under COVID-19: A time-varying frequency-domain analysis with applications in portfolio management,OCEAN & COASTAL MANAGEMENT,2022,10.1016/j.ocecoaman.2022.106351,"With the global consensus on carbon emission reduction, the relationships between the carbon market and conventional financial markets have been extensively studied, while the risk spillover between the carbon and shipping markets is merely addressed. In this paper, we propose a new framework for analyzing the frequency -dependent spillover effects based on the wavelet transformation and DECO-ARMA-GARCH-type modelling, and scrutinize the dynamic interdependence between carbon futures and the stock returns of the top ten linear shipping companies under the impact of the COVID-19 pandemic. We further analyze dynamic portfolio man-agement and hedging efficiency under time-varying market conditions with external shocks. The empirical re-sults indicate that short-term spillovers dominate the spillover effect between the carbon and liner shipping markets and the interdependence is at relatively low levels satisfying the conditions for portfolio hedging. The COVID-19 pandemic has enhanced the correlation between the carbon and liner shipping markets, and hence led to reduced hedging efficiency of carbon futures. Also, due to the impact of the pandemic, the holding of shipping assets should be reduced in return for more carbon assets. This study provides shipping companies with a better understanding of carbon trading for shipping emission reduction and investors with applicable dynamic portfolio management strategies.",Liner shipping market; Carbon market; Spillover effect; Frequency-domain analysis; Dynamic portfolio management; Discrete wavelet transform,VOLATILITY SPILLOVERS; FINANCIAL-MARKETS; ENERGY; EMISSION; OIL; COMMODITIES; LINKAGES; RISK,Article,Oceanography; Water Resources,Oceanography; Water Resources,0964-5691,English,7T9XQ,Q2,market_volatility_GarchHar_covid
"Liu, T; Choo, W; Xinping, H; Li, L","Liu, Ting; Choo, Weichong; Xinping, Han; Li, Le",Combining deep learning with econometric models: volatility forecasting using the KAN-GARCH-MIDAS framework,JOURNAL OF APPLIED ECONOMICS,2025,10.1080/15140326.2025.2555479,"Machine learning and deep learning are increasingly applied in finance, yet few studies explore how they can enhance traditional econometric models. This study proposes an innovative KAN-GM model, integrating the Kolmogorov-Arnold network (KAN) with the GARCH-MIDAS model to extract nonlinear macroeconomic features for volatility forecasting. Empirical results show that KAN-GM outperforms traditional GARCH in MAE and MedAE, consistently ranks in the optimal model set via MCS tests, and demonstrates strong cross-market adaptability (stocks and forex). It also maintains robustness pre- and post-COVID-19. The model effectively combines deep learning and econometrics, improving financial risk prediction.",Forecasting; volatility; GARCH-MIDAS; KAN,STOCK-MARKET VOLATILITY; EXCHANGE-RATE; MACROECONOMIC VARIABLES; POLICY UNCERTAINTY,Article,Economics,Business & Economics,1514-0326,English,7DQ4Y,Q2,market_volatility_GarchHar_covid
"Deb, S","Deb, Soudeep",Analyzing airlines stock price volatility during COVID-19 pandemic through internet search data,INTERNATIONAL JOURNAL OF FINANCE & ECONOMICS,2023,10.1002/ijfe.2490,"Recent Coronavirus pandemic has prompted many regulations which are affecting the stock market. Especially because of lockdown policies across the world, the airlines industry is suffering. We analyse the stock price movements of three major airlines companies using a new approach which leverages a measure of internet concern on different topics. In this approach, Twitter data and Google Trends are used to create a set of predictors which then leads to an appropriately modified GARCH model. In the analysis, first we show that the ongoing pandemic has an unprecedented severe effect. Then, the proposed model is used to analyse and forecast stock price volatility of the airlines companies. The findings establish that our approach can successfully use the effects of internet concern for different topics on the movement of stock price index and provide good forecasting accuracy. Model confidence set (MCS) procedure further shows that the short-term volatility forecasts are more accurate for this method than other candidate models. Thus, it can be used to understand the stock market during a pandemic in a better way. Further, the proposed approach is attractive and flexible, and can be extended to other related problems as well.",American Airlines; COVID-19; Delta Airlines; Google Trends; Twitter data; United Airlines,MODEL,Article,"Business, Finance",Business & Economics,1076-9307,English,D6AG4,Q2,market_volatility_GarchHar_covid
"Wasiuzzaman, S","Wasiuzzaman, Shaista","Impact of COVID-19 on the Saudi stock market: analysis of return, volatility and trading volume",JOURNAL OF ASSET MANAGEMENT,2022,10.1057/s41260-022-00269-x,"The aim of this study is to investigate the effect of the coronavirus health crisis (COVID-19) on the performance of the Saudi stock market, the Tadawul. Prices of the Tadawul All-Shares Index (TASI) and all sector indices are collected from December 2019 to end of July 2020. Analysis of the pandemic on the return and volatility is carried out using the GARCH (1, 1) model. The results show that the pandemic has a positive impact on the mean returns of all indices except for the REITS sector, but the impact is mostly insignificant. Analysis of the pandemic on the volatility shows that the TASI itself experienced lower volatility during the pandemic period but the impact is insignificant, while out of 21 sectors only 9 experienced significant impacts on volatility. Out of the 9 sectors, 5 experienced significantly increased volatility, while 4 experienced significantly lower volatility. Analysis of the impact of trading volume on the volatility shows stronger investor sentiment influencing volatility for the sectors that experienced higher volatility only. This study provides further understanding of how various market participants around the world react to the COVID-19 pandemic and the need for portfolio diversification to reduce risk during crisis periods.",COVID-19; GARCH model; Volatility; Market returns; Sentiments,INVESTOR SENTIMENT; TERRORIST ATTACKS; NEWS; NOISE,Article,"Business, Finance",Business & Economics,1470-8272,English,2H9TU,Q2,market_volatility_GarchHar_covid
"Soltani, H; Abbes, MB","Soltani, Hayet; Abbes, Mouna Boujelbene","The spillover effects among financial stress, investor sentiment, and GCC stock markets: evidence under the bearish and bullish market states",JOURNAL OF CHINESE ECONOMIC AND BUSINESS STUDIES,2025,10.1080/14765284.2024.2404278,"This study delves into an exploration of volatility spillover between financial stress, investor sentiment, and stock market index returns in the Gulf Cooperation Council (GCC) countries using the DCC-GARCH, wavelet coherence, and BEKK-GARCH models. A robustness check, applying Diebold and Yilmaz's (2012, 2014) methodology, verifies network measures across markets. Significant patterns in financial stress index were observed during crises, with strong co-movement between financial stress, investor sentiment, and stock returns, especially during COVID-19 pandemic. Volatility transmission from stock returns to investor sentiment and the financial stress index was notable in some markets. Additionally, we found a significant volatility transmission from the financial stress index to market returns during periods of bearish stress in Bahrain and Kuwait and bullish stress across all countries. These findings offer insights for investors and fund managers optimizing portfolios and managing risk exposure.",Financial stress; investor sentiment; GCC market; Markov switching; BEKK-GARCH; Wavelet coherence analysis,RETURNS; INDEXES; CONNECTEDNESS,Article,Economics,Business & Economics,1476-5284,English,T2U2X,Q2,market_volatility_GarchHar_covid
"Hadad, E","Hadad, Elroi",Does trading mechanism shape cross-market integration? Evidence from stocks and corporate bonds on the Tel Aviv Stock Exchange,JOURNAL OF ECONOMICS FINANCE AND ADMINISTRATIVE SCIENCE,2025,10.1108/JEFAS-11-2023-0262,"PurposeThis study investigates the influence of trading mechanisms on cross-market integration between stocks and corporate bonds on the Tel Aviv Stock Exchange (TASE) during the COVID-19 crisis. Unlike the worldwide practice of trading corporate bonds on an over-the-counter (OTC) market, TASE uses a limit-order-book (LOB) for both stocks and bonds, potentially creating unique volatility dynamics through direct information spillover. We analyze the volatility dynamics and spillover effects between TASE's stock and corporate bond markets.Design/methodology/approachWe employ an exponential general autoregressive conditional heteroskedastic (EGARCH)(1,1) model to assess the impact of stock market fear, measured by implied volatility, on Tel-Bond 20 Index returns and volatility. A bivariate diagonal Baba-Engle-Kraft-Kroner (BEKK) model is also applied to capture time-series integration and cross-volatility spillovers between the TA-35 Index (stocks) and the Tel-Bond 20 Index (corporate bonds), especially during financial stress.FindingsThe EGARCH model reveals a significant contagion effect, with increased stock market fear lowering corporate bond returns and increasing bond volatility. It also indicates a leverage effect, where negative shocks disproportionately amplify bond volatility. Diagonal BEKK results confirm strong cross-market volatility persistence, especially during crises, highlighting substantial financial contagion between stocks and bonds in TASE. While TASE's market design improves the overall market quality, these findings underscore the LOB trading mechanism in facilitating financial contagion and systemic risk.Practical implicationsThe LOB trading in TASE facilitates direct information flow, intensifying volatility spillover and cross-market integration, with the degree of integration fluctuating based on market conditions. Investors and managers should consider alternative hedging strategies during volatile periods, as stock market sentiment significantly impacts bond stability. Regulators should assess how trading mechanisms affect market integration and risk, especially during periods of distress.Originality/valueThis study offers new insights into how trading mechanisms influence cross-market dynamics, contributing to the literature on market design and financial contagion.",Corporate bonds; Stocks; Cross-market integration; Trading mechanism; Conditional volatility; G12; G14; G15,RETAIL INVESTOR SENTIMENT; CONDITIONAL HETEROSKEDASTICITY; YIELD SPREADS; TIME-SERIES; LIQUIDITY; SECTION; RETURN; RISK; VOLATILITY; CONTAGION,Article,Economics,Business & Economics,2077-1886,English,2BW2S,Q2,market_volatility_GarchHar_covid
"Aydin, R; Alpagut, S; Polat, IH; Lögün, A","Aydin, Rahman; Alpagut, Serhat; Polat, Ibrahim Halil; Logun, Anil",Cross-Country Analysis of the Impact of Covid-19 on Share Markets,JOURNAL OF APPLIED ECONOMICS AND BUSINESS RESEARCH,2021,,"The negative effects on the macroeconomic indicators of the countries during the pandemic process that started with the Covid 19 epidemic made it necessary for individuals, investors, institutions, and governments to create a new policy. To determine the right policies, the effects of Covid 19 on the country's economy have been the subject of research by scientists. This study, it is aimed to investigate the effect of the pandemic on the stock market together with its sub-sectors. For this reason, in this study, the volatility of BIST100, known as the Turkish Stock Exchange, and its sub- indices, finance, service, and industry indices during the pandemic process were investigated. Working day data obtained from the Central Bank of the Republic of Turkey between 1/02/2020 10/11/2020 periods were used in the study. First, logarithmic transformation of the data was provided. Then, it was converted into a return series and included in the analysis.In order to obtain a consistent estimate, the series should not contain unit-roots. For this purpose, using the ADF unit root test, it was investigated whether the series contain unit root or not. According to the findings obtained from the study, it was determined that the most suitable variance model for BIST100 and Industrial indexes was the GARCH (1,1) model. It was found that the most suitable variance model in financial and services indices was the TARCH (1,1) model. In addition, while it is estimated that there is symmetrical volatility in BIST100 and Industrial indices, it is concluded that there are asymmetric and leverage effects in financial and services indices.",Stock Market; Pandemia; GARCH; TARCH,,Article,Economics,Business & Economics,1927-033X,English,WT3DU,Q2,market_volatility_GarchHar_covid
"Li, XF; Liao, Y; Lu, XJ; Ma, F","Li, Xiafei; Liao, Yin; Lu, Xinjie; Ma, Feng",An oil futures volatility forecast perspective on the selection of high-frequency jump tests,ENERGY ECONOMICS,2022,10.1016/j.eneco.2022.106358,"This paper examines the forecasting performances of high-frequency jump tests for oil futures volatility from a comprehensive perspective. It contributes to the literature by investigating which jump test is the best for oil futures volatility forecasting under different circumstances and whether the jump component extracted from multiple alternative tests is useful for further improving forecasting performance. Our results show that the jumps of the TOD test (Bollerslev et al., 2013) have satisfactory performance over the medium-term and espe-cially the short-term forecasting horizons. Most importantly, the jump components from the intersection of multiple intraday tests further improve the forecasting performance. A variety of further discussions, including models controlling for stock market effects and considering periods of high (low) volatility and the COVID-19 pandemic period, confirm the conclusions. This paper attempts to shed light on oil futures volatility predic-tion from the perspective of jump test selection.",Oil futures volatility; Jump test selection; Volatility forecasting; HAR-RV-type models; High -frequency data,PRICE SHOCKS; STOCK; VARIANCE; MARKETS; MODELS; COMPONENT; IMPACT; NOISE; US,Article,Economics,Business & Economics,0140-9883,English,6V3QT,Q2,market_volatility_GarchHar_covid
"Lucio, F; Caiado, J","Lucio, Francisco; Caiado, Jorge",COVID-19 and Stock Market Volatility: A Clustering Approach for S&P 500 Industry Indices,FINANCE RESEARCH LETTERS,2022,10.1016/j.frl.2022.103141,"We study how the COVID-19 pandemic affected some of the conditional volatilities of S&P 500 industries, using a new model feature-based clustering method on a fitted TGARCH model. Rather than using the estimated model parameters to compute a distance matrix for the stock indices, we suggest using a distance based on the autocorrelations of the estimated conditional volatilities. Both hierarchical and non-hierarchical algorithms are used to assign the set of industries into clusters. The results show a clear change in the composition of each cluster between the period before the first US COVID-19 case and the period during the pandemic.",Autocorrelation; Cluster analysis; COVID-19; Threshold GARCH model; Unsupervised machine learning; S & P 500; Volatility,TIME-SERIES,Article,"Business, Finance",Business & Economics,1544-6123,English,3G9IE,Q2,market_volatility_GarchHar_covid
"Liu, JX; Qiao, P; Ding, J; Hankinson, L; Harriman, EH; Schiller, EM; Ramanauskaite, I; Zhang, HW","Liu, Jingxuan; Qiao, Ping; Ding, Jian; Hankinson, Luke; Harriman, Elodie H.; Schiller, Edward M.; Ramanauskaite, Ieva; Zhang, Haowei",Will the Aviation Industry Have a Bright Future after the COVID-19 Outbreak? Evidence from Chinese Airport Shipping Sector,JOURNAL OF RISK AND FINANCIAL MANAGEMENT,2020,10.3390/jrfm13110276,"Due to the lockdown regulations worldwide during the COVID-19 pandemic, the global aviation industry has been severely hit. This study focuses on the volatility estimation of stock indexes in the Chinese Airport Shipping Set (ASS) at industry-enterprise levels and identifies possible business behavior that may cause fluctuating differences. Depending on the Generalized Autoregressive Conditional Heteroskedasticity (GARCH) model, text mining method and Word Cloud Views, results show that (1) the holistic volatility of Airport Shipping Set Index (ASSI) increases relative to the pre-COVID period; (2) volatility of airport stocks has crucial differences, while the volatility of shipping stocks is similar; (3) there are different responses to the pandemic between Shenzhen Airport and Shanghai Airport shown in their semiannual financial reports. Compared to the latter, the former had a more positive attitude and took various measures to mitigate risks, providing evidence of the volatility differences between firms.",COVID-19; financial risk management; stock price returns; stock volatility; airline industry; at industry-enterprise levels,,Article,"Business, Finance",Business & Economics,1911-8066,English,OX1QJ,Q2,market_volatility_GarchHar_covid
"Trivedi, J; Afjal, M; Spulbar, C; Birau, R; Inumula, KM; Mitu, NE","Trivedi, Jatin; Afjal, Mohd; Spulbar, Cristi; Birau, Ramona; Inumula, Krishna Murthy; Mitu, Narcis Eduard",Investigating the impact of COVID-19 pandemic on volatility patterns and its global implication for textile industry: An empirical case study for Shanghai Stock Exchange of China,INDUSTRIA TEXTILA,2022,10.35530/IT.073.04.202148,"This research paper aims to examine the impact of the COVID-19 pandemic on volatility patterns and its global implication for the textile industry in China. The COVID-19 pandemic has generated a global health crisis with profound economic, social and financial implications, but also has triggered a ruthless global recession. The global economic recovery as a result of the COVID-19 pandemic can also generate significant investment opportunities for the textile industry in China. In this paper, the application of empirical methods could explain historical prices, the movement dynamics of financial assets, and investigate various important characteristics of asset pricing that explore details of the Chinese stock market. The econometric framework includes the following: symmetric Generalize Autoregressive Conditional Heteroscedastic GARCH (1, 1) model, asymmetric GARCH models such as EGARCH and GJR models. The main aim is to identify the asymmetric volatility effect, and impact of news on the SSE Composite Index and investigate long memory properties in volatility using daily data for the sample period from 19th December 1990 to 31st December 2020. This empirical study contributes to the existing literature on the impact of the COVID-19 pandemic on international stock markets, by investigating symmetric and asymmetric volatility patterns in the case of the Shanghai Stock Exchange from China.",GARCH family models; symmetric volatility; asymmetric volatility; COVID-19 pandemic; apparel; textile industry; economic recession; leverage effect,RETURNS,Article,"Materials Science, Textiles",Materials Science,1222-5347,English,6A4XK,Q2,market_volatility_GarchHar_covid
"Behera, PK; Sahu, NC; Mahanta, A","Behera, Pradeep Kumar; Sahu, Naresh Chandra; Mahanta, Abhisek",Volatility Spillover and Connectedness Between SME Indices During COVID-19 Pandemic and Russia - Ukraine War,ASIA-PACIFIC FINANCIAL MARKETS,2025,10.1007/s10690-025-09575-x,"The current study measures the volatility spillover and connectedness between the SME indices before and after the outbreak of COVID-19, as well and during the Russia-Ukraine tension. The GARCH and the TVP-VAR approach of Diebold Yilmaz (2014) has been applied to evaluate the volatility spillover and connectedness between the markets. In the full study period, the spillover between the indices is significant in the long term. The risk spread between the indices is increasing during the Russia-Ukraine war, compared to its level following the Covid-19 outbreak. The Covid-19 pandemic has had a short-term effect on the volatility connection within the indices. Following the pandemic outbreak, there has been a significant shift in the degree of connectivity between the indices. Moreover, during the pandemic, India and South Africa are the net positive transmitters of volatility. The study offers valuable insights for investors and regulators in managing risks and promoting stability.",TVP-VAR; GARCH; BRICS; Volatility; Dynamic Connectedness; Small and Medium Enterprises; C32; C58; D53; G17; L25,IMPULSE-RESPONSE ANALYSIS; EXCHANGE-RATES; STOCK MARKETS; PERFORMANCE; SIZE,Article; Early Access,Economics,Business & Economics,1387-2834,English,9IR6U,Q2,market_volatility_GarchHar_covid
"Zeng, Q; Ma, F; Lu, XJ; Xu, WJ","Zeng, Qing; Ma, Feng; Lu, Xinjie; Xu, Weiju",Policy uncertainty and carbon neutrality: Evidence from China,FINANCE RESEARCH LETTERS,2022,10.1016/j.frl.2022.102771,"This paper examines the effects of China's economic policy uncertainty (CEPU) index and climate policy uncertainty (CPU) index on the Wind carbon neutral concept (CNCI) index volatility. We find that both CEPU and CPU indices have significant effects on the CNCI volatility. In addition, when the market suffers more volatile risks, the CPU index has relatively better performance than the CEPU index for forecasting CNCI index volatility. This paper can provide new insights to realize China's goal of achieving peak emissions by 2030 and carbon neutrality by 2060.",Wind carbon neutral concept index; China's economic policy uncertainty; Climate policy uncertainty; GARCH-MIDAS model; COVID-19 pandemic,STOCK-MARKET VOLATILITY; CLIMATE-CHANGE; EMISSIONS; IMPACTS,Article,"Business, Finance",Business & Economics,1544-6123,English,3L6ES,Q2,market_volatility_GarchHar_covid
"Yousaf, I","Yousaf, Imran",Risk transmission from the COVID-19 to metals and energy markets,RESOURCES POLICY,2021,10.1016/j.resourpol.2021.102156,"We examine the risk transmission from the COVID-19 to metal (precious and industrial) and energy markets using the BEKK-MGARCH model. The findings reveal the significant and negative volatility transmission from the COVID-19 to gold, palladium, and brent oil markets, suggesting the safe-haven properties of these markets. The COVID-19 risk is not transmitted to the industrial metal market, whereas the rise in COVID-19 volatility leads to an increase in WTI oil market volatility. These results provide useful insights to investors and policymakers regarding risk management, asset pricing, and financial market stability during the COVID-19 pandemic.",The COVID-19; Precious metals; Industrial metals; Energy market; The BEKK-MGARCH,VOLATILITY SPILLOVERS; OIL PRICES; STOCK; LINKAGES; CRYPTOCURRENCIES; RETURNS; GARCH,Article,Environmental Studies,Environmental Sciences & Ecology,0301-4207,English,UP1UP,Q2,market_volatility_GarchHar_covid
"Kumaraswamy, S; Abdulla, Y; Panigrahi, SK","Kumaraswamy, Sumathi; Abdulla, Yomna; Panigrahi, Shrikant Krupasindhu",Will Gold Prices Persist Post Pandemic Period? An Econometric Evidence,INTERNATIONAL JOURNAL OF FINANCIAL STUDIES,2023,10.3390/ijfs11010008,"Recurrent stock market fall and rise sequel by COVID-19, rising global inflation, increase in Fed interest rates, the unprecedented meltdown of technology stocks, fear of trade wars, tightening of governments' fiscal policies call for a new trend in international investing. It is time for the investors to rethink, rebalance and reset their investment strategies to position and protect their portfolios during and post-pandemic period. This paper attempts to forecast the gold prices for the post-pandemic era and explores whether gold will serve as a decisive hedge during this transition period. The techniques of ARCH, GARCH, E-GARCH, A-PARCH, and GARCH-M is employed in forecasting the conditional volatility of gold spot price from Multi Commodity Exchange (MCX) of India. A total of 3631 observations were collected from the daily spot prices of gold from January 2009 to December 2022. The findings show that the gold prices in India are highly persistent similar to other emerging markets and that gold will remain a safe haven for investors and institutional investors in the post-pandemic period. This paper is the first of its kind to forecast gold prices for the post-pandemic period. The forecast price of 10-gram gold is expected to trade for 65,948 (sic) in the Indian MCX by 2026 if the gold prices behold its previous momentum. This forecast will help the investors to plan their portfolio diversification for the post-pandemic period.",forecasting; gold price; COVID-19; GARCH; time series,STOCK-MARKET EVIDENCE; DYNAMIC CAUSALITY; SILVER PRICES; EXCHANGE-RATE; OIL PRICE; VOLATILITY; LINKAGES,Article,"Business, Finance",Business & Economics,2227-7072,English,A6VE5,Q2,market_volatility_GarchHar_covid
"Harb, E; Bassil, C; Kassamany, T; Baz, R","Harb, Etienne; Bassil, Charbel; Kassamany, Talie; Baz, Roland","Volatility Interdependence Between Cryptocurrencies, Equity, and Bond Markets",COMPUTATIONAL ECONOMICS,2024,10.1007/s10614-022-10318-7,"This paper investigates (i) the return-volatility spillover between Bitcoin, Ethereum, Ripple, and Litecoin, (ii) the interdependence between cryptocurrencies' volatility and the US equity and bond markets' volatility, and (iii) the impact of the Covid-19 outbreak on the cryptocurrencies' return-volatility. A two-step estimation approach is considered where Univariate General Autoregressive Conditional Heteroskedastic models are estimated to model the volatility of the four cryptocurrencies then a Simultaneous Equation Model is estimated to model the interconnection between the cryptocurrency volatilities, the US equity and bond markets' volatility, and Covid-19 outbreak. We show that return-volatility spillovers exist among Bitcoin, Ethereum, and Litecoin while Ripple is the main transmitter of shocks. We find that the cryptocurrency market is detached from the US stock market but not from the US bond market. Finally, we show that a high economic and financial uncertainty in the US stock market due to pandemic outbreaks affects the price of Litecoin, Bitcoin, and Ethereum. However, shocks are short-lived. Our findings have practical implications; as the evidence of volatility spillovers among cryptocurrencies and their relative isolation from the majority of mainstream assets should be factored into the valuation and portfolio diversification strategies of investors. In crisis times such as those induced by Covid-19, investors who seek protection from downward movements in bond markets could benefit from taking a position in Ethereum. Policymakers can also rely on our findings to time their intervention to stabilize markets and control uncertainties inherent to stressful periods.",Cryptocurrencies; Volatility spillover; GARCH-SEM; Structural breaks; Pandemics,SAFE HAVEN; BITCOIN; RETURN; PERSISTENCE; CONNECTEDNESS; TRANSMISSION; UNCERTAINTY; COMMODITIES; SPILLOVERS; DYNAMICS,Article,"Economics; Management; Mathematics, Interdisciplinary Applications",Business & Economics; Mathematics,0927-7099,English,MC0E9,Q2,market_volatility_GarchHar_covid
"Patel, V; Amilan, S; Vairasigamani, P","Patel, Versha; Amilan, S.; Vairasigamani, P.",Does investors' sentiment influence stockmarket volatility? Evidence from Indiaduring pre- and post-Covid-19 periods,JOURNAL OF INVESTMENT STRATEGIES,2024,10.21314/JOIS.2024.005,"This research empirically investigates the impact of investor sentiment on equitymarket volatility during periods of economic turbulence, with a focus on theCovid-19 pandemic. Daily data from the Bombay Stock Exchange Sensitive Indexand proxies for investor sentiment from November 23, 2017 to March 31, 2022 is col-lected and split into pre- and post-Covid-19 periods. To quantify investor sentiment,a comprehensive sentiment index is developed using principal component analy-sis. The study employs generalized autoregressive conditional heteroscedasticity(GARCH), threshold GARCH and exponential GARCH models to evaluate the influ-ence of sentiment on stock market volatility. These models enable the assessment ofhow positive news and negative news affect volatility differently, considering theirasymmetric impacts. The results of the analysis highlight the significant influence ofinvestor sentiment on volatility, particularly during the post-Covid-19 period. Postpandemic, volatility shocks are found to be more persistent and enduring, indicating heightened market instability. Negative news has a more pronounced impact onvolatility than positive news of equivalent magnitude. This disparity can be attributedto the widespread concern, fear and uncertainty prevalent during the post-Covid-19period, which contributed to the increase in market volatility",sentiment index; principal component analysis; stock market volatility; generalizedautoregressive conditional heteroscedasticity (GARCH); Covid-19,MARKET; IMPACT; RETURNS; RISK,Article,"Business, Finance",Business & Economics,2047-1238,English,E4A8K,Q2,market_volatility_GarchHar_covid
"Mathias, SE; Sahoo, S","Mathias, Simran Erica; Sahoo, Satyaban","Dynamic connectedness and systemic risk in global futures: evidence from cryptocurrency, financial, and commodity markets",EURASIAN ECONOMIC REVIEW,2026,10.1007/s40822-025-00353-8,"This study explores the dynamic volatility spillovers and interconnectedness between cryptocurrency and traditional futures markets. Using a multi-method approach that integrates wavelet coherence analysis, TVP-VAR connectedness, and DCC-GARCH modeling, the research identifies notable shifts in spillover patterns during crises, such as the COVID-19 pandemic, the FTX collapse, and the Russia-Ukraine conflict. The results reveal that the correlations between Bitcoin futures and traditional asset classes depend on the market conditions and intensify during crises. The connectedness analysis shows that Bitcoin futures play a dual role, acting as a transmitter of long-term shocks and a receiver of short-term shocks during periods of crisis. Equity futures emerged as the primary long-term transmitters of shocks, whereas other assets acted as shock receivers during the pandemic. Furthermore, the study evaluates hedge ratios and portfolio weights using the DCC-GARCH model. The portfolio analysis reveals that Bitcoin futures require a minimal allocation within diversified portfolios, suggesting their limited effectiveness as a hedge and safe-haven asset. These results aim to inform portfolio managers in developing efficient hedging strategies and assist regulators in monitoring financial market stability. This study fills gaps in the existing literature by understanding how decentralized financial instruments interact with financial markets and providing insights into risk management in modern markets.",Cryptocurrency; Gold; Wavelet coherence; TVP-VAR; DCC-GARCH; Hedge ratios,IMPULSE-RESPONSE ANALYSIS; BITCOIN; UNCERTAINTY; SPILLOVERS; ASSETS,Article,Economics,Business & Economics,1309-422X,English,FT0CX,Q2,market_volatility_GarchHar_covid
"Savage, H; Chan, JSK","Savage, Hayden; Chan, Jennifer S. K.",Bayesian Analyses of the Two-Stage CARR-Return Models with Applications to COVID-19 Impact on the Cryptocurrency Market,STUDIES IN NONLINEAR DYNAMICS AND ECONOMETRICS,2025,10.1515/snde-2025-0027,"Volatility is one of the main risk measures as it describes the variability of returns; thereby it drives many investment decisions in the financial markets. Yet, the COVID-19 pandemic introduces a new source of market risk, and its impact remains in focus. This paper studies the volatility and return series of Bitcoin and Ethereum to gain a better understanding of the impact of this widespread global event on the financial markets particularly when central banks' stimulus measures led to concerns about inflation, boosting interest in Bitcoin as the digital gold. We extend the conditional autoregressive range (CARR) volatility model by incorporating efficient realised range-based volatility measures taken at higher frequencies, which capture stronger short-term memory. These conditional volatility estimates are then used as inputs in return models, forming a two-stage model that models volatility and returns separately. This approach serves as a compelling alternative to the commonly used GARCH models. The key improvement comes from the choice of error distribution - the Generalized Beta Type two, which can be specified in the CARR model but not in GARCH models. For the return model, the Student-t distribution is typically the best choice. The two-stage model demonstrates strong out-of-sample forecasting performance, particularly in terms of Value-at-Risk (VaR) and Volatility-at-Risk (VoaR), underscoring its practical effectiveness. Model parameters are estimated using a Bayesian MCMC approach via the RStan package.",Parkinson measure; volatility models; Bayesian approach; persistence; C11; C16; C22; D53; G17,VOLATILITY; VARIANCE,Article; Early Access,"Economics; Social Sciences, Mathematical Methods",Business & Economics; Mathematical Methods In Social Sciences,1081-1826,English,Z6536,Q2,market_volatility_GarchHar_covid
"Cheng, S; Deng, MJ; Liang, RB; Cao, Y","Cheng, Sheng; Deng, MingJie; Liang, Ruibin; Cao, Yan","Asymmetric volatility spillover among global oil, gold, and Chinese sectors in the presence of major emergencies",RESOURCES POLICY,2023,10.1016/j.resourpol.2023.103579,"The volatility of international crude oil and gold markets has affected stock markets through several economic channels, and the impact tends to be more evident with the appearance of emergencies. However, the volatility linkages between commodities and Chinese sector stocks in the presence of emergencies are understudied. To examine the asymmetric relationship and time-varying connectedness between commodities and Chinese sector stocks, this paper first employs GJR-GARCH to capture the realized volatility of international oil, gold, and Chinese sector stocks. Secondly, we decompose the realized volatility of international oil and gold into bad and good volatility and then employ the TVP-VAR-DY approach to obtain the connectedness index. The final result shows asymmetric volatility spillover among oil, gold, and Chinese sector stocks. During the COVID-19 outbreak, the gold good volatility transmission is intenser than bad volatility. Thirdly, the analysis is also carried out under different subperiods. They include three international events: the global financial crisis and the European debt crisis, the oil crisis, and COVID-19. The result reveals heterogeneity exists in the impact of international oil and gold on the Chinese sector stocks under different emergencies. These findings are of great significance for pol-icymakers to improve the sector management under the impact of different emergencies and for investors to design diversified portfolios according to the commodity-sector risk spillover effects.",Asymmetry; Volatility spillover; Oil; Gold; Chinese sector stocks; Emergencies,STOCK-MARKET; CRUDE-OIL; SAFE-HAVEN; FORECASTING VOLATILITY; INFLATION; COINTEGRATION; DEPENDENCE; FUTURES; HEDGE; RISK,Article,Environmental Studies,Environmental Sciences & Ecology,0301-4207,English,F6QV6,Q2,market_volatility_GarchHar_covid
"Yu, XL; Xiao, KT","Yu, Xiaoling; Xiao, Kaitian",Dependencies and Volatility Spillovers among Chinese Stock and Crude Oil Future Markets: Evidence from Time-Varying Copula and BEKK-GARCH Models,JOURNAL OF RISK AND FINANCIAL MANAGEMENT,2022,10.3390/jrfm15110491,"This paper investigates co-movements among the Chinese stock market, Shanghai International Energy Exchange (INE) crude oil futures and West Texas Intermediate (WTI) crude oil futures. We use Copula models to capture tail dependencies and employ the VAR-BEKK-GARCH model to examine the direction of volatility spillovers. We find that there are positively time-varying dependency relationships among the three markets. Compared with the corresponding upper-tail dependencies, the lower-tail dependencies were larger before the COVID-19 pandemic while relatively weaker after the breakout of the pandemic. Before the COVID-19 pandemic, there was only a statistically significant volatility spillover from WTI crude oil future market to the INE crude oil future market. After the breakout of the COVID-19 pandemic, there were statistically significant volatility spillovers in the two pairs of markets, namely, the WTI-INE and Chinese stock-WTI. However, we only find statistically significant evidence of unidirectional volatility spillover from the Chinese crude oil future market to the Chinese stock market during the pandemic.",Chinese stock; crude oil futures; dependency relationship; volatility spillover,PRICE SHOCKS; RETURNS; IMPACT; NEXUS,Article,"Business, Finance",Business & Economics,1911-8066,English,6F2RD,Q2,market_volatility_GarchHar_covid
"Bentes, SR","Bentes, Sonia R.",How COVID-19 has affected stock market persistence? Evidence from the G7's,PHYSICA A-STATISTICAL MECHANICS AND ITS APPLICATIONS,2021,10.1016/j.physa.2021.126210,"This paper examines how COVID-19 pandemic has affected volatility persistence in the G7's stock markets. Based on daily data we divided the whole sample into two sub-samples according to its breakpoints and found that they occurred right after the declaration of COVID-19 pandemic by the World Health Organization - WHO (2020). This approach allows us to assess the main differences between these two distinct phases. Thus, while the first sub-period is relatively calm, the second one, which coincides with the pandemic outbreak, shows higher levels of volatility. Considering this, we rely on GARCH-type models to assess the degree of persistence of volatility and to evaluate how it has evolved across sub-samples. Our results show that the FIGARCH(1,d,1) is the best model to describe the data and that the degree of persistence is very different from the first to the second sub-sample. Thus, while the pre-pandemic period exhibits lower levels of persistence it has greatly increased with the COVID-19 outbreak. In particular, S&P 500 and FTSE/MIB became the most persistent indices in contrast to NIKKEI 225 and FTSE 100, which were amongst the least persistent. (C) 2021 Elsevier B.V. All rights reserved.",COVID-19; Volatility; Persistence; Conditional variance; G7; FIGARCH,TIME-SERIES; LONG MEMORY; VOLATILITY; EXCHANGE; CRISIS; MODELS,Article,"Physics, Multidisciplinary",Physics,0378-4371,English,UB1QG,Q2,market_volatility_GarchHar_covid
"Khan, MA; Hussain, MM; Pervez, A; Atif, M; Bansal, R; Alhumoudi, HA","Khan, Mohammed Arshad; Hussain, Md. Mobashshir; Pervez, Asif; Atif, Mohd; Bansal, Rohit; Alhumoudi, Hamad A. A.",Intraday Price Discovery between Spot and Futures Markets of NIFTY 50: An Empirical Study during the Times of COVID-19,JOURNAL OF MATHEMATICS,2022,10.1155/2022/2164974,"The current study investigates the intraday dynamics of futures and spot markets in India. By analyzing one-minute data of Nifty 50 and the associated futures index, the study finds that both the markets are cointegrated. The results of the VECM reveal that any disequilibrium between the spot and futures market is restored by the spot market. Granger causality tests reveal that the spot and futures markets have a bidirectional causal relationship. Common factor weights and Hasbrouck's information share (IS) reveal the greater role of the futures market in price discovery. Gonzalo and Granger's common factor model indicates that the permanent factor is made up of futures series only. Using the BEK-GARCH model, we found two-way volatility spillovers between the spot and futures markets. The futures market is found to have a greater impact in terms of volatility spillovers also. The findings of our research are relevant to investors, money managers, traders, and policymakers.",,LEAD-LAG RELATIONSHIP; STOCK INDEX FUTURES; VOLATILITY SPILLOVERS; ERROR-CORRECTION; OPTIONS MARKETS; COINTEGRATION; CASH; DYNAMICS,Article,Mathematics,Mathematics,2314-4629,English,5Y9FL,Q2,market_volatility_GarchHar_covid
"Vo, DH","Vo, Duc Hong",Volatility spillovers across sectors and their magnitude: A sector-based analysis for Australia,PLOS ONE,2023,10.1371/journal.pone.0286528,"While spillover across equity markets has been extensively investigated, volatility spillover across sectors has largely been under-examined in the current literature. This paper estimates the sectoral volatility using the ARMA-GARCH model and its spillover across Australian sectors on the VAR framework during the 2010-2021 period. We then identify breakpoints in market volatility during the Covid-19 pandemic using a wavelet methodology. We find that volatility spillover across Australian sectors is very significant at 60 per cent from 2010 to 2019, reaching 90 per cent during the Covid-19 pandemic in 2020. The spillover then reverts to its pre-pandemic level in 2021. Consumer Staples and Industrials are the significant risk transmitters, whereas Financials and Real estates are the most significant risk absorbers. Our findings also indicate that Real Estate, Health Care, and Financials record the most significant increase in volatility of more than 300 per cent. Policy implications regarding risk management across Australian sectors have emerged, particularly during extreme events such as the pandemic.",,,Article,Multidisciplinary Sciences,Science & Technology - Other Topics,1932-6203,English,L3JE6,Q2,market_volatility_GarchHar_covid
"Jiang, BZ; Zhu, HJ; Zhang, JH; Yan, C; Shen, R","Jiang, Baozhen; Zhu, Haojie; Zhang, Jinhua; Yan, Cheng; Shen, Rui",Investor Sentiment and Stock Returns During the COVID-19 Pandemic,FRONTIERS IN PSYCHOLOGY,2021,10.3389/fpsyg.2021.708537,"In this paper, we regard the Baidu index as an indicator of investors' attention to China's epidemic stocks. We believe that when seeking information to guide investment decisions, investor sentiment is usually affected by the information provided by the Baidu search engine, which may cause stock prices to fluctuate. Therefore, we constructed a GARCH extended model including the Baidu index to predict the return of epidemic stocks and compared it with the benchmark model. The empirical research in this paper finds that the forecast model including the Baidu index is significantly better than the benchmark model. This has important reference value both for investors in predicting stock trends and for the government's formulation of policies to prevent excessive stock market volatility.",Baidu index; google trends; investor sentiment; epidemic stocks; forecast,SEARCH,Article,"Psychology, Multidisciplinary",Psychology,1664-1078,English,TT5KA,Q2,market_volatility_GarchHar_covid
"Yi, A; Yang, ML; Li, YS","Yi, Adan; Yang, Menglong; Li, Yongshan",Macroeconomic Uncertainty and Crude Oil Futures Volatility-Evidence from China Crude Oil Futures Market,FRONTIERS IN ENVIRONMENTAL SCIENCE,2021,10.3389/fenvs.2021.636903,"This paper investigates whether the macroeconomic uncertainty factors can explain and forecast China's INE crude oil futures market volatility. We use the GARCH-MIDAS model to investigate the explaining and predicting power of the macroeconomic uncertainties. We considered various geopolitical risk (GPR) indices, economic policy uncertainty (EPU) indices, and infectious disease pandemic (IDEMV) indices in our model. The empirical results suggest that the geopolitical risk, the geopolitical act risk, the global economic policy uncertainty, the economic policy uncertainty from the United Kingdom, and the economic policy uncertainty from Japan comprehensively integrate the information contained in the rest factors, and have superior predictive powers for INE crude oil future volatility. These findings highlight the importance of the impact of macroeconomic uncertainty factors has on the crude oil futures market, and indicate that the macroeconomic uncertainties need to be considered when explaining and forecasting crude oil futures market volatility.",crude oil price; realized measures; GRACH-MIDAS models; macroeconomic uncertainty; volatility forecast,STOCK-MARKET; REALIZED VOLATILITY; ECONOMIC-GROWTH; ENERGY PRICE; GARCH; DETERMINANTS; FUNDAMENTALS; RETURNS; SHOCKS; RISKS,Article,Environmental Sciences,Environmental Sciences & Ecology,,English,RF9IG,Q2,market_volatility_GarchHar_covid
"Zhang, XM; Zhou, HG; Lee, CC","Zhang, Xiaoming; Zhou, Hegang; Lee, Chien-Chiang",Systemic Risk of China's Financial Industry during the Spread of the COVID-19 Epidemic and the Breakdown of Crude Oil Negotiation,EMERGING MARKETS FINANCE AND TRADE,2022,10.1080/1540496X.2021.1968824,"This research first adopts three indicators to measure the systemic risk of different financial industries in China. Second, we employ the Time Varying Parameter-Stochastic Volatility-Vector Auto Regression (TVP-SV-VAR) model to investigate the time-varying relationship among COVID-19 epidemic, crude oil price, and financial systemic risk. The results herein not only help us grasp the current level of systematic risk in China, but also can assist at improving the early warning risk indicators and enhance the risk management system. Lastly, this research can also help investors to make reasonable asset planning.",COVID-19 epidemic; crude oil price; systemic risk; China; Time Varying Parameter-Stochastic Volatility-Vector Auto Regression (TVP-SV-VAR),STOCK-MARKET; GARCH; SPILLOVERS; VOLATILITY; PRICE; UNCERTAINTY,Article,Business; Economics; International Relations,Business & Economics; International Relations,1540-496X,English,XN8HF,Q2,market_volatility_GarchHar_covid
"Gabriel, V; Dionísio, A; Almeida, D; Ferreira, P","Gabriel, Vitor; Dionisio, Andreia; Almeida, Dora; Ferreira, Paulo",From wars to waves: geopolitical risks and environmental investment behaviour,POST-COMMUNIST ECONOMIES,2024,10.1080/14631377.2024.2323763,"This study investigates the impact of geopolitical risk (GPR) on sustainable investments, focusing on five global environmental indices and two global GPR indices. Using Corrected Dynamic Conditional Correlation Generalised Autoregressive Conditional Heteroskedasticity (cDCC-GARCH) model and Diebold and Yilmaz's spillover analysis, we use daily data from January 2009 to October 2022, covering various market phases, including the European sovereign debt crisis, the COVID-19 pandemic, and the war in Ukraine. Results from the cDCC-GARCH model reveal high dynamic conditional correlations. During periods of high volatility, environmental indices displayed simultaneous and more intense responses, limiting investment diversification alternatives when considering only the environmental side. Diebold and Yilmaz's static analysis demonstrates that environmental segments are more influenced by systemic shocks than specific causes, with GPR's influence proving relatively weak. In the dynamic analysis, the spillover effects of GPR in environmental segments intensified during the pandemic crisis and the invasion of Ukraine, affecting market conditions.",Environmental equities; global political risk; spillovers; extreme events; sustainable investment,STOCK-MARKET RETURNS; SUSTAINABLE DEVELOPMENT; VOLATILITY SPILLOVERS; FINANCIAL PERFORMANCE; CO2 EMISSIONS; TIME-SERIES; OIL; IMPACT; PRICE; ENERGY,Article,Economics,Business & Economics,1463-1377,English,SF0B8,Q2,market_volatility_GarchHar_covid
"Roy, V; Jaiswal, T; Gautam, A","Roy, Vishal; Jaiswal, Twinkle; Gautam, Amit",Assessing risk profiles of ESG portfolios in global financial markets,DECISION,2024,10.1007/s40622-024-00388-x,"The incorporation of environmental, social and governance (ESG) factors into private investments is transitioning from a risk management strategy to a catalyst for innovation and novel prospects that benefits both business and society in the long run. The growing prominence of such investments necessitates a comprehensive assessment of their risk under varying market conditions. This research aims to provide a thorough analysis by examining the risk of ESG portfolios across global financial markets (categorised as developed and emerging) during distinct market regimes. The study utilises daily data of representative ESG equity portfolios from developed markets (US and Japan) as well as emerging markets (China and India). The portfolios are divided into sub-periods to accommodate the disparity between the Covid and post-Covid regimes. The study compares and contrasts the volatility patterns of all the ESG portfolios using a GJR-GARCH model that takes into consideration both the conditional variance and asymmetricity in the financial time series. Although the results reveal no clear distinction when comparing return and risk between developed and emerging markets, there is presence of varying performance across market regimes, with all the portfolios showing higher returns and lower risk during the Covid, reflecting dynamic market conditions. Additionally, the asymmetricity in volatility is more during Covid period as compared to the post-Covid period for all the portfolios. The findings provide valuable guidance to asset managers and investors seeking to mitigate portfolio risk by engaging in ESG investing.",ESG; Covid pandemic; Comparative risk assessment; GJR-GARCH model; Sustainable finance,SUSTAINABILITY INDEX; PERFORMANCE; VOLATILITY; INVESTMENTS; RETURN; FUNDS,Article,Management,Business & Economics,0304-0941,English,YX3N5,Q2,market_volatility_GarchHar_covid
"Cao, YF","Cao, Yufei","Impact of climate change on dynamic tail-risk connectedness among stock market social sectors: Evidence from the US, Europe, and China",NORTH AMERICAN JOURNAL OF ECONOMICS AND FINANCE,2025,10.1016/j.najef.2024.102319,"This paper studies the impact of climate change risk (including physical and transition risk) on the tail-risk connectedness among ten stock market social sectors in the US, Europe and China. To this end, we first combine ARMA-GJR-GARCH models with a time-varying parameter autoregression (TVP-VAR) approach to examine the transmission of tail-risk among sectors. Then, we use predictive regression models to examine the contribution of climate change to tail-risk spillovers. Over the sample period from January 2013 to September 2023, we obtain two main results. First, the COVID-19 epidemic has resulted in significantly greater losses for social sectors in the US and Europe than for those in China. Additionally, the industrial sector is a common source of tail-risk shocks across all three economies. Second, physical risk contributes to higher overall and directional tail-risk connectedness, while an increase in transition risk has the opposite effect on both. However, the impact of physical and transition risk on the net tail-risk connectedness for each sector shows both positive and negative effects. Our findings indicate that physical and transition risk have different effects on tail-risk connectedness among social sectors.",Climate change; Physical risk; Transition risk; Tail-risk connectedness; TVP-VAR; VaR,IMPULSE-RESPONSE ANALYSIS; NATURAL DISASTERS; FINANCIAL FRAGILITY; VOLATILITY,Article,"Business, Finance; Economics",Business & Economics,1062-9408,English,O4K2B,Q2,market_volatility_GarchHar_covid
"Badshah, W; Musah, M; Khan, AU","Badshah, Waqar; Musah, Mohammed; Khan, Asad Ul Islam",Is the effect of a health crisis symmetric for physical and digital financial assets? An assessment of gold and bitcoin during the pandemic,PLOS ONE,2023,10.1371/journal.pone.0288762,"The emergence of the covid-19 health crisis, in this advanced technological era where connections between markets, nations, and economies have grown stronger than ever before, the shock of the COVID-19 pandemic quickly had an impact on both physical and digital financial assets. The Chinese financial market experienced the first consequences of the covid-19 pandemic, then spilled over to other financial markets, including those for cryptocurrencies and the precious metals. This study examines the impact of the covid-19 pandemic on the volatilities of the dynamics of bitcoin and gold. Both assets share some characteristics, such as online trading platforms, however, gold is a tangible financial asset unlike bitcoin, which is digitally generated without any physical form. This study argues that the similarities and differences between bitcoin and gold play major roles in how the covid-19 crisis affected their respective dynamics. Using daily data ranging from 9/22/2014 to 1/31/2023 and employing ARMA as the mean equation for GARCH model, the impact of the health crisis (covid-19) is examined on the volatilities of the prices and volumes of bitcoin and gold. Empirical evidence points out that, the pandemic has a symmetric impact on the volatilities of bitcoin and gold price returns, causing them to be more volatile. The impact of the covid-19 observed on the volume returns of the assets, however, is asymmetrical. The empirical results give evidence to the role that the vital differences existing between these assets played during the covid-19 pandemic.",,EXCHANGE-RATES; SAFE HAVEN; PRICE; COVID-19; HEDGE,Article,Multidisciplinary Sciences,Science & Technology - Other Topics,1932-6203,English,CH2A4,Q2,market_volatility_GarchHar_covid
"Hsu, SH; Cheng, PK; Yang, YW","Hsu, Shu-Han; Cheng, Po-Keng; Yang, Yiwen","Diversification, hedging, and safe-haven characteristics of cryptocurrencies: A structural change approach",INTERNATIONAL REVIEW OF FINANCIAL ANALYSIS,2024,10.1016/j.irfa.2024.103211,"This study investigates the influence of structural change on the diversification, hedging, and safe -haven characteristics of Bitcoin and Ethereum against various financial assets such as gold, the US Dollar Index, stock indices, oil, and commodity indices from August 7, 2015, to August 15, 2022, using the DCC-ARMA-GARCH models with the CUSUM test. Our results indicate that cryptocurrencies have the same characteristics vis-`a-vis financial markets during the entire sample period and periods tied to the date of major international events (COVID-19 and the early -2022 Russia-Ukraine War). However, we find that cryptocurrencies play different roles against specific asset markets in different periods separated by structural change models. Our findings suggest that incorporating structural changes into a model accounts for higher volatility and may better describe the realworld capabilities of cryptocurrencies against financial assets.",CUSUM test; Diversifier; DCC-ARMA-GARCH model; Hedge; Safe haven; Structural changes,OIL PRICES; VOLATILITY PERSISTENCE; ASYMMETRIC VOLATILITY; CUSUM TEST; BITCOIN; BREAKS; GOLD; MODELS; MARKET,Article,"Business, Finance",Business & Economics,1057-5219,English,QL8B9,Q2,market_volatility_GarchHar_covid
"Bhatia, P; Gupta, P","Bhatia, Parul; Gupta, Priya",Sub-prime Crisis or COVID-19: A Comparative Analysis of Volatility in Indian Banking Sectoral Indices,FIIB BUSINESS REVIEW,2020,10.1177/2319714520972210,"Stock market volatility may be a function of company, industry, or world over information made public. The present study has investigated the volatility of Indian banking sectoral indices with the general banking index for two shocking events: the Sub-prime crisis and COVID-19. A comparative analysis of both the shocks leading to these indices' volatility has been conducted using symmetric and asymmetric models. This study's findings show that these indices' volatile behaviour has been strong enough to persist in the market with the leverage effect present during the sub-prime crisis. This effect disappeared for Nifty Bank Indices and Private Sector Bank Indices as compared to Public Sector Undertaking Bank Indices during COVID-19 (probably because the pandemic is not over yet). With GARCH and EGARCH models, the study suggests that the investors may use the diversification approach, in the long run, to safeguard their portfolio values to survive from global shocks.",Sub-prime; COVID-19; volatility; banking; public; private,GLOBAL FINANCIAL CRISIS; STOCK-EXCHANGE; SPILLOVER; MARKET; US; BRICS,Article,Business; Management,Business & Economics,2319-7145,English,WZ4PM,Q2,market_volatility_GarchHar_covid
"Bhatnagar, M; Özen, E; Taneja, S; Grima, S; Rupeika-Apoga, R","Bhatnagar, Mukul; Ozen, Ercan; Taneja, Sanjay; Grima, Simon; Rupeika-Apoga, Ramona",The Dynamic Connectedness between Risk and Return in the Fintech Market of India: Evidence Using the GARCH-M Approach,RISKS,2022,10.3390/risks10110209,"Fintech allows investors to explore previously unavailable investment opportunities; it provides new return opportunities while also introducing new risks. The aim of this study is to investigate the relationship between risk and return in the fintech industry in the Indian stock market. This article is based on market-based research that focuses on demonstrating the volatility in the fintech market's prices and demystifying the opportunities. Secondary data were collected from the Bombay Stock Exchange's official fintech industry website from January 2017 to July 2022 to determine whether there is any dynamic link between risk and return in the Indian fintech market. The variance-based Mean-GARCH (GARCH-M) model was used to determine whether there is a dynamic link between risk and return in the Indian fintech market. The findings emphasize the importance of taking the risk of investing in India's fintech industry. The implications for stock investors' and fund managers' portfolio composition and holding periods of equities or market exposure are significant. Finally, depending on their investment horizons, the Indian fintech industry may yield significant profits for risk-taking individuals.",fintech; risk; return; investments; variance-based Mean-GARCH (GARCH-M) model; dynamic connectedness,VOLATILITY MARKETS; STOCK; INTEGRATION; INVESTMENT; LINKAGES; COVID-19; TRADE,Article,"Business, Finance",Business & Economics,,English,6F4PX,Q2,market_volatility_GarchHar_covid
"Aladwani, J","Aladwani, Jassim",Oil Volatility Uncertainty: Impact on Fundamental Macroeconomics and the Stock Index,ECONOMIES,2024,10.3390/economies12060140,"This study utilized both single-regime GARCH and double-regime GARCH models to investigate oil price volatility, Spanish macroeconomic factors, and stock prices during major crises such as geopolitical conflicts, the global financial crisis (GFC), and COVID-19, covering the period from Q2-1995 to Q4-2023. Additionally, the impact of crude oil price volatility on these factors was examined. The empirical results confirmed the presence of the leverage effect and identified multiple volatility switches associated with remarkable events like the GFC, the European debt crisis, the COVID-19 pandemic, and the Russian war. ARDL model analysis revealed a statistically significant positive relationship between oil prices and both unemployment and inflation rates in the long term, while other factors showed a negative correlation.",GARCH-type models; MS-GARCH models; macroeconomic factors; oil price fluctuation; ADRL model; D53; E31; E32; G15; C32,REAL GDP GROWTH; CRUDE-OIL; PRICE SHOCKS; INFLATION EVIDENCE; FINANCIAL CRISIS; GARCH MODELS; REGIME; MARKETS; RETURN; HETEROSKEDASTICITY,Article,Economics,Business & Economics,,English,WQ5R3,Q2,market_volatility_GarchHar_covid
"Pham, SD; Nguyen, TTT; Li, XM","Pham, Son Duy; Nguyen, Thao Thac Thanh; Li, Xiao-Ming",Stabilizing global foreign exchange markets in the time of COVID-19: The role of vaccinations,GLOBAL FINANCE JOURNAL,2024,10.1016/j.gfj.2023.100923,"By restoring economic openness, mitigating economic policy uncertainty, and regaining macroeconomic stability, the mass deployment of COVID-19 vaccinations should stabilize foreign exchange (FX) markets. This paper empirically examines the impact of COVID-19 vaccinations on the realized volatility of exchange rates in 30 countries/regions from January 1, 2020, to September 29, 2021. Using the heterogeneous autoregressive model with measurement errors, we find that the COVID-19 vaccine rollout stabilizes global FX markets; this result holds through a series of robustness checks. The stabilizing effect is asymmetric across the quantile levels of FX volatility distribution. Furthermore, the stabilizing effect is more pronounced in emerging markets, countries with high economic policy uncertainty, and nations with greater vaccine confidence.",COVID-19 vaccinations; Exchange rate volatility; Realized volatility; Heterogeneous autoregressive model; Measurement errors,ECONOMIC-POLICY UNCERTAINTY; INVESTOR FEAR GAUGE; REALIZED VOLATILITY; QUANTILE REGRESSION; STOCK-MARKET; IMPLIED VOLATILITY; HEALTH; OPENNESS; IMPACT; CREDIBILITY,Article,"Business, Finance",Business & Economics,1044-0283,English,FD7A2,Q2,market_volatility_GarchHar_covid
"Chan, JYL; Phoong, SW; Phoong, SY; Cheng, WK; Chen, YL","Chan, Jireh Yi-Le; Phoong, Seuk Wai; Phoong, Seuk Yen; Cheng, Wai Khuen; Chen, Yen-Lin",The Bitcoin Halving Cycle Volatility Dynamics and Safe Haven-Hedge Properties: A MSGARCH Approach,MATHEMATICS,2023,10.3390/math11030698,"This paper introduces a unique perspective towards Bitcoin safe haven and hedge properties through the Bitcoin halving cycle. The Bitcoin halving cycle suggests that Bitcoin price movement follows specific sequences, and Bitcoin price movement is independent of other assets. This has significant implications for Bitcoin properties, encompassing its risk profile, volatility dynamics, safe haven properties, and hedge properties. Bitcoin's institutional and industrial adoption gained traction in 2021, while recent studies suggest that gold lost its safe haven properties against the S&P500 in 2021 amid signs of funds flowing out of gold into Bitcoin. Amid multiple forces at play (COVID-19, halving cycle, institutional adoption), the potential existence of regime changes should be considered when examining volatility dynamics. Therefore, the objective of this study is twofold. The first objective is to examine gold and Bitcoin safe haven and hedge properties against three US stock indices before and after the stock market selloff in March 2020. The second objective is to examine the potential regime changes and the symmetric properties of the Bitcoin volatility profile during the halving cycle. The Markov Switching GARCH model was used in this study to elucidate regime changes in the GARCH volatility dynamics of Bitcoin and its halving cycle. Results show that gold did not exhibit safe haven and hedge properties against three US stock indices after the COVID-19 outbreak, while Bitcoin did not exhibit safe haven or hedge properties against the US stock market indices before or after the COVID-19 pandemic market crash. Furthermore, this study also found that the regime changes are associated with low and high volatility periods rather than specific stages of a Bitcoin halving cycle and are asymmetric. Bitcoin may yet exhibit safe haven and hedge properties as, at the time of writing, these properties may manifest through sustained adoption growth.",MSGARCH; symmetry; regime changes; safe haven; hedge properties; Bitcoin; gold,GOLD; EXCHANGE; RISK,Article,Mathematics,Mathematics,,English,8T9UB,Q2,market_volatility_GarchHar_covid
"Meng, LS; Wang, B","Meng, Liushuang; Wang, Bin",Risk spillovers and extreme risk between e-commerce and logistics markets in China,AIMS MATHEMATICS,2024,10.3934/math.20241411,"We first utilized the Bayes positive diagonal BEKK generalized autoregressive conditional heteroskedasticity (Bayes-pdBEKK-GARCH) model to evaluate the risk spillovers between the ecommerce and logistics, then applied the adaptive Fourier decomposition method to measure the extent of these spillovers and detect structural changes. The results showed that there were structural breaks in both markets, which may lead to extreme risks. At last, we applied the GARCH-copula quantile regression model to analyze the extreme risks. We found that: (1) there were asymmetric volatility spillovers and positive correlations between them. (2) The dynamic risk spillovers exhibited heterogeneity over time. The logistics market had a smaller downside risk spillover, while the ecommerce market had a stronger upside risk spillover. (3) The study indicated that important events, such as the Chinese stock market crash, the Sino-U.S. trade friction, the COVID-19 epidemic, and the either-or choice monopoly policy of e-commerce platforms, had a significant influence on them, resulting in dramatic risk spillovers.",e-commerce; logistics; risk spillover; Bayes-pdBEKK-GARCH model; adaptive Fourier decomposition; GARCH-Copula quantile regression model,VOLATILITY; ALGORITHM; MODEL,Article,"Mathematics, Applied; Mathematics",Mathematics,,English,J7S9R,Q2,market_volatility_GarchHar_covid
"Su, JB","Su, Jung-Bin",The influence of the COVID-19 pandemic on the short- and long-term interactions in the agricultural market: Evidence from a connectedness network approach,PLOS ONE,2023,10.1371/journal.pone.0295294,"This study employs a bivariate GARCH model to examine the influence of the COVID-19 pandemic on the interactions of the commodities in the agricultural market via a connectedness network approach. Empirical results show that this pandemic alters the commodities' roles-the activators, net transmitters, and net receivers-in the volatility and return connectedness but not for the activators in the correlation connectedness. Moreover, this pandemic enhances the interactive degree of the unidirectional negative return spillovers and the bidirectional distinct-sign volatility spillovers but doesn't for the interactive degree of correlation. Thus, the COVID-19 pandemic, a short-term drastic event, can influence short-term interactions like volatility and return spillovers but can't affect one long-term interaction like the correlation. Nevertheless, this pandemic raises the intensity of the correlation as well as volatility and return spillovers. The findings provide policymakers to make short- and long-term investment strategies in the agriculture market.",,STOCK MARKETS; VOLATILITY; COMMODITY; SPILLOVERS; FUTURES; PRICES; OIL,Article,Multidisciplinary Sciences,Science & Technology - Other Topics,1932-6203,English,AX6X5,Q2,market_volatility_GarchHar_covid
"Lei, L; Aziz, G; Sarwar, S; Waheed, R; Tiwari, AK","Lei, Lei; Aziz, Ghazala; Sarwar, Suleman; Waheed, Rida; Tiwari, Aviral Kumar","Spillover and portfolio analysis for oil and stock market: A new insight across financial crisis, COVID-19 and Russian-Ukraine war",RESOURCES POLICY,2023,10.1016/j.resourpol.2023.103645,"This research examines the link between the volatility of the Karachi Stock Exchange and West Texas Intermediate (WTI) crude oil, using daily data between July 1, 2001 and December 31, 2022. We further investigate the spillover and investment strategies variation across the financial crisis, COVID-19, and the Russian-Ukrainian conflict. We employ the well-known investment analysis; portfolio weights, hedge ratio and hedging effectiveness. We extract the estimates from symmetric and asymmetric GARCH approaches for investment analysis. Asymmetric GARCH provides the response of negative and positive shocks. The findings demonstrate that lagged volatility, rather than lagged shocks, is a better predictor of market volatility in the future. Furthermore, the data support the notion that shocks, and volatility are communicated for the case of before, during, and after the crisis. After the outbreak of COVID-19 and the subsequent Russian-Ukraine war, researchers have discovered a transmission of shock and volatility from oil to stock markets. For policy suggestions, we recommend that oil revenue might be used to cushion other investment losses. After COVID-19 and the Russian-Ukraine war, investors should buy oil assets to hedge their portfolios against the ensuing catastrophe. However, the policy suggestions arising from the study findings may be employed by investors and portfolio managers.",Volatility spillovers; GARCH model; Hedge ratios; Crisis; COVID-19; Russia-Ukraine war,VOLATILITY SPILLOVERS; CRUDE-OIL; PRICE SHOCKS; RETURNS; COMMODITY; MODEL,Article,Environmental Studies,Environmental Sciences & Ecology,0301-4207,English,O3PS0,Q2,market_volatility_GarchHar_covid
"Kumar, AS","Kumar, Anoop S.",Testing Safe Haven Property of Bitcoin and Gold during Covid-19 : Evidence from Multivariate GARCH analysis,ECONOMICS BULLETIN,2020,,"We test the safe-haven property of Gold and Bitcoin against equity markets (NSE50, DJIA, SSE, and CAC40) in the backdrop of Covid-19. We employ two multivariate volatility models, namely DCC and cDCC GARCH for analytical purposes. We find both Gold and Bitcoin to be negligibly correlated with equity returns most of the time. However, we observe a positive correlation during the initial phase of Covid-19. The results suggest that both Gold and Bitcoin exhibit the safe-haven property overall. However, during Covid-19, the safe-haven property of both Bitcoin and Gold is found to be partially compromised. We find Gold to exhibit relatively better safe-haven properties.",,HEDGE; RISK,Article,Economics,Business & Economics,1545-2921,English,NE8IB,Q2,market_volatility_GarchHar_covid
"Dharani, M; Hassan, MK; Rabbani, MR; Huq, T","Dharani, Munusamy; Hassan, M. Kabir; Rabbani, Mustafa Raza; Huq, Tahsin",Does the Covid-19 pandemic affect faith-based investments? Evidence from global sectoral indices,RESEARCH IN INTERNATIONAL BUSINESS AND FINANCE,2022,10.1016/j.ribaf.2021.101537,"In this paper, we aim to investigate the influence of the Covid-19 on the behavior of the S&P 1200 Shariah and non-Shariah sectoral indices over the period from 1st October 2010 to 29th October 2020. We contribute to the global literature by examining the financial impact of the Covid-19 on the Shariah and non-Shariah sectoral indices. We find that the S&P 1200 Shariah Communication, consumer staples, financials, healthcare, industrials, IT, materials, and utility sectors earn higher average returns than their counterpart sectoral indices during the Covid-19 period. The study reports that on average, the volatility of the Shariah indices is less than their counterpart indices. Moreover, we further document that on average the S&P Shariah sectoral indices offer a higher return with low risk even during the Covid-19 global pandemic. We suggest that ethical investments are the best alternatives to retail, institutional, and foreign investors.",Shariah; Investment; Stock markets; Covid-19; Asset pricing; GARCH,,Article,"Business, Finance",Business & Economics,0275-5319,English,WI5VG,Q2,market_volatility_GarchHar_covid
"Nguyen, LT; Nguyen, MT; Nguyen, M","Nguyen, Lien Thi; Nguyen, Minh Thi; Nguyen, Manh",Asymmetric thresholds of macroeconomic volatility's impact on stock volatility in developing economies: a study in Vietnam,JOURNAL OF ECONOMICS AND DEVELOPMENT,2024,10.1108/JED-12-2023-0238,"PurposeThis paper examines the impact of macroeconomic volatility on stock volatility, both under normal conditions and during the COVID-19 pandemic in Vietnam.Design/methodology/approachWe extend the existing Exponential Generalized Autoregressive Conditional Heteroskedasticity model by adding a new component: the thresholds - the levels of macroeconomic volatility at which the market may respond differently. These thresholds are estimated for both positive and negative volatility.FindingsThe impact of macroeconomic volatility on stock volatility is asymmetric: there are thresholds of macroeconomic volatility at which its pattern changes. These thresholds are higher in the case of positive volatility compared with negative volatility. The thresholds were also higher during the COVID-19 pandemic. Macroeconomic variables influence stock volatility differently depending on market conditions. While GDP is more significant in normal periods, interest rates affect it in both normal and unstable phases.Research limitations/implicationsOur models consider only two variables representing macroeconomic variables: interest rate and GDP. Furthermore, only one lag period of the variables is included in the analysis. In the future, more macrovariables and longer lags could be included when computational techniques advance.Practical implicationsPolicymakers should consider the impact of macroeconomic volatility on the stock market when designing policies, especially at thresholds. Similarly, investors should pay more attention to macroeconomic volatility when constructing and managing their portfolios, particularly when such volatility is close to thresholds.Originality/valueThe inclusion of thresholds as parameters to be estimated into the model provides more insights into the impact of macroeconomic variables on stock volatility.",Asymmetric threshold; COVID-19 pandemic; EGARCH; Macroeconomic volatility; Stock market volatility,MARKET VOLATILITY,Article,Development Studies; Economics,Development Studies; Business & Economics,1859-0020,English,F3C8W,Q2,market_volatility_GarchHar_covid
"Saqfalhait, NI; Alzoubi, OM","Saqfalhait, Nahil Ismail; Alzoubi, Omar Mohammad",The Impact of COVID-19 Pandemic on the Jordanian Stock Market Returns Volatility: Evidence from ASE20,ECONOMIES,2024,10.3390/economies12090238,"This research examines the impact of the COVID-19 pandemic on the volatility behavior of Amman Stock Exchange (ASE) returns using ARMA-GARCH-type models for three sub-periods: pre-COVID-19, during COVID-19, and post-COVID-19. The research finds that volatility persistence is significant across all periods, with the pandemic period showing the highest impact of shocks. Bad news has no statistically significant impact on volatility in the pre-COVID-19 period or during the pandemic, while in the post-pandemic period, good news significantly influences volatility. Additionally, there exist notable changes in the autocorrelation and the shock structure of the AR and MA components. Considering these alterations in the asymmetric effects, the AR and MA components suggest significant shifts in market dynamics, investor sentiments, and economic policies in response to pandemic experiences.",COVID-19 pandemic; stock returns volatility; ARCH-type model; Amman Stock Exchange; Jordan,AUTOREGRESSIVE TIME-SERIES; CRASH,Article,Economics,Business & Economics,,English,H4G8S,Q2,market_volatility_GarchHar_covid
"Yang, WR; Chuang, MC","Yang, Wan-Ru; Chuang, Ming-Che","Do investors herd in a volatile market? Evidence of dynamic herding in Taiwan, China, and US stock markets",FINANCE RESEARCH LETTERS,2023,10.1016/j.frl.2022.103364,"This article investigates whether investors exhibit herd behavior in a high market volatility state. A modified herding model with the Kalman filter and GARCH methodology is used to estimate the time-variation herding corresponding to each influential event. Our proposed model provides comprehensive results for the relationship between investor herding and the market state, which has been argued in the previous literature. We find that investors indeed herd in volatile markets, including the 2001 dot.com bubble and the 2009 global financial crisis. However, in recent years, anti-herding is prevalent and herding is slight even in turbulent markets, such as the 2020 Covid-19 pandemic.",CSAD; Herd behavior; Kalman filter,BEHAVIOR,Article,"Business, Finance",Business & Economics,1544-6123,English,9T7PY,Q2,market_volatility_GarchHar_covid
"Hasan, MF; Al-Dahaan, NSH; Abdulameer, HH; Kadhem, HY","Hasan, Mohammed Faez; Al-Dahaan, Noor Sabah Hameed; Abdulameer, Hussein Hadi; Kadhem, Haider Yonis",SECTORAL SENSITIVITY TO OIL PRICE SHOCKS AND STRUCTURAL CHANGES DURING COVID-19: EVIDENCE FROM THE IRAQ STOCK EXCHANGE,FINANCIAL AND CREDIT ACTIVITY-PROBLEMS OF THEORY AND PRACTICE,2025,10.55643/fcaptp.5.64.2025.4836,"This research examines the responsiveness of sectoral stock returns in the Iraq Stock Exchange (ISX) to oil price shocks, focusing on the period during the COVID-19 pandemic. The Iraqi economy is still highly reliant on oil exports, which renders its financial markets vulnerable to global oil prices. This study examines the nature and extent of vulnerability in the Iraqi financial markets by employing a combination of methods, including event study methodology, fixed effects panel regression, GARCH (1,1) volatility modeling, and structural break and Granger causality tests. The data includes daily stock returns from seven sectors of ISX along with Brent and WTI prices between 2014 and 2023. The study focuses on three key oil-related events, which are the mid-March to April 2020 oil price crash, the COVID-19 pandemic alongside its role as a systemic market shock, and the recovery in prices post-pandemic. The analysis uncovers particularly heterogeneous sectoral responses to oil shocks. Banking, industry, and investment sectors show strong and statistically significant sensitivity to oil price changes, particularly during the pandemic. On the contrary, the insurance and services sectors behaved relatively more stably, indicating a defensive market. Results of the event study demonstrate a short-lived overreaction followed by a correction for some sectors. The results of panel regression demonstrated that there was a weakening in the relationship between oil and returns during the period of COVID-19, indicating a change in the forces driving the connection between oil and stocks. The GARCH results also confirm the existence of persistent volatility clustering in oil-sensitive sectors, while the structural break tests reveal critical regime changes during the pandemic. The study provides useful information for oil-exporting countries' investors, regulators, and policymakers. It highlights the need for more sector-focused portfolio tactics, more comprehensive financial supervision frameworks, and the incorporation of oil market risk into the general financial stability policies of the country.",oil price shocks; Iraq Stock Exchange; sectoral returns; COVID-19; volatility; GARCH; event study; structural break,VOLATILITY; RETURNS; MARKETS; IMPACT,Article,"Business, Finance",Business & Economics,2306-4994,English,9UH3C,Q2,market_volatility_GarchHar_covid
"Al-Shboul, M; Assaf, A; Mokni, K","Al-Shboul, Mohammad; Assaf, Ata; Mokni, Khaled",Does economic policy uncertainty drive the dynamic spillover among traditional currencies and cryptocurrencies? The role of the COVID-19 pandemic,RESEARCH IN INTERNATIONAL BUSINESS AND FINANCE,2023,10.1016/j.ribaf.2022.101824,"The paper examines the dynamic spillover among traditional currencies and cryptocurrencies before and during the COVID-19 pandemic and investigates whether economic policy uncertainty (EPU) impacts this spillover. Based on the TVP-VAR approach, we find evidence of spillover ef-fects among currencies, which increased widely during the pandemic. In addition, results suggest that almost all cryptocurrencies remain as safe-haven tools against market uncertainty during the COVID-19 period. Moreover, comparative analysis shows that the total connectedness for cryptocurrencies is lower than for traditional currencies during the crisis. Further analysis using quantile regression suggests that EPU exerts an impact on the total and the net spillovers with different degrees across currencies and this impact is affected by the health crisis. Our findings have important policy implications for policymakers, investors, and international traders.",Economic policy uncertainty; Dynamic spillover; Traditional currencies; TVP-VAR; Cryptocurrency; COVID-19,VOLATILITY SPILLOVERS; BITCOIN RETURNS; STOCK MARKETS; CO-MOVEMENTS; TIME-SERIES; CONNECTEDNESS; CAUSALITY; PREDICT; DOLLAR; GARCH,Article,"Business, Finance",Business & Economics,0275-5319,English,7F7JF,Q2,market_volatility_GarchHar_covid
"Michail, NA; Melas, KD","Michail, Nektarios A.; Melas, Kostis D.",Shipping markets in turmoil: An analysis of the Covid-19 outbreak and its implications,TRANSPORTATION RESEARCH INTERDISCIPLINARY PERSPECTIVES,2020,10.1016/j.trip.2020.100178,"In the current study, we examine, for the first time in the literature, the impact of exogenous effects in the shipping industry by employing data from the recent Covid-19 pandemic outbreak and explore the reactions of freight rates for dry bulk, clean, and dirty tankers. Our results, using both GARCH (1,1) and VAR specifications, suggest that such events are directly affecting the dry bulk and the dirty tanker segments. In addition, the results also suggest that second round effects, mostly via the decline in oil prices and, in some cases, third round effects via the impact from the stock market, also exist. Finally, by employing daily port calls a proxy variable for the demand for transportation services, we show that both the dry bulk and clean tankers are highly affected by the demand side of the economy, while vessels which transport crude oil do not register such a relationship.",,INVESTOR SENTIMENT; VOLATILITY MODELS; SPILLOVERS; RATES; STOCK,Article,Transportation,Transportation,2590-1982,English,X8RD8,Q2,market_volatility_GarchHar_covid
"Birnstengel, C; Süssmuth, B","Birnstengel, Carolin; Suessmuth, Bernd",An asymmetric volatility analysis of the negative oil price during the first COVID-19 wave,INTERNATIONAL REVIEW OF FINANCIAL ANALYSIS,2025,10.1016/j.irfa.2025.103959,"For the first time ever, oil futures were negatively priced on April 20, 2020. We modify an investment model to fit the financial markets context of information processing and arrival. It is able to explain a negative price dip. Its joint interpretation with estimates from GARCH models captures some central institutional setups of the market. We show not only storage uncertainty, in particular, due to the pandemic, but especially noise induced by non-cash settlement in combination with financialization to lie at the heart of the threshold-like leverage effect. To avoid negative pricing and collusive behavior, freeriding on this leverage effect, either the possibility of cash settlement or the abolition of hedging trade-at-settlement contracts can be considered by regulators.",Asymmetry; GARCH; Leverage effect; Oil price; price Herding behavior,CONDITIONAL HETEROSKEDASTICITY; OPTION; HETEROSCEDASTICITY; RETURNS; SHOCKS; MODEL,Article,"Business, Finance",Business & Economics,1057-5219,English,Y4U0Y,Q2,market_volatility_GarchHar_covid
"Burdekin, RCK; Tao, R","Burdekin, Richard C. K.; Tao, Ran",The golden hedge: From global financial crisis to global pandemic,ECONOMIC MODELLING,2021,10.1016/j.econmod.2020.12.009,"This paper examines whether gold, and gold mining stocks, were an effective hedge during the 2020 global pandemic and 2008?2009 global financial crisis. Prior research suggests that gold?s hedging value is most evident during crisis periods, but none has compared the 2008?2009 and 2020 episodes directly. Dynamic conditional correlations and hedge ratios are estimated to determine the impact of rising market volatility on the hedging properties of physical gold and gold mining stocks. The results suggest that gold provided strong hedging value during the global financial crisis but did not consistently exhibit this property in 2020. There was less scope for hedging against losses in 2020 because the market recovered so quickly from the March 2020 lows. This contrasts with the extended stock market weakness following the onset of the global financial crisis.",Gold; Hedging; Crisis; GARCH; VIX,SAFE HAVEN; TIMES; OIL,Article,Economics,Business & Economics,0264-9993,English,RC4DB,Q2,market_volatility_GarchHar_covid
"Hung, NT; Nguyen, LTM; Vo, XV","Hung, Ngo Thai; Nguyen, Linh Thi My; Vo, Xuan Vinh",Exchange rate volatility connectedness during Covid-19 outbreak: DECO-GARCH and Transfer Entropy approaches,JOURNAL OF INTERNATIONAL FINANCIAL MARKETS INSTITUTIONS & MONEY,2022,10.1016/j.intfin.2022.101628,"Motivated by the severe impacts of the Covid 19 outbreak on the global trade and capital flows, which can shift the forex market structure, this paper aims to examine the equicorrelation and causal association across major currency markets during Covid 19 pandemic using novel approaches: DECO-GARCH and Transfer Entropy. We find that major exchange rate markets have a positive equicorrelation, and these trends have been more pronounced during the Covid-19 crisis, uncovering the existence of contagion effects. The results also show the causal associations between the currency markets, depicted by three categories: no effect, mono-direction, and bidirection. Such connections unveil the shock sender and receiver in the examined exchange rate markets, supporting that there is contagion risk across currency markets. Our findings suggest important implications for investors, firms, and policymakers in risk management during crisis periods.",Exchange rate; Covid-19 outbreak; DECO; Transfer entropy,STOCK-MARKET; FOREIGN-EXCHANGE; CONTAGION; SPILLOVERS; CRISIS,Article,"Business, Finance; Economics",Business & Economics,1042-4431,English,5H0FR,Q2,market_volatility_GarchHar_covid
"Chen, ZL; Ye, Y; Li, XF","Chen, Zhonglu; Ye, Yong; Li, Xiafei",Forecasting China's crude oil futures volatility: New evidence from the MIDAS-RV model and COVID-19 pandemic,RESOURCES POLICY,2022,10.1016/j.resourpol.2021.102453,"In this study, we focus on the role of jumps and leverage in predicting the realized volatility (RV) of China's crude oil futures. We employ a standard mixed data sampling (MIDAS) modeling framework. First, the in-sample results indicate that the jump and leverage effects are useful in predicting the RV of Chinese crude oil futures. Second, the out-of-sample results suggest that jump has very significant predictive power at the one-day-ahead horizon while the leverage effect contains more useful information for long-term predictions. Moreover, our results are supported by a number of robustness checks. Finally, we find new evidence that the prediction model that considers the leverage effect has the best predictive power during the COVID-19 pandemic.",China's crude oil futures volatility; MIDAS; Jump; Leverage effect; COVID-19 pandemic,PRICE VOLATILITY; STOCK-MARKET; HAR; COMBINATION,Article,Environmental Studies,Environmental Sciences & Ecology,0301-4207,English,YB6YQ,Q2,market_volatility_GarchHar_covid
"Salisu, AA; Vo, XV; Lawal, A","Salisu, Afees A.; Xuan Vinh Vo; Lawal, Adedoyin",Hedging oil price risk with gold during COVID-19 pandemic,RESOURCES POLICY,2021,10.1016/j.resourpol.2020.101897,"This paper assesses the role of gold as a safe haven or hedge against crude oil price risks. We employ the asymmetric VARMA-GARCH model, using daily data from January 2016 to August 2020. To account for the impact of COVID-19 pandemic, we partitioned the data into two to reflect the periods before and during the pandemic. Our empirical results find gold as a significant safe haven against oil price risks. The optimal portfolio and hedging analyses conducted also validate the hedging effectiveness of gold against risk associated with oil. The robustness of our results is further confirmed using three other prominent precious metals - silver, platinum, and palladium. In sum, our results are useful for investors and portfolio managers that are desirous of using gold and other precious metals as portfolio rebalancing tools to minimize or circumvent risks associated with volatile oil returns.",Gold; Oil; Safe haven; Hedging; VARMA GARCH,STOCK-MARKET; SAFE-HAVEN; CRUDE-OIL; PRECIOUS METALS; VOLATILITY TRANSMISSION; ASYMPTOTIC THEORY; FINANCIAL CRISIS; EXCHANGE-RATE; US DOLLAR; SPILLOVERS,Article,Environmental Studies,Environmental Sciences & Ecology,0301-4207,English,RI2IN,Q2,market_volatility_GarchHar_covid
"Cavicchioli, M","Cavicchioli, Maddalena","Markov Switching Garch Models: Higher Order Moments, Kurtosis Measures, and Volatility Evaluation in Recessions and Pandemic",JOURNAL OF BUSINESS & ECONOMIC STATISTICS,2022,10.1080/07350015.2021.1974459,"In this article, we derive neat matrix formulas in closed form for computing higher order moments and kurtosis of univariate Markov switching GARCH models. Then we provide asymptotic theory for sample estimators of higher order moments and kurtosis which can be used for testing normality. We also check our theory statements numerically via Monte Carlo simulations. Finally, we take advantage of our theoretical results to recognize different periods of high volatility stressing the stock markets, such as financial crisis and pandemic.",GARCH; Geometric ergodicity; Higher order moments; Kurtosis measures; Markov switching; Stationarity; Testing for normality; Volatility indices,TIME-SERIES; CONDITIONAL HETEROSKEDASTICITY,Article,"Economics; Social Sciences, Mathematical Methods; Statistics & Probability",Business & Economics; Mathematical Methods In Social Sciences; Mathematics,0735-0015,English,5B9II,Q2,market_volatility_GarchHar_covid
"Le, DT; Rajasegarar, S; Luo, W; Nguyen, TT; Angelova, M","Le, Dat; Rajasegarar, Sutharshan; Luo, Wei; Nguyen, Thanh Thi; Angelova, Maia",Enhancing real estate prediction with entropy-based pattern analysis and economic sentiment integration,ENGINEERING COMPUTATIONS,2025,10.1108/EC-09-2024-0895,"PurposeThe purpose of this research is to improve real estate market forecasting by introducing an innovative entropy-based multivariate clustering technique, Jensen-Shannon Time Series Segmentation (JSTS). The approach is designed to be integrated with advanced deep learning models such as Transformer, TSMixer, N-HiTS and LSTM, while incorporating key economic features such as consumer price index (CPI), sentiment analysis from headline news and real estate price and volume data to capture complex market dynamics.Design/methodology/approachThis study applies the JSTS clustering technique on a real dataset comprising Australian real estate market data, including property prices, volumes, CPI and sentiment scores derived from headline news. Advanced deep learning models such as Transformer, TSMixer, N-HiTS and LSTM are used for forecasting, and performance is compared against traditional clustering methods like weighted dynamic time warping (WDTW) and standalone forecasting models such as Autoregressive Integrated Moving Average (ARIMA). The models are evaluated based on forecasting accuracy metrics, including MAPE, RMSE and MASE.FindingsThe experimental results show that the integration of JSTS clustering with advanced forecasting models significantly enhances the prediction accuracy compared to both traditional clustering methods and standalone forecasting models like ARIMA. The inclusion of sentiment from headline news further improves forecasting by providing real-time market sentiment insights, enabling the models to better capture market trends and behavioral shifts.Research limitations/implicationsWhile the proposed JSTS clustering method significantly improves forecasting accuracy, there are limitations in its computational complexity, especially when applied to large-scale, high-frequency datasets. The clustering process introduces additional computational overhead, which may require optimization for real-time applications. Further research is needed to explore the scalability of the JSTS approach across other domains such as stock markets or healthcare. Additionally, the model may require fine-tuning and domain expertise to adapt to varying market conditions, especially in different geographical regions.Practical implicationsThe integration of sentiment analysis from headline news with economic indicators such as price, volume and CPI in real estate forecasting provides actionable insights for investors, developers and policymakers. By improving prediction accuracy, the proposed framework can support better decision-making in the real estate sector, helping stakeholders to anticipate market trends, assess risks and optimize investments. This methodology can also be adapted for use in other financial markets or sectors where time series data and sentiment analysis are key factors.Social implicationsAccurate forecasting of real estate markets has significant social implications, as it influences housing affordability, urban development and financial stability. By improving prediction models, this research can contribute to more informed policies regarding housing, economic planning and real estate investments. Additionally, incorporating sentiment analysis reflects the impact of public opinion and economic sentiment on market dynamics, potentially offering better tools for understanding market behaviors during periods of social or economic instability, such as during pandemics or financial crises. Originality/valueThis research presents a novel framework by combining JSTS clustering with state-of-the-art deep learning forecasting models and incorporating headline news sentiment into the prediction process. The method outperforms traditional approaches, offering a more accurate and robust solution for real estate time series forecasting, particularly in the volatile and complex Australian market. The integration of sentiment analysis into a multivariate framework is a key innovation, providing a deeper understanding of market behaviors.",Real estate forecasting; Time series clustering; Sentiment analysis; Deep learning; Economic indicators; Market prediction,ARIMA; GARCH,Article; Early Access,"Computer Science, Interdisciplinary Applications; Engineering, Multidisciplinary; Mathematics, Interdisciplinary Applications; Mechanics",Computer Science; Engineering; Mathematics; Mechanics,0264-4401,English,9LP1C,Q2,market_volatility_GarchHar_covid
"Hung, NT","Hung, Ngo Thai",Dependence structure between crude oil and BRICS bond markets prior to and during the COVID-19 pandemic,SPANISH JOURNAL OF FINANCE AND ACCOUNTING-REVISTA ESPANOLA DE FINANCIACION Y CONTABILIDAD,2024,10.1080/02102412.2023.2236871,"This study investigates the return and volatility spillovers between BRICS bonds and oil price volatility in the pre-COVID and during COVID periods by employing the bivariate EGARCH model, cross-quantilogram approach, and wavelet coherence framework. The findings are mixed when comparing the volatility transmissions with various nations and in two periods since variations in return and volatility spillovers between oil prices and bond market returns have co-moved through time. In particular, they increased during the COVID-19 outbreak, which supports the idea that financial market integration intensified during the crisis. Additionally, oil prices have a positive impact on bond markets in Russia and South Africa in both periods, while there are weak and negative relationships in China, India, and Brazil in pre-COVID and pandemic periods. This information has consequences for risk management and portfolio decisions for investors with a substantial position in the BRICS bonds market.",BRICS; government bond markets; volatility spillover; cross-quatilogram; oil prices,VOLATILITY SPILLOVERS; PRICE SHOCKS; STOCK,Article,"Business, Finance",Business & Economics,0210-2412,English,D4D1O,Q2,market_volatility_GarchHar_covid
"Niu, ZB; Ma, F; Zhang, HW","Niu, Zibo; Ma, Feng; Zhang, Hongwei",The role of uncertainty measures in volatility forecasting of the crude oil futures market before and during the COVID-19 pandemic,ENERGY ECONOMICS,2022,10.1016/j.eneco.2022.106120,"The purpose of this article is to investigate whether various uncertainty measures provide incremental information for the prediction the volatility of crude oil futures under high-frequency heterogeneous autoregressive (HAR) model specifications. Moreover, by considering the information overlap among various uncertainty measures and fully using of the information in various uncertainty measures, this paper uses two prevailing shrinkage methods, the least absolute shrinkage and selection operator (lasso) and elastic nets, to select uncertainty variables during the entire sampling period, before the COVID-19 pandemic and during the COVID-19 pandemic and then uses the HAR model to predict crude oil volatility. The results show that (i) uncertainty measures can be utilized to predict crude oil volatility under the high-frequency framework in both in-sample and out-of-sample analyses. (ii) Because of the information overlap between various uncertainty measures, adding a large number of uncertain variables to the HAR model may not significantly improve the volatility prediction. (iii) Before and during the COVID-19 pandemic, Chicago Board Options Exchange (CBOE) crude oil volatility (OVX) has the greatest impact on crude oil volatility, infectious disease equity market volatility (EMV) exerts a significant influence on crude oil futures volatility forecasts during the COVID-19 period, and CBOE implied volatility (VIX) and the financial stress index (FSI) have substantial impacts on crude oil futures volatility forecasts before COVID-19.",Crude oil futures; COVID-19 pandemic; Volatility forecasting; Uncertainty measures; MCS test,HIGH-FREQUENCY DATA; REALIZED VOLATILITY; PREDICTIVE ACCURACY; INFORMATION-CONTENT; SELECTION; MODEL; SHRINKAGE; VARIANCE; LEVERAGE; SHOCKS,Article,Economics,Business & Economics,0140-9883,English,3I7CU,Q2,market_volatility_GarchHar_covid
"Khaskheli, A; Zhang, HY; Raza, SA; Khan, KA","Khaskheli, Asadullah; Zhang, Hongyu; Raza, Syed Ali; Khan, Komal Akram",Assessing the influence of news indicator on volatility of precious metals prices through GARCH-MIDAS model: A comparative study of pre and during COVID-19 period,RESOURCES POLICY,2022,10.1016/j.resourpol.2022.102951,"The research aims to discover the influence of news indicator on the volatility of precious metals prices. It highlights an essential aspect by focusing on comparing pre and during COVID-19 period. For this purpose, an advanced econometric technique, i.e., Generalized Autoregressive Conditional Heteroskedasticity variant of Mixed Data Sampling (GARCH MIDAS), has been employed. The full sample results demonstrate that news relating to any of the precious metals is likely to affect their volatilities, except palladium. In the case of during the COVID-19 sample, the outcomes reveal that fear-induced news raises the return volatilities of gold and palladium; thereby, both are highly sensitive to the recent pandemic. In contrast, silver and platinum are found to have less impact.",Precious metals; News indicator; COVID-19; GARCH-MIDAS,STOCK-MARKET VOLATILITY; GOOGLE SEARCH; SAFE HAVEN; GOLD; UNCERTAINTY; INTENSITY; INDEXES; ENERGY; SPOT,Article,Environmental Studies,Environmental Sciences & Ecology,0301-4207,English,4V6HF,Q2,market_volatility_GarchHar_covid
"Dhingra, B; Saini, M; Fakhfekh, M; Yadav, M","Dhingra, Barkha; Saini, Mohit; Fakhfekh, Mohamed; Yadav, Mahender",An empirical investigation of return spillover and volatility dynamics of Indian sectoral indices,INVESTMENT ANALYSTS JOURNAL,2024,10.1080/10293523.2024.2344939,"This research delves into the interconnectedness and volatility dynamics within sectoral indices amid the COVID-19 pandemic, to determine the most appropriate model for elucidating these dynamics. It addresses the burgeoning interest among investors in comprehending sectoral dynamics within India's stock markets. Leveraging five years of daily closing price data (April 2017 to December 2021) sourced from the National Stock Exchange's official website for 16 sectoral indices and the Nifty50 index, the study employs the Diebold-Yilmaz Spillover 2012 framework alongside four GARCH models (E-GARCH, T-GARCH, FIE-GARCH, and FE-GARCH). Empirical analysis underscores that the mid-small financial sector is the riskiest sector among others, advocating for the inclusion of the pharmaceutical sector to mitigate portfolio risks. Furthermore, the research underscores the persistence of volatility across sectors and identifies the TGARCH model as the appropriate model to capture the volatility for most sectoral indices.",volatility spillover; GARCH models; sectoral indices; COVID-19; G01; G10; G11; G19,MODEL,Article,"Business, Finance",Business & Economics,1029-3523,English,S0T9N,Q2,market_volatility_GarchHar_covid
"Ofori-Boateng, K; Ohemeng, W; Agyapong, EK; Bribinti, BJ","Ofori-Boateng, Kenneth; Ohemeng, Williams; Agyapong, Elvis Kwame; Bribinti, Ben Justice",The impact of COVID-19 on stock returns of listed firms on the stock market: Ghana's experience,AFRICAN JOURNAL OF ECONOMIC AND MANAGEMENT STUDIES,2022,10.1108/AJEMS-02-2021-0074,"Purpose In Ghana, even though scholars and experts in the field of economics and finance have expressed their opinions and perceptions on the effect of the pandemic on the Ghana Stock Exchange, there has been no study conducted to that effect. This study, therefore, aimed at examining the impact of COVID-19 on the stock returns on the Ghana stock exchange. This would help policy makers and investors in making efficient decisions. Design/methodology/approach The outbreak of the novel COVID-19 has been a thorn in the flesh of the world in its entirety, affecting many aspects of life including the stock market. This study, therefore, examined the impact of the outbreak on the stock returns of the Ghana Stock Exchange. The study utilized data from the All Share Prices of the Ghana stock exchange, commonly known as the Ghana stoke exchange composite index (GSECI) for analysis. The data covered the period before the outbreak of COVID-19 and during the outbreak. It was revealed that the Ghana stock exchange experienced better returns on the market before the outbreak of the virus. The outbreak of COVID-19 has led to wide variations in the market increasing the risk of investments. The exponential General Autoregressive Conditional Heteroscedasticity (EGARCH) (1, 1) model also reveals that the outbreak of COVID-19 has a significant negative effect on the returns in the market. The market in these periods of COVID-19 is highly volatile. It is recommended that investors should carefully consider risk mitigation strategies to enable them diversify their investments effectively and efficiently against the high risk associated with the market in this COVID-19 era. Findings It was revealed that the Ghana stock exchange experienced better returns on the market before the outbreak of the virus. The outbreak of COVID-19 has led to wide variations in the market increasing the risk of investments. The EGARCH (1, 1) model also revealed that the outbreak of COVID-19 had a significant negative effect on stock returns in the market. The market during these periods of COVID-19 was viewed as highly volatile. Research limitations/implications The outbreak of COVID-19 is hence deduced to have a negative impact on the Ghana stock exchange. However, the knowledge of how the market has been affected by the disease, it is important that financial risk mitigation studies be undertaken. This goes beyond what this study has done. The study can further be expanded to include other important economic variables such as GDP, inflation, exchange rates and the likes in to the model. Practical implications Investors should carefully consider risk mitigation strategies to enable them diversify their investments effectively and efficiently against the high risk associated with the market in this COVID-19 era. Social implications It is also important that investors consider diversification of their investments in order to reduce the risk in their investments. It will be more appropriate for most investors to invest with companies such as banks and the telecommunications companies listed on the on the market. This is because most of the telecommunication companies in these times have taken advantage and are making good profit on their businesses. Likewise, some of the financial institutions are considered essential institution in these times. Investing in industries such as manufacturing and the oil and gas sector may be more risky. Originality/value The decline in economic and financial market indicators could be credited to the failure of most business entities, organizations and firms which are struggling to sustain their operations in these times of COVID-19. These also include firms listed on the Ghana stock exchange with whom investors transact their daily businesses. However, about 70% of the Ghanaian economy heavily depends on these business and firms found in the private and informal sector. According to the Ghana Statistics Service COVID-19 Business Tracker Survey, about 131,000 businesses expressed their uncertainties with the business environment and also faced the challenge of financial accessibility. The study is appropriate to unearth the true effect and offer policy interventions.",COVID-19; Stock returns; GSECI; EGARCH; Ghana; A1; C4; G1; M21,VOLATILITY,Article,Economics,Business & Economics,2040-0705,English,ZD4XK,Q2,market_volatility_GarchHar_covid
"Guo, QR; Ahmed, K; Ding, CC; Khan, B","Guo, Qingran; Ahmed, Khalid; Ding, Cuicui; Khan, Bareerah",How the pandemic-led volatility in the natural resource commodity indices affect U.S and China markets,RESOURCES POLICY,2024,10.1016/j.resourpol.2024.104736,"Using asymmetric and Markov switching GARCH model on daily time series data from January 22, 2020 to March 22, 2022, the study analyzes the impact of COVID-19 on natural resource commodity index returns in the U.S and China. The results find strong evidence of COVID-19 on the volatility of natural resource commodity index return for both China and the U.S. However, the intensity of this effect varies based on volatility regimes, with the Chinese market experiencing stronger effects during calmer regimes (periods with low intensity in COVID-19 cases) and weaker effects in turbulent regimes (periods with high intensity in COVID-19 cases). This could be due to market control measures in China. In contrast, the U.S market shows a more pronounced COVID19 effect in turbulent regimes, attributed to the openness of the market and the prevalence of speculative participants. The study suggests that the U.S market participants, driven by a goal to profit from price differences, amplify their activity during turbulent periods, leading to increased volatility transfers during the consecutive spells of high COVID-19 cases. The findings highlight the difference in the structures of financial markets in China and the U.S., thus possessing important policy implications for investors in the sector.",COVID-19; Natural resources sector index; Market volatility; GARCH model; U.S; China,RISK,Article,Environmental Studies,Environmental Sciences & Ecology,0301-4207,English,KH6I8,Q2,market_volatility_GarchHar_covid
"Wang, YJ; Ye, WY; Jiang, Y; Liu, XQ","Wang, Yuejing; Ye, Wuyi; Jiang, Ying; Liu, Xiaoquan",Volatility prediction for the energy sector with economic determinants: Evidence from a hybrid model,INTERNATIONAL REVIEW OF FINANCIAL ANALYSIS,2024,10.1016/j.irfa.2024.103094,"Given close ties between energies and economic growth and evidence in the literature that fundamental information helps improve the pricing efficiency of energy products, in this study we examine volatility prediction for the U.S. energy sector considering the impact of economic variables. In particular, we develop a hybrid model that combines the GARCH-MIDAS model and LSTM neural network. This particular specification is motivated by the need to simultaneously take a large number of economic predictors into account and allow a flexible volatility component structure with potential nonlinear relation among economic determinants. Based on the sample period from January 1991 to September 2022, our empirical results show that the hybrid model generates statistically more precise volatility forecasts out of sample than a number of alternative models, and this is robust during the energy market turmoil brought by the onset of the COVID-19 pandemic and the Russian-Ukrainian clash. Finally, volatility forecasts from the hybrid model allow mean-variance utility investors to achieve higher economic value.",Energy market Machine learning technique Economic gain GARCH Subsample analysis,STOCK-MARKET VOLATILITY; OIL; FORECASTS; RETURN; PREMIUM; INDEX,Article,"Business, Finance",Business & Economics,1057-5219,English,IP7R4,Q2,market_volatility_GarchHar_covid
"Umar, M; Xu, Y; Mirza, SS","Umar, Muhammad; Xu, Yan; Mirza, Sultan Sikandar",The impact of Covid-19 on Gig economy,ECONOMIC RESEARCH-EKONOMSKA ISTRAZIVANJA,2021,10.1080/1331677X.2020.1862688,"Covid-19 has jolted and halted the whole world. Economies and stock markets have been hit hard however very little is known about the impact of the pandemic on Gig economy. So, this study is an attempt to understand the impact of Covid-19 on Gig economy. The Online Labor Index of Oxford University has been used as a measure of Gig Economy and daily record of new cases and deaths of Corona patients has been used as proxies for Covid-19. The world data for Gig economy ranges from July 1, 2019 to June 22, 2020 and the data regarding Covid-19 ranges from December 31, 2019 to June 22, 2020. This study uses GARCH and VAR model to understand the above mentioned relationship. The results of volatility clustering shows that the volatility of Gig economy increased with the news of Covid-19. Findings of VAR show that covid-19 has significant positive impact on new job openings in Gig economy. Granger causality test shows a bi-directional relationship between covid-19 and Gig economy i.e. Covid-19 cases affected online job openings and online job filling affected the spread of pandemic. The Findings suggest that policymakers should make policies to support Gig economy because it has the potential to keep the world going even in the toughest of times.",Covid-19; Corona virus; Gig economy; Online Labor Index; online jobs; platform economy; sharing economy,,Article,Economics,Business & Economics,1331-677X,English,TW3ZV,Q2,market_volatility_GarchHar_covid
"Zou, HB; Ahmed, M; Raza, SA; Anwar, R","Zou, Haobo; Ahmed, Mansoora; Raza, Syed Ali; Anwar, Rija",Nexus between monetary policy uncertainty and real estate market volatility in COVID-19 peak and recovery period,INTERNATIONAL JOURNAL OF HOUSING MARKETS AND ANALYSIS,2025,10.1108/IJHMA-10-2023-0130,"PurposeMonetary policy has major impacts on macroeconomic indicators of the country. Accordingly, uncertainty regarding monetary policy shifts can cause challenges and risks for businesses, financial markets and investors. Thus, the purpose of this study is to investigate how real estate market volatility responds to monetary policy uncertainty.Design/methodology/approachThe GARCH-MIDAS model is applied in this study to investigate the nexus between monetary policy uncertainty and real estate market volatility. This model was fundamentally instituted to accommodate low-frequency variables.FindingsThe results of this study reveal that increased monetary policy uncertainty highly affects the volatility in real estate market during the peak period of COVID-19 as compared to full sample period and COVID-19 recovery period; hence, a significant decline is evident in real estate market volatility during crisis.Originality/valueThis study is particularly focused on peak and recovery period of COVID-19 considering the geographical region of Greece, Japan and the USA. This study provides a complete perspective on the nexus between monetary policy uncertainty and real estate markets volatility in three distinct economic views.",Monetary policy uncertainty; Real estate market; Volatility; GARCH-MIDAS model; COVID-19 peak period; COVID-19 recovery period,PRICE,Article,Urban Studies,Urban Studies,1753-8270,English,W1Y0E,Q2,market_volatility_GarchHar_covid
"Szczygielski, JJ; Bwanya, PR; Charteris, A; Brzeszczynski, J","Szczygielski, Jan Jakub; Bwanya, Princess Rutendo; Charteris, Ailie; Brzeszczynski, Janusz",The only certainty is uncertainty: An analysis of the impact of COVID-19 uncertainty on regional stock markets,FINANCE RESEARCH LETTERS,2021,10.1016/j.frl.2021.101945,"Uncertainty surrounding COVID-19 is widespread. We investigate the timing and quantify the impact of COVID-19 related uncertainty on returns and volatility for regional market aggregates using ARCH/GARCH models. Drawing upon economic psychology, COVID-19 related uncertainty is measured by searches for information as reflected by Google search trends. Asian markets are more resilient than others. Latin American markets are most impacted in terms of returns and volatility. For most regions, there is evidence of an increasing impact of COVID-19 related uncertainty which dissipates as the crisis evolves. We confirm that Google search trends capture uncertainty by comparing this measure against alternative uncertainty measures.",COVID-19; pandemic; returns; volatility; regions; structural breaks,,Article,"Business, Finance",Business & Economics,1544-6123,English,XA7OW,Q2,market_volatility_GarchHar_covid
"Mukherjee, P; Chatterjee, R","Mukherjee, Paramita; Chatterjee, Rajashri",Feedback Trading and Its Implications for Return Autocorrelations in India During COVID,JOURNAL OF EMERGING MARKET FINANCE,2024,10.1177/09726527231215541,"In emerging capital markets, feedback trading is a widely pursued strategy by investors. Such behavior may potentially lead to volatility and cause negative autocorrelation in market returns, especially during high volatility. In India, such a linkage has not been explored so far, though institutional investors have pursued feedback trading for the last two decades. Also, COVID-19 has led to higher volatility in the markets and might have altered investors' behavior. This article focuses on finding whether feedback trading is still pursued by institutional investors in Indian equity markets post-COVID and also whether the presence of feedback traders exerts any influence on autocorrelations in market returns. Asymmetric GARCH models are employed to explore the linkage. Findings suggest that while foreign institutional investors continue to pursue positive feedback trading, as in the pre-pandemic period, domestic investors pursue negative feedback trading. However, in the post-pandemic period, as other types of trading became weak or perished, positive feedback traders have started dominating, leading to negative autocorrelation in market returns during heightened volatility. Evidence of negative autocorrelation was not present in the pre-pandemic period. Further, negative news leads to more volatility in returns.JEL Codes: F21, F32, G11",Autocorrelation; institutional investors; trading behavior; post-COVID; volatility,INSTITUTIONAL INVESTORS; STOCK RETURNS; INVESTMENT,Article,"Business, Finance",Business & Economics,0972-6527,English,PA1Q3,Q2,market_volatility_GarchHar_covid
"Modjo, MI; Hidayat, CC; Soepriyanto, G","Modjo, Mohamad Ikhsan; Hidayat, Clara Calista; Soepriyanto, Gatot",Evaluating the Impact of Worldwide Market Crises on Indonesia's Financial Sector: A Comparative Examination of the Global Financial Crisis (GFC) and COVID-19 Pandemic,SAGE OPEN,2025,10.1177/21582440251344766,"The study examines how the 2007 to 2008 Global Financial Crisis (GFC) and the recent COVID-19 pandemic have affected the risk-return profile of the Indonesian financial sector index (IDXFinance). Using weekly return data from 2005 to 2022 and the GARCH-M model, the analysis evaluates volatility persistence and clustering. The study employs two dummy variables to represent the two crisis situations, and daily and monthly data analyses are used to validate the findings. The research reveals that the GFC crisis had a negative impact on stock returns, causing volatility clustering and increased IDXFinance return volatility. On the other hand, the COVID-19 pandemic had a less centralized influence on stock returns and volatility. The COVID-19 pandemic had a more subdued impact than the GFC, which began in and affected the banking sector. This study is among the first to examine the response of Indonesia's financial sector to two market crises, and it provides investors with insights into how financial crises like the GFC and COVID-19 affect the Financial Sector Index in Indonesia's return and volatility. The study also highlights the risk and financial sector performance, which can be helpful for policymakers and practitioners to anticipate and mitigate future risks.",financial sector; global financial crisis (GFC); COVID-19 pandemic; market crises; risk-return profile; Indonesian stock market; stock returns,VOLATILITY,Article,"Social Sciences, Interdisciplinary",Social Sciences - Other Topics,2158-2440,English,3ZA7H,Q2,market_volatility_GarchHar_covid
"Tzeng, KY; Su, YK","Tzeng, Kae-Yih; Su, Yi-Kai",Can US macroeconomic indicators forecast cryptocurrency volatility?,NORTH AMERICAN JOURNAL OF ECONOMICS AND FINANCE,2024,10.1016/j.najef.2024.102224,"This research examines the ability of 28 U.S. macroeconomic variables to forecast the volatility of six cryptocurrencies. In- and out-of-sample analyses are performed to validate their forecasting ability. Our analysis shows that during the full-sample period, 15 variables display forecasting ability, while post-COVID-19 period, this number is 17. Among these variables, the most influential include the consumer confidence index, leading economic index, consumer price index, U. S. exports and U.S. imports. Importantly, the predictive ability of these variables appears to have strengthened during the post-COVID-19 period. The out-of-sample results confirm the effectiveness of those macroeconomic variables in the in-sample tests. Furthermore, the robustness test reveals that incorporating these U.S. macroeconomic variables can enhance the performance of the GARCH volatility model. In this study, combination methods are used to enhance forecasting stability and are proven to have good forecasting ability. Our research also indicates that integrating global macroeconomic variables can enhance forecasting ability while recognizing the valuable information provided by U.S. macroeconomic variables. Additionally, we find that variables such as the short-term government bond yield and the M1 money supply emerge as important predictors of cryptocurrency bubbles.",Cryptocurrency volatility; US macroeconomic variables; In -sample test; Out -of -sample test; Combination methods,STOCK-MARKET VOLATILITY; FINANCIAL VOLATILITY; CONSUMER CONFIDENCE; OIL PRICES; LONG-RUN; BITCOIN; RETURNS; PREMIUM; FLUCTUATIONS; INEFFICIENCY,Article,"Business, Finance; Economics",Business & Economics,1062-9408,English,XG5R0,Q2,market_volatility_GarchHar_covid
"Chen, YF; Yimaier, R; Xiang, L","Chen, Yufeng; Yimaier, Reyila; Xiang, Lin",More different than alike: cross-sector volatility spillovers in Chinese stock sectors during COVID-19 pandemic,APPLIED ECONOMICS,2025,10.1080/00036846.2024.2305162,"The asymmetric spillovers and dynamic connectedness among sectors in Chinese stock market have not been fully studied, especially the impact of catastrophic events related to the COVID-19 pandemic on the linkages. In this paper, an asymmetric VAR-BEKK (DCC) - GARCH model is employed to measure the volatility spillovers and dynamic correlations among Chinese stock sectors before and during the COVID-19 pandemic. The empirical results indicate that volatility spillovers among sectors are significant, with evident differences before and during COVID-19. To be specific, the primary spillover transmitting sector has shifted from telecom business for the pre-pandemic period to the financial real estate sector after the outbreak. However, the role of the raw materials sector as the spillover receiver has not changed. Notably, the medical health sector forms closed-loop chains of transmission with the most other sectors during the COVID-19 period. In addition, asymmetric volatility spillovers and dynamic correlations among stock sectors are also significantly examined. The findings contribute to investors and decision makers in adjusting trading strategies and monitoring market risks.",COVID-19; stock sectors; volatility spillovers; dynamic correlations; asymmetric BEKK (DCC)-GARCH model; C32; G11; G12; G14,CRISIS EVIDENCE; CRUDE-OIL; TRANSMISSION; BEKK; CRYPTOCURRENCIES; MARKETS; NETWORK,Article,Economics,Business & Economics,0003-6846,English,R5J7G,Q2,market_volatility_GarchHar_covid
"Aljohani, BM; Fadul, A; Asiri, MS; Alkhathami, AD; Hasan, F","Aljohani, Bader M.; Fadul, Abubaker; Asiri, Maram S.; Alkhathami, Abdulrahman D.; Hasan, Fakhrul",Volatility transmission in the property market during two inflationary periods: The 2008-2009 global financial crisis and the COVID-19 crisis,RESEARCH IN INTERNATIONAL BUSINESS AND FINANCE,2024,10.1016/j.ribaf.2024.102413,"This research paper investigates the changes in correlation patterns of volatility between the UK and US property markets and other global markets during periods of inflation. We use the global financial crisis (GFC) and the COVID-19 crisis as proxies for two inflationary periods. Our data set consists of the period between April 11, 2007, to April 4, 2022. We apply a bivariate Dynamic Conditional Correlation (DCC) and a Generalized Autoregressive Conditional Heteroskedasticity (GARCH) model to explain the time-varying correlation between UK and US property markets and other global property markets. According to our analysis, there is a sizable time-varying link between the real estate markets in our sample. Additionally, we discover that the GFC and COVID-19 exhibit different relationships with UK and US real estate market indices.",Inflation; Volatility; Global financial crisis; COVID-19; US; UK,STOCK-MARKET; SPILLOVER; GARCH; CONTAGION; US; CRYPTOCURRENCIES; UNCERTAINTY; COMMODITIES; LINKAGES,Article,"Business, Finance",Business & Economics,0275-5319,English,UG4E8,Q2,market_volatility_GarchHar_covid
"Zhang, Z; Raza, MY; Wang, WX; Sui, L","Zhang, Zheng; Raza, Muhammad Yousaf; Wang, Wenxue; Sui, Lu","Volatility predictability in crude oil futures: Evidence based on OVX, GARCH and stochastic volatility models",ENERGY STRATEGY REVIEWS,2023,10.1016/j.esr.2023.101209,"The paper examines the volatility predictive ability of the CBOE crude oil volatility index (OVX), GARCH and Stochastic Volatility Models in the crude oil market. Specifically, the dynamics of two major crude oil pricing benchmarks - Brent in Europe and WTI in America are compared. OVX index is able to provide the optimal forecast for the volatility of Brent's future. The GJR-GARCH model outperforms its competition volatility models in both oil markets. It also reveals that WTI exhibits a faster and stronger response to market shocks compared to Brent oil. Most importantly, the predictability exhibit consistent and convincing results during remarkable events: the 2014 oil price decline, the 2020 coronavirus pandemic, and the 2022 Russian-Ukraine war. In practice, the paper contributes to portfolio strategy construction and investment risk management.",Volatility estimation; Volatility forecast; Crude oil future; GARCH-type model; Stochastic volatility model,STOCK-MARKET VOLATILITY; FORECASTING VOLATILITY; PRICE VOLATILITY; IMPLIED VOLATILITY; ENERGY; RISK; SPILLOVERS; LEVERAGE; SHOCKS,Article,Energy & Fuels,Energy & Fuels,2211-467X,English,U6XY5,Q2,market_volatility_GarchHar_covid
"Shehzad, K; Zaman, U; Liu, XX; Górecki, J; Pugnetti, C","Shehzad, Khurram; Zaman, Umer; Liu, Xiaoxing; Gorecki, Jaroslaw; Pugnetti, Carlo",Examining the Asymmetric Impact of COVID-19 Pandemic and Global Financial Crisis on Dow Jones and Oil Price Shock,SUSTAINABILITY,2021,10.3390/su13094688,"COVID-19 has significantly affected the financial and commodity markets. The purpose of this investigation is to understand the impact of the COVID-19 crisis on Dow Jones and West Texas Intermediate (WTI) oil returns in relation to other crises using the Exponential Generalized Autoregressive Conditional Heteroskedasticity (EGARCH) model. The results indicate that COVID-19 and the accompanying lockdown have adversely impacted both yields and that the impact on oil prices is more significant than on the Dow Jones index. The variance and squared residuals of oil prices and the Dow Jones reached their highest historical levels during the COVID-19 outbreak, even higher than during the global financial crisis, and especially the VaR of both markets reached their historical peak points during the COVID-19 era. The variance of WTI during COVID-19 is higher than that of DJI, as was also the case during the financial crisis. These findings confirm that COVID-19 has negatively impacted investors' ability to determine optimal portfolios and thus the sustainability of financial and energy markets more than the global financial crisis of 2007-2009. We, therefore, suggest that policy changes are needed to maintain financial sustainability and help investors deal with future financial and other crises.",COVID-19; oil prices; volatility; economic risk; financial markets; EGARCH model; financial sustainability,TIME-SERIES; US; HETEROSCEDASTICITY; MOVEMENTS; BRICS,Article,Green & Sustainable Science & Technology; Environmental Sciences; Environmental Studies,Science & Technology - Other Topics; Environmental Sciences & Ecology,,English,SC7VL,Q2,market_volatility_GarchHar_covid
"Ozturk, MBE; Cavdar, SC","Ozturk, M. Busra Engin; Cavdar, Seyma Caliskan","The Contagion of Covid-19 Pandemic on The Volatilities of International Crude Oil Prices, Gold, Exchange Rates and Bitcoin",JOURNAL OF ASIAN FINANCE ECONOMICS AND BUSINESS,2021,10.13106/jafeb.2021.vol8.no3.0171,"In the international markets, financial variables can be volatile and may affect each other, especially in the crisis times. COVID-19, which began in China in 2019 and spread to many countries of the world, created a crisis not only in the global health system but also in the international financial markets and economy. The purpose of this study is to analyze the contagious effect of the COVID-19 pandemic on the volatility of selected financial variables such as Bitcoin, gold, oil price, and exchange rates and the connections between the volatilities of these variables during the pandemic. For this aim, we use the ARMA-EGARCH model to measure the impact of volatility and shocks. In other words, it is aimed to measure whether the impact of the shock on the financial variables of the contagiousness of the epidemic is also transmitted to the markets. The data was collected from secondary and daily data from September 2th 2019 to December 20th, 2020. It can be said that the findings obtained have statistically significant effects on the conditional variability of the variables. Therefore, there are findings that the shocks in the market are contaminated with each other.",COVID-19; Exchange Rate; Crude Oil; Gold; Bitcoin,RETURN,Article,Business,Business & Economics,2288-4637,English,RL6XB,Q2,market_volatility_GarchHar_covid
"Chancharat, S; Meeprom, S","Chancharat, Surachai; Meeprom, Supawat",The effect of the COVID-19 outbreak on hospitality and tourism stock returns in Thailand,ANATOLIA-INTERNATIONAL JOURNAL OF TOURISM AND HOSPITALITY RESEARCH,2022,10.1080/13032917.2021.1982738,"This study examines the volatility transmission effects between stock returns and the growth rate of total confirmed COVID-19 cases by using daily data of the hospitality and tourism industry taken from the Stock Exchange of Thailand (SET) index. Augmented Dicky-Fuller (ADF), Phillips-Perron (PP), Kwiatkowski-Phillips-Schmidt-Shin (KPSS), Elliott-Rothenberg-Stock (ERS) and Ng-Perron (NP) unit root tests were used to test, for both series are stationary. The BEKK-GARCH methodology was employed to formulate conditional variance-covariance equations. The results reveal that the pandemic interacts negatively with stock returns from the hospitality and tourism industry. Stock market returns are significantly negatively associated with daily growth in total confirmed COVID-19 cases.",COVID-19; the BEKK-GARCH model; stock return market; Thailand,TIME-SERIES; UNIT-ROOT; VARIABLES; MODELS; MARKET; TESTS,Article,"Hospitality, Leisure, Sport & Tourism",Social Sciences - Other Topics,1303-2917,English,6O0MQ,Q2,market_volatility_GarchHar_covid
"Gabriel, VMD; Almeida, D; Dionisio, A; Ferreira, P","Gabriel, Vitor Manuel de Sousa; Almeida, Dora; Dionisio, Andreia; Ferreira, Paulo",Dynamic linkage between environmental segments of stock markets: the role of global risk factors,JOURNAL OF SUSTAINABLE FINANCE & INVESTMENT,2024,10.1080/20430795.2024.2344525,"This study evaluates the links between representative indices of companies with high environmental performance and the propensity of such indices to economic and financial shocks. Five indices, representing environmental segments and four global macroeconomic and financial variables, were analyzed over a thirteen-year period, which included various crisis moments, such as the sovereign debt crisis, the COVID-19 pandemic and the onset of the Russia/Ukraine conflict. Using dynamic and nonlinear models, our research reveals statistically significant and consistent relationships between the variables under investigation, particularly during periods of global financial and pandemic crises. The analysis revealed that the VIXCLS is the most influential global risk factor, with certain risk factors being influenced by environmental segments, particularly Alternative Energy. This influence can create conditions conducive to contagion risk and diminish the benefits of portfolio diversification. This study contributes to a deeper understanding of the connection between environmental investments and their vulnerability to significant global events and risks.",Connectivity; crisis periods; DCC-GARCH; environmental investment; portfolio diversification; transfer entropy,ECONOMIC-POLICY UNCERTAINTY; EFFECTIVE TRANSFER ENTROPY; OIL PRICE UNCERTAINTY; VOLATILITY SPILLOVERS; RETURN PREDICTABILITY; INFORMATION-FLOW; IMPACT; TRANSMISSION; PORTFOLIOS; CRISIS,Article,"Business, Finance; Green & Sustainable Science & Technology",Business & Economics; Science & Technology - Other Topics,2043-0795,English,K4H0K,Q2,market_volatility_GarchHar_covid
"Tchuinkam-Djemo, CR; Mudiangombe, BM; Saba, CS; Eita, JH","Tchuinkam-Djemo, Charles Raoul; Mudiangombe, Benjamin Mudiangombe; Saba, Charles Shaaba; Eita, Joel Hinaunye","Assessing the interdependence of exchange rates, precious metals, and energy prices in the BRICS economies: Evidence from vine copulas approach",UNCONVENTIONAL RESOURCES,2026,10.1016/j.uncres.2026.100358,"This paper attempts to apply the vine copulas methodology to assess the interdependence among the exchange rate market, equity indices, precious metals and energy resources within the selected BRICS economies. Using the ARFIMA-GJR-GARCH model, the residuals of the daily returns from foreign exchange rates, precious metals, equity indices, and energy prices of the BRICS economies for the period from January 1, 2003, to August 2023 were filtered. The empirical findings reveal a persistence of shocks and an asymmetric response to positive and negative news. Elevated volatility was observed across equity, precious metals, and energy markets, indicating substantial risks that necessitate robust risk management strategies. The results illustrate the heightened sensitivity of BRICS economies to external shocks, such as the Global Financial Crisis and the COVID-19 pandemic, which have triggered market volatility across currencies, stock market returns, and energy prices. This study emphasises the crucial importance of diversification, given the strong co-movement among asset classes, particularly during periods of extreme market volatility. Furthermore, the vine copulas analysis reveals intricate co-movements between assets, contributing to enhanced portfolio management strategies. Assets such as oil and gold serve as effective hedges. At the same time, foreign exchange rates play a significant role in investment decisions, underscoring the necessity for meticulous risk assessment and diversification strategies. These findings emphasize the vulnerability of BRICS economies to external shocks and highlight the imperative of effective risk management and diversification in navigating these dynamic markets.",Exchange rates; Precious metals; Energy prices; BRICS,OIL PRICES; CRUDE-OIL; SPILLOVER,Article,"Energy & Fuels; Geosciences, Multidisciplinary",Energy & Fuels; Geology,,English,FL1YX,Q2,market_volatility_GarchHar_covid
"Zhang, J; Lin, ZQ; Li, JK","Zhang, Jin; Lin, Zhenqing; Li, Jinkai",Analyzing the risk spillovers of international crude oil on China's corn and biofuel ethanol markets: A transition toward green economy and environmental sustainability,ENERGY & ENVIRONMENT,2024,10.1177/0958305X221140566,"This study aims to analyze the risk spillover effects between the global crude oil market and the biofuel ethanol and corn markets in China, employing a DCC-GARCH-Copula-CoVaR model and basing the weekly price data from 2012 to 2021. The empirical results revealed that there were dynamic conditional correlations among international crude oil, China's biofuel ethanol, and corn markets. Following the COVID-19 outbreak, the CoVaR and Delta CoVaR changed, which caused a sharp increase in the mean values and volatility. Additionally, China's biofuel ethanol market is more vulnerable to the risk spillovers from the international crude oil market than China's corn market. However, China's markets do not appear to have obvious risk spillover effects on the global market. The implications of the results are discussed in financial market supervision, including the risk management and portfolio adjustment.",Biofuel ethanol; risk spillover; COVID-19; DCC-GARCH; Copula-CoVaR; environmental sustainability,TAIL DEPENDENCE; PRICES; ENERGY; VOLATILITY; TRANSMISSION,Article,Environmental Studies,Environmental Sciences & Ecology,0958-305X,English,QG6B7,Q2,market_volatility_GarchHar_covid
"Chen, CL; Zhou, LC; Sun, CW; Lin, YT","Chen, Chuanglian; Zhou, Lichao; Sun, Chuanwang; Lin, Yuting",Does oil future increase the network systemic risk of financial institutions in China?,APPLIED ENERGY,2024,10.1016/j.apenergy.2024.123176,"The fluctuation of oil futures price greatly influences the market investment sentiment, which can cause credit risk and capital pressure risk of various financial institutions, and ultimately affect the idiosyncratic risk and systemic risk of financial institutions. This paper adopts MES to measure the systemic risk of Chinese financial institutions and proposes a high -dimensional time -varying parameter spillover network matrix to identify the infection route and source of systemic risk. Finally, the paper investigates the mechanism by that oil futures affect the contagion effect of systemic risk across institutions. The results show that banking financial institutions are the main exporters of risk while insurance is the main absorber, and after the outbreak of COVID-19, the risk contagion capacity of institutions generally increased, the network structure became more complex, and the risk spillover level was pro -cyclical. The empirical results show that the rise of oil futures will promote the (net) risk spillover capacity of institutions and inhibit the risk absorption capacity, and the above process can be transmitted through the stock market, bond market, and foreign exchange market.",Oil future; Cross-institutional infection spillover effects; Generalized forecast error variance; decomposition; Transmission mechanism,IMPULSE-RESPONSE ANALYSIS; PRICE UNCERTAINTY; CRUDE-OIL; EXCHANGE-RATE; STOCK; ENERGY; SHOCKS; VOLATILITY; GARCH; DEPENDENCE,Article,"Energy & Fuels; Engineering, Chemical",Energy & Fuels; Engineering,0306-2619,English,RW0T3,Q2,market_volatility_GarchHar_covid
"Hu, GH; Ma, XQ; Zhu, TT","Hu, Genhua; Ma, Xiaoqing; Zhu, Tingting",Forecasting volatility of China's crude oil futures based on hybrid ML-HAR-RV models,NORTH AMERICAN JOURNAL OF ECONOMICS AND FINANCE,2025,10.1016/j.najef.2025.102428,"Crude oil futures are central to global economic stability, with their volatility shaping financial markets worldwide. Forecasting volatility in China's emerging crude oil futures market presents unique challenges, particularly during market stress events such as the COVID-19 pandemic and geopolitical disruptions. This study develops hybrid ML-HAR-RV models that integrate machine learning with econometric methods to enhance predictive accuracy and economic interpretability. Our analysis reveals pronounced jumps in volatility, with asymmetric responses to market shocks. Notably, the HAR-RV model incorporating signed jumps significantly improves predictive performance. Hybrid ML-HAR-RV models, especially those leveraging signed jumps, demonstrate superior forecasting capability. These findings refine the understanding of volatility dynamics in emerging futures markets and offer actionable insights for risk management and policy design. Beyond China, our framework provides a scalable approach for modeling commodity market volatility under external shocks, contributing to broader financial modeling and economic strategy.",China's crude oil futures; High-frequency data; Signed jumps; HAR-RV model; Machine learning,,Article,"Business, Finance; Economics",Business & Economics,1062-9408,English,1XW8G,Q2,market_volatility_GarchHar_covid
"Tekina, B; Temellib, F; Dirirc, SA","Tekina, Bilgehan; Temellib, Fatma; Dirirc, Sadik A.","CO-MOVEMENT OF BITCOIN, GOLD, USD, OIL AND VIX: EVIDENCE OF WAVELET COHERENCE AND DCC-GARCH FROM THE PANDEMIC PERIOD",SERBIAN JOURNAL OF MANAGEMENT,2024,10.5937/sjm19-45753,"This study examines the relations of Bitcoin (BTC) prices and fluctuations with gold, USD, oil, VIX index, hedging, and diversification features in Turkiye. For this purpose, wavelet coherence and dynamic conditional correlations (DCCs) were used in the study. Our research explores whether the bubble behavior patterns in BTC prices during the COVID-19 pandemic can be used in the short term to protect against the bubble behavior in the markets that are the subject of this research and vice versa. However, whether other assets can be used to manage and hedge BTC's downside risk is also being explored. The aim is to understand how and at what level critical financial instruments and indicators are affected by each other in times of crisis and economic recession, such as pandemics, and to present valuable results to decision-makers. The sample for this study includes T & uuml;rkiye for the period between 12/31/2019 and 13/07/2022. Wavelet Coherence and DCC-GARCH results indicate significant positive and negative movements of BTC prices with gold, oil, USD prices, and the VIX fear index during the pandemic. We find evidence of volatility persistence, causality, and phase differences between BTC and other financial instruments and indicators.",BTC; Gold; USD; Oil; VIX; Wavelet Coherence,SAFE-HAVEN; STOCK MARKETS; INVESTMENT; HEDGE; VOLATILITY; CRYPTOCURRENCIES; TRANSMISSION; UNCERTAINTY; SPILLOVERS; COMMODITY,Article,Management,Business & Economics,1452-4864,English,P2V1Q,Q2,market_volatility_GarchHar_covid
"Ghouse, G; Bhatti, MI; Shahid, MH","Ghouse, Ghulam; Bhatti, Muhammad Ishaq; Shahid, Muhammad Hassam","Impact of COVID-19, Political, and Financial Events on the Performance of Commercial Banking Sector",JOURNAL OF RISK AND FINANCIAL MANAGEMENT,2022,10.3390/jrfm15040186,"This paper employs a structural empirical model to gauge the possible effects of COVID-19, political and financial events on the returns and volatility of commercial banks. It observes that insured and run-prone uninsured depositors choose between differentiated commercial banks, which appears to be significantly impacted from the present pandemic, especially for the case of Pakistan's commercial banking sector. The estimated volatility series for commercial banks is measured through the GARCH model, which explains the current financial and political distress for the case of shocks from COVID-19. We calibrate by Impulse Indicator Saturation (IIS) to detect the structural breaks formed by these events in the returns and volatility series of commercial banks. It is observed that the calibrated model possesses almost all financial events that have had a prominent impact on the returns and volatility series whereas two out of eighteen political events are unimpacted.",COVID-19; financial; political; PSX; commercial banks; volatility; GARCH; IIS procedure,STOCK-MARKET CONTAGION; AN EVENT; CRISIS; RETURNS; LINKAGES,Article,"Business, Finance",Business & Economics,1911-8066,English,0S3SG,Q2,market_volatility_GarchHar_covid
"Liu, YS; Lee, L","Liu, Ying Sing; Lee, Liza","The Impact of COVID-19, Day-of-the-Week Effect, and Information Flows on Bitcoin's Return and Volatility",JOURNAL OF ASIAN FINANCE ECONOMICS AND BUSINESS,2020,10.13106/jafeb.2020.vol7.no11.045,"Past literatures have not studied the impact of real-world events or information on the return and volatility of virtual currencies, particularly on the COVID-19 event, day-of-the-week effect, daily high-low price spreads and information flow rate. The study uses the ARMA-GARCH model to capture Bitcoin's return and conditional volatility, and explores the impact of information flow rate on conditional volatility in the Bitcoin market based on the Mixture Distribution Hypothesis (Clark, 1973). There were 3,064 samples collected during the period from Pt of January 2012 to 20th April, 2020. Empirical results show that in the Bitcoin market, a daily high-low price spread has a significant inverse relationship for daily return, and information flow rate has a significant positive relationship for condition volatility. The study supports a significant negative relationship between information asymmetry and daily return, and there is a significant positive relationship between daily trading volume and condition volatility. When Bitcoin trades on Saturday & Sunday, there is a significant reverse relationship for conditional volatility and there exists a thy-of-the-week volatility effect. Under the impact of COVID-19 event, Bitcoin's condition volatility has increased significantly, indicating the risk of price changes. Finally, the Bitcoin's return has no impact on COVID-19 events and holidays (Saturday & Sunday).",Bitcoin; COVID-19 Event; Day-of-the-Week Effect; Daily High-Low Price Spread; Information Flow Rate,STOCK-MARKET RESPONSE; ECONOMICS; VOLUME,Article,Business,Business & Economics,2288-4637,English,OO7RC,Q2,market_volatility_GarchHar_covid
"Ahmed, H","Ahmed, Haseen",Green Bonds and Crude Oil Prices: Exploring Dynamic Linkages and Implications for Climate Financing,COMPUTATIONAL ECONOMICS,2026,10.1007/s10614-026-11311-0,"In the wake of climate change-driven business and financial models, green bonds are crucial in the sustainable financing, and have grown rapidly. On the contrary, the oil though instrumental driver of growth in an economy, is polluting fossil fuel. In this context, this study examines the interlinkages among crude prices and the S&P Green Bond Index. This study applies the ADF test to check the unit root in time-series data from January 2013 to February 2024. Further, the Study applies Dynamic Johansen cointegration, DCC-GARCH, and wavelet coherency techniques to check the linkages among oil and green bonds. The results of wavelet coherency indicate higher co-movement at the time of COVID-19 and Russia-Ukraine war. Furthermore, the dynamic Johansen integration suggest a long-term relationship between the variables, however in robustness checks, long-term connectedness is not supported. Similarly, as per the DCC-GARCH model, the volatility spillovers between the variables are not significant. This study has potential implications for policy makers as well as investors working on climate financing. The study concludes that the green bonds index is independent of the oil prices fluctuations.",Oil prices; Green bonds; Johansen co-integration; Sustainable finance; G11; G15; G17; F64; F00,EMERGING STOCK MARKETS; CO-MOVEMENT; WAVELET COHERENCE; CLEAN ENERGY; GOLD; COINTEGRATION; VOLATILITY; RETURNS; SHOCKS,Article; Early Access,"Economics; Management; Mathematics, Interdisciplinary Applications",Business & Economics; Mathematics,0927-7099,English,DU8VC,Q2,market_volatility_GarchHar_covid
"Stanciu, CV; Moagar-Poladian, S; Clichici, D; Timus, A","Stanciu, Cristian Valeriu; Moagar-Poladian, Simona; Clichici, Dorina; Timus, Angela",SPILLOVER EFFECTS AND FINANCIAL MARKET INTEGRATION IN CEE: A CROSS-ASSET ANALYSIS,ROMANIAN JOURNAL OF ECONOMIC FORECASTING,2026,,"This paper analyses the degree of connectedness across equity, foreign exchange, bond, and CDS markets among Central and Eastern European (CEE) countries. By employing a unified Diebold-Yilmaz connectedness framework, univariate GARCH models, and GLS event regressions, we provide a multimarket and multicountry de-sign that documents both crosscountry and cross-asset linkages. We simultaneous-ly explore the static and dynamic connectedness, offering a comprehensive picture of the existing patterns of comovements during turbulent periods, including the COVID-19 crisis and the Russia-Ukraine war. Moreover, we highlight the regime-dependent nature of financial integration regarding return and volatility spillovers in the CEE region. The findings indicate that CEE countries are more connected among themselves than with Germany, particularly regarding government bonds and CDS spreads. The estimates reveal that the dynamic connectedness levels increase dur-ing turbulent times, highlighting strong contagion effects, particularly in equity mar-kets. In the case of government bonds, the economic fundamentals prevail over con-tagion effects during crisis periods.",connectedness; equity; foreign exchange; bonds; CDS,EXCHANGE-RATES; CONVERGENCE,Article,Economics,Business & Economics,1582-6163,English,IK3OK,Q2,market_volatility_GarchHar_covid
"Vieira, DS; de Carvalho, PV; Curto, JD; Laureano, L","Vieira, Duarte Saldanha; de Carvalho, Paulo Viegas; Curto, Jose Dias; Laureano, Luis",Gold's hedging and safe haven properties for European stock and bond markets,RESOURCES POLICY,2023,10.1016/j.resourpol.2023.103817,"Most portfolio managers and risk managers strive to pick assets that lead to efficient financial risk mitigation; among them, gold stands out. This paper provides new insights into the role of gold as both a hedge and a safe haven towards European stock and sovereign bond markets. We base the analysis on evidence spanning the Euro's inception to the COVID-19 pandemic spread across Europe. To capture gold's hedge ability, we use the ADCC-GARCH and DCC-GARCH models, while for testing gold's safe haven property we use OLS regressions for different quantiles. Our results show that gold is a hedge for stocks, particularly after the Lehman Brothers collapse. Gold also shows strong safe haven properties for the most extreme negative returns (1% and 2.5% quantiles), and during specific events, such as the Lehman Brothers collapse, the Greek bailout and the Brexit Referendum. Still, for the COVID-19 pandemic outbreak, the results do not confirm this property. Conversely, for bonds, both hedge and safe haven effects are not strongly evident, with gold characterised, at best, as a weak hedge and safe haven. These findings have portfolio allocation implications for investors in European markets, namely fund and risk managers, by pointing out gold hedging and safe haven attributes.",Gold market; Hedge; Safe haven; Stock market; Bond market,CONDITIONAL HETEROSKEDASTICITY; VOLATILITY; OIL,Article,Environmental Studies,Environmental Sciences & Ecology,0301-4207,English,N4PI1,Q2,market_volatility_GarchHar_covid
"Zhu, M; Song, YP; Zheng, X","Zhu, Min; Song, Yuping; Zheng, Xin",Volatility Dynamics and Mixed Jump-GARCH Model Based Jump Detection in Financial Markets,COMPUTATIONAL ECONOMICS,2025,10.1007/s10614-024-10633-1,"In this paper, we introduce a novel parametric approach for detecting jumps in daily frequency data. Our jump detection method leverages the characteristics of volatility to distinguish the presence or absence of jumps. By specifying a model in terms of the mixture of GARCH and jump-GARCH, we identify jumps based on the posterior probability of states yielded by the fitted model. The EM algorithm is employed to resolve the parameters in the model. Through Monte Carlo experiments, we evaluate the performance of our parametric jump detection approach, the mixed jump-GARCH model, in comparison to an alternative test. The results indicate that our approach demonstrates superior overall performance of both sensitivity and reliability in jump detection than its benchmark models. Empirical evidence further supports these findings, particularly highlighting the mixed jump-GARCH model's ability to identify several significant jumps associated with key events, such as the 2008 US financial crisis and the 2020 Covid-19 pandemic. Importantly, these jumps are ignored by the benchmark nonparametric test.",Jumps detection; Gaussian mixture distribution; Jump-GARCH model; EM algorithm; C22; C58; G15; G41,EXCHANGE; IMPLICIT; OPTIONS; IMPACT,Article,"Economics; Management; Mathematics, Interdisciplinary Applications",Business & Economics; Mathematics,0927-7099,English,1RI5X,Q2,market_volatility_GarchHar_covid
"Mensi, W; Al Kharusi, S; Vo, XV; Kang, SH","Mensi, Walid; Al Kharusi, Sami; Vo, Xuan Vinh; Kang, Sang Hoon",Frequency connectedness and spillovers among oil and Islamic sector stock markets: Portfolio hedging implications,BORSA ISTANBUL REVIEW,2022,10.1016/j.bir.2022.07.008,"Using the asymmetric Baba-Engle-Kraft-Kroner (BEKK)-GARCH model and the frequency spillover methodology by Barunik and Krehlik (2018), this paper examines spillovers and portfolio management between crude oil and US Islamic sector stocks. The results show significant time-varying spillovers between oil and Islamic sectors. The short-term spillovers are stronger than their long-term counterparts. The spillovers intensify during extreme events (global financial crisis and COVID-19 pandemic). The aggregate index, consumer services, raw materials, and manufacturing are net contributors of spillovers in the short term, whereas the remaining sectors are net recipients. In the long-term horizon, we find that consumer goods and finance become net transmitters of spillovers. The raw materials sector becomes a net recipient of spillovers in the long term. Finally, hedging effectiveness is lower in the long term than in the short term during the oil crisis in 2015-2016 and the US presidential election in 2017, US-China trade tension, and the COVID-19 pandemic. Copyright (c) 2022 Borsa Istanbul Anonim Sirketi. Published by Elsevier B.V.",Asymmetric BEEK-GARCH model; COVID-19; Frequency spillovers; Hedging; Islamic sectors; Oil,DYNAMIC CONDITIONAL CORRELATION; RISK SPILLOVERS; CRUDE-OIL; COVID-19 CRISIS; TIME-SERIES; CONTAGION; INDEXES; PRICES; VOLATILITY; DEPENDENCE,Article,"Business, Finance; Economics",Business & Economics,2214-8450,English,9W9SC,Q2,market_volatility_GarchHar_covid
"Su, JB","Su, Jung-Bin",Does the COVID-19 pandemic affect the asset allocation performance? Evidence from a composite asset selection approach,HUMANITIES & SOCIAL SCIENCES COMMUNICATIONS,2025,10.1057/s41599-025-05258-0,"This study utilizes version 6 of the regression analysis of time series (RATS) software package to implement the estimation of the bivariate diagonal generalized autoregressive conditional heteroscedasticity (GARCH) model combined with a composite asset selection approach including two hybrid performance measures to solve 'the trade-off problem between return and risk' and 'the inconsistent results from different performance measures' in the problem of asset allocation within a group of minimum variance portfolios during the pre-COVID-19 and COVID-19 periods. Empirical results show that the optimal portfolios obtained from this approach and the assets added to a portfolio to achieve better performance differ between the pre-COVID-19 and COVID-19 periods. For instance, the optimal portfolios are the Chinese yuan-Ethereum and Bitcoin-Ethereum for the pre-COVID-19 period, but the WTI-Ethereum for the COVID-19 period. To achieve better performance, we added Ethereum to our portfolio during the pre-COVID-19 period, while WTI and Bitcoin were added during the COVID-19 period. Thus, the COVID-19 pandemic had a significant impact on the performance of asset allocation in the three markets. The proposed approaches in this study can be embedded in a computer as an asset allocation algorithm of Robo-advisers.",,STOCK MARKETS; PORTFOLIO; VOLATILITY; COMMODITY; FOOD,Article,"Humanities, Multidisciplinary; Social Sciences, Interdisciplinary",Arts & Humanities - Other Topics; Social Sciences - Other Topics,,English,5WU9A,Q2,market_volatility_GarchHar_covid
"Aslam, A","Aslam, Adnan",Economic policy uncertainty and AI-driven stock spillovers: Implications for portfolio diversification,RESEARCH IN INTERNATIONAL BUSINESS AND FINANCE,2026,10.1016/j.ribaf.2026.103340,"This study examines how economic policy uncertainty (EPU) shapes return spillovers between major AI-driven stocks. Using daily data for seven leading AI-driven firms, this study estimates a time-varying connectedness via the TVP-VAR framework and links it to macroeconomic uncertainty using a GARCH-MIDAS-EPU model. The pre- and post-COVID analyses capture structural shifts in spillover dynamics. The results show Microsoft and Google are primary transmitters of shocks with Nvidia acting as a critical intermediary, while Tesla and IBM act as net receivers. EPU amplifies short-term connectedness but dampens long-term spillovers, reflecting risk-averse behavior and delayed investment under uncertainty. In post-pandemic periods, long-term volatility persistence strengthens and connectedness becomes more sensitive to policy shocks. Further, the portfolio testing reveals that strategies minimizing correlation and connectedness outperform traditional variance-based approaches during periods of heightened uncertainty. These findings highlight AI-driven equities as a critical channel of macro-policy risk transmission and provide actionable insights for investors, portfolio managers, and policymakers in innovation-driven financial markets.",Artificial intelligence-driven stocks; Economic policy uncertainty; Spillovers; Portfolio diversification,IMPULSE-RESPONSE ANALYSIS; VOLATILITY,Article,"Business, Finance",Business & Economics,0275-5319,English,DV3RV,Q2,market_volatility_GarchHar_covid
"Marín-Rodríguez, NJ; González-Ruiz, JD; Botero, S","Johana Marin-Rodriguez, Nini; David Gonzalez-Ruiz, Juan; Botero, Sergio","Dynamic relationships among green bonds, CO2 emissions, and oil prices",FRONTIERS IN ENVIRONMENTAL SCIENCE,2022,10.3389/fenvs.2022.992726,"Green bonds play a pivotal role in the financing of sustainable infrastructure systems. Likewise, CO2 emissions and oil prices can cause an impact on the green bonds market. In order to better understand this issue, this study analyzes the relationship among green bonds, CO2 futures' prices, and oil prices using a daily data set that includes 2,206 observations corresponding to daily information from 1 January 2014 to 15 June 2022. The Granger Causality Test and the Dynamic Conditional Correlation (DCC-Garch) Model were employed to conduct this analysis. Furthermore, a sensitivity analysis was performed to identify crisis periods concerning the sample period and provide an analysis of DCC-Garch results during extreme market conditions like the COVID-19 pandemic and the Russian invasion of Ukraine. The Granger Causality Test results present a unidirectional causality running from the Green Bond Index to the oil price returns. Also, there is a unidirectional causality running from the Green Bond Index to the CO2 futures' returns. Additionally, a unidirectional causality runs from the oil price returns to the CO2 futures' returns. The results for the DCC-Garch indicate a positive dynamic correlation between the Brent oil price return and the CO2 futures' returns. Finally, the Green Bond Index shows a negative dynamic correlation to the oil return and the CO2 futures' returns presenting a strong correlation in uncertainty periods.",co-movements; dependence; oil price; green bonds; CO2 emissions; scientometric analysis,ENVIRONMENTAL KUZNETS CURVE; RENEWABLE ENERGY; ECONOMIC-GROWTH; VOLATILITY SPILLOVER; FINANCIAL-MARKETS; GRANGER-CAUSALITY; NUCLEAR-ENERGY; STOCK-PRICES; LINKAGES; DCC,Article,Environmental Sciences,Environmental Sciences & Ecology,,English,5I8KJ,Q2,market_volatility_GarchHar_covid
"Khan, A; Piserà, S; Chiaramonte, L; Dreassi, A; Paltrinieri, A","Khan, Ashraf; Pisera, Stefano; Chiaramonte, Laura; Dreassi, Alberto; Paltrinieri, Andrea",Are Islamic investments still safe assets during the COVID-19 pandemic?,REVIEW OF FINANCIAL ECONOMICS,2022,10.1002/rfe.1153,"While looking for safe-haven assets, the literature obtained mixed and varying results, changing from one period to the next, or one geographical area to another. Recently, this field of research grew even more, motivated by the changing environment resulting from the global financial crisis and the current COVID-19 pandemic. We compare five Islamic and five conventional leading financial indexes for the period 2004-2020, covering both global and regional data (Asia-Pacific, Europe, GCC, and the United States). By employing DCC GARCH and extended GARCH (1,1) models, we find a lower volatility and higher persistence in Islamic indexes when compared to their conventional alternatives, holding also when traditional safe-haven assets are included in comparative terms and across geographical areas. We therefore provide robust evidence on the consistent behavior of Islamic assets: Their defensive properties remain and are even stronger in the current unprecedented and ongoing crisis.",COVID-19; dynamic conditional correlations; GARCH; global financial crisis; Islamic finance,CONVENTIONAL STOCK MARKETS; VOLATILITY SPILLOVER; CO-MOVEMENTS; HAVEN; INDEXES; GOLD; PERFORMANCE; LINKAGES; RISK; TRANSMISSION,Article,"Business, Finance",Business & Economics,1058-3300,English,2T9HZ,Q2,market_volatility_GarchHar_covid
"Rabbani, MR; Tabassum, S; Yadav, MP; Kayani, UN","Rabbani, Mustafa Raza; Tabassum, Sabia; Yadav, Miklesh Prasad; Kayani, Umar Nawaz","Investigating symmetric volatility spillover in Islamic financial markets: evidence from Islamic equity, cryptocurrency, Sukuk and Halal-exchange traded fund",JOURNAL OF ISLAMIC MARKETING,2025,10.1108/JIMA-01-2024-0013,"PurposeThis study aims to explore and analyze time-varying linkages of Islamic equity indices with the Sukuk (Islamic bond) market index, Halal cryptocurrency and Shariah-compliant exchange traded fund (ETF).Design/methodology/approachTo study the dynamic connectedness of constituent series, the daily adjusted closing price from December 31, 2019, to September 11, 2023, has been used. This period is taken considering the unprecedented COVID-19 and Russia-Ukraine tussle under study. Standard GARCH and E-GARCH models are used to forecast symmetrical and asymmetrical volatility. Further, dynamic conditional correlation (DCC)-GARCH and Diebold and Yilmaz (2012) connectedness models demystify the spillover among examined assets.FindingsThere is no spillover from Dow Jones Islamic Market (DJIM) to Taddawul Sukuk and Bond Market Index (TSBI) and X8X in the short run, while there is spillover in the long run. However, DJIM and HLALETF exhibit volatility spillover in long run and short run as well. Further, Diebold and Yilmaz (2012) reveals that DJIM is the highest receiver, and TSBI is the most diminutive receiver of the shock. On the other hand, HLAL-ETF is the highest transmitter, and TSBI stands out as the lowest transmitter to the network connection.Originality/valueFollowing an extant literature review, and to their understanding, it's a novel study that unfolds dynamic linkages among selected markets during two major global crises.",Islamic equity; Sukuk; Halal cryptocurrency; Dynamic linkages; Diversification,DYNAMIC CONNECTEDNESS; COVID-19; PRICES; OIL,Article,Business,Business & Economics,1759-0833,English,D7490,Q2,market_volatility_GarchHar_covid
"Zhang, YL; Nan, X","Zhang, Yongli; Nan, Xi","Debt default, financial risk transmission and governance from the perspective of supply chain network",HELIYON,2023,10.1016/j.heliyon.2023.e14224,"The stock risk spillovers of 31 associated enterprises of Evergrande supply chain in China were measured with DCC-GARCH and CoVaR model, and high, moderate and low risk overflow networks in four periods were constructed, finally the overall metrics and dynamic evolution of risk spillover network were explored. The results showed that: With COVID-19 under control in China, the risk spillover of Evergrande supply chain associated enterprises continues to diverge, with the quantity and scope of high risk declining and moderate and low risk rising; The infection scope of high risk spillover has narrowed, from indirect to direct infection; Evergrande subsidiaries play obvious bridge roles in moderate and low risk networks, have strong control over the risk spread; Commercial banks suffer and trigger more risk spillovers, a number of risk spillover groups with commercial banks as cores formed in high and moderate risk networks.",Supply chain network; Risk spillover; CoVar-DCC-GARCH; Complex network,VOLATILITY SPILLOVER; STOCK MARKETS; SYSTEMIC RISK; RETURN; OIL; CONNECTEDNESS; CAUSALITY; ENERGY,Article,Multidisciplinary Sciences,Science & Technology - Other Topics,,English,E4YH9,Q2,market_volatility_GarchHar_covid
"Hussain, S; Chen, JH","Hussain, Sabbor; Chen, Jo-Hui",The return and volatility spillovers among decentralized finance (DeFi) assets,RESEARCH IN INTERNATIONAL BUSINESS AND FINANCE,2025,10.1016/j.ribaf.2025.103071,"This study investigates the interconnectedness, returns, and volatility spillovers among NonFungible Tokens (NFTs), cryptocurrencies, and FinTech Exchange-Traded Funds (ETFs), employing advanced econometric frameworks TVP-VAR, GARCH-ARMA, and EGARCH-ARMA to address gaps in understanding these emerging digital assets. This work integrates these advanced models and obtains new insights into dynamic relationships connected with asymmetric risk and responsive behaviors during the crisis. The findings reveal that NFTs and cryptocurrencies exhibit higher returns and greater volatility than FinTech ETFs, making them high-risk and high-reward investments. Dynamic spillover analysis identifies moderate connectedness, with cryptocurrencies dominating volatility transmission and NFTs driving return spillovers, while FinTech ETFs act as stabilizers. Crucially, the EGARCH-ARMA framework uncovers distinct leverage effects in NFTs and cryptocurrencies, where adverse shocks amplify volatility more than positive ones. During the COVID-19 pandemic, total connectedness underscores their sensitivity to external shocks. This study holistically analyzes these asset classes, offering actionable strategies for portfolio diversification, active risk management, and crisis mitigation in digital financial markets.",Non-Fungible Tokens; Cryptocurrency; FinTech; TVP-VAR; ARMA-GARCH,DYNAMIC CONNECTEDNESS,Article,"Business, Finance",Business & Economics,0275-5319,English,6AY2E,Q2,market_volatility_GarchHar_covid
"Yun, SJ; Choi, SY; Kim, YS","Yun, Seok-Jun; Choi, Sun-Yong; Kim, Young Sung","Examining the hedge performance of US dollar, VIX, and gold during the coronavirus pandemic: Is US dollar a better hedge asset?",PLOS ONE,2023,10.1371/journal.pone.0291684,"This study utilizes the hedging potential of the U.S. Dollar Index (USDX) during the COVID-19 period, specifically comparing its positive effects on optimal portfolio weights and hedging ratios with those of traditional hedging assets, such as the VIX and gold. The scalar BEKK GARCH model is employed to forecast volatility and calculate hedging indicators. The results show that USDX exhibits strong hedging abilities against S&P 500 index volatility. These findings highlight the advantageous role of the USDX as a hedging instrument, particularly during periods of heightened market uncertainty, such as during the COVID-19 crisis. Despite the increased market volatility during the COVID-19 pandemic, the value of the optimal portfolio weights is stable and the volatility of the weights is significantly reduced, demonstrating the strength of the USDX's low risk and volatility in hedging against market fluctuations. Moreover, the increase in the hedge ratio indicates that more capital is allocated to hedging, reflecting the increased correlation between the USDX and S&P 500 index. These results emphasize the beneficial role of the USDX as a hedging instrument during times of elevated market uncertainty, such as during the COVID-19 crisis. Ultimately, USDX can provide valuable insights for market participants seeking effective hedging strategies.",,EMERGING STOCK MARKETS; TERRORIST ATTACKS; SAFE HAVEN; VOLATILITY; FUTURES; IMPACT; RETURNS; VARIANCE; PRICE,Article,Multidisciplinary Sciences,Science & Technology - Other Topics,1932-6203,English,AE7M9,Q2,market_volatility_GarchHar_covid
"Roy, A","Roy, Abhijit",Efficacy of GARCH-EVT Model in Intraday Risk Management: Evidence from Severely Pandemic-affected Countries,GLOBAL BUSINESS REVIEW,2022,10.1177/09721509221104848,"Countries around the world have experienced severe-to-moderate economic restrictions during the first two waves of COVID-19 pandemic. The present article captures the time frame of this unprecedented turmoil to test the efficacy of the conditional extreme value theory (EVT) model to forecast value at risk (VaR) and expected shortfall (ES). The article considers the eight most-affected countries and applies the generalized autoregressive conditional heteroskedasticity (GARCH) process in appropriate GARCH-EVT models assuming Student's t distribution to accommodate the fat-tailed behaviour of financial return series. The study confirms that our model is substantially superior in forecasting intraday VaR and ES in comparison to other conditional EVT models with a classical assumption of normal distribution as well as an unconditional EVT model. Contrary to more commonly used 5-minute-frequency data in intraday risk management, we use hourly data, which is much less researched in the context of stock market volatility forecasting. Moreover, our study adds to the reliability of conditional EVT models because of its accuracy in predicting intraday risk during extreme economic uncertainty in severely pandemic-hit countries.",Value at risk; expected shortfall; conditional EVT; forecasting; intraday risk; pandemic,,Article; Early Access,Business; Management,Business & Economics,0972-1509,English,2I7LJ,Q2,market_volatility_GarchHar_covid
"Madheswaran, M; Lingaraja, K; Duraisamy, P","Madheswaran, Madhavan; Lingaraja, Kasilingam; Duraisamy, Pandiaraja",Econometric and stochastic analysis of stock price before and during COVID-19 in India,ENVIRONMENT DEVELOPMENT AND SUSTAINABILITY,2024,10.1007/s10668-023-03022-5,"Unexpected and sudden spread of the novel Coronavirus disease (COVID-19) has opened up many scopes for researchers in the fields of biotechnology, health care, educational sectors, agriculture, manufacturing, service sectors, marketing, finance, etc. Hence, the researchers are concerned to study, analyze and predict the impact of infection of COVID-19. The COVID-19 pandemic has affected many fields, particularly the stock markets in the financial sector. In this paper, we have proposed an econometric approach and stochastic approach to analyze the stochastic nature of stock price before and during a COVID-19-specific pandemic period. For our study, we considered the BSE SENSEX INDEX closing pricing data from the Bombay Stock Exchange for the period before and during COVID-19. We have applied the statistical tools, namely descriptive statistics for testing the normal distribution of data, unit root test for testing the stationarity, and GARCH and stochastic model for measuring the risk, also investigated drift and volatility (or diffusion) coefficients of the stock price SDE by using R Environment software and formulated the 95% confidence level bound with the help of 500 times simulations. Finally, the results have been obtained from these methods and simulations are discussed.",COVID-19; Stock price; GARCH; Stochastic differential equation; Simulation,MODELS,Article,Green & Sustainable Science & Technology; Environmental Sciences,Science & Technology - Other Topics; Environmental Sciences & Ecology,1387-585X,English,JB6L3,Q2,market_volatility_GarchHar_covid
"Ben Hssain, L; Agouram, J; Lakhnati, G","Ben Hssain, Lhoucine; Agouram, Jamal; Lakhnati, Ghizlane",Impact of COVID-19 pandemic on Moroccan sectoral stocks indices,SCIENTIFIC AFRICAN,2022,10.1016/j.sciaf.2022.e01321,"In this paper, we make an original contribution by identifying the impact of COVID-19 on Moroccan sectoral stocks indices. For this purpose, we collected data of 22 sectors from the Casablanca stock exchange from January 2017 to December 2021 and investigated two regression models that included a dummy variable representing the onset of COVID-19. In addition, we examined performance measures (Sharp ratio and Treynor ratio) and risk measures (CVaR and Beta) of each individual sector before and during COVID-19. Furthermore, a GARCH model is applied to show conditional variance, aiming to emphasize the volatility of the selected stocks indices overall the chosen period. The results allowed us to divide sectors into two samples: the first one, referred to as sample 1, that was negatively impacted, and the second one, referred to as sample 2, that benefited from the pandemic of COVID-19. Further, conditional variance revealed that COVID-19 boosted, significantly but for a short period, the volatility of all sectors, even though the magnitude of the effect on volatility varies by sample and also by sector. Overall, we see COVID-19 as a crisis for some sectors and an opportunity for a new business transformation, as it is a period that results in significant improvement for some specific sectors. Furthermore, our results reflect the behavior of the sectors of an African emerging market during the COVID-19 outbreak, which is relevant for the formulation of strategies to ensure financial sustainability during future sanitary crises of this magnitude, for this type of economy. (C) 2022 The Authors. Published by Elsevier B.V. on behalf of African Institute of Mathematical Sciences / Next Einstein Initiative.",COVID-19; CAPM; Stock market; GARCH; Performance; Risk,VARIANCE; EVENT,Article,Multidisciplinary Sciences,Science & Technology - Other Topics,2468-2276,English,5E0TW,Q2,market_volatility_GarchHar_covid
"Zghal, R; Dammak, FA; Souai, S; Hachicha, N; Ghorbel, A","Zghal, Rania; Dammak, Fredj Amine; Souai, Semia; Hachicha, Nejib; Ghorbel, Ahmed",Which Sectoral CDS Can More Effectively Hedge Conventional and Islamic Dow Jones Indices? Evidence from the COVID-19 Outbreak and Bubble Crypto Currency Periods,RISKS,2025,10.3390/risks13100187,"In this study, we aim to provide a comprehensive analysis of the risk management potential of sectoral Credit Default Swaps (CDSs) within financial portfolios. Our objectives are threefold: (i) to investigate the safe haven properties of sectoral CDSs; (ii) to assess their hedging effectiveness and evaluate the diversification benefits of incorporating sectoral CDSs into both conventional and Islamic stock market portfolios; and (iii) to compare these findings with those obtained from alternative assets such as the VSTOXX, gold, and Bitcoin indices. To achieve this, we estimate time-varying hedge ratios using a range of multivariate GARCH (MGARCH) models and subsequently compute hedging effectiveness metrics. Conditional correlations derived from the Asymmetric Dynamic Conditional Correlation (ADCC) model are employed in linear regression analyses to assess safe haven characteristics. This methodology is applied across different subperiods to capture the impact of the crypto currency bubble and the COVID-19 pandemic on hedging performance.",sectoral CDS; Dow Jones conventional and Islamic emerging market indices; MGARCH models; safe haven; hedging; conditional diversification benefits,DYNAMIC CONDITIONAL CORRELATION; SAFE-HAVEN; GO-GARCH; MARKETS; BITCOIN; VOLATILITY; INVESTMENT; EQUITY; STOCKS; BONDS,Article,"Business, Finance",Business & Economics,,English,9BD3Q,Q2,market_volatility_GarchHar_covid
"Arfaoui, N; Yousaf, I; Jareño, F","Arfaoui, Nadia; Yousaf, Imran; Jareno, Francisco",Return and volatility connectedness between gold and energy markets: Evidence from the pre- and post-COVID vaccination phases,ECONOMIC ANALYSIS AND POLICY,2023,10.1016/j.eap.2022.12.023,"Using a two-step VAR asymmetric BEKK GARCH model, this research explores the asym-metric return and volatility connectedness between gold and several energy markets during three subperiods: pre-COVID, before vaccination, and after vaccination. Gold's returns and volatility spillover are generally found to be time-and energy-dependent. In addition, the optimal weights, hedge ratios, and hedging effectiveness of energy commodity and gold pairs are calculated during the three subperiods. The results of optimal weights show that investors should increase their investment in energy commodities more than gold (energy commodities) during the after-vaccination period (the pre-vaccination period). Moreover, the hedging strategy would only be effective within the COVID-19 vaccination period, which could have implications for the strategic asset allocation of policy-makers and international investors. Finally, we examine the potential determinants of conditional correlations between gold and energy markets. VIX, EPU, and new confirmed cases are found to be the main predictors of correlations for most energy commodity-gold pairs during the examined period.(c) 2022 Economic Society of Australia, Queensland. Published by Elsevier B.V. This is an open access article under the CC BY-NC-ND license (http://creativecommons.org/licenses/by-nc-nd/4.0/).",Energy market; Gold; Spillovers; Hedging effectiveness; COVID-19,OIL PRICE MOVEMENTS; CRUDE-OIL; SAFE HAVEN; STOCK MARKETS; SHOCKS; HEDGE; METAL; IMPACTS; BITCOIN,Article,Economics,Business & Economics,0313-5926,English,8E1BI,Q2,market_volatility_GarchHar_covid
"Fang, Y; Fu, CB; Hashemishahraki, S","Fang, Yi; Fu, Chengbo; Hashemishahraki, Soleiman",From oil spills to electric thrills: BYD's rise and the market dynamics powering automaker stocks,CHINA FINANCE REVIEW INTERNATIONAL,2025,10.1108/CFRI-02-2025-0078,"PurposeThis study examines how oil market volatility and clean energy trends impact the stock performance of automakers, specifically comparing traditional manufacturers with electric vehicle (EV) producers such as BYD and Tesla. The objective is to assess the extent to which traditional automakers are sensitive to oil market fluctuations, while EV manufacturers align more closely with clean energy dynamics, particularly during global market crises.Design/methodology/approachUsing daily data from January 2013 to December 2023, we conduct linear regressions, GARCH, DCC-GARCH and the Diebold-Yilmaz connectedness approaches in the analysis. We use these econometric models to capture volatility patterns, correlations and cross-market spillovers.FindingsTraditional manufacturers are affected by both oil prices and clean energy development. While traditional automakers remain more vulnerable to oil price volatility, global leading EV manufacturers BYD and Tesla are less sensitive to oil price shocks and show strong alignment with clean energy indices. Significant volatility spillovers are observed during global crises, such as the COVID-19 pandemic and the Russia-Ukraine conflict.Originality/valueThe paper uniquely integrates clean energy indices into the analysis of oil price impacts on automaker stocks. By comparing traditional and EV manufacturers using advanced econometric models, it sheds light on the literature of energy markets and sustainable financial markets.",Clean energy indices; Energy market volatility; Volatility spillovers; Electric vehicles (EVs); Energy markets; G11; G13; Q42; Q43; O13,PRICE SHOCKS; CLEAN ENERGY; VOLATILITY SPILLOVERS; INDEXES; IMPACT; RETURN; VEHICLES; US,Article; Early Access,"Business, Finance",Business & Economics,2044-1398,English,8UQ9R,Q2,market_volatility_GarchHar_covid
"Sharma, D; Verma, R; Al-Bukari, MBH; Zaid, MAK; Raghavan, P","Sharma, Dhanraj; Verma, Ruchita; Al-Bukari, Murad Baqis Hasan; Zaid, Mohammed A. K.; Raghavan, Pranav","Herding behavior in cryptocurrency market: evidence from COVID-19, Russia-Ukraine war, and Palestine-Israel conflict",COGENT ECONOMICS & FINANCE,2024,10.1080/23322039.2024.2437022,"This study explores herding behavior in the cryptocurrency market during three major international crises: the COVID-19 pandemic, the Russia-Ukraine war, and the Palestine-Israel conflict. The study uses daily closing prices of five major cryptocurrencies (Bitcoin, Ethereum, Tether, BNB, and Solana) and the CRYPTO20 index data from December 31 2019 to May 20, 2024. The research employs the cross-sectional absolute deviation (CSAD) and cross-sectional standard deviation (CSSD) methods to identify herding behavior in the cryptocurrency market. The Generalized Autoregressive Conditional Heteroskedasticity (GARCH) model is used for the robustness check. Stationarity of the data is verified using the Augmented Dickey-Fuller (ADF) test. The empirical findings reveal the anti-herding behavior in the cryptocurrency market during the three sub-periods. The study's findings have important implications for investors, policymakers, and market regulators. Understanding the dynamics of herding behavior in the cryptocurrency market during global crises can help in developing strategies to mitigate the adverse effects of herding, such as inefficient asset pricing and increased market volatility.","Herding behavior; cryptocurrency market; COVID-19 pandemic; Russia-Ukraine war; Palestine-Israel conflict; F30; G12; G14; G15; Corporate Finance; Investment & Securities; Business, Management and Accounting; Econometrics",STOCK MARKETS; BITCOIN,Article,Economics,Business & Economics,2332-2039,English,O5Z9U,Q2,market_volatility_GarchHar_covid
"Theiri, S","Theiri, Saliha",Spillover effect of the geopolitical uncertainty on the cryptocurrency market,EUROMED JOURNAL OF BUSINESS,2026,10.1108/EMJB-01-2024-0021,"PurposeThis study aims to examine the influence of geopolitical uncertainty on cryptocurrency markets (CM).Design/methodology/approachUtilizing two distinct sets of daily returns data spanning from January 1, 2019, to May 4, 2023, the analysis employs the geopolitical risk (GPR) index formulated by Caldara and Iacoviello (2022), which encapsulates two pivotal events: the COVID-19 pandemic and the Russia-Ukraine conflict. The cryptocurrency market (CM) encompasses Bitcoin (BTC), Ethereum (ETH), Litecoin (LTC) and Dogecoin (DOGE). Employing the DCC-GARCH model and supplementing it with wavelet coherence analysis to discern perceptual distinctions between short- and long-term market reactions.FindingsThe main findings indicate that the GPR index clearly impacts the return of CM in the short-, mid- and long-term periods. BTC exhibited the highest volatility in response to changes in the GPR index. The cryptocurrency market offers a better diversification opportunity, and the impact of geopolitical events varies across time, with their direction and magnitude closely related to the specificity of the CM.Practical implicationsThis research is helpful for financial market investors, portfolio and risk managers, make informed decisions about including cryptocurrencies in their investment portfolios to mitigate the risks in uncertainty period.Originality/valueCryptocurrency market volatility is treated weakly during the risk period. With advanced statistical method, this study links two important events: the COVID-19 pandemic and the Russia-Ukraine conflict and selects the top four cryptocurrencies constituting 80% of the market. This study examines the impact of geopolitical risk on the cryptocurrency market and shows that this market is considered a safe haven.",Uncertainty; Geopolitical risk; Cryptocurrency market; Volatility; DCC-GARCH; Wavelet coherence; G0; G13; G40; C0,SAFE HAVEN; BITCOIN; HEDGE; CONTAGION; CRISES; GOLD,Article,Business,Business & Economics,1450-2194,English,EP8YX,Q2,market_volatility_GarchHar_covid
"Aloui, C; Asadov, A; Al-kayed, L; Hkiri, B; Danila, N","Aloui, Chaker; Asadov, Alam; Al-kayed, Lama; Hkiri, Besma; Danila, Nevi",Impact of the COVID-19 outbreak and its related announcements on the Chinese conventional and Islamic stocks' connectedness,NORTH AMERICAN JOURNAL OF ECONOMICS AND FINANCE,2022,10.1016/j.najef.2021.101585,"In this paper, we assess the impacts of the COVID-19 counts (infected cases, deaths and recovered) and related announcements on the Islamic and conventional stocks interplays in the Chinese market. We test whether Islamic stocks are perceived as assets providing diversification benefits in time of COVID-19 pandemic. Doing so, we implement a multivariate GJR-GARCH model under dynamic conditional correlation (DCC) as well as multiple and partial wavelet coherence methods to recent Chinese daily data ranging from 2 December 2019 to 8 May 2020 and COVID-19 related announcement for the period. Our results from multivariate GJR-GARCH models reveal that COVID-19 infected cases and deaths do impact mean DCCs between Islamic and conventional stocks, number of recovered do not have such impact, while none of the above have any significant impact on the DCCs fluctuations. However, when we analyze the impact of COVID-19 related announcement on the variation of conditional correlation between two stocks (i.e. DCC volatility) our findings show that 7 out of 10 such announcements (mainly those with serious health treats or economic implications) do effect those volatilities in Chinese equity market. The empirical findings from partial and multiple wavelet coherences provide robust evidence of instability in the co-movement between Islamic and conventional indexes for different scales and over dissimilar sub-periods. Indeed, the weakening of co-movements is especially notable in the very short and short-run where operating the short-term investors. Our empirical findings offer several key propositions for policy makers and portfolio managers in China with broad implications applicable to other markets.",COVID-19; China; Islamic stocks; Connectedness; GJR-GARCH model; Wavelet coherence,MARKET INDEXES; EQUITY INDEX; CO-MOVEMENT; SAFE-HAVEN; VOLATILITY; INVESTMENT; BIAS,Article,"Business, Finance; Economics",Business & Economics,1062-9408,English,XB7LE,Q2,market_volatility_GarchHar_covid
"Mathlouthi, F; Bahloul, S","Mathlouthi, Fatma; Bahloul, Slah",Hedge and Safe Haven Properties of Green Bonds and Clean Energy Stocks during COVID-19 and Russian-Ukraine War: A Comparison With Gold,SCIENTIFIC ANNALS OF ECONOMICS AND BUSINESS,2025,10.47743/saeb-2025-0024,"Successions of crises are currently affecting the world, which have had an impact on the worldwide financial market. Indeed, the COVID-19 pandemic and the Russia-Ukraine war have caused significant disruption, slowing global economic and financial developments. As safe havens for their portfolios, foreign investors are focusing on more dependable assets. This paper examines the safe-haven and hedging characteristics of gold, green bonds, and clean energy. According to the Dynamic Conditional Correlation (DCC)-GARCH model, the hedging ratio and hedging effectiveness index show the hedging potential of gold, green bonds and clean energy in stable and volatile market phases. Our research shows that clean energy assets can effectively reduce portfolio risk during financial uncertainty by providing stronger hedging effects than gold. However, gold remains the more cost-effective option, balancing affordability with risk mitigation. During the COVID-19 pandemic and the Russia-Ukraine conflict, both gold and clean energy assets displayed weak safe-haven characteristics, which highlighted their ineffectiveness in protecting investors during extreme market turbulence. These insights underscore the need for cautious evaluation by investors and policymakers when considering these assets for crisis portfolio strategies.",green bonds; clean energy; safe haven; hedging ratio; hedging effectiveness,MARKETS,Article,Economics,Business & Economics,2501-1960,English,7ZH0Y,Q2,market_volatility_GarchHar_covid
"Chen, J; Xiao, ZP; Bai, JC; Guo, HL","Chen, Juan; Xiao, Zuoping; Bai, Jiancheng; Guo, Hongling",Predicting volatility in natural gas under a cloud of uncertainties,RESOURCES POLICY,2023,10.1016/j.resourpol.2023.103436,"The COVID-19 pandemic has triggered an economic crisis and the ensuing global uncertainty. The current Russian-Ukrainian conflict has escalated tensions in various regions and increased various uncertainties in the financial and economic system. These uncertainties have had a significant impact on the development of the natural gas market during the current critical period of carbon neutrality and energy transition. This paper explores the impact of various uncertainties on price volatility in the U.S. natural gas futures market using the GARCH-MIDAS model. We considered eleven types of uncertainties, including four US economic policy uncertainties, four global uncertainty indicators, and oil supply-demand uncertainty closely related to the natural gas market. The in-sample empirical results find that various uncertainties can impact the natural gas market. However, through out-of-sample testing, we find that economic policy uncertainty has more predictive power than other indicators in predicting natural gas price fluctuations. Interestingly, oil supply-demand uncertainty surpasses global indicators and can provide forecasting information for natural gas markets. Therefore, in the current context of high uncertainty, our research may offer better decision-making opinions for market participants.",Uncertainty; Forecast; Natural gas; GARCH-MIDAS,STOCK-MARKET VOLATILITY; POLICY UNCERTAINTY; CRUDE-OIL; SAMPLE; TESTS; MODEL; COMBINATION; ACCURACY; RETURNS; DEMAND,Article,Environmental Studies,Environmental Sciences & Ecology,0301-4207,English,C4WL0,Q2,market_volatility_GarchHar_covid
"Chen, J; Chen, Y; Gu, QE; Zhou, W","Chen, Jin; Chen, Yue; Gu, Qinen; Zhou, Wei",Network evolution underneath the volatility spillover in traditional and clean energy markets,APPLIED ECONOMICS,2023,10.1080/00036846.2023.2166663,"When facing volatility spillovers in energy markets, all players require risk mitigation strategies to insulate themselves from the same. To prevent energy markets from being strongly crashed by volatility spillovers, which even trigger financial crises, in this paper, we use network analysis as an aid to identify spillovers among the main nine energy markets. Specifically, we first measure the volatility spillovers among the main energy markets through a BEKK model. Based on this, influential markets are identified by using network analysis. The coal, wind and water energy markets should be paid close attention as they occupy vital roles in the volatility spillover network. Even though clean energy markets contribute more in terms of market stability, traditional energy markets are still important to ensure energy supply when experiencing extreme crashes caused by COVID-19. In this paper, we make the contributions to analysing volatility spillovers in multiple energy markets and identifying crucial energy markets in volatility spillover networks, then provide more market information that helps the government and policymakers effectively manage systemic risks caused by volatility spillovers. The effective risk management of crucial energy markets enhances economic recovery and stability, especially in the post-COVID-19 era.",Energy market; volatility spillover; crucial market identification; cliques analysis; network evolution,STOCK-MARKET; OIL PRICE; GARCH MODELS; CHINA; TRANSMISSION; FUTURES; RETURN; LEADERS; CARBON; RISK,Article,Economics,Business & Economics,0003-6846,English,U3XU5,Q2,market_volatility_GarchHar_covid
"Chaudhary, R; Bakhshi, P","Chaudhary, Rashmi; Bakhshi, Priti",Impact of COVID-19 on the Stock Market Performance of Global IT Sector,JOURNAL OF ASIAN FINANCE ECONOMICS AND BUSINESS,2022,10.13106/jafeb.2022.vol9.no3.0217,"Predicting return and volatility in the global Capital Market during a pandemic is challenging, and it is more difficult for a specific sector, particularly if that sector has a positive outlook. The goal of this research is to look at the impact of COVID-19 on the mean and volatility of the Information Technology Indexes of the best nine technology-driven countries based on return performance using an econometric GARCH model that is widely used. The daily returns of information technology indexes are evaluated for the same from November 2018 to February 2021. Data is taken from Yahoo Finance for CAC Tech (France), DAX Tech (Germany), FTSE All Tech (UK), KOPSI 200 IT (Korea), NIFTY IT (India), S&P 500 IT (US), S&P TSX (Canada), SSE_IT (China) and TOPIX17 (Japan). The results show daily positive mean returns for 8 countries' IT Indices and further, an uptrend in mean daily returns is observed in the crisis period for 6 countries' IT Indices. The exogenous variable COVID-19 which was taken as a regressor for the GARCH model was found to be positively significant for IT indices of all the countries. The overall results confirm the presence of the mean-reverting phenomenon for IT indices of all the countries.",GARCH; IT; Risk; Return; Volatility,RETURN; RISK; CAPM,Article,Business,Business & Economics,2288-4637,English,ZY9HX,Q2,market_volatility_GarchHar_covid
"Zhang, CG; Shang, HL; Mou, XJ","Zhang, Chuanguo; Shang, Hongli; Mou, Xinjie",Global oil price shocks and China's transportation sector: new evidence from dynamic jumps in oil prices,ENERGY EFFICIENCY,2024,10.1007/s12053-023-10183-9,"Since the outbreak of the COVID-19 pandemic, the global oil market has experienced historic turbulence, and the extreme jump behavior of oil prices deserves relentless attention. This study analyzed how oil price shocks impact China's transportation sector at the aggregate and subsector levels from the perspective of jump behavior in oil prices. We applied the ARMA-EGARCH-ARJI model to characterize the global oil price volatility and verified that it contains asymmetric clustering volatility and dynamic jumps. By using the ARMA-EGARCH-X model, we investigated the impacts of oil price jumps on the transportation sector successively considering the hysteresis and asymmetry. We found that the impacts of oil price changes on China's transportation sector mainly come from unexpected shocks, in which the spillover effect of oil price volatility stems from the jump component rather than the clustering volatility. Hysteresis exists in the risk spillovers of oil price jumps on sector volatility. Furthermore, the sector's responses to the jump shocks exhibit the asymmetric effect, that the inhibitory effect of the downward jumps on the sector returns is stronger than that of the upward jumps. Finally, diversities are displayed in the impacts of oil price jumps on China's five transportation subsectors. This study has practical significance for the transportation sector and provides implications for market participants and policy-makers.",Oil price; Transportation sector; Dynamic jumps; Asymmetric effect,STOCK-MARKET EVIDENCE; COMMODITY-MARKETS; IMPACT; VOLATILITY; FLUCTUATIONS,Article,Green & Sustainable Science & Technology; Energy & Fuels; Environmental Studies,Science & Technology - Other Topics; Energy & Fuels; Environmental Sciences & Ecology,1570-646X,English,EF1Q6,Q2,market_volatility_GarchHar_covid
"Said, A; Ouerfelli, C","Said, Amira; Ouerfelli, Chokri",Downside risk in Dow Jones equity markets: hedging and portfolio management during COVID-19 pandemic and the Russia-Ukraine war,JOURNAL OF RISK FINANCE,2024,10.1108/JRF-07-2023-0157,"PurposeThis paper aims to examine the dynamic conditional correlation (DCC) and hedging ratios between Dow Jones markets and oil, gold and bitcoin. Using daily data, including the COVID-19 pandemic and the Russia-Ukraine war. We employ the DCC-generalized autoregressive conditional heteroskedasticity (GARCH) and asymmetric DCC (ADCC)-GARCH models.Design/methodology/approachDCC-GARCH and ADCC-GARCH models.FindingsThe most of DCCs among market pairs are positive during COVID-19 period, implying the existence of volatility spillovers (Contagion-effects). This implies the lack of additional economic gains of diversification. So, COVID-19 represents a systematic risk that resists diversification. However, during the Russia-Ukraine war the DCCs are negative for most pairs that include Oil and Gold, implying investors may benefit from portfolio-diversification. Our hedging analysis carries significant implications for investors seeking higher returns while hedging their Dow Jones portfolios: keeping their portfolios unhedged is better than hedging them. This is because Islamic stocks have the ability to mitigate risks.Originality/valueOur paper may make a valuable contribution to the existing literature by examining the hedging of financial assets, including both conventional and Islamic assets, during periods of stability and crisis, such as the COVID-19 pandemic and the Russia-Ukraine war.",Hedging; Bitcoin; Dow jones indices; Sukuk; Commodities; Dynamic conditional correlations; COVID-19; Russia-Ukraine war,DYNAMIC CONDITIONAL CORRELATION; STOCK; OIL; PRICES; BONDS; GOLD,Article,"Business, Finance",Business & Economics,1526-5943,English,OQ0F5,Q2,market_volatility_GarchHar_covid
"Almansour, BY; Uddin, MM; Elkrghli, S; Almansour, AY","Almansour, Bashar Yaser; Uddin, Md Mohan; Elkrghli, Sabri; Almansour, Ammar Yaser",The Dynamic Connectedness between Cryptocurrencies and Foreign Exchange Rates: Evidence by TVP-VAR Approach,INDUSTRIAL ENGINEERING AND MANAGEMENT SYSTEMS,2023,10.7232/iems.2023.22.3.349,"We investigate the interconnectedness between major cryptocurrencies and foreign exchange rates. This study employs time-series daily data for the cryptocurrencies and foreign exchange rates closing prices, the data is obtained from investing.com and yahoo finance to cover the period of 10 November 2017 to 18 January 2022. The study adopts the connectedness approach developed by Diebold Yilmaz (2014), using the TVP-VAR model to analyze twelve cryptocurrencies and eight foreign exchange rates. The results reveal a greater degree of connectedness across cryptocurrencies and foreign exchange rates over the whole sample, pre and during the corona pandemic, indicating that the Corona pandemic donates to the increase of volatility spillover across the currency and cryptocurrency markets. The results further show that Ethereum, Bitcoin Cash, Litecoin, Bitcoin, TRON, Cardano and Ripple are the main transmitters of shocks to other cryptocurrencies. Moreover, the EUR/USD, AUD/USD and NZD/USD are the main transmitters of shocks to other foreign exchange rates. The study has significant implications for investors, and portfolio managers. Our results offer evidence to improve financial risk assessment, and portfolio hedging strategies of cryptocurrencies against the uncertainty raised by Covid-19 Pandemic, which our findings may support investors in properly rebalancing their portfolios as the level of uncertainty in the market changes.",Cryptocurrency; Exchange Rates; Volatility; Connectedness,STOCK MARKETS; VOLATILITY; GARCH; SPILLOVERS; ASSETS; MODELS,Article,"Engineering, Industrial",Engineering,1598-7248,English,X4BK0,Q2,market_volatility_GarchHar_covid
"Peiris, R; Wang, C; Gerlach, R; Tran, MN","Peiris, Rangika; Wang, Chao; Gerlach, Richard; Tran, Minh-Ngoc",Semi-parametric financial risk forecasting incorporating multiple realized measures,QUANTITATIVE FINANCE,2024,10.1080/14697688.2024.2431564,"A semi-parametric joint Value-at-Risk (VaR) and Expected Shortfall (ES) forecasting framework employing multiple realized measures is developed. The proposed framework extends the realized exponential GARCH model to be semi-parametrically estimated, via a joint loss function, whilst extending existing quantile time series models to incorporate multiple realized measures. A quasi-likelihood is built, employing the asymmetric Laplace distribution that is directly linked to a joint loss function, which enables Bayesian inference for the proposed model. An adaptive Markov Chain Monte Carlo method is used for the model estimation. The empirical section evaluates the performance of the proposed framework with six stock markets from January 2000 to June 2022, covering the period of COVID-19. Three realized measures, including 5-minute realized variance, bi-power variation, and realized kernel, are incorporated and evaluated in the proposed framework. One-step-ahead 1% and 2.5% VaR and ES forecasting results of the proposed model are compared to a range of parametric and semi-parametric models, lending support to the effectiveness of the proposed framework.",Semi-parametric; Realized measures; Markov chain Monte Carlo; Value-at-risk; Expected shortfall; C14; C32,VOLATILITY; RETURNS,Article,"Business, Finance; Economics; Mathematics, Interdisciplinary Applications; Social Sciences, Mathematical Methods",Business & Economics; Mathematics; Mathematical Methods In Social Sciences,1469-7688,English,U5P9H,Q2,market_volatility_GarchHar_covid
"Wang, L; Wang, X; Liang, C","Wang, Lu; Wang, Xing; Liang, Chao",Natural gas volatility prediction via a novel combination of GARCH-MIDAS and one-class SVM,QUARTERLY REVIEW OF ECONOMICS AND FINANCE,2024,10.1016/j.qref.2024.101927,"Research has focused on whether information spillovers from external influences play a role in clean energy-natural gas volatility forecasts. However, the climate and energy crises caused by the intensification of extreme events, such as recent extreme weather and geopolitical risks, have led the public to turn their attention to research in the field of clean energy. Therefore, this paper uses one-class SVM (support vector machine) techniques to identify extreme volatility in natural gas prices induced by significant occurrences (e.g., wars, financial crises, and COVID-19) and then investigates whether considering extreme volatility in natural gas over different volatile periods (short- and long-term periods) improves volatility forecasting accuracy within the context of a GARCH-MIDAS framework. The in-sample analyses demonstrate that extreme shocks increase natural gas price volatility and that the asymmetric effects are more influential than the short- and long-term extreme volatility effects. The out-of-sample results indicate that the GJR-GARCH-MIDAS-one-class-SVM-SLES model outperforms the other models and achieves the best forecasting performance of the remaining extended models. In addition, robustness tests confirm these findings.",Extreme shocks; GARCH-MIDAS; One-class SVM; Volatility forecasting,STOCK-MARKET VOLATILITY; SUPPORT VECTOR MACHINES; FUTURES VOLATILITY; PRICE VOLATILITY; EXTREME EVENTS; SHORT-TERM; LONG-TERM; FUNDAMENTALS; FORECAST; OIL,Article,Economics,Business & Economics,1062-9769,English,I6C2C,Q2,market_volatility_GarchHar_covid
"Chen, CWS; Lin, EMH; Huang, TFJ","Chen, Cathy W. S.; Lin, Edward M. H.; Huang, Tara F. J.",Bayesian quantile forecasting via the realized hysteretic GARCH model,JOURNAL OF FORECASTING,2022,10.1002/for.2876,"This research introduces a new model, a realized hysteretic GARCH, that is similar to a three-regime nonlinear framework combined with daily returns and realized volatility. The setup allows the mean and volatility switching in a regime to be delayed when the hysteresis variable lies in a hysteresis zone. This nonlinear model presents explosive persistence and high volatility in Regime 1 in order to capture extreme cases. We employ the Bayesian Markov chain Monte Carlo (MCMC) procedure to estimate model parameters and to forecast volatility, value at risk (VaR), and expected shortfall (ES). A simulation study highlights the properties of the proposed MCMC methods, as well as their accuracy and satisfactory performance as quantile forecasting tools. We also consider two competing models, the realized GARCH and the realized threshold GARCH, for comparison and carry out Bayesian risk forecasting via predictive distributions on four stock markets. The out-of-sample period covers the recent 4 years by a rolling window approach and includes the COVID-19 pandemic period. Among the realized models, the realized hysteretic GARCH model outperforms at the 1% level in terms of violation rates and backtests.",expected shortfall; hysteretic GARCH model; Markov chain Monte Carlo method; realized volatility; threshold GARCH model; value at risk,VALUE-AT-RISK; CONDITIONAL HETEROSCEDASTICITY; VOLATILITY MODELS; VARIANCE; POST,Article,Economics; Management,Business & Economics,0277-6693,English,5B3WU,Q2,market_volatility_GarchHar_covid
"Cui, JX; Maghyereh, A","Cui, Jinxin; Maghyereh, Aktham",Higher-order moment risk connectedness and optimal investment strategies between international oil and commodity futures markets: Insights from the COVID-19 pandemic and Russia-Ukraine conflict,INTERNATIONAL REVIEW OF FINANCIAL ANALYSIS,2023,10.1016/j.irfa.2023.102520,"This paper investigates the higher-order moment risk connectedness between West Texas Intermediate (WTI) oil futures, Brent oil futures, Chinese oil futures and commodity futures (agricultural, industrial metals, and precious metals) before and during the COVID-19 pandemic and following the outbreak of the Russia-Ukraine conflict, by combining ex-post moment measures and the novel time-varying parameter (TVP)-vector auto-regression (VAR)based connectedness approach. Further, this paper depicts the dynamic overall and pairwise correlations between oil and commodity futures and constructs the hedging and optimal-weighted portfolio strategies using the DCC-GARCH t-Copula model. This paper also constructs the multivariate oil-commodity portfolio based on the newly proposed minimum connectedness portfolio approach and takes into account the higher-order moment risk connectedness. The empirical results demonstrate that the dynamic linkages between international oil and commodity futures are positive, time-varying, and have been greatly intensified by the outbreak of the 2018 China-US trade war, the 2020 COVID-19 pandemic, and the 2022 Russia-Ukraine conflict. The risk connectedness results are moment-dependent. The averaged total skewness and kurtosis spillovers are lower than the return and volatility connectedness. Brent (WTI) oil is the largest net transmitter of the return and volatility (skewness and kurtosis) risk spillovers. The dynamic total, net, and net-pairwise spillovers are all time-varying and highly reactive to major crises, especially the COVID-19 pandemic and the Russia-Ukraine conflict. Furthermore, the optimal-weighted portfolio shows a higher risk reduction than the hedging strategy. Finally, the minimum skewness connectedness portfolio shows relatively higher hedging effectiveness, while the minimum kurtosis connectedness portfolio offers the highest cumulative returns.",Higher -order moment risk connectedness; Oil and commodity futures; Hedge ratio; Portfolio weights; Minimum connectedness portfolio,CRUDE-OIL; PRECIOUS METALS; CONDITIONAL SKEWNESS; STOCK MARKETS; CO-MOVEMENT; SPILLOVERS; ENERGY; VOLATILITY; TIME; LINKAGES,Article,"Business, Finance",Business & Economics,1057-5219,English,8H7PA,Q2,market_volatility_GarchHar_covid
"Mishra, AK; Renganathan, J; Gupta, A","Mishra, Aswini Kumar; Renganathan, Jayashree; Gupta, Aaryaman",Volatility forecasting and assessing risk of financial markets using multi-transformer neural network based architecture,ENGINEERING APPLICATIONS OF ARTIFICIAL INTELLIGENCE,2024,10.1016/j.engappai.2024.108223,"This research introduces a more reliable model for predicting market volatility. The model incorporates Transformer and Multi-transformer layers with the GARCH and LSTM models and compares their performance to classic GARCH-type models. Euro-US Dollar FX Spot Rate (EURO-USD), Australian-US Dollar FX Spot Rate (AUDUSD), S&P 500 Index, FTSE 100 Index, Reliance Industries Ltd., and Samsung Electronics Co Ltd. are analyzed. The timeframe examined is January 2005 to December 2021, with training from 2005 to 2016 and testing from 2017 to 2021. Empirical evidence suggests that hybrid Neural-network models, notably Transformer-based models, outperform individual transformers, deep learning, neural networks, and traditional GARCH-type models, even in unpredictable conditions like the COVID-19 pandemic. Within the hybrid Neural-network models, MT-GARCH and MTL-GARCH showed lower validation error (RMSE) than the other models, showing that the bagging mechanism added to the attention mechanism of the Multi-Transformer architecture helped to lower the error in the variance in the noisy data of the daily returns of the assets, reducing the RMSE of the hybrid multi-Transformer models. In addition, three to four of the five hybrid neural-network models showed appropriate risk estimates for the entire test period, as observed from the Christoffersen test. Moreover, the lengthy sample period helps test whether hybrid models perform better than classic GARCH-type models in volatile conditions like the COVID-19 pandemic.",Transformers; Deep learning; Neural networks; Forecasting; Market risk; Hybrid model,INDEX,Article,"Automation & Control Systems; Computer Science, Artificial Intelligence; Engineering, Multidisciplinary; Engineering, Electrical & Electronic",Automation & Control Systems; Computer Science; Engineering,0952-1976,English,QF1A7,Q2,market_volatility_GarchHar_covid
"Guo, XZ; Huang, YS; Liang, C; Umar, M","Guo, Xiaozhu; Huang, Yisu; Liang, Chao; Umar, Muhammad",Forecasting volatility of EUA futures: New evidence,ENERGY ECONOMICS,2022,10.1016/j.eneco.2022.106021,"In this paper, we judge the predictability of EUA's own short- and long-term asymmetry, extreme observations, as well as jump components on its volatility by comparing the GARCH mixed frequency data sampling model and its asymmetry, extreme observation and jump extensions. The in-sample estimation results show that both long- and short-term asymmetries, extreme observations, and jump information have substantial effect on the EUA volatility. The out-of-sample forecast assessment results further illustrate the predictability of these volatility components on EUA volatility. Specially, among all asymmetric extension models, the model extended by both shortterm asymmetry, long-term asymmetry and long-term leverage has better predictive performance. Among all extreme observation extension models, the model extended by only short-term extreme observations has better predictive performance. Among all jump extension models, the model extended by only the short-term jump information and the model extended by both the short-term and long-term jump information perform better, and their forecasting performance outperform all the other extension models in most cases. These findings are robust even if the assessment method, the rolling window length and the lag order are changed. It is worth mentioning that the advantage of these extension models in predicting EUA volatility is mainly seen in periods of low volatility. However, even during periods of COVID-19 pandemic, the predictive performance of the two wellperforming jump extension models cannot be underestimated.",EUA futures; Volatility forecast; Asymmetry; Extreme event; Jump,OIL PRICE VOLATILITY; STOCK-MARKET VOLATILITY; REALIZED VOLATILITY; CARBON EMISSIONS; GARCH MODEL; EVENTS; TESTS; RISK,Article,Economics,Business & Economics,0140-9883,English,2P6GS,Q2,market_volatility_GarchHar_covid
"Batten, JA; Choudhury, T; Kinateder, H; Wagner, NF","Batten, Jonathan A.; Choudhury, Tonmoy; Kinateder, Harald; Wagner, Niklas F.",Volatility impacts on the European banking sector: GFC and COVID-19,ANNALS OF OPERATIONS RESEARCH,2023,10.1007/s10479-022-04523-8,"This paper analyses the volatility transmission between European Global Systematically Important Banks (GSIBs) and implied stock market volatility. A Dynamic Conditional Correlation Generalized Autoregressive Conditional Heteroskedasticity model is applied to determine the dynamic correlation between returns of Europe's GSIBs and the world's most prominent measure of market fear, the CBOE Volatility Index (VIX). The results identify a higher negative co-relationship between the VIX and GSIB returns during the COVID-19 period compared with the Global Financial Crisis (GFC), with one-day lagged changes in the VIX negatively Granger-causing bank returns. The asymmetric impact of changes in implied volatility is examined by quantile regressions, with the findings showing that in the lower quartile-where extreme negative bank returns are present-jumps in the VIX are highly significant. This effect is more pronounced during COVID-19 than during the GFC. Additional robustness analysis shows that these findings are consistent during the periods of the Swine Flu and Zika virus epidemics.",COVID-19; Zika virus; GFC; DCC-GARCH; Europe; Global systematically important banks; Implied volatility,SYSTEMIC RISK; SPILLOVER; OIL; INFORMATION; LIQUIDITY; CONTAGION; RETURNS; STRESS; MARKET,Article,Operations Research & Management Science,Operations Research & Management Science,0254-5330,English,GU8A6,Q2,market_volatility_GarchHar_covid
"Likitratcharoen, D; Suwannamalik, L","Likitratcharoen, Danai; Suwannamalik, Lucksuda",Assessing Financial Stability in Turbulent Times: A Study of Generalized Autoregressive Conditional Heteroskedasticity-Type Value-at-Risk Model Performance in Thailand's Transportation Sector during COVID-19,RISKS,2024,10.3390/risks12030051,"The Value-at-Risk (VaR) metric serves as a pivotal tool for quantifying market risk, offering an estimation of potential investment losses. Predominantly employed within financial sectors, it aids in adhering to regulatory mandates and in devising capital reserve strategies. Nonetheless, the predictive precision of VaR models frequently faces scrutiny, particularly during crises and heightened uncertainty phases. Phenomena like volatility clustering impinge on the accuracy of these models. To mitigate such constraints, conditional volatility models are integrated to augment the robustness and adaptability of VaR approaches. This study critically evaluates the efficacy of GARCH-type VaR models within the transportation sector amidst the Thai stock market's volatility during the COVID-19 pandemic. The dataset encompasses daily price fluctuations in the Transportation Sector index (TRANS), the Service Industry index (SERVICE), and 17 pertinent stocks within the Stock Exchange of Thailand, spanning from 28 December 2018 to 28 December 2023, thereby encapsulating the pandemic era. The employed GARCH-type VaR models include GARCH (1,1) VaR, ARMA (1,1)-GARCH (1,1) VaR, GARCH (1,1)-M VaR, IGARCH (1,1) VaR, EWMA VaR, and csGARCH (1,1) VaR. These are juxtaposed with more traditional, less computationally intensive models like the Historical Simulation VaR and Delta Normal VaR. The backtesting methodologies encompass Kupiec's POF test, the Independence Test, and Christoffersen's Interval Forecast test. Intriguingly, the findings reveal that the Historical Simulation VaR model surpasses GARCH-type VaR models in failure rate accuracy. Within the GARCH-type category, the EWMA VaR model exhibited superior failure rate accuracy. The csGARCH (1,1) VaR and EWMA VaR models emerged as notably robust. These findings bear significant implications for managerial decision-making in financial risk management.",VaR Model; risk measures; value at risk; COVID-19; GARCH; transportation; Thailand; backtesting,EMERGING MARKETS; RETURNS; CRISIS; IMPACT,Article,"Business, Finance",Business & Economics,,English,MI4Z0,Q2,market_volatility_GarchHar_covid
"Morina, F; Misiri, V; Dinaj, S; Grima, S","Morina, Fisnik; Misiri, Valdrin; Dinaj, Saimir; Grima, Simon",THE IMPACT OF THE COVID-19 PANDEMIC AND THE RUSSIAN INVASION OF UKRAINE ON GOLD MARKETS,BUSINESS MANAGEMENT AND ECONOMICS ENGINEERING,2024,10.3846/bmee.2024.19799,"Purpose - The study examines global Gold market performance and correlations between COVID-19, the Russian invasion, inflation, investors' fear, asymmetric shocks, and the VIX (volatility index) impact on volatility. Research Methodology - This research uses an econometric approach to analyse the impact of COVID-19 and the Russian invasion on Gold market performance - specifically the ARCH (Autoregressive Conditional Heteroskedasticity) - GARCH (Generalized Autoregressive Conditional Heteroskedasticity) Model and the Threshold -Asymmetric ARCH Model. Findings - The study reveals that the COVID-19 pandemic and the Russian invasion of Ukraine have significantly impacted Gold market dynamics. Inflation significantly impacts volatility, emphasising the need for monitoring inflation rates. Investor fear increases demand during uncertainty periods, while negative shocks have a higher asymmetric effect. The VIX positively affects Gold market volatility, suggesting a perceived safe -haven status during increased volatility. Research Limitations - Gaps in the data related to COVID-19 cases, geopolitical events, and Gold market performance could potentially introduce inaccuracies, biases or limitations to the analysis. Practical Implications - The study's findings have practical implications for investors, analysts, and policymakers involved in the financial investment of Gold markets. Originality/Value - This study provides new insights into the relationships between inflation, investor fear, asymmetric shocks, and the impact of the VIX on Gold market dynamics during economic and geopolitical uncertainty.",Gold markets; COVID-19; Russian invasion; inflation; investor fear; volatility,VOLATILITY SPILLOVERS; STOCK MARKETS; CRUDE-OIL; RETURNS,Article,Business; Economics; Management,Business & Economics,2669-2481,English,KO8P9,Q2,market_volatility_GarchHar_covid
"Zhang, YY; Chang, HL; Saliba, C; Hasnaoui, A","Zhang, Yanyan; Chang, Hsuling; Saliba, Chafic; Hasnaoui, Amir","Metallic natural resources commodity prices volatility in the pandemic: Evidence for silver, platinum, and palladium",RESOURCES POLICY,2022,10.1016/j.resourpol.2022.102924,"The current study investigates volatility in natural resource commodity prices in the case of the US. Particularly, this study focused on the rarely explained indicators of natural resources, including palladium, platinum, and silver price volatility, from February 28, 2012, to March 18, 2020. Since the Covid-19 pandemic creates havoc in the global economic system, that creates uncertainty in the natural resources market. Therefore, the period of the Covid-19 pandemic is also considered in the empirical investigation. This study uses the traditional autore-gressive conditional heteroscedasticity (ARCH) approach, which reveals that the ARCH effect is valid in the mentioned variables in both the pre and post Covid-19 pandemic periods. Besides, this study also employed the threshold generalized autoregressive conditional heteroscedasticity (TGARCH) and exponential generalized autoregressive conditional heteroscedasticity (EGARCH) models to analyze shock asymmetry. The estimated outcomes asserted that platinum and silver prices are more sensitive to negative shocks such as the Covid-19 pandemic. However, positive shocks play a more influential role in palladium price volatility. Thus, the shock asymmetry is valid for all three metallic resources. Based on the empirical findings, this study suggests imple-menting price ceiling policies. Besides, metallic resources hedging and the imposition of strong regulations in the financial market could help reduce volatility in natural resources.",Natural resources; Metallic resources; Silver; Platinum; Palladium,RENEWABLE ENERGY; IMPACT; BEHAVIOR,Article,Environmental Studies,Environmental Sciences & Ecology,0301-4207,English,4X9HA,Q2,market_volatility_GarchHar_covid
"Naeem, MA; Karim, S; Tiwari, AK","Naeem, Muhammad Abubakr; Karim, Sitara; Tiwari, Aviral Kumar",Risk Connectedness Between Green and Conventional Assets with Portfolio Implications,COMPUTATIONAL ECONOMICS,2023,10.1007/s10614-022-10296-w,"The increasing concerns of investors toward green bonds and their appealing nature of diversification has motivated the current research to study the risk connectedness between green and conventional assets spanning from August 2014 to December 2020. We first estimate the dynamic equi-correlations through DECO-GARCH. Next, we assess the dynamic and static risk connectedness in the median, extreme low, and extreme high quantiles arguing that spillovers vary across different time periods particularly during economically intense time periods. Finally, we analyzed the hedge ratio and hedge effectiveness between green bonds and other assets. We find that equi-correlations are intense during economic shocks such as the Shale oil crisis, Brexit, US interest rate hike, and COVID-19 pandemic. The volatility analysis at average, lower, and upper quantiles also validate time-varying attributes of green and conventional assets. Further, network figures of green and conventional assets identify potential diversification opportunities. Meanwhile, the hedge effectiveness indicates that green bonds are effective hedge for precious metals and cryptocurrencies. Our findings draw multiple implications for policymakers, green investors, financial market participants, and regulatory authorities regarding flight-to-safety during crisis times and maintaining a diverse portfolio to escape potential losses.",Green assets; Conventional assets; DECO-GARCH; Risk connectedness,IMPULSE-RESPONSE ANALYSIS; CRYPTOCURRENCIES; NETWORK,Article,"Economics; Management; Mathematics, Interdisciplinary Applications",Business & Economics; Mathematics,0927-7099,English,S1IR7,Q2,market_volatility_GarchHar_covid
"Subburayan, B","Subburayan, Baranidharan",Causality and volatility spillovers of banks' stock price returns on BSE Bankex returns,JOURNAL OF CORPORATE ACCOUNTING AND FINANCE,2024,10.1002/jcaf.22648,"This paper investigates the causal relationships and volatility spillovers between the BSE Bankex index and the stock prices of five major Indian banks (Axis Bank, HDFC Bank, ICICI Bank, Kotak Bank, and SBI). Daily data from January 2, 2018 to March 8, 2023 are used, and statistical techniques such as descriptive statistics, Unit Root test, Cointegration test, Ganger Causality test, OLS regression, and GARCH model are employed. The study finds bidirectional causal relationships between the bank stocks and BSE Bankex returns, suggesting that the movement of the bank stocks significantly affects the overall market returns and vice versa. The study also finds significant volatility spillovers between the bank stocks and BSE Bankex returns, implying that the shocks in the bank stocks affect the market returns and vice versa. The study's outcomes have practical implications for investors and policymakers. Investors can use the results to make informed investment decisions in the Indian stock market, while policymakers can use the findings to monitor the financial stability of the banking sector and design appropriate policy interventions to address any potential financial crises. Overall, the study's findings suggest that policymakers should proactively monitor and manage market risks to safeguard overall financial stability.",bank stocks; BSE Bankex; causality; GARCH; volatility spillover,FINANCIAL CRISIS; BEHAVIOR; EFFICIENCY; COVID-19; INDEXES,Article,"Business, Finance",Business & Economics,1044-8136,English,EJ4E3,Q2,market_volatility_GarchHar_covid
"Luan, YP; Ye, SL; Li, YM; Jia, L; Yue, XG","Luan, Yunpeng; Ye, Shili; Li, Yanmei; Jia, Lu; Yue, Xiao-Guang",Revisiting natural resources volatility via TGARCH and EGARCH,RESOURCES POLICY,2022,10.1016/j.resourpol.2022.102896,"The natural resources commodity price volatility is one of the leading discussion issues, particularly in global issues. For instance, the global financial crisis and the Covid-19 pandemic have created uncertainties in global economic and financial markets. During the said events, the global economy disrupts the demand and supply chain of raw materials, natural resources, and energy across the globe, which is among the leading issues of price volatility in natural resources. Therefore, it is important to evaluate the volatility of natural resources, especially during these two periods. The current study, unlike previous studies, evaluates the volatility in crude oil prices while using the extended period from 2007 to 11-01 to 2020-11-16 from a global perspective. The empirical analyses are examined using exponential generalized autoregressive conditional heteroscedasticity and the threshold generalized autoregressive conditional heteroscedasticity methods. The estimated results of both approaches indicate the existence of volatility in natural resource commodity prices. Yet, the global financial crisis and Covid-19 pandemic periods exhibit higher volatilities than the rest of the overall period. Comparatively, natural resources commodity price volatility in the Covid-19 pandemic surpasses the volatility than that of the global financial crisis. This study provides relevant policy implications regarding global volatility management based on the empirical results. The study further provides guidelines for future research on the same area and limitations indorded in this study.",Oil prices; COVID-19; Global data; Natural resources; EGARCH; TGARCH,OIL PRICES; COUNTRIES; GROWTH,Article,Environmental Studies,Environmental Sciences & Ecology,0301-4207,English,3X6GJ,Q2,market_volatility_GarchHar_covid
"De Blasis, R; Petroni, F","De Blasis, Riccardo; Petroni, Filippo",Price Leadership and Volatility Linkages between Oil and Renewable Energy Firms during the COVID-19 Pandemic,ENERGIES,2021,10.3390/en14092608,"The COVID-19 pandemic is having a strong influence in all areas of society, like wealth, economy, travel, lifestyle habits, and, amongst many others, financial and energy markets. The influence in standard energies, like crude oil, and renewable energies markets has been twofold: from one side, the predictability of volatility has strongly decreased; secondly, the linkages of the price time series have been modified. In this paper, by using DCC-GARCH and Price Leadership Share methodology, we can investigate the changes in the influences between standard energies and renewable energies markets by analyzing one-minute time series of West Texas Intermediate crude oil futures contract (WTI), the Brent crude oil futures contract (BRENT), the STOXX Europe 600 oil & gas index (SXEV), and the European renewable energy index (ERIX). Our results confirm volatility spillover between the time series. However, when assessing the accuracy of the predictability of the DCC-GARCH model, the results show that the model fails its prediction in the period of higher instability. Besides, we found that price leadership has been strongly influenced by the virus spreading stages. These results have been obtained by dividing the period between September 2019 and January 2021 into 6 subperiods according to the pandemic stages.",COVID-19; crude oil; European renewable energy; DCC-GARCH; price leadership share,STOCK-MARKET VOLATILITY; EXCHANGE-RATES; INFORMATION,Article,Energy & Fuels,Energy & Fuels,,English,SB7EB,Q2,market_volatility_GarchHar_covid
"Ghouse, G; Aslam, A; Bhatti, MI","Ghouse, Ghulam; Aslam, Aribah; Bhatti, Muhammad Ishaq",Role of Islamic Banking during COVID-19 on Political and Financial Events: Application of Impulse Indicator Saturation,SUSTAINABILITY,2021,10.3390/su132111619,"This paper attempts to detect the unavoidable impacts of COVID-19 on geopolitical and financial events related to Islamic banking and the finance sector in Pakistan. It considers only those major events that triggered imbalances in the equity prices of selected Islamic banks. Employed here is the GARCH model, used to predict the volatility series using daily data from January 2007 to July 2020. The Impulse Indicator Saturation (IIS) helps to identify the structural breaks due to COVID-19, as well as the effects of political and financial events on the returns and volatility series of Islamic banks. The results indicate that all the events due to COVID-19 are significant. While 19 out of 21 political and financial events impacted the returns and volatility series, there were only 2 political events out of 18 that showed no significant effect on the returns and the volatility series. The state's and Islamic banks' policymakers can use these results to build an effective and sustainable financial policy regarding Islamic finance and the banking sector.",COVID-19; Pakistan; PSX; KSE 100; Islamic banking and finance; volatility; GARCH and IIS procedure,STOCK-MARKET CONTAGION; EMPIRICAL-EVIDENCE; RISK; INVESTMENT; CRISIS; CORRUPTION; UNCERTAINTY; IMPACT; POLICY; COST,Article,Green & Sustainable Science & Technology; Environmental Sciences; Environmental Studies,Science & Technology - Other Topics; Environmental Sciences & Ecology,,English,WY7TD,Q2,market_volatility_GarchHar_covid
"Madhavan, S; Sreejith, S","Madhavan, Sruthy; Sreejith, S.",A Comparative Analysis on the Role and Market Linkages of Gold Backed Assets During COVID-19 Pandemic,SCIENTIFIC ANNALS OF ECONOMICS AND BUSINESS,2022,10.47743/saeb-2022-0019,"Gold is a traditional favorite investment avenue for investors all over the globe, particularly during the crisis period. Irrespective of the nature of the crisis, investors are allocating their funds to different gold -backed assets. This paper uses various globally traded gold-backed assets to identify its role and market linkages during the Covid 19 pandemic. Daily prices of assets from March 2020 to January 2022 were employed. DCC GARCH model is used to ascertain time-varying correlations and quantile regression was employed to examine the relationship between assets in different quantiles. Based on the analysis, safe haven property of all the assets is revealed and it is associated with the severity of the stock market crash as specified by the quantiles. Moreover, double exposure of gold mining stock results in different flights to quality. Co-movement of gold bullion, gold futures, and gold volatility index is visible during this crisis. Gold Exchange Traded Funds and gold-backed cryptocurrency offer diversification by decoupling with gold bullion in the portfolio. The paper highlights the importance of the choice of gold -backed assets along with gold bullion in the investment portfolio based on its role and market linkages.",gold bullion; safe haven; DCC GARCH; quantile regression; Covid 19,SAFE HAVEN; MINING STOCKS; VOLATILITY; BITCOIN; INDEXES; HEDGE,Article,Economics,Business & Economics,2501-1960,English,5O3RF,Q2,market_volatility_GarchHar_covid
"Almansour, BY","Almansour, Bashar Yaser",The Volatility of Dow Jones Conventional and Islamic Indices: Does Covid-19 Pandemic Matter?,INDUSTRIAL ENGINEERING AND MANAGEMENT SYSTEMS,2021,10.7232/iems.2021.20.4.795,"The pandemic of Covid-19 has affected the equity market to become highly volatile. This study aims to investigate the Autoregressive Conditional Heteroskedasticity (ARCH) family models in forecasting the Dow Jones conventional and Islamic indices, and to examine the impact of the Covid-19 pandemic on both the Dow Jones conventional and Islamic indices. This study employs a time series of daily data over the period 2013 to 2021. The results show that the GARCH, TGARCH and EGARCH were the best models in predicting the Dow Jones indices. However, when the data is divided into sub-period, it is found that only TGARCH is the best model in forecasting Dow Jones indices. Interestingly, the findings show that bad and good news can significantly affect the conditional volatility of all Dow Jones conventional and Islamic indices returns. The findings of this study conclude that securities regulation department in the United States of America had captured the influence of corona pandemic. This is mainly because of the strong relationship between the fluctuation of the stock prices and the pandemic itself. Accordingly, the international investors should pay attention to prediction models which offers to utilize these results to adjust their investment counter position for the future volatility and employ hedging strategies during the corona pandemic.",Conventional index; Islamic index; GARCH; Volatility; Covid-19,MARKET,Article,"Engineering, Industrial",Engineering,1598-7248,English,YN6CM,Q2,market_volatility_GarchHar_covid
"Liu, RY; He, LY; Xia, YF; Fu, YT; Chen, L","Liu, Rongyan; He, Lingyun; Xia, Yufei; Fu, Yating; Chen, Ling",Research on the time-varying effects among green finance markets in China: A fresh evidence from multi-frequency scale perspective,NORTH AMERICAN JOURNAL OF ECONOMICS AND FINANCE,2023,10.1016/j.najef.2023.101914,"Green finance is an essential instrument for achieving sustainable development. Objectively addressing correlations among different green finance markets is conducive to the risk manage-ment of investors and regulators. This paper presents evidence on the time-varying correlation effects and causality among the green bond market, green stock market, carbon market, and clean energy market in China at multi-frequency scales by combining the methods of Ensemble Empirical Mode Decomposition Method (EEMD), Dynamic Conditional Correlation (DCC) GARCH model, Time-Varying Parameter Vector Autoregression with Stochastic Volatility Model (TVP-VAR-SV), and Time-varying Causality Test. In general, the significant negative time-varying correlations among most green finance markets indicate a prominent benefit of risk hedging and portfolio diversification among green financial assets. In specific, for different time points and lag periods, the green finance market shock has obvious time-varying, positive and negative alternating effects in the short-term scales, while its time delay and persistence are more pro-nounced in the medium-term and long-term scales. Interestingly, a positive event shock will generate positive connectivity among most green finance markets, whereas a negative event including the China/U.S. trade friction and the COVID-19 pandemic may exacerbate the reverse linkage among green finance markets. Furthermore, the unidirectional causality of green bond market -carbon market -green stock and clean energy markets was established during 2018-2019.",Green finance markets; Multi-frequency scales; Linkage effects; Time-varying causality,CRUDE-OIL,Article,"Business, Finance; Economics",Business & Economics,1062-9408,English,E5AT1,Q2,market_volatility_GarchHar_covid
"Wang, L; Wang, YT; Zhao, ZY; Shang, L; Wang, XL","Wang, Lu; Wang, Yuting; Zhao, Ziying; Shang, Lin; Wang, Xiaoli","The Dynamic Association of Economic Policy Uncertainty, Short-Term Cross-Border Capital Flows and Systemic Financial Risk",ECONOMICS-THE OPEN ACCESS OPEN-ASSESSMENT E-JOURNAL,2026,10.1515/econ-2025-0181,"The global economic landscape has become increasingly volatile, as rising economic policy uncertainty (EPU) and frequent abnormal fluctuations in short-term cross-border capital flows (SCF) can easily trigger systemic financial risks (SFR). Clarifying the dynamic relationships among these three factors is therefore crucial for maintaining China's financial stability and improving the effectiveness of policy implementation. Using monthly data on China's financial institutions from 2000 to 2023, this study measures SFR using the DCC-GARCH-Delta CoVaR model and employs a time-varying parameter stochastic volatility vector autoregression (TVP-SV-VAR) model to analyze the dynamic linkages among EPU, SCF, and SFR. The results show that China's SFR has generally declined, reflecting improved financial resilience; EPU consistently promotes SCF, while its impact on SFR varies significantly across different lag periods. Moreover, the medium- and long-term effects of SCF on SFR have intensified, with notable heterogeneity in shock intensity across different periods. Further analysis reveals that SCF helped mitigate SFR during the stock market crash period but significantly amplified it during the pandemic period. This study uncovers the time-varying characteristics of the EPU-SCF-SFR nexus and offers practical insights for emerging economies in seeking to balance capital flows and financial stability amid heightened policy uncertainty.",economic policy uncertainty; systemic financial risk; short-term cross-border capital flows; dynamic association; TVP-SV-VAR,,Article,Economics,Business & Economics,1864-6042,English,CU1PX,Q2,market_volatility_GarchHar_covid
"Alalmai, S","Alalmai, Somaiyah",Forecasting stock market volatility using GARCH models: A comparative study of the U.S. and Saudi markets,ECONOMICS AND FINANCE LETTERS,2026,10.18488/29.v13i1.4816,"The paper analyzes the volatility trends of the Saudi Arabian Tadawul All Share Index (TASI) and the S&P 500 index, focusing on the COVID-19 pandemic as a key market shock. The analysis incorporates daily stock return data covering the period from January 2015 to May 2025. The volatility of emerging and developed markets is examined through EGARCH and GARCH approaches to study characteristics such as volatility clustering and asymmetry. The effect of the pandemic is directly embedded by introducing COVID-19 dummy variables into the models. Empirical findings suggest that both indices are characterized by volatility clustering, and the EGARCH model is more appropriate than the GARCH model for estimating asymmetric volatility, particularly during crisis periods. Additionally, the COVID-19 dummy variable is statistically significant in the EGARCH model, as opposed to the GARCH model. The results support the leverage effect, indicating that negative shocks have a more significant impact on market volatility than positive ones. The S&P 500 showed a faster recovery after the COVID-19 crisis, whereas TASI was slower in mean reversion, indicating structural and behavioral divergence between the markets. This comparative study contributes to the literature by providing a clear picture of volatility dynamics in diverse financial contexts and highlighting the superiority of EGARCH models during crisis periods. The findings offer guidance to policymakers aiming to improve market stability and to investors seeking diversification into both developing and mature markets.",COVID-19; EGARCH; GARCH; S&P 500; Tadawul all share index; Volatility forecasting,RETURNS; IMPACT; GCC,Article,"Business, Finance; Economics",Business & Economics,2312-6310,English,EJ1AT,Q2,market_volatility_GarchHar_covid
"Tiwari, S; Mohammed, KS","Tiwari, Sunil; Mohammed, Kamel Si",Fusion of Fintech and Green Finance Amidst Russo-Ukrainian Conflict: A Step Toward Sustainable Development,SUSTAINABLE DEVELOPMENT,2025,10.1002/sd.3502,"Green technology innovations such as fintech and green finance have emerged as comprehensive drivers to deal with environmental issues and foster sustainable development even during unforeseeable events. In this regard, this study explores the dynamics of Shanghai crude oil futures, Chinese Renminbi, Shanghai SE Composite Index, Hang Seng TECH Index, geopolitical risks, and carbon markets from March 26, 2018, to July 3, 2023. It accounts for major economic disruptions, such as the COVID-19 pandemic and the conflict between Russia and Ukraine, illustrating how these sectors have enabled more effective monitoring and analysis of complex financial ecosystems. Findings reveal a high level of interconnectedness, particularly during the Russia-Ukraine conflict, utilizing the Vector Autoregression (VAR) method for assessing market linkages toward sustainable development. Further analysis through wavelet coherence and DCC GARCH models underscores the effectiveness of crude oil futures as a hedging instrument with substantial resilience to market shocks. These insights imply crucial implications for green finance and fintech regulators, suggesting the need for strict monitoring of cross-market risks and advising against the use of crude oil futures by Chinese stock investors as a hedging tool.",carbon neutrality; Fintech; green economy; green finance; sustainable development,MODELING SYSTEMIC RISK; OIL PRICE SHOCKS; CRUDE-OIL; STOCK-MARKET; VOLATILITY SPILLOVERS; DEPENDENCE STRUCTURE; QUANTILE COHERENCY; RENEWABLE ENERGY; EXCHANGE-RATES; DECOMPOSITION,Article,Development Studies; Green & Sustainable Science & Technology; Regional & Urban Planning,Development Studies; Science & Technology - Other Topics; Public Administration,0968-0802,English,8PF2Z,Q2,market_volatility_GarchHar_covid
"Bentes, SR","Bentes, Sonia R.",On the stylized facts of precious metals' volatility: A comparative analysis of pre- and during COVID-19 crisis,PHYSICA A-STATISTICAL MECHANICS AND ITS APPLICATIONS,2022,10.1016/j.physa.2022.127528,"The main aim of this paper is to investigate the stylized facts associated with the volatility of precious metals before and during the COVID-19 pandemic using GARCH-type models. In particular, we employ an ARMA-GARCH, ARMA-EGARCH and ARMA-FIGARCH framework to account for volatility clustering, asymmetry and long memory in the volatility of gold, silver, platinum and palladium. Based on structural breaks, we divide the whole sample into sub-samples and find that the breakpoints occurred after the declaration of COVID-19 pandemic. Our results show a very distinct behaviour in the memory of the four metals before and during the crisis. While there is a moderate persistence in the full sample and in the pre-COVID-19 sub-period for the four metals, this effect vanishes after the crisis outburst. Positive asymmetric effects are also found in gold and silver volatilities, which intensify during COVID-19 phase. We ascribe this phenomenon to the hedge/safe-haven properties of these metals. By contrast, a diverse pattern is observed in the palladium and platinum volatilities, which display negative asymmetries before the pandemic, in tandem of financial markets. After the crisis, these metals show mixed evidence. Moreover, we argue that COVID-19 significantly affects the volatility of precious metals. (C) 2022 Elsevier B.V. All rights reserved.",COVID-19; Precious metals; Commodity markets; Volatility; GARCH models,LONG MEMORY; TIME-SERIES; ASYMMETRIC VOLATILITY; STOCK; RETURN; PERSISTENCE; FUTURES,Article,"Physics, Multidisciplinary",Physics,0378-4371,English,3B8JT,Q2,market_volatility_GarchHar_covid
"Yousfi, M; Bouzgarrou, H","Yousfi, Mohamed; Bouzgarrou, Houssam","Geopolitical risk, economic policy uncertainty, and dynamic connectedness between clean energy, conventional energy, and food markets",ENVIRONMENTAL SCIENCE AND POLLUTION RESEARCH,2024,10.1007/s11356-023-31379-7,"The global financial markets suffered unprecedented shocks, leading to significantly increased uncertainty in the markets due to various economic and financial recessions and geopolitical tensions, resulting in substantial fluctuations in market prices. Therefore, this paper aims to identify the response of the clean energy, conventional energy, and food markets to economic uncertainty and political tension while considering the influence of numerous crises and political conflicts. To achieve this, we employ the DCC-GARCH-based connectedness approach and the quantile-on-quantile model on monthly data spanning from May 2008 to June 2023. The results provide evidence of the sensitivity of dynamic volatility spillovers between financial assets to GEPU and GPR during major economic and financial crises and geopolitical events. Notably, this sensitivity increases significantly during the global financial crisis (GFC), the European debt crisis, Brexit, the US presidential election, the COVID-19 pandemic, and the Russian-Ukrainian war. However, the investigation of the tail dependence structure reveals that the relationship between uncertainties and total volatility connectedness across various market conditions appears to be asymmetric and heterogeneous. Our findings assist policymakers and green investors in designing the most effective policies to mitigate the impact of uncertainties on both conventional and green investments. This is achieved through insightful knowledge about the primary drivers of contagion among these indices, all while not compromising sustainability goals.",EPU; GPR; Financial assets; Volatility connectedness; Tail dependence,VOLATILITY; RETURNS; QUANTILE,Article,Environmental Sciences,Environmental Sciences & Ecology,0944-1344,English,FF1T7,Q2,market_volatility_GarchHar_covid
"Ha, L; Nham, NTH","Ha, Le Thanh; Nham, Nguyen Thi Hong","An application of a TVP-VAR extended joint connected approach to explore connectedness between WTI crude oil, gold, stock and cryptocurrencies during the COVID-19 health crisis",TECHNOLOGICAL FORECASTING AND SOCIAL CHANGE,2022,10.1016/j.techfore.2022.121909,"We employ a time-varying parameter vector autoregression (TVP-VAR) in combination with an extended joint connectedness approach to study interlinkages between four markets, namely the crude oil, gold, stock, and cryptocurrency markets, by characterizing the connectedness of these four markets, from January 1, 2018, to August 1, 2021. Our results demonstrate that health shocks appear to influence the system-wide dynamic connectedness, which reaches a peak during the COVID-19 pandemic. Net total directional connectedness sug-gests that the gold and stock markets consistently appear to be net receivers of spillover shocks. Crude oil appears to be a critical net transmitter of shocks for almost the whole pre-COVID-19 pandemic period, but it turns into an important net receiver during the COVID-19 pandemic. The cryptocurrency market acts as the time-varying net receiver and net transmitter of our network, and it has the most inconsiderable role within our studied network. Pairwise connectedness reveals that crude oil and stock are mostly receiving spillover effects from all the other markets, while gold could be either a net transmitter or a net receiver, depending on the types of market considered. Cryptocurrency is a volatile market, and its role varies constantly over time.",Gold price; Covid-19 pandemic; Cryptocurrency; oil prices; Dynamic connectedness; Joint connectedness,VOLATILITY SPILLOVER; EFFICIENT TESTS; SAFE HAVEN; BITCOIN; HEDGE; NETWORK; MARKETS; RETURN; GARCH,Article,Business; Regional & Urban Planning,Business & Economics; Public Administration,0040-1625,English,3Q3PX,Q2,market_volatility_GarchHar_covid
"Zhao, X; Shu, X; Zong, XL; Gatto, A; Lee, H","Zhao, Xin; Shu, Xin; Zong, Xiaolei; Gatto, Andrea; Lee, Hyoungsuk",The dynamic impact of oil price volatility on China's green bond market: An empirical analysis during economic shocks,ENERGY STRATEGY REVIEWS,2026,10.1016/j.esr.2026.102112,"The progressive financialization of oil, in tandem with the advancement of economic globalization, has led to a sharp increase in oil prices. The growing volatility in the global economic and financial landscape has had some impact on the green bond market. Emerging markets, such as China, are particularly interesting due to their rapid evolution. This paper empirically analyzes the dynamic impact of oil market price uncertainty on China's Green Bond (GB) using the Dynamic Conditional Correlation-Generalized Autoregressive Conditional Heteroscedasticity (DCC-GARCH) model. The empirical findings indicate that the uncertainty of oil has a remarkable time-varying influence on China's green bonds. Specifically, when oil prices rise, the yields on green bonds decrease. Dynamic correlation analysis reveals that oil market uncertainty exhibits a negative correlation with green bonds, with a more pronounced impact during the COVID-19 pandemic. Furthermore, an impulse response analysis shows that long-term interactions between oil prices and green bonds gradually stabilize, and short-term fluctuations are frequent and complex due to market factors. These fluctuations were more pronounced during the COVID-19 pandemic, consistent with the above conclusions. Oil market uncertainty increases risk levels in the overall financial market, which may affect investors' perceptions of green bonds. Drawing on the research outcomes, this study presents targeted policy recommendations aimed at promoting the stable and sustainable development of China's GB market. These measures are designed to bolster the nation's transition toward a green economy and align with its long-term sustainability goals.",Oil price; Green bond; DCC-GARCH model; Dynamic correlation; Impulse response,,Article,Energy & Fuels,Energy & Fuels,2211-467X,English,EI1ZY,Q2,market_volatility_GarchHar_covid
"Adeboye, NO; Folorunso, SO; Abimbola, OV; Akinbo, RY","Adeboye, Nureni Olawale; Folorunso, Sakinat Oluwabukonla; Abimbola, Olawale Victor; Akinbo, Rasaki Yinka",Modelling the volatility of African capital markets in the presence of the Covid-19 pandemic: evidence from five emerging economies in Africa,STATISTICS IN TRANSITION,2023,10.59170/stattrans-2023-018,"The growing concern over the global effects of the COVID-19 pandemic on every aspect of human endeavour has necessitated a continuous modelling of its impact on socio-economic phenomena, allowing the formulation of policies aimed at sustaining future economic growth and mitigating the looming recession. The study employed Exponential Generalised Autoregressive Conditional Heteroscedasticity (EGARCH) procedures to develop stock volatility models for the pre-and COVID-19 era. The Fixed-Effects Two Stage Least Square (TSLS) technique was utilised to establish an empirical relationship between capital market volatility and the COVID-19 occurrence based on equity market indices and COVID-19 reported cases of five emerging African economies: Nigeria, Egypt, South Africa, Gabon and Tanzania. The stock series was made stationary at the first order differencing and the model results indicated that the stock volatility of all the countries responded sharply to the outbreak of COVID-19 with the average stock returns of Nigeria and Gabon suffering the most shocks. The forecast values indicated a constant trend of volatility shocks for all the countries in the continuous presence of the COVID-19 pandemic. Additionally, the confirmed and death cases of COVID-19 were found to increase stock prices while recovered cases bring about a reduction in the stock prices in the studied periods.",African countries; capital market; COVID-19; volatility; GARCH model,RETURNS,Article,"Social Sciences, Mathematical Methods; Statistics & Probability",Mathematical Methods In Social Sciences; Mathematics,1234-7655,English,CH4OX,Q2,market_volatility_GarchHar_covid
"Xu, L; Zou, ZY; Zhou, SR","Xu, Lang; Zou, Zeyuan; Zhou, Shaorui",The influence of COVID-19 epidemic on BDI volatility: An evidence from GARCH-MIDAS model,OCEAN & COASTAL MANAGEMENT,2022,10.1016/j.ocecoaman.2022.106330,"In this study, we use the sample data from Jan 22, 2020 to Jan 21, 2022 to investigate the impacts of added infection number on the volatility of BDI. Under this structure, the control variables (freight rate, Brent crude oil price, container idle rate, port congestion level, global port calls) are added to test whether the information contained in the added infection number is covered. In the GARCH-MIDAS model, we divide the volatility of BDI into the long-term and short-term components, then employ in the least squares regression to empirically test the influences of added infection number on the volatility. From the analysis, we find the added infection numbers effectively impact the BDI volatility. In addition, whether the freight rate, Brent crude oil price, container idle rate, port congestion level, global port calls and other variables are considered alone or at the same time, further the added infection number still significantly influences the volatility of BDI. By studying the ability of the confirmed number to explain the volatility of BDI, a new insight is provided for the trend prediction of BDI that the shipping industry can take the epidemic development of various countries as a reference to achieve the purpose of cost or risk control.",Shipping market; COVID-19 epidemic; BDI volatility; GARCH-MIDAS model,STOCK-MARKET VOLATILITY; IMPACT,Article,Oceanography; Water Resources,Oceanography; Water Resources,0964-5691,English,4R3LI,Q2,market_volatility_GarchHar_covid
"Liu, XX; Shehzad, K; Kocak, E; Zaman, U","Liu, Xiaoxing; Shehzad, Khurram; Kocak, Emrah; Zaman, Umer",Dynamic correlations and portfolio implications across stock and commodity markets before and during the COVID-19 era: A key role of gold,RESOURCES POLICY,2022,10.1016/j.resourpol.2022.102985,"Novel Coronavirus (COVID-19) has affected stock markets around the globe, adding serious challenges to asset allocations and hedging strategies. This investigation analyses the dynamic correlations and portfolio implications among the S&P 500 index and various commodities (gold, WTI crude oil, Brent oil, beverages, and wheat) before and during the COVID-19 era. Using multivariate asymmetric GARCH models, the results show weak correlations during the standard period. However, the correlations intensify and become more complicated during the COVID-19 era, especially between gold and S&P 500. Similarly, bidirectional return and volatility spillovers across stock-commodity markets are more pronounced during the COVID-19 outbreak. Analysis involving the optimal portfolio weights and time-varying hedge ratios indicates that a $1long position in the S&P 500 can be hedged for 15 cents in crude oil during the standard period and for 33 cents in gold during the COVID-19 era. A portfolio of S&P 500 - beverages displays the highest VaR, while a portfolio of S&P 500 - gold displays the lowest VaR, especially during the COVID-19 era. This finding suggests that gold offers better portfolio diversification benefits and downside risk reductions, which are useful in determining strategies for portfolio investors during the COVID-19 outbreak.",Mean and volatility spillovers; Crude oil; Gold; Commodity markets; S&P 500 index; Value at risk; VAR-DCC-MEGARCH model,VOLATILITY SPILLOVERS; CONDITIONAL HETEROSKEDASTICITY; OIL PRICES; RETURNS; CURRENCY; CRISIS; ENERGY; HEDGE; US,Article,Environmental Studies,Environmental Sciences & Ecology,0301-4207,English,5A8BB,Q2,market_volatility_GarchHar_covid
"Esparcia, C; Fakhfakh, T; Jareño, F; Ghorbel, A","Esparcia, Carlos; Fakhfakh, Tarek; Jareno, Francisco; Ghorbel, Achraf",Dynamic DeFi-G7 stock markets interactions and their potential role in diversifying and hedging strategies,FINANCIAL INNOVATION,2024,10.1186/s40854-024-00618-2,"This study examines the link between stocks and decentralized finance (DeFi) in terms of returns and volatility. Major G7 exchange-traded funds (ETFs) and various highly traded DeFi assets are considered to ensure the robustness of the empirical experiment. Specifically, this study applies the vector autoregression generalized autoregressive conditional heteroskedasticity (VAR-GARCH) model to examine the information transmission of these two markets on a two-way basis and the dynamic conditional correlation (DCC)-GARCH model to assess the bivariate correlation structure between each DeFi and ETF pair. The volatility spillover analysis proves a contagion effect occurred between different geographic markets, and even between markets of different natures and typologies, during the most turbulent moments of the COVID-19 crisis and the war in the Ukraine. Our results also reveal a weak positive correlation between most DeFi and ETF pairs and positive hedge ratios that approach unity during turbulent times. In addition, DeFi assets, except for the Bazaar (BZR) Protocol, can offer diversification gains when included in financial investment portfolios. These results are particularly relevant for portfolio managers and policy-makers when designing investment strategies, especially during periods of financial crisis.",Volatility spillovers; Dynamic correlations; DeFi; G7 ETF; Diversification strategies; G11; G15; C13; C22; C41; C58,VOLATILITY SPILLOVERS; SAFE HAVEN; CRYPTOCURRENCY MARKETS; BITCOIN; RISK; CONNECTEDNESS; TRANSMISSION; COMMODITY; PRICES; GOLD,Article,"Business, Finance; Social Sciences, Mathematical Methods",Business & Economics; Mathematical Methods In Social Sciences,,English,H3T1Z,Q2,market_volatility_GarchHar_covid
"Muguto, L; Muzindutsi, PF","Muguto, Lorraine; Muzindutsi, Paul-Francois",A Comparative Analysis of the Nature of Stock Return Volatility in BRICS and G7 Markets,JOURNAL OF RISK AND FINANCIAL MANAGEMENT,2022,10.3390/jrfm15020085,"Through globalization and financial market liberalization, the opening up of markets has increased cross-border investments as investors search for higher risk-adjusted returns. This ability to invest internationally has raised the attention given to emerging markets that offer higher risk-adjusted returns relative to developed markets. However, despite the growing importance of emerging markets, the literature on the nature of volatility in global markets is typified by generalizations of findings from developed markets. To fill this gap, this study comparatively examined the nature of stock return volatility in developed G7 and emerging BRICS markets. Broad market index data and GARCH models over the period 2003:01-2020:08 were employed. The study found evidence of volatility persistence, asymmetry, mean reversion and weak evidence of a risk premium in both emerging and developed markets. There was also evidence of significant differences in the nature of volatility within the two sets of markets. These volatility patterns in both groups cast doubt on the assertion that developed markets are more informationally efficient than emerging markets. Thus, markets in the same group may not always have the same nature of volatility, especially in the wake of structural events such as the COVID-19 global pandemic.",volatility; persistence; asymmetry; mean reversion; risk-return; BRICS; G7; COVID-19,REFERENCE-DEPENDENT PREFERENCES; TRADE-OFF; CONDITIONAL HETEROSKEDASTICITY; TIME-SERIES; UNIT-ROOT; LONG-RUN; RISK; INFORMATION; PERSISTENCE; BEHAVIOR,Article,"Business, Finance",Business & Economics,1911-8066,English,ZU3HR,Q2,market_volatility_GarchHar_covid
"Gupta, H","Gupta, Himani",Analysing volatility patterns in emerging markets: symmetric or asymmetric models?,JOURNAL OF ECONOMIC AND ADMINISTRATIVE SCIENCES,2025,10.1108/JEAS-07-2023-0186,"PurposeInvestors aim for returns when investing in stocks, making return volatility a crucial concern. This study compares symmetric and asymmetric GARCH models to forecast volatility in emerging nations like the G4 countries. Accurate volatility forecasting is vital for investors to make well-informed investment decisions, forming the core purpose of this study.Design/methodology/approachFrom January 1993 to May 2021, the study spans four periods, focusing on the global economic crisis of 2008, the Russian crisis of 2015 and the COVID-19 pandemic. Standard generalized autoregressive conditional heteroscedasticity (GARCH), exponential GARCH (E-GARCH) and Glosten-Jagannathan-Runkle GARCH models were employed to analyse the data. Robustness was assessed using the Akaike information criterion, Schwarz information criterion and maximum log-likelihood criteria.FindingsThe study's findings show that the E-GARCH model is the best model for forecasting volatility in emerging nations. This is because the E-GARCH model is able to capture the asymmetric effects of positive and negative shocks on volatility.Originality/valueThis unique study compares symmetric and asymmetric GARCH models for forecasting volatility in emerging nations, a novel approach not explored in prior research. The insights gained can aid investors in constructing more effective risk-adjusted international portfolios, offering a better understanding of stock market volatility to inform strategic investment decisions.",Structural break; Volatility; GARCH; Emerging economies; Financial crises; Russian crises,STOCK; DETERMINANTS,Article,Economics,Business & Economics,1026-4116,English,9LK0A,Q2,market_volatility_GarchHar_covid
"Soni, RK; Nandan, T","Soni, Rajat Kumar; Nandan, Tanuj",Modeling Covid-19 contagious effect between asset markets and commodity futures in India,RESOURCES POLICY,2022,10.1016/j.resourpol.2022.103061,"For the purpose of optimizing an investment portfolio in the Indian market, this research provides an understanding of the connectedness, volatility transmission and investment scenario between different pairs of commodity futures and assets, observing the impact of Covid-19. To do that, we derived a daily dataset spanning from 2016 to 2021 bifurcated into two panels comprising the pre & post-Covid-19 onset periods. First, we employed wavelet coherence plots to check the directional connectedness between asset and commodity futures. The DCC-GARCH model was then applied on both the data panels to investigate and compare volatility transmission. Hedge ratios and optimum portfolio weights have been estimated to demonstrate a comparative investment scenario. We observe a significant long-term volatility transmission from the asset markets to commodity futures for both the onset panel. Commodity futures provide effective hedging and diversification efficiency against the asset markets. DCC, hedge ratio and optimum portfolio weights show the heterogeneous patterns of investment for pre & post-Covid-19 period. Gold, bond, bullion futures and exchange rates are recognized as a gauge of the economy in crisis. This work will provide significant insight to readers about portfolio construction and required changes in portfolio weights in normal and crisis market conditions.",DCC-GARCH; Wavelet coherence; Covid-19; Commodity index futures; Hedge ratio; Asset markets,OIL PRICE SHOCKS; STOCK-MARKET; VOLATILITY TRANSMISSION; MONETARY-POLICY; EXCHANGE-RATE; PORTFOLIO MANAGEMENT; NATURAL-GAS; SAFE HAVEN; CRUDE-OIL; SPILLOVER,Article,Environmental Studies,Environmental Sciences & Ecology,0301-4207,English,5Z6OM,Q2,market_volatility_GarchHar_covid
"Yin, QY; Anser, MK; Abbas, S; Ashraf, J; Ahmad, M; Jamshid, J; Osabohien, R","Yin, Qingyan; Anser, Muhammad Khalid; Abbas, Shujaat; Ashraf, Junaid; Ahmad, Munir; Jamshid, Junaid; Osabohien, Romanus",RETRACTED: Integrating the Role of Green Fiscal Policies With Energy Prices Volatility and Energy Efficiency: Presenting a COVID-19 Perspective (Retracted Article),FRONTIERS IN ENERGY RESEARCH,2022,10.3389/fenrg.2021.838307,"Energy and other related sectors are changing in China. This study attempted to estimate the energy product price volatility with energy efficiency during COVID-19 with the role of green fiscal policies. For this, we applied unit-root tests, ADCC-GARCH, and CO-GARCH techniques to infer the study findings. The results showed that energy price volatility was significantly connected until 2018. More so, the green fiscal policies were significantly connected between energy product price volatility and energy efficiency during COVID-19 (2019-2020). From energy products, the crude oil price volatility was significant at 16.4%, heating oil volatility was significant at 18.2%, natural oil price volatility was 9.7%, gasoline price volatility was 28.7%, and diesel price volatility was 34.1% significant with energy efficiency, due to the intervening role of green fiscal policies. The findings of this study are robust in comparison to previous studies. Multiple stakeholders can take guidelines from the findings of the recent study. As per our best understanding and knowledge, if suggested recommendations are implemented effectively, these results will help to enhance energy efficiency through green fiscal policies in the post-COVID period.",COVID-19; energy consumption; energy efficiecy; price volatility; energy products; green fiscal policies,COMMODITY PRICES; AGRICULTURAL COMMODITIES; CRUDE-OIL; STOCK MARKETS; FOOD; SPILLOVERS; IMPACT; FINANCIALIZATION; DEPENDENCE; INFERENCE,Article; Retracted Publication,Energy & Fuels,Energy & Fuels,2296-598X,English,1F4EX,Q2,market_volatility_GarchHar_covid
"Malhotra, P; Sinha, P","Malhotra, Priya; Sinha, Pankaj",Balanced Funds in India Amid COVID-19 Crisis: Spreader of Financial Contagion?,IIM KOZHIKODE SOCIETY & MANAGEMENT REVIEW,2024,10.1177/22779752211050693,"In its latest financial stability report, dated 11 January 2021, the Reserve Bank of India (RBI) emphasised the significance of balanced mutual funds in risk transmission. We investigate the transmission of volatility and contagion effect from Indian balanced funds to representative indices-Bank, PSU Bank, Private Bank, Financial Services, Broader Market, Services Sector and Fixed Income-using three established models: Diagonal BEKK (1995), Dynamic Conditional Correlation (DCC GARCH (2002)) and network model. In analyses of financial time series data, the COVID-19 pandemic has been widely regarded as a structural break. We may better understand the dynamism and scale of spillover before and during a crisis by dividing the study into two periods: pre-COVID-19 (January 2011-29 December 2019) and during COVID-19 (30 December 2019-20 April 2021). The results of all three models support our hypothesis of statistically significant spillover from balanced funds to chosen indices, with strong persistence and a marked increase in long-term volatility spillover, showing the presence of contagion effects. The findings of this paper can assist fund managers in diversifying their portfolios while also benefiting investors educationally. JEL Classification: C23, G12, G23",Contagion; balanced funds; spillover; volatility; COVID-19 crisis,DYNAMIC CONDITIONAL CORRELATION; STOCK MARKETS; EMERGING MARKETS; EUROZONE CRISIS; VOLATILITY; US; TRANSMISSION; CURRENCY; RETURNS; RISK,Article,Management,Business & Economics,2277-9752,English,HB7N5,Q2,market_volatility_GarchHar_covid
"Das, NM; Rout, BS","Das, Nupur Moni; Rout, Bhabani Sankar",Structural persistence vs. episodic contagion: Evidence from G7 energy market volatility spillovers across three crisis epochs,ENERGY SOURCES PART B-ECONOMICS PLANNING AND POLICY,2026,10.1080/15567249.2026.2681751,"This study explores the return interconnectedness and volatility spillovers across the energy markets of the Group of Seven (G7) to evaluate the extent of market integration and the resilience of the markets to significant exogenous shocks. The daily closing prices of the energy indices are collected from MSCI Inc. The dynamics of the markets are examined over the period from 20 October 2009 to 31 December 2025, as well as in the sub-periods of the oil price crash (2014-2016), COVID-19, and the war in Russia and Ukraine. To assess volatility transmission and return linkages, a three-step methodological framework is used: DCC-GARCH, the Diebold-Yilmaz Spillover Index, and Wavelet Cross-Correlation. The results indicate a big difference between structural integration over the long term and contagion caused by a crisis. Although all crises increase volatility, the orientation of spillovers does not change. While the European energy markets, except Germany, are dominant transmitters, Japan, Germany, and the US are found to be net receivers. In general, the findings recommend that systemic risk transmission in G7 energy markets can be characterised by a consistent structural hierarchy, and that crises enhance, rather than reverse, the existing interdependencies.",Contagion; G7; return interconnectedness; structural integration; volatility spillover; wavelet cross-coherence; G17; G28; G01; G15; I15,CRUDE-OIL PRICES; WORLD-WAR-II; RENEWABLE ENERGY; STOCK MARKETS; CO2 EMISSIONS; CLEAN ENERGY; RISK; COVID-19; IMPACTS,Article,Energy & Fuels,Energy & Fuels,1556-7249,English,IY0MB,Q2,market_volatility_GarchHar_covid
"Wu, RR; Liu, BY","Wu, Ruirui; Liu, Bing-Yue",Do climate policy uncertainty and investor sentiment drive the dynamic spillovers among green finance markets?,JOURNAL OF ENVIRONMENTAL MANAGEMENT,2023,10.1016/j.jenvman.2023.119008,"Green finance is an essential instrument for improving the environment and addressing climate change. This study investigates the dynamic spillovers among green finance markets using time-varying parameter vector autoregression (TVP-VAR) spillover indices, and further investigates the impact of climate policy uncertainty and investor sentiment on spillovers based on the generalised autoregressive conditional heteroscedasticity mixed data sampling (GARCH-MIDAS) model. The results indicate that: (i) environmental, social and governance (ESG), clean energy and water markets are information transmitters in the green finance system, whereas green building, green transportation, green bond and carbon markets are mainly information receivers; (ii) green stock markets including clean energy, non-energy and ESG markets transmit and receive greater information in the green finance system, while green bond and carbon markets do less; (iii) the green bond market is more interconnected with other green finance markets after the COVID-19 outbreak; (iv) investor sentiment contributes more to the net total directional spillovers of green resource markets (water and clean energy), while climate policy uncertainty contributes more to total spillovers and the net total directional spillovers of other green finance markets. These findings offer invaluable guidance for both policymakers and environmental investors.",Green finance markets; Climate policy uncertainty; Investor sentiment; TVP-VAR spillover indices; GARCH-MIDAS model,IMPULSE-RESPONSE ANALYSIS; ATTENTION; VOLATILITY; PRICE; CONNECTEDNESS; IMPACT,Article,Environmental Sciences,Environmental Sciences & Ecology,0301-4797,English,U0NW1,Q2,market_volatility_GarchHar_covid
"Sajadi, SMA; Khodaee, P; Hajizadeh, E; Farhadi, S; Dastgoshade, S; Du, B","Sajadi, Seyed Mehrzad Asaad; Khodaee, Pouya; Hajizadeh, Ehsan; Farhadi, Sabri; Dastgoshade, Sohaib; Du, Bo",Deep Learning-Based Methods for Forecasting Brent Crude Oil Return Considering COVID-19 Pandemic Effect,ENERGIES,2022,10.3390/en15218124,"Forecasting return and profit is a primary challenge for financial practitioners and an even more critical issue when it comes to forecasting energy market returns. This research attempts to propose an effective method to predict the Brent Crude Oil return, which results in remarkable performance compared with the well-known models in the return prediction. The proposed hybrid model is based on long short-term memory (LSTM) and convolutional neural network (CNN) networks where the autoregressive integrated moving average (ARIMA) and generalized autoregressive conditional heteroscedasticity (GARCH) outputs are used as features, along with return lags, price, and macroeconomic variables to train the models, resulting in significant improvement in the model's performance. According to the obtained results, our proposed model performs better than other models, including artificial neural network (ANN), principal component analysis (PCA)-ANN, LSTM, and CNN. We show the efficiency of our proposed model by testing it with a simple trading strategy, indicating that the cumulative profit obtained from trading with the prediction results of the proposed 2D CNN-LSTM model is higher than those of the other models presented in this research. In the second part of this study, we consider the spread of COVID-19 and its impact on the financial markets to present a precise LSTM model that can reflect the impact of this disease on the Brent Crude Oil return. This paper uses the significance test and correlation measures to show the similarity between the series of Brent Crude Oil during the SARS and the COVID-19 pandemics, after which the data during the SARS period are used along with the data during COVID-19 to train the LSTM. The results demonstrate that the proposed LSTM model, tuned by the SARS data, can better predict the Brent Crude Oil return during the COVID-19 pandemic.",CNN; COVID-19; deep learning; energy market; LSTM; return prediction,ARTIFICIAL NEURAL-NETWORK; IMPROVING FORECASTS; COMPONENT ANALYSIS; VOLATILITY; MODEL; INDEX; LSTM; PREDICTION; RECOGNITION; ENERGY,Article,Energy & Fuels,Energy & Fuels,,English,6F2VH,Q2,market_volatility_GarchHar_covid
"Ayala, A; Blazsek, S; Escribano, A","Ayala, Astrid; Blazsek, Szabolcs; Escribano, Alvaro",Anticipating extreme losses using score-driven shape filters,STUDIES IN NONLINEAR DYNAMICS AND ECONOMETRICS,2023,10.1515/snde-2021-0102,"We suggest a new value-at-risk (VaR) framework using EGARCH (exponential generalized autoregressive conditional heteroskedasticity) models with score-driven expected return, scale, and shape filters. We use the EGB2 (exponential generalized beta of the second kind), NIG (normal-inverse Gaussian), and Skew-Gen-t (skewed generalized-t) distributions, for which the score-driven shape parameters drive the skewness, tail shape, and peakedness of the distribution. We use daily data on the Standard & Poor's 500 (S&P 500) index for the period of February 1990 to October 2021. For all distributions, likelihood-ratio (LR) tests indicate that several EGARCH models with dynamic shape are superior to the EGARCH models with constant shape. We compare the realized volatility with the conditional volatility estimates, and we find two Skew-Gen-t specifications with dynamic shape, which are superior to the Skew-Gen-t specification with constant shape. The shape parameter dynamics are associated with important events that affected the stock market in the United States (US). VaR backtesting is performed for the dot.com boom (January 1997 to October 2020), the 2008 US Financial Crisis (October 2007 to March 2009), and the coronavirus disease (COVID-19) pandemic (January 2020 to October 2021). We show that the use of the dynamic shape parameters improves the VaR measurements.",dynamic conditional score (DCS); generalized autoregressive score (GAS); score-driven shape parameters; value-at-risk (VaR); VaR backtesting,TIME-SERIES MODELS; EGARCH MODELS; STOCK RETURNS; TAIL RISK; VOLATILITY; VARIANCE; HETEROSKEDASTICITY,Article,"Economics; Social Sciences, Mathematical Methods",Business & Economics; Mathematical Methods In Social Sciences,1081-1826,English,T6OT6,Q2,market_volatility_GarchHar_covid
"Raza, SA; Khan, KA","Raza, Syed Ali; Khan, Komal Akram",Climate policy uncertainty and its relationship with precious metals price volatility: Comparative analysis pre and during COVID-19,RESOURCES POLICY,2024,10.1016/j.resourpol.2023.104465,"Climate change and its associated challenges have become pressing global concerns. This has necessitated policymakers and governments to take action by implementing climate policies to mitigate its effects. However, the uncertainty surrounding climate policies has caused adverse effects in several areas, particularly in the financial markets. Likewise, the precious metals market has traditionally been considered a haven for investors in times of economic crisis. However, with the ongoing changes in climate policies, the previously stable prices of precious metals have encountered unexpected fluctuations. This state leads us to question how climate policy uncertainty impacts the volatility of precious metals. Thus, this study is designed to delve into the association between climate policy uncertainty and the volatile nature of precious metals prices, focusing on a comparative analysis before and during the COVID-19 pandemic. An advanced technique, i.e., GARCH-MIDAS, has been employed for data analysis. The results illustrate that climate policy uncertainty significantly affects the price volatility of precious metals. The results also indicate that climate policy uncertainty significantly impacted precious metals price volatility during the COVID-19 pandemic, suggesting that price volatility of metals escalates during a crisis. It has been revealed further that platinum and palladium are the foremost precious metals with high fluctuation series. The findings of this research contribute to a deeper understanding of the proposed relationship, providing significant information for long-term investment strategies and developing policy in light of changing climate policies.",Precious metals volatility; Climate policy uncertainty; COVID-19; oCH-MIo.,,Article,Environmental Studies,Environmental Sciences & Ecology,0301-4207,English,DR6A0,Q2,market_volatility_GarchHar_covid
"D'Ecclesia, RL; Morelli, G; Stefanelli, K","D'Ecclesia, Rita Laura; Morelli, Giacomo; Stefanelli, Kevyn",Energy ETF performance: The role of fossil fuels,ENERGY ECONOMICS,2024,10.1016/j.eneco.2024.107332,"The Principles for Responsible Investment (PRI) affected the financial markets since the year 2000. Asset managers and investors consider Exchange Traded Funds (ETFs) as a popular investment vehicle that represents a source of growth for sustainable strategies. Clean Energy ETFs (CE ETF) are funds that invest in stocks of alternative energy sectors such as solar energy, wind, hydroelectric, and geothermal companies. In 2022, CE ETF recorded a rate of return equal to 3.3% in a quarter. We investigate the role of sustainable ETFs in portfolio management analyzing features of the most capitalized ETFs over the last decade (2012-2022), distinguishing between CE ETFs and Fossil Fuel ETFs (FF ETFs). Using daily quotes, we compare the performance of various mean variance portfolios each including only CE ETFs, only FF ETFs, and a mix of the two. We show that the CE ETFs portfolio does not always provide a better risk-return trade -off, but it often beats the FF one. Given the time-varying features of the volatility of ETF returns, we use a GARCH framework and analyze the various portfolios' performance in different sub-periods, to take into account the pandemic crisis, the Paris Agreement, and the Ukranian conflict. We find that portfolios' performance is highly affected by i) market conditions, and ii) sustainability-related events. In addition, with respect to our observation period, we show that the exclusion of FF ETFs does not decrease the profitability of the portfolios.",Energy ETF; Renewable energy; Portfolio optimization; Green finance; Fossil fuels,,Article,Economics,Business & Economics,0140-9883,English,LF2G7,Q2,market_volatility_GarchHar_covid
"Celso-Arellano, P; Gualajara, V; Coronado, S; Martinez, JN; Venegas-Martínez, F","Celso-Arellano, Pedro; Gualajara, Victor; Coronado, Semei; Martinez, Jose N.; Venegas-Martinez, Francisco","Impact of the Global Fear Index (COVID-19 Panic) on the S&P Global Indices Associated with Natural Resources, Agribusiness, Energy, Metals, and Mining: Granger Causality and Shannon and Renyi Transfer Entropy",ENTROPY,2023,10.3390/e25020313,"The Global Fear Index (GFI) is a measure of fear/panic based on the number of people infected and deaths due to COVID-19. This paper aims to examine the interconnection or interdependencies between the GFI and a set of global indexes related to the financial and economic activities associated with natural resources, raw materials, agribusiness, energy, metals, and mining, such as: the S&P Global Resource Index, the S&P Global Agribusiness Equity Index, the S&P Global Metals and Mining Index, and the S&P Global 1200 Energy Index. To this end, we first apply several common tests: Wald exponential, Wald mean, Nyblom, and Quandt Likelihood Ratio. Subsequently, we apply Granger causality using a DCC-GARCH model. Data for the global indices are daily from 3 February 2020 to 29 October 2021. The empirical results obtained show that the volatility of the GFI Granger causes the volatility of the other global indices, except for the Global Resource Index. Moreover, by considering heteroskedasticity and idiosyncratic shocks, we show that the GFI can be used to predict the co-movement of the time series of all the global indices. Additionally, we quantify the causal interdependencies between the GFI and each of the S&P global indices using Shannon and Renyi transfer entropy flow, which is comparable to Granger causality, to confirm directionality more robustly The main conclusion of this research is that financial and economic activity related to natural resources, raw materials, agribusiness, energy, metals, and mining were affected by the fear/panic caused by COVID-19 cases and deaths.",global indices; co-movement; Granger causality; DCC-GARCH,TIME-VARYING CAUSALITY; STOCK MARKETS; CRUDE-OIL; SENTIMENT; EQUITY; TESTS,Article,"Physics, Multidisciplinary",Physics,,English,9H9IE,Q2,market_volatility_GarchHar_covid
"Dibooglu, S; Cevik, EI; Al Tamimi, HAH","Dibooglu, Sel; Cevik, Emrah I.; Al Tamimi, Hussein A. Hassan",Credit default risk in Islamic and conventional banks: Evidence from a GARCH option pricing model,ECONOMIC ANALYSIS AND POLICY,2022,10.1016/j.eap.2022.06.006,"An important question in banking is whether restrictions placed on Islamic banks make them more resilient to financial market turmoil and less prone to failure than conventional banks. We evaluate this claim by estimating credit default risk measures for a sample of conventional and Islamic banks using a GARCH option pricing model. Using a daily data set that is better suited for the time variation in volatility, we calculate distance to default measures to evaluate credit risk of Conventional Banks (CBs) and Islamic banks (IBs). We find higher default risk measures for IBs than CBs in general except during the Global Financial Crisis. This result holds true after controlling for bank and country specific variables in that IBs seem to have significantly lower default risk during the Global Financial Crisis and higher default risk thereafter. Consequently, while restrictions on risk taking is advantageous in financial turmoil episodes, the same restrictions expose IBs to risks in normal times. Finally, the credit risk of CBs and IBs is negatively affected by the oil crisis in 2014-2015 and the Covid-19 global pandemic. While there is no significant difference between the effects of the oil crisis on IBs versus CBs, the recent Covid-19 pandemic seems to have worsened the credit risk of IBs compared to CBs. (c) 2022 Economic Society of Australia, Queensland. Published by Elsevier B.V. All rights reserved.",Bank default risk; Financial intermediation; Islamic banking; GARCH option pricing,FINANCIAL STABILITY; PANEL-DATA; VALUATION; CRISIS; EFFICIENCY; DISTANCE; IMPACT; DEBT,Article,Economics,Business & Economics,0313-5926,English,2N8UG,Q2,market_volatility_GarchHar_covid
"Yeter, T","Yeter, Tamer","Volatility dynamics of airline and airport stocks in emerging economies: Evidence from Turkey, China, and Thailand using a GARCH-MIDAS approach (2014-2024)",JOURNAL OF AIR TRANSPORT MANAGEMENT,2026,10.1016/j.jairtraman.2026.102983,"This study applies the GARCH-MIDAS-RV framework to analyze the volatility behavior of airline and airport stocks in three major emerging economies Turkey, China, and Thailand during the 2014-2024 period. By integrating high-frequency realized volatility data with low-frequency macroeconomic factors such as the US dollar exchange rate and interest rates, which we interpret as core drivers of macro-financial uncertainty in emerging aviation markets, the model reveals how long-term macroeconomic conditions shape short-term market fluctuations. To more clearly illustrate the impact of structural changes, crisis indicators representing periods of financial stress specific to each country and capturing distinct macro-financial uncertainty regimes were included in the model. These indicators include the COVID-19 pandemic, strong-dollar shocks, the period of high interest rates in Turkey, and stock market turbulence in China. Unlike earlier studies centered on developed markets or single events, this paper compares multiple crisis episodes in emerging economies. The results highlight how macroeconomic uncertainty and crisis dynamics interact to shape volatility in the aviation industry, thereby underscoring macro-financial uncertainty as a key channel through which these shocks are transmitted to airline and airport stocks. The empirical results show that macroeconomic variables have significant long-term explanatory power in the MIDAS component. At the same time, crisis dummies strengthen the clustering of short-term volatility in the GARCH process. Overall, the findings enhance the literature by extending the application of GARCH-MIDAS to emerging economies and offering new insights into the interaction among macroeconomic conditions, crises, and volatility transmission in the global aviation sector.",Macro-financial uncertainty; GARCH-MIDAS-RV; Airline and Airport stocks; Emerging markets; Crisis sensitivity,,Article,Transportation,Transportation,0969-6997,English,EJ8EH,Q2,market_volatility_GarchHar_covid
"Phan, DM; Hoang, SD; Dao, TD; Pham, TP","Phan, Dat Minh; Hoang, Sinh Duc; Dao, Tung Duy; Pham, Tien Phat",Regional COVID-19 cases and Bitcoin volatility: Assessment through the Markov switching prism,E & M EKONOMIE A MANAGEMENT,2024,10.15240/tul/001/2024-2-009,"The 21st century has become the century of technology, which has spread to the currency market, presenting the international economic system with a new challenge - the challenge created by digital currency, which has determined a change in the rules of operation in the market. The main property of cryptocurrencies in general, and Bitcoin in particular, is constant volatility and mutual sensitivity to each other. This article aims to analyze the cryptocurrency market landscape from both short-term and long-term perspectives. Additionally, the article seeks to quantitatively assess the contradictions, trends, and patterns of price volatility in Bitcoin by employing the framework of Markov switching during the period spanning from 2020 to 2022. The Markov switching model switch are the COVID-19 pandemic and the Pearson correlation statistical method. The Chisquared test was estimated to identify the connection between Bitcoin volatility switching modes and the COVID-19 pandemic spread. This analysis enables international investors to diversify with maximum efficiency and returns using available hedging tools. However, several open questions remain for future research. Future studies can analyze different cryptocurrencies' volatility. This research helps to assess the nature of the relationship of cryptocurrencies in statistics (the correlation of cryptocurrencies as of December 1, 2021, when no significant events in the financial market and political upheavals were recorded) and dynamics (the Markov switching models for the postpandemic period of 2020-2022). The article contributes to understanding the interdependence and sensitivity of different cryptocurrencies in relation to each other.",GARCH model; Chi-squared test; Bitcoin volatility modes; Pearson correlation method; statics and dynamics analysis,SPURIOUS LONG MEMORY; CRYPTOCURRENCIES; RETURNS; SPILLOVERS; PREDICTION; DEPENDENCE; DYNAMICS; DOLLAR; TRUE; GOLD,Article,Economics; Management,Business & Economics,1212-3609,English,UB3D8,Q2,market_volatility_GarchHar_covid
"Zhou, HY; Li, SP","Zhou, Haiyang; Li, Shuping",Effect of COVID-19 on risk spillover between fintech and traditional financial industries,FRONTIERS IN PUBLIC HEALTH,2022,10.3389/fpubh.2022.979808,"COVID-19 has affected China's financial markets; accordingly, we investigate the effect of COVID-19 on the risk spillover between fintech and traditional financial industries. Using data from April 25, 2012 to April 22, 2022, which we divide into two parts (before and during the COVID-19 periods), we model the dynamic risk spillover relationship following the DCC-GARCH-BEKK and MMV-MFDFA methods. The results show that: (1) The dynamic relationship between fintech and traditional finance is almost positive most of the time, and the dynamic correlations between fintech and realty (real estate development and operation) are the largest. The dynamic linkage between fintech and traditional finance declines after the COVID-19 outbreak. (2) There exists a risk spillover from fintech to every type of bank before and during the COVID-19 periods. Notably, the risk spillover effect of fintech to large state-owned banks and city commercial banks is the largest separately before and during the COVID-19 periods. Meanwhile, there exist a two-way risk spillover between fintech and almost all other traditional financial industries before and during the COVID-19 periods. (3) Owing to the COVID-19 pandemic, the risk spillover relationship, which is in pairs and in the system become more complex. (4) Regarding the whole system, the correlation in the system is anti-persistent most of the time. Moreover, there are large fluctuations and more complex characteristics during the COVID-19 outbreak. However, the whole system was smooth most of the time before the outbreak of the COVID-19 pandemic.",COVID-19; risk volatility; fintech; traditional finance; MMV-MFDFA,INVESTMENT DECISIONS; GARCH,Article,"Public, Environmental & Occupational Health","Public, Environmental & Occupational Health",,English,6I3IO,Q2,market_volatility_GarchHar_covid
"Zhou, Y; Wang, XX; Dong, RK; Pu, RH; Yue, XG","Zhou, Yang; Wang, Xiaoxiao; Dong, Rebecca Kechen; Pu, Ruihui; Yue, Xiao-Guang",Natural resources commodity prices volatility: Evidence from COVID-19 for the US economy,RESOURCES POLICY,2022,10.1016/j.resourpol.2022.102895,"Volatility in natural resources commodity prices is prevailing for a longer period. However, after the Covid-19 pandemic, most economical and financial markets were affected, and the natural resources commodity market was greatly affected. Besides, the pandemic's closing or postponement of the industrial sector further fuels uncertainty in the natural resources commodity market. Therefore, it is important to analyze whether volatility exists in natural resources commodity prices during the pandemic period? In this regard, the current study investigated price volatility in copper and crude oil prices during the Covid-19 while using the most recent and extended dataset from January 02, 2019, to October 08, 2021, in the case of the US. For empirical examination, this study used the breakpoint unit root test, which illustrates that the leveled data is non-stationary while the first differenced data is stationary, where both leveled and first differenced data demonstrate the breakpoints in time series. This study uses the threshold generalized autoregressive conditional heteroscedasticity (TGARCH) and exponential generalized autoregressive conditional heteroscedasticity (EGARCH) to analyze natural resource commodity price volatility. The empirical findings uncover that both variables are volatile during the Covid-19 pandemic. However, the negative shock of the Covid-19 pandemic makes the crude oil price more volatile relative to copper prices. Besides, the previous variances are also positively associated with the current variances of both variables. The findings also reveal that copper could be a safe haven for reducing volatility in natural resources. Based on the empirical findings, this study suggests ensuring macroeconomic stability and reconsidering the traditional price-fixing or price ceiling policies to tackle volatility in the Covid-19 pandemic.",Natural resources; Volatility; Crude oil; Copper; Breakpoint,FORECASTING APPROACH; ARDL APPROACH; HYBRID; OIL; BLESSINGS; GROWTH; CURSE; MODEL,Article,Environmental Studies,Environmental Sciences & Ecology,0301-4207,English,5D6AV,Q2,market_volatility_GarchHar_covid
"Meher, BK; Puntambekar, GL; Birau, R; Hawaldar, IT; Spulbar, C; Simion, ML","Meher, Bharat Kumar; Puntambekar, G. L.; Birau, Ramona; Hawaldar, Iqbal Thonse; Spulbar, Cristi; Simion, Mircea Laurentiu",Comparative Investment decisions in emerging textile and FinTech industries in India using GARCH models with high-frequency data,INDUSTRIA TEXTILA,2023,10.35530/IT.074.06.202311,"The domestic textiles and apparel industry stood at $152 billion in 2021, growing at a CAGR of 12% to reach $225 billion by 2025. The textiles and apparel industry in India has strengths across the entire value chain from fibre, yarn, and fabric to apparel. On the other hand, many FinTech companies gained enough importance and attention during the Demonetization and COVID-19 pandemic situation where most people are dependent and prefer cashless payments and receipts over hard cash payments and receipts. Due to the growth of FinTech companies in India, consumer lending FinTech companies in India make up 17% of total FinTech enterprises. Many angel investors are coming forward to invest in such FinTech companies as this industry has much potential to grow in future. As there is enough scope for the expansion of FinTech companies in India, retail investors come forward to invest in the stocks of listed FinTech companies. As retail investors always look forward to returns either in the form of dividends or appreciation of stock prices, it is also necessary to analyse and model the stock price volatility of FinTech companies in India before investing. Hence, this research study is an attempt to use high-frequency data i.e. 1-minute closing prices, to formulate suitable GARCH (Generalised Autoregressive Conditional Heteroscedasticity) models for stock price volatility of listed textiles and FinTech companies that could also capture the asymmetric volatility if it exists due to third phase of COVID-19 pandemic and Russia-Ukraine war. The results concluded that there is a presence of positive shocks which might be due to the third wave of the COVID-19 pandemic that might have again shot the demand for financial products and services of these FinTech companies namely Paytm and PolicyBazaar and there is no negative shock of Russia-Ukraine war.",textile industry of India; FinTech companies; asymmetric volatility; high-frequency data; Indian Stock Market; GARCH models,,Article,"Materials Science, Textiles",Materials Science,1222-5347,English,DO8J4,Q2,market_volatility_GarchHar_covid
"Bhue, R; Gartia, U; Panda, AK; Nanda, S","Bhue, Rajesh; Gartia, Umakanta; Panda, Ajaya Kumar; Nanda, Swagatika",Sustainable Equity Index Dynamic: Connectedness and Information Asymmetry in Emerging Markets,BUSINESS STRATEGY AND DEVELOPMENT,2025,10.1002/bsd2.70072,"The aim of the study is to investigate the evidence of information asymmetry, dynamic connectedness, and volatility spillover among ESG equity indices of emerging market economies. Using Sign bias test and GARCH family models, the study finds that ESG equity indices have a leverage effect, significantly impacted by bad news over good news shock. The study has used FIGARCH model to measure the persistence of long-memory effects across the emerging market. Further, to ensure the interconnection between ESG equity indices that may arise due to the persistence of long-memory effects, the stusy has examined estimates of TVP-VAR, and finds moderate interconnection between ESG equity indices. To be specific, ESG equity indices of the Philippines, Indonesia, Korea, Singapore, and India are more sensitive to receiving any sustainable innovation shocks from Brazil, South Africa, and Mexican ESG indices. The study finds significant bidirectional relationships between the ESG equity indices of Philippines and Brazil, Indonesia and India, and South Africa and Mexico that may lead to the spreading of market contagion in the presence of more substantial leverage effects with a long memory. This research offers insights for investors to consider sustainable equity assets for efficient portfolio diversification, mitigating environmental, social, and governance risks associated with volatility spillovers and dynamic connectedness. Policymakers may refer the findings of the study to design effective ESG regulations, for reducing risk in global financial system. Since the pandemic has produced more economic and financial instability in emerging markets, investors and regulators may pay more attention to return and volatility connectivity among ESG equity indices and financial markets to safeguard investment and restore market stability.",asymmetric volatility; dynamic connectedness; equity index; leverage effect; sustainability; TVP-VAR,ESG; TIME; SPILLOVERS; GOVERNANCE; ATTENTION; VARIANCE; IMPACT; RETURN; RISK,Article,Business; Environmental Studies,Business & Economics; Environmental Sciences & Ecology,,English,S8W3K,Q2,market_volatility_GarchHar_covid
"Pasionek, J","Pasionek, Jolanta",Reaction of the USD/PLN currency pair exchange rate to the published macroeconomic data,FINANCIAL INTERNET QUARTERLY,2023,10.2478/fiqf-2023-0001,"The results of the research presented in the article regard the importance of publication of macroeconomic data from the United States for the short-term USD/PLN currency pair exchange rate volatility. The main purpose of the research was to indicate what macroeconomic data is important for the short-term USD/PLN exchange rate volatility. The following research questions have been posed does the USD/PLN exchange rate react to the published macroeconomic data from the American economy and second could greater USD/PLN exchange rate volatility be observed during the COVID pandemic and has the war in Ukraine impacted the USD/PLN exchange rate volatility. International Foreign Exchange Market is the largest and most dynamically developing financial market in the world. In the globalized world the exchange rates are mainly influenced by economic factors. The most significant economic factors that impact short-term exchange rate volatility are primarily macroeconomic data from the American economy. Therefore in this article the author attempts to analyze macroeconomic data and their impact on short-term USD/PLN exchange rate volatility. Data based on which the research was made is as follows: Consumer Price Index, Non-Farm Payrolls (NFP), Services PMI, Manufacturing PMI, Empire State Manufacturing Index or Retail Sales. The analysis of connections between the publication of macroeconomic data and the reaction of exchange rates was carried out using the linear regression model with GARCH process for the random parameter. Conclusions of this research is exchange rate volatility USD/PLN was higher after publications of the macroeconomic data from Americans economy. The strongest exchange rate reaction was after publication of data regarding inflation, Manufacturing PMI and Retail Sales. In the COVID (1.03.20-14.02.22) period we observed increased USD/PLN exchange rate volatility. Exchange rate volatility was expressly larger in the period of war in Ukraine (15.02.22 - end of experiment).",Foreign Exchange Markets; currency exchange rates; GARCH model,TIME PRICE DISCOVERY; NEWS,Article,"Business, Finance; Economics",Business & Economics,,English,C3HI6,Q2,market_volatility_GarchHar_covid
"Lahmiri, S; Bekiros, S","Lahmiri, Salim; Bekiros, Stelios","Randomness, Informational Entropy, and Volatility Interdependencies among the Major World Markets: The Role of the COVID-19 Pandemic",ENTROPY,2020,10.3390/e22080833,"The main purpose of our paper is to evaluate the impact of the COVID-19 pandemic on randomness in volatility series of world major markets and to examine its effect on their interconnections. The data set includes equity (Bitcoin and Standard and Poor's 500), precious metals (Gold and Silver), and energy markets (West Texas Instruments, Brent, and Gas). The generalized autoregressive conditional heteroskedasticity model is applied to the return series. The wavelet packet Shannon entropy is calculated from the estimated volatility series to assess randomness. Hierarchical clustering is employed to examine interconnections between volatilities. We found that (i) randomness in volatility of the S&P500 and in the volatility of precious metals were the most affected by the COVID-19 pandemic, while (ii) randomness in energy markets was less affected by the pandemic than equity and precious metal markets. Additionally, (iii) we showed an apparent emergence of three volatility clusters: precious metals (Gold and Silver), energy (Brent and Gas), and Bitcoin and WTI, and (iv) the S&P500 volatility represents a unique cluster, while (v) the S&P500 market volatility was not connected to the volatility of Bitcoin, energy, and precious metal markets before the pandemic. Moreover, (vi) the S&P500 market volatility became connected to volatility in energy markets and volatility in Bitcoin during the pandemic, and (vii) the volatility in precious metals is less connected to volatility in energy markets and to volatility in Bitcoin market during the pandemic. It is concluded that (i) investors may diversify their portfolios across single constituents of clusters, (ii) investing in energy markets during the pandemic period is appealing because of lower randomness in their respective volatilities, and that (iii) constructing a diversified portfolio would not be challenging as clustering structures are fairly stable across periods.",COVID-19 pandemic; Bitcoin; stock market; precious metal market; energy market; GARCH; wavelet packet Shannon entropy; hierarchical clustering,IMPACT; COMPLEXITY,Article,"Physics, Multidisciplinary",Physics,,English,NG6LD,Q2,market_volatility_GarchHar_covid
"Mahanta, A; Sahu, NC; Behera, PK","Mahanta, Abhisek; Sahu, Naresh Chandra; Behera, Pradeep Kumar",Sustainable Indices Outperforming Traditional Indices in India: A Comparative Study Pre and During COVID-19,ASIA-PACIFIC FINANCIAL MARKETS,2026,10.1007/s10690-024-09506-2,"This study aims to compare the performance of sustainable indices with the traditional indices of Indian stock markets, both before and during the COVID-19 pandemic in terms of risk, return, and volatility. The findings indicate that sustainable indices consistently outperform traditional indices regarding risk, returns, and volatility aspects during the COVID-19 crisis. The examination of volatility reveals the presence of significant internal volatility and asymmetric effects within the indices. Further, the Asymmetric VAR-BEKK-GARCH model uncovers a bi-directional volatility spillover between the indices before the COVID-19 period while a unidirectional volatility spillover is observed during the COVID-19 period. The connectedness approach using the TVP-VAR-based Diebold &Yilmaz model shows that sustainable indices are the net transmitters and traditional index is the net receiver of volatility spillover. Moreover, various asset pricing market factors like market premium, Small Minus Big (SMB), High Minus Low (HML), and Winners Minus Losers (WML) are driving the better performances of sustainable indices during the crisis period. Consequently, investors may consider including sustainable indices, funds, ETFs, and stocks as viable alternatives to traditional indices to diversify their portfolios during crisis periods. This analysis supports the Modern Portfolio Theory (MPT), and the 'flight-to-safety' phenomenon during a crisis, and aligns financial goals with Environmental, Social, and Governance (ESG) considerations.",Sustainable indices; Environmental social and governance (ESG); Risk-return; Asymmetric effect; Volatility spillover; Asset pricing models; C22; C58; G1; G11; G12,FINANCIAL PERFORMANCE; MARKET; RETURN; VOLATILITY; INVESTMENT; FUNDS; INVESTORS; VARIANCE; STOCKS,Article,Economics,Business & Economics,1387-2834,English,DF7OE,Q2,market_volatility_GarchHar_covid
"Ali, F; Khurram, MU","Ali, Fahad; Khurram, Muhammad Usman","Leverage effects, volatility innovation spillovers, and inter- and intra-market asymmetric dependencies in cryptocurrencies and CFDs on equity indices: Evidence from high-frequency around-the-clock data",INTERNATIONAL REVIEW OF FINANCIAL ANALYSIS,2025,10.1016/j.irfa.2025.104636,"Using 5-min high-frequency data around-the-clock, this study is the first to comprehensively examine asymmetric leverage effects, volatility innovation spillovers, and dependencies between six major developed equity markets - US, UK, France, Germany, Australia, and Japan - and seven major well-studied cryptocurrencies: Bitcoin (BTC), Litecoin (LTC), Ether (ETH), Dash (DSH), EOS, Tron (TRX), and Basic Attention Token (BAT). We employ the contract for differences (CFDs) on the equity indices for data during non-trading periods, several symmetric and asymmetric GARCH-based econometric tools, and a comprehensive sample period spanning from August 5, 2019, to January 31, 2023, consisting of 363,024 observations for each asset. Using sign bias tests, we first identify that leverage effects - a stronger impact of negative innovations on the conditional volatility of returns than the positive innovations of the same size - in cryptocurrencies are more pronounced in the postCovid period, whereas in equities, they exisit across the sample period, except the first year of the Covid-19, consistent with the notion of fear of missing out during rapid recovery and boom periods. This asymmetric leverage effect is robust using the SAARCH, TGARCH, and APARCH models. We document that spillovers among cryptocurrencies and between equities and cryptocurrencies due to innovation (lagged standardized errors) are stronger than those of persistence (lagged conditional covariances). Regarding inter-class asset hedging opportunities, which we measure via negative coefficients of the innovation term, we find that pairing UK-LTC, USDSH, Germany-DSH, US-EOS, Japan-EOS, and Germany-TRX are most likely to offer several diversification benefits to investors. Additionally, we examine asymmetric dynamic conditional correlations in inter-class asset settings and find that BAT and LTC among cryptocurrencies and the Australian and French markets among equities are weakly connected with other asset classes, suggesting their potential role in portfolio optimization. Our findings hold practical importance and guide investors in making hedging and diversification decisions and in optimizing cryptocurrency-equity portfolios during different economic, geopolitical, and market conditions around the clock.",Leverage effect; Volatility innovation; Spillover effect; Asymmetric dependencies; High-frequency data; Inter-class asset analysis,VARIANCE; CONNECTEDNESS; MODEL,Article,"Business, Finance",Business & Economics,1057-5219,English,7ZW7U,Q2,market_volatility_GarchHar_covid
"Tsai, IC","Tsai, I-Chun",Features of different asset types and extreme risk transmission during the COVID-19 crisis,FINANCIAL INNOVATION,2024,10.1186/s40854-023-00510-5,"Unlike the current extensive literature, which discusses which assets can avoid the risks caused by the COVID-19 pandemic, this study examines whether the characteristics of different assets affect the extreme risk transmission of the COVID-19 crisis. This study explores the effects of COVID-19 pandemic-related risk factors (i.e., pandemic severity, pandemic regulations and policies, and vaccination-related variables) on the risk of extreme volatility in asset returns across eight assets. These eight assets belong to the following classes: virtual, financial, energy, commodities, and real assets. To consider the different possible aspects of the COVID-19 impact, this study adopts both empirical methods separately, considering variables related to the pandemic as exogenous shocks and endogenous factors. Using these methods, this study enabled a systematic analysis of the relationship between the features of different asset types and the effects of extreme risk transmission during the COVID-19 crisis. The results show that different types of asset markets are affected by different risk factors. Virtual and commodity assets do not exhibit extreme volatility induced by the COVID-19 pandemic. The energy market, including crude oil, is most affected by the negative impact of the severity of the pandemic, which is unfavorable for investment at the beginning of the pandemic. However, after vaccinations and pandemic regulations controlled the spread of infection, the recovery of the energy market made it more conducive to investment. In addition, this study explains the differences between the hedging characteristics of Bitcoin and gold. The findings of this study can help investors choose asset types systematically when faced with different shocks.",Covid-19 pandemic; COVID-19 pandemic-related risk factors; Risks of extreme volatility; Risk transmission effect; Hedging characteristics,BLACK SWAN EVENTS; STOCK-MARKET; SAFE HAVEN; REAL-ESTATE; BITCOIN; PRICE; GARCH; OIL; HEDGE; GOLD,Article,"Business, Finance; Social Sciences, Mathematical Methods",Business & Economics; Mathematical Methods In Social Sciences,,English,IA6H6,Q2,market_volatility_GarchHar_covid
"Alqahtani, M; Henry, D; Bhatti, MI","Alqahtani, Manal; Henry, Darren; Bhatti, M. Ishaq",The performance Islamic verses conventional mutual funds during extreme event: new evidence from Saudi Arabia,JOURNAL OF ISLAMIC ACCOUNTING AND BUSINESS RESEARCH,2025,10.1108/JIABR-06-2025-0325,"PurposeThis paper aims to compare the performance of Islamic and conventional mutual funds in Saudi Arabia, focusing on their behavior during extreme events such as the Global Financial Crisis (GFC) and the COVID-19 pandemic. It analyses risk-adjusted returns, volatility and spillover effects to provide insights into the resilience and performance of these fund types under varying market conditions.Design/methodology/approachThe study uses 22 years of data from 254 funds, covering 1,172 weekly intervals from 2000 to 2022. It uses financial ratios, panel data regression, CAPM, GARCH modeling, and Wavelet Coherence analysis to assess fund performance. The research examines four distinct periods: pre-GFC, during GFC, pre-COVID-19 and during COVID-19, allowing for a comprehensive evaluation across different market environments.FindingsIslamic mutual funds (IMFs) consistently outperformed conventional mutual funds (CMFs) in terms of returns and volatility during both the GFC and COVID-19 pandemic, demonstrating lower systematic risk. While CMFs exhibited slightly higher returns prior to the GFC, IMFs showed greater resilience during economic downturns. The study reveals that IMFs may be a more strategic choice for investors during periods of economic uncertainty due to their diversification benefits and lower risk profile.Research limitations/implicationsThe findings provide valuable insights for investors, fund managers and policymakers in understanding the performance dynamics of Islamic and conventional mutual funds during extreme market events. The research suggests that IMFs offer a potentially more stable investment option during economic crises, which could inform investment strategies and policy decisions in the Saudi Arabian financial market.Originality/valueThis study contributes to the understanding of mutual fund performance in the context of Islamic and conventional funds within Saudi Arabia, offering a comprehensive analysis across various economic cycles. It provides empirical evidence on the comparative resilience of Islamic mutual funds during extreme events, filling a gap in the literature on Islamic fund performance in emerging markets.",Islamic mutual funds; Conventional mutual funds; Risk-return analysis; Market volatility; CAPM; GARCH; Wavelet coherence,IMPACT,Article; Early Access,"Business, Finance",Business & Economics,1759-0817,English,8ZT2G,Q2,market_volatility_GarchHar_covid
"Mwamba, JWM; Mwambi, SM","Muteba Mwamba, John Weirstrass; Mwambi, Sutene Mwambetania",Assessing Market Risk in BRICS and Oil Markets: An Application of Markov Switching and Vine Copula,INTERNATIONAL JOURNAL OF FINANCIAL STUDIES,2021,10.3390/ijfs9020030,"This paper investigates the dynamic tail dependence risk between BRICS economies and the world energy market, in the context of the COVID-19 financial crisis of 2020, in order to determine optimal investment decisions based on risk metrics. For this purpose, we employ a combination of novel statistical techniques, including Vector Autoregressive (VAR), Markov-switching GJR-GARCH, and vine copula methods. Using a data set consisting of daily stock and world crude oil prices, we find evidence of a structure break in the volatility process, consisting of high and low persistence volatility processes, with a high persistence in the probabilities of transition between lower and higher volatility regimes, as well as the presence of leverage effects. Furthermore, our results based on the C-vine copula confirm the existence of two types of tail dependence: symmetric tail dependence between South Africa and China, South Africa and Russia, and South Africa and India, and asymmetric lower tail dependence between South Africa and Brazil, and South Africa and crude oil. For the purpose of diversification in these markets, we formulate an asset allocation problem using raw returns, MS GARCH returns, and C-vine and R-vine copula-based returns, and optimize it using a Particle Swarm optimization algorithm with a rebalancing strategy. The results demonstrate an inverse relationship between the risk contribution and asset allocation of South Africa and the crude oil market, supporting the existence of a lower tail dependence between them. This suggests that, when South African stocks are in distress, investors tend to shift their holdings in the oil market. Similar results are found between Russia and crude oil, as well as Brazil and crude oil. In the symmetric tail, South African asset allocation is found to have a well-diversified relationship with that of China, Russia, and India, suggesting that these three markets might be good investment destinations when things are not good in South Africa, and vice versa.",BRICS; Markov-switching; GJR-GARCH; tail dependence; vine copula; conditional value-at-risk,DYNAMIC CONDITIONAL CORRELATION; STOCK MARKETS; CRUDE-OIL; VOLATILITY SPILLOVER; FINANCIAL CRISES; EXCHANGE-RATES; GARCH; OPTIMIZATION; DEPENDENCE; MODEL,Article,"Business, Finance",Business & Economics,2227-7072,English,SX4EB,Q2,market_volatility_GarchHar_covid
"Marobhe, MI; Kansheba, JMP","Marobhe, Mutaju Isaack; Kansheba, Jonathan Mukiza Peter",Asymmetric volatility spillover between hospitality sub-sectors during COVID-19: evidence from the USA,JOURNAL OF HOSPITALITY AND TOURISM INSIGHTS,2023,10.1108/JHTI-08-2022-0322,"Purpose - This article examines dynamic volatility spillovers between stock index returns of four main hospitality sub-sectors in US during the coronavirus disease 2019 (COVID-19) pandemic. These are tourism and travel, hotel and lodging, recreational services and food and beverages. Volatility spillovers are explicitly used as accurate and informative proxies for risk contagion between sectors during turbulent times. Design/methodology/approach - The authors employ dynamic conditional correlation-generalized autoregression heteroskedasticity (DCC-GARCH) and wavelet coherence analysis (WCA) to analyze the phenomenon. The authors' timeframe is divided into three main sub-periods, namely the pre-pandemic, the first wave and the second wave periods. Findings - This study's results reveal immense negative shocks in returns of all four sub-sectors on the Black Monday (8th March 2020). Moreover, high volatility persistence was observed during both waves with an exception of tourism and travel which exhibited lower volatility persistence during the second wave. The authors discovered magnified contagion effects between tourism and travel, hotel and lodgment and recreational services during the first wave of the pandemic with tourism and travel being the main volatility transmitter. Lower magnitudes of spillovers were observed between food and beverages and other sub-sectors with a decoupling effect being evident during the second wave. Research limitations/implications -This study's findings contribute to the contagion theory by providing evidence of disproportional volatility spillover among hospitality sub-sectors despite being exposed to similar turbulent economic conditions. Practical implications - Crucial implications can be drawn from this study's findings to assist in risk management, asset valuation and portfolio management. The importance of close monitoring, safety measures, international diversification and adequacy of liquid assets during health crises cannot be stresses enough for hospitality firms. Retail investors, speculators and asset managers can take advantage of this study's findings to design trading strategies and hedge against risk. Originality/value - A body of knowledge pertaining to effects of crises such as COVID-19 on hospitality stocks has been proliferating. Nonetheless, there is still a relative dearth of empirical literature on volatility spillover between hospitality sub-sectors especially during periods of rising economic uncertainties.",Hospitality sector; COVID-19; Volatility spillover; Travel and tourism; Hotel and lodging,STOCK; LINKAGES,Article,"Hospitality, Leisure, Sport & Tourism",Social Sciences - Other Topics,2514-9792,English,Z3FZ3,Q2,market_volatility_GarchHar_covid
"Lorenzo-Valdes, A","Lorenzo-Valdes, Arturo",Dynamic network analysis of stock indices in the Americas,ACADEMIA-REVISTA LATINOAMERICANA DE ADMINISTRACION,2025,10.1108/ARLA-11-2024-0265,"PurposeThis study examines dynamic interdependence among stock indices in the Americas and the effects of global crises on these interdependencies that underline contagion patterns across developed and emerging markets.Design/methodology/approachA Dynamic Conditional Correlation (DCC-EGARCH) model is applied to measure time-varying correlations among stock indices from countries in the Americas. Network measures-Normalized Tree Length (NTL), Average Path Length (APL) and Mean Occupation Layer (MOL)-are used to track shifts in market connectivity. At the same time, the Bai and Perron test is used to identify structural changes linked to global events such as COVID-19.FindingsResults show that crises increase market cohesion across the Americas, indicated by lower NTL and MOL values. This enhanced connectivity suggests that stock markets respond more synchronously during high-volatility periods, with the United States often central to the contagion network.Originality/valueThis study contributes to financial contagion research by applying dynamic network analysis to the Americas, offering tools to identify systemic risks. The findings provide insights for policymakers and investors into managing contagion risks in interconnected markets. Prop & oacute;sitoEste estudio examina la interdependencia din & aacute;mica entre los & iacute;ndices accionarios el continente americano y los efectos de las crisis globales en estas interdependencias que subrayan los patrones de contagio en los mercados desarrollados y emergentes.Dise & ntilde;o/metodolog & iacute;a/enfoqueSe aplica un modelo de correlaci & oacute;n condicional din & aacute;mica (DCC-EGARCH) para medir las correlaciones que var & iacute;an en el tiempo entre los & iacute;ndices accionarios de los pa & iacute;ses del continente americano. Se utilizan medidas de red (longitud de & aacute;rbol normalizada [NTL], longitud de trayectoria promedio [APL] y capa de ocupaci & oacute;n media [MOL]) para rastrear los cambios en la conectividad del mercado. Al mismo tiempo, se emplea la prueba de Bai y Perron para identificar cambios estructurales vinculados a eventos globales como el COVID-19.ResultadosLos resultados muestran que las crisis aumentan la cohesi & oacute;n del mercado en el continente americano, lo que se indica mediante valores de NTL y MOL m & aacute;s bajos. Esta conectividad mejorada sugiere que los mercados accionarios responden de manera m & aacute;s sincronizada durante los per & iacute;odos de alta volatilidad. Estados Unidos suele ser central en la red de contagio.Originalidad/valorEste estudio contribuye a la investigaci & oacute;n sobre el contagio financiero al aplicar el an & aacute;lisis din & aacute;mico de redes en el continente americano, ofreciendo herramientas para identificar riesgos sist & eacute;micos. Los hallazgos brindan informaci & oacute;n a los responsables de las pol & iacute;ticas y a los inversores para gestionar los riesgos de contagio en mercados interconectados.Prop & oacute;sitoEste estudio examina la interdependencia din & aacute;mica entre los & iacute;ndices accionarios el continente americano y los efectos de las crisis globales en estas interdependencias que subrayan los patrones de contagio en los mercados desarrollados y emergentes.Dise & ntilde;o/metodolog & iacute;a/enfoqueSe aplica un modelo de correlaci & oacute;n condicional din & aacute;mica (DCC-EGARCH) para medir las correlaciones que var & iacute;an en el tiempo entre los & iacute;ndices accionarios de los pa & iacute;ses del continente americano. Se utilizan medidas de red (longitud de & aacute;rbol normalizada [NTL], longitud de trayectoria promedio [APL] y capa de ocupaci & oacute;n media [MOL]) para rastrear los cambios en la conectividad del mercado. Al mismo tiempo, se emplea la prueba de Bai y Perron para identificar cambios estructurales vinculados a eventos globales como el COVID-19.ResultadosLos resultados muestran que las crisis aumentan la cohesi & oacute;n del mercado en el continente americano, lo que se indica mediante valores de NTL y MOL m & aacute;s bajos. Esta conectividad mejorada sugiere que los mercados accionarios responden de manera m & aacute;s sincronizada durante los per & iacute;odos de alta volatilidad. Estados Unidos suele ser central en la red de contagio.Originalidad/valorEste estudio contribuye a la investigaci & oacute;n sobre el contagio financiero al aplicar el an & aacute;lisis din & aacute;mico de redes en el continente americano, ofreciendo herramientas para identificar riesgos sist & eacute;micos. Los hallazgos brindan informaci & oacute;n a los responsables de las pol & iacute;ticas y a los inversores para gestionar los riesgos de contagio en mercados interconectados.",Financial networks; American stock indices; Dynamic correlation; Contagion; DCC-EGARCH model; Redes financieras; & Iacute;ndices burs & aacute;tiles americanos; Correlaci & oacute;n din & aacute;mica; Contagio; Modelo DCC-EGARCH; G01; G15; C32; F36,CONDITIONAL HETEROSKEDASTICITY; CONTAGION; MARKETS,Article,Business; Management,Business & Economics,1012-8255,English,9NI4X,Q2,market_volatility_GarchHar_covid
