Authors,Author Full Names,Article Title,Source Title,Publication Year,DOI,Abstract,Author Keywords,Keywords Plus,Document Type,WoS Categories,Research Areas,ISSN,Language,IDS Number,query_id,query_label
"Zeng, HJ; Wu, R; Abedin, MZ; Ahmed, AD","Zeng, Hongjun; Wu, Ran; Abedin, Mohammad Zoynul; Ahmed, Abdullahi D.",Forecasting Volatility of Australian Stock Market Applying WTC-DCA-Informer Framework,JOURNAL OF FORECASTING,2025,10.1002/for.3264,"This article proposed a novel hybrid framework, the WTC-DCA-Informer, for forecasting volatility in the Australian stock market. The findings indicated that (1) through a comprehensive comparison with various machine learning and deep learning models, the proposed WTC-DCA-Informer framework significantly outperformed traditional methods in terms of predictive performance. (2) Across different training set proportions, the WTC-DCA-Informer model demonstrated exceptional forecasting capabilities, achieving a coefficient of determination (R-2) as high as 0.9216 and a mean absolute percentage error (MAPE) as low as 13.6947%. (3) The model exhibited strong adaptability and robustness in responding to significant market fluctuations and structural changes before and after the outbreak of COVID-19. This study offers a new perspective and tool for forecasting financial market volatility, with substantial theoretical and practical implications for enhancing the efficiency and stability of financial markets.",Australian stock market; hybrid model; volatility forecasting; WTC-DCA-informer,ECONOMETRIC-MODELS; LONG MEMORY; HYBRID; BREAKS,Article,Economics; Management,Business & Economics,0277-6693,English,6GM3H,Q6,market_volatility_ai_ml_dl_covid
"Al-Maadid, A; Alhazbi, S; Al-Thelaya, K","Al-Maadid, Alanoud; Alhazbi, Saleh; Al-Thelaya, Khaled",Using machine learning to analyze the impact of coronavirus pandemic news on the stock markets in GCC countries,RESEARCH IN INTERNATIONAL BUSINESS AND FINANCE,2022,10.1016/j.ribaf.2022.101667,"COVID-19 has resulted in high volatility in financial markets across the world. The goal of this study is to investigate the impact of COVID-19-related news on the stock markets in Gulf Cooperation Council (GCC) countries. The study utilizes machine learning approaches to assess the role of COVID-19 news in stock return predictability in these markets. The results reveal that the stock markets in the United Arab Emirates (UAE), Qatar, Saudi Arabia, and Oman were impacted by coronavirus-related news; however, this news had no impact on the stocks in Bahrain. Moreover, the results indicate that the impacted markets were influenced differently in terms of the quantities and types of news.",COVID-19; Machine-learning; STOCK MARKETS; GCC,RETURNS; LIQUIDITY; RISK,Article,"Business, Finance",Business & Economics,0275-5319,English,1U5EI,Q6,market_volatility_ai_ml_dl_covid
"Jin, SS","Jin, Shangshang",A Comparative Analysis of Traditional and Machine Learning Methods in Forecasting the Stock Markets of China and the US,INTERNATIONAL JOURNAL OF ADVANCED COMPUTER SCIENCE AND APPLICATIONS,2024,,"In the volatile and uncertain financial markets of the post-COVID-19 era, our study conducts a comparative analysis of traditional econometric models-specifically, the AutoRegressive Integrated Moving Average (ARIMA) and Holt's Linear Exponential Smoothing (Holt's LES)-against advanced machine learning techniques, including Support Vector Regression (SVR), Long Short-Term Memory (LSTM) networks, and Gated Recurrent Units (GRU). Focused on the daily stock prices of the S&P 500 and SSE Index, the study utilizes a suite of metrics such as R-squared, RMSE, MAPE, and MAE to evaluate the forecasting accuracy of these methodologies. This approach allows us to explore how each model fares in capturing the complex dynamics of stock market movements in major economies like the U.S. and China amidst ongoing market fluctuations instigated by the pandemic. The findings reveal that while traditional models like ARIMA demonstrate strong predictive accuracy over short-term horizons, LSTM networks excel in capturing complex, non-linear patterns in the data, showcasing superior performance over longer forecast horizons. This nuanced comparison highlights the strengths and limitations of each model, with LSTM emerging as the most effective in navigating the unpredictable dynamics of post-pandemic financial markets. Our results offer crucial insights into optimizing forecasting methodologies for stock price predictions, aiding investors, policymakers, and scholars in making informed decisions amidst ongoing market challenges.",Machine learning; Holt's LES; SVR; LSTM; GRU,,Article,"Computer Science, Theory & Methods",Computer Science,2158-107X,English,G6C3U,Q6,market_volatility_ai_ml_dl_covid
"Toufighi, SP; Khani, AM; Rezasoltani, A; Sahebi, IG; Vang, J","Toufighi, Seyed Pendar; Khani, Amir Mohammad; Rezasoltani, Arman; Sahebi, Iman Ghasemian; Vang, Jan",Forecasting stock market anomalies in emerging markets: An OPTUNA-optimized isolation forest and K-means approach,MACHINE LEARNING WITH APPLICATIONS,2025,10.1016/j.mlwa.2025.100770,"Forecasting financial anomalies in emerging markets is critical for informed investment and risk management. This study proposes a novel machine learning framework that integrates an OPTUNA-optimized Isolation Forest algorithm with K-Means clustering to detect and classify stock market anomalies in Iran Khodro, one of Iran's largest automotive firms. Leveraging daily stock data from 2001 to 2022, the model enhances anomaly detection accuracy by tuning hyperparameters through Bayesian optimization, significantly reducing false positives compared to standard implementations. The K-Means clustering algorithm further segments the detected anomalies into meaningful behavioral categories based on price and trading volume dynamics. Results reveal distinct periods of market disruption aligned with major political and economic events, including sanctions, currency volatility, and the COVID-19 pandemic. This hybrid approach demonstrates a robust, efficient, and interpretable method for forecasting abnormal market behavior in high-volatility, low-transparency environments. The framework holds promise for broader application in forecasting stock anomalies across other emerging financial markets.",Financial anomalies; Isolation forest; Hyperparameter optimization; Emerging markets; Stock market forecasting,,Article,"Computer Science, Artificial Intelligence; Computer Science, Information Systems; Computer Science, Interdisciplinary Applications",Computer Science,,English,9WL5C,Q6,market_volatility_ai_ml_dl_covid
"Szczygielski, JJ; Charteris, A; Obojska, L; Brzeszczynski, J","Szczygielski, Jan Jakub; Charteris, Ailie; Obojska, Lidia; Brzeszczynski, Janusz",Capturing the timing of crisis evolution: A machine learning and directional wavelet coherence approach to isolating event-specific uncertainty using Google searches with an application to COVID-19,TECHNOLOGICAL FORECASTING AND SOCIAL CHANGE,2024,10.1016/j.techfore.2024.123319,"The phases of a crisis are critical to understanding its evolution. We construct an economic agent -determined machine learning -based Google search index that associates search terms with uncertainty to isolate COVID19-related uncertainty from overall uncertainty. Subsequently, we apply directional wavelet analysis that discriminates between positive and negative associations to study the evolving impact of the COVID-19 pandemic on financial market uncertainty and financial markets. Our approach permits us to delineate crisis phases with high precision according to information type. The analysis that follows suggests that policy responses impacted uncertainty and that the novelty of the COVID-19 outbreak had a significant impact on global stock markets. Regression analysis, wavelet entropy and partial wavelet coherence confirm the informational content of our uncertainty index. The approach presented in this study is applied to the COVID-19 crisis but is generalisable beyond the pandemic and can assist in decision -making during times of economic and financial market turmoil and should be of interest to policymakers, researchers and econometricians.",COVID-19; Google search trends; Machine learning; Financial markets; Crisis evolution; Uncertainty,ECONOMIC UNCERTAINTY; VARIABLE SELECTION; CROSS-VALIDATION; STOCK; VOLATILITY; SENTIMENT; US; DYNAMICS; SECTION; BITCOIN,Article,Business; Regional & Urban Planning,Business & Economics; Public Administration,0040-1625,English,UT3K4,Q6,market_volatility_ai_ml_dl_covid
"Ge, Q","Ge, Qing",Enhancing stock market Forecasting: A hybrid model for accurate prediction of S&P 500 and CSI 300 future prices,EXPERT SYSTEMS WITH APPLICATIONS,2025,10.1016/j.eswa.2024.125380,"This paper investigates the challenging domain of stock market prediction, a significant aspect of financial markets. It focuses on developing predictive models to forecast stock prices accurately, vital for mitigating losses and maximizing gains amidst the inherent unpredictability and volatility of the market. The study comprehensively analyzes various predictive models, including time series analysis and advanced machine learning techniques. It highlights the superiority of ensemble or hybrid models in enhancing prediction reliability. Central to this research is the development of a model incorporating detailed data collection, thorough analysis, and state-of-the-art machine learning methods, achieving notable predictive accuracy. This approach underscores the benefits of data-centric strategies in today's rapidly evolving business environment and the widespread applicability of predictive analytics. The model outperforms conventional methods by decomposing time series into simpler components and optimizing hyperparameters, thereby enhancing prediction accuracy, as demonstrated by performance testing on the S&P 500 and CSI 300 indices. The RMSE, MAE, and R-2 values of the MEME-AO-LSTM model are 27.12, 19.43, and 0.992, respectively, which serve as evidence of this. The model's generalizability and high performance are demonstrated by its efficacy in a variety of major markets, including the NASDAQ 100, Nikkei 225, FTSE, DAX, SSE, and KOSPI. Additionally, the model's adaptability under diverse market conditions is demonstrated through its evaluation of its robustness in response to significant events, such as the economic stimulus responses to the COVID-19 pandemic and the geopolitical tensions resulting from the tension and conflict between Russia and Ukraine. Consequently, the proposed methodology has the potential to help investors achieve substantial and advantageous returns.",Financial Markets; Multivariate Empirical Mode Decomposition; Aquila Optimizer; S & P 500; CSI 300; Stock price; Stock price,,Article,"Computer Science, Artificial Intelligence; Engineering, Electrical & Electronic; Operations Research & Management Science",Computer Science; Engineering; Operations Research & Management Science,0957-4174,English,G9K1M,Q6,market_volatility_ai_ml_dl_covid
"Sharma, GD; Erkut, B; Jain, M; Kaya, T; Mahendru, M; Srivastava, M; Uppal, RS; Singh, S","Sharma, Gagan Deep; Erkut, Burak; Jain, Mansi; Kaya, Tugberk; Mahendru, Mandeep; Srivastava, Mrinalini; Uppal, Raminder Singh; Singh, Sanjeet",Sailing through the COVID-19 Crisis by Using AI for Financial Market Predictions,MATHEMATICAL PROBLEMS IN ENGINEERING,2020,10.1155/2020/1479507,"The outbreak of COVID-19 has brought the world to an unprecedented position where financial and mental resources are drying up. Livelihoods are being lost, and it is becoming tough to save lives. These are the times to think of unprecedented solutions to the financial challenges being faced. Artificial intelligence (AI) has provided a fresh approach to finance through its implementation in the prediction of financial market prices by promising more generalizable results for stock market forecasting. Immense literature has attempted to apply AI and machine learning for predicting stock market returns and volatilities. The research on the applications of AI in finance lacks a consolidated overview of different research directions, findings, methodological approaches, and contributions. Therefore, there is a need to consolidate the extant literature in this upcoming field to consolidate the findings, identify the research gaps in the existing literature, and set a research agenda for future researchers. This paper addresses this need by synthesizing the extant literature in the form of a systematic review for addressing the use of AI in stock market predictions and interpreting the results in a narrative review. The gap formed through this article is the use of a combination of AI as a subject with the neural network as another area and stock market forecasting as another theme, and it will pave the way for future research studies. The analyses help highlight four important gaps in the existing literature on the subject.",,ARTIFICIAL NEURAL-NETWORKS; DETECTING TEMPORAL PATTERNS; FORECASTING STOCK-PRICE; INFERENCE SYSTEM ANFIS; FUZZY-LOGIC; COMPUTATIONAL INTELLIGENCE; PORTFOLIO OPTIMIZATION; GENETIC ALGORITHMS; COMPONENT ANALYSIS; MODEL,Review,"Engineering, Multidisciplinary; Mathematics, Interdisciplinary Applications",Engineering; Mathematics,1024-123X,English,PU7NF,Q6,market_volatility_ai_ml_dl_covid
"Li, MC; Lin, WC; Wei, YJ; Wang, SY; Heng, JN","Li, Mingchen; Lin, Wencan; Wei, Yunjie; Wang, Shouyang; Heng, Jiani",What affects the price of Bitcoin? Evidence from game theory and machine learning,APPLIED ECONOMICS LETTERS,2025,10.1080/13504851.2023.2289391,"To explain the volatility of the Bitcoin price, a total of 23 elements from four domains (Bitcoin-related indicators, financial market, exchange rates and commodities, and social sentiment) were collected. With the application of machine learning and game theory, experimental results demonstrate that S&P 500 is the most significant factor on the Bitcoin price and the safe haven effect of Bitcoin for the stock market failed when the Bitcoin price rose and the COVID-19 spread.",Bitcoin price; explainable artificial intelligence; SHapley Additive exPlanations; S&P 500,,Article,Economics,Business & Economics,1350-4851,English,Z7S4D,Q6,market_volatility_ai_ml_dl_covid
"Jin, SS","Jin, Shangshang",A Comparative Analysis of Traditional and Machine Learning Methods in Forecasting the Stock Markets of China and the US,INTERNATIONAL JOURNAL OF ADVANCED COMPUTER SCIENCE AND APPLICATIONS,2024,,"-In the volatile and uncertain financial markets of the post-COVID-19 era, our study conducts a comparative analysis of traditional econometric models-specifically, the AutoRegressive Integrated Moving Average (ARIMA) and Holt's Linear Exponential Smoothing (Holt's LES)-against advanced machine learning techniques, including Support Vector Regression (SVR), Long Short-Term Memory (LSTM) networks, and Gated Recurrent Units (GRU). Focused on the daily stock prices of the S&P 500 and SSE Index, the study utilizes a suite of metrics such as R-squared, RMSE, MAPE, and MAE to evaluate the forecasting accuracy of these methodologies. This approach allows us to explore how each model fares in capturing the complex dynamics of stock market movements in major economies like the U.S. and China amidst ongoing market fluctuations instigated by the pandemic. The findings reveal that while traditional models like ARIMA demonstrate strong predictive accuracy over short-term horizons, LSTM networks excel in capturing complex, non-linear patterns in the data, showcasing superior performance over longer forecast horizons. This nuanced comparison highlights the strengths and limitations of each model, with LSTM emerging as the most effective in navigating the unpredictable dynamics of post-pandemic financial markets. Our results offer crucial insights into optimizing forecasting methodologies for stock price predictions, aiding investors, policymakers, and scholars in making informed decisions amidst ongoing market challenges.",-Machine learning; Holt's LES; SVR; LSTM; GRU,,Article,"Computer Science, Theory & Methods",Computer Science,2158-107X,English,I0H9F,Q6,market_volatility_ai_ml_dl_covid
"Lin, HY; Hsu, BW","Lin, Hsio-Yi; Hsu, Bin-Wei",Application of hybrid fuzzy interval-based machine learning models on financial time series - A case study of Taiwan biotech index during the epidemic period,FRONTIERS IN ARTIFICIAL INTELLIGENCE,2024,10.3389/frai.2023.1283741,"In recent years, the use of machine learning to predict stock market indices has emerged as a vital concern in the FinTech domain. However, the inherent nature of point estimation in traditional supervised machine learning models leads to an almost negligible probability of achieving perfect predictions, significantly constraining the applicability of machine learning prediction models. This study employs 4 machine learning models, namely BPN, LSTM, RF, and ELM, to establish predictive models for the Taiwan biotech index during the COVID-19 period. Additionally, it integrates the Gaussian membership function MF from fuzzy theory to develop 4 hybrid fuzzy interval-based machine learning models, evaluating their predictive accuracy through empirical analysis and comparing them with conventional point estimation models. The empirical data is sourced from the financial time series of the M1722 Listed Biotechnology and Medical Care Index compiled by the Taiwan Economic Journal during the outbreak of the COVID-19 pandemic, aiming to understand the effectiveness of machine learning models in the face of significant disruptive factors like the pandemic. The findings demonstrate that despite the influence of COVID-19, machine learning remains effective. LSTM performs the best among the models, both in traditional mode and after fuzzy interval enhancement, followed by the ELM and RF models. The predictive results of these three models reach a certain level of accuracy and all outperform the BPN model. Fuzzy-LSTM effectively predicts at a 68% confidence level, while Fuzzy-ELM and Fuzzy-RF yield better results at a 95% confidence level. Fuzzy-BPN exhibits the lowest predictive accuracy. Overall, the fuzzy interval-based LSTM excels in time series prediction, suggesting its potential application in forecasting time series data in financial markets to enhance the efficacy of investment analysis for investors.",hybrid fuzzy interval-based machine learning model; BPN; LSTM; Random Forest; ELM; financial time series,STOCK-MARKET PRICES; NEURAL-NETWORKS; PREDICTION; VOLATILITY; DIRECTION,Article,"Computer Science, Artificial Intelligence; Computer Science, Information Systems",Computer Science,,English,GS7G5,Q6,market_volatility_ai_ml_dl_covid
"Billah, M","Billah, Mabruk","Unraveling financial interconnectedness: A quantile VAR model analysis of AI-based assets, sukuk, and islamic equity indices",RESEARCH IN INTERNATIONAL BUSINESS AND FINANCE,2025,10.1016/j.ribaf.2024.102718,"This study delves into the interrelationships among AI-based financial assets, Sukuk, and Islamic equity indices in the financial markets using the Quantile VAR Model over the period from May 7, 2019, to May 31, 2024. The primary focus is on analyzing the linkages and connectedness between diverse market segments, with an emphasis on tail-based dependencies. The research also considers the impact of various market variables to shed light on how spillovers between different market segments at different quantiles are influenced. The findings indicate varying degrees of interconnectedness across upper, average, and lower quantiles, with fluctuating intensity in return spillovers over time. Notably, extreme high (E.H.) and low (E.L.) conditions, such as those present during events like the COVID-19 pandemic, the Russia-Ukraine conflict, and the PalestineIsrael conflicts, demonstrate parallel dependencies and distinct market behaviors. The directional effects assessments reveal changing levels of connectedness between different market indices over time, with shifts from receivers to transmitters and vice versa. The insights from this study have practical implications for policymakers and market participants, as they offer crucial guidance for developing effective regulatory policies, investment strategies, and risk management approaches in the dynamic financial landscape.",Artificial intelligence; Extreme Volatility; Financial Markets; Quantile VAR; Risk Spillovers; Tail Dependence; COVID-19; Russia-Ukraine conflict,IMPULSE-RESPONSE ANALYSIS; INVESTMENT STRATEGIES; STOCK MARKETS; VOLATILITY; OIL; CRYPTOCURRENCIES; CONNECTEDNESS; PRICES; SPILLOVERS; CRISIS,Article,"Business, Finance",Business & Economics,0275-5319,English,S6K9Y,Q6,market_volatility_ai_ml_dl_covid
"Anwer, Z; Boulanouar, Z; Farid, S; Akhtar, A","Anwer, Zaheer; Boulanouar, Zakaria; Farid, Saqib; Akhtar, Amoon",Dynamic connectedness among global technology-linked financial assets: Portfolio implications,RESEARCH IN INTERNATIONAL BUSINESS AND FINANCE,2026,10.1016/j.ribaf.2026.103461,"While extensive research exists on financial interlinkages, contagion effects, and diversification across various asset classes, the literature remains limited in examining the dynamic interdependencies among emerging tech-driven financial markets, namely cryptocurrencies, AI and Robotics, and FinTech, especially when considered jointly. Our study fills this gap by analyzing the co-movement and dynamic interdependencies among these assets during periods of turmoil, including the COVID-19 outbreak and the geopolitical instability resulting from the RussiaUkraine war. Accordingly, it provides valuable empirical evidence on the behavior of techbased financial markets during extreme market events. The study also explores the implications of co-movement patterns for diversification and risk management within these markets. Using wavelet-based methods, specifically rolling window wavelet correlations and wavelet coherence, the analysis draws on daily data from six global tech-based indices spanning March 1, 2017, to March 23, 2023. The findings reveal generally weak co-movements at short- to mediumterm frequencies, while significant interdependencies emerge at longer horizons, particularly during the COVID-19 and Russia-Ukraine crises. In frequency-specific terms, the results show that short- and medium-term investment horizons exhibit limited connectedness, even during major crises such as COVID-19 and the Russia-Ukraine conflict. However, at longer-term horizons, episodes of significant correlation arise, especially during these crisis periods. These findings have important implications for investors and portfolio managers in assessing diversification potential, understanding risk transmission, and informing portfolio risk management decisions. They also provide insights for policymakers and regulators seeking to strengthen financial system resilience.",Co-movement; Interdependency; Cryptocurrencies; FinTech; Artificial Intelligence; Wavelet Coherence; COVID-19; Russia-Ukraine conflict,WAVELET TRANSFORM; STOCK MARKETS; VOLATILITY; BITCOIN; CRYPTOCURRENCIES; INTEGRATION; COMMODITIES; SPILLOVERS; CONTAGION; COHERENCE,Article,"Business, Finance",Business & Economics,0275-5319,English,JJ1OM,Q6,market_volatility_ai_ml_dl_covid
"Yang, C; Abedin, MZ; Zhang, HW; Weng, FT; Hajek, P","Yang, Cai; Abedin, Mohammad Zoynul; Zhang, Hongwei; Weng, Futian; Hajek, Petr",An interpretable system for predicting the impact of COVID-19 government interventions on stock market sectors,ANNALS OF OPERATIONS RESEARCH,2025,10.1007/s10479-023-05311-8,"Evaluating and understanding the financial impacts of COVID-19 has emerged as an urgent research agenda. Nevertheless, the impacts of government interventions on stock markets remain poorly understood. This study explores, for the first time, the impact of COVID-19 related government intervention policies on different stock market sectors using explainable machine learning-based prediction models. The empirical findings suggest that the LightGBM model provides excellent prediction accuracy while preserving computationally efficient and easy explainability of the model. We also find that COVID-19 government interventions are better predictors of stock market volatility than stock market returns. We further show that the observed effects of government intervention on the volatility and returns of ten stock market sectors are heterogeneous and asymmetrical. Our findings have important implications for policymakers and investors in terms of promoting balance and sustaining prosperity across industry sectors through government interventions.",COVID-19; Government interventions; Stock market; SHapley Additive exPlanations,PRICES,Article,Operations Research & Management Science,Operations Research & Management Science,0254-5330,English,2JT0A,Q6,market_volatility_ai_ml_dl_covid
"Mian, TS","Mian, Tariq Saeed",Evaluation of Stock Closing Prices using Transformer Learning,ENGINEERING TECHNOLOGY & APPLIED SCIENCE RESEARCH,2023,10.48084/etasr.6017,"Predicting stock markets remains a critical and challenging task due to many factors, such as the enormous volume of generated price data, instant price data changes, and sensitivity to human sentiments, wars, and natural disasters. Since the previous three years of the COVID-19 pandemic, forecasting stock markets is more difficult, complex, and problematic for stock market analysts. However, technical analysts of the stock market and academic researchers are continuously trying to develop innovative and modern methods for forecasting stock market prices, using statistical techniques, machine learning, and deep learning-based algorithms. This study investigated a Transformer sequential-based approach to forecast the closing price for the next day. Ten sliding window timesteps were used to forecast next-day stock closing prices. This study aimed to investigate reliable techniques based on stock input features. The proposed Transformer-based method was compared with ARIMA, Long-Short Term Memory (LSTM), and Random Forest (RF) algorithms, showing its outstanding results on Yahoo Finance data, Facebook Intra data, and JPMorgan's Intra data. Each model was evaluated using Mean Absolute Error (MSE), Root Mean Square Error (RMSE), and Mean Absolute Percentage Error (MAPE).",-stock prediction; ARIMA; SARIMA; LSTM; transformer; stock volatility; stock market; stock market prediction; machine learning; deep learning,PREDICTION,Article,"Engineering, Multidisciplinary",Engineering,2241-4487,English,Y7FA9,Q6,market_volatility_ai_ml_dl_covid
"Xia, ZY; Chen, JF; Sun, AC","Xia, Ziyuan; Chen, Jeffrey; Sun, Anchen",Mining the relationship between COVID-19 sentiment and market performance,PLOS ONE,2024,10.1371/journal.pone.0306520,"In March 2020, the outbreak of COVID-19 precipitated one of the most significant stock market downturns in recent history. This paper explores the relationship between public sentiment related to COVID-19 and stock market fluctuations during the different phases of the pandemic. Utilizing natural language processing and sentiment analysis, we examine Twitter data for pandemic-related keywords to assess whether these sentiments can predict changes in stock market trends. Our analysis extends to additional datasets: one annotated by market experts to integrate professional financial sentiment with market dynamics, and another comprising long-term social media sentiment data to observe changes in public sentiment from the pandemic phase to the endemic phase. Our findings indicate a strong correlation between the sentiments expressed on social media and market volatility, particularly sentiments directly associated with stocks. These insights validate the effectiveness of our Sentiment(S)-LSTM model, which helps to understand the evolving dynamics between public sentiment and stock market trends from 2020 through 2023, as the situation shifts from pandemic to endemic and approaches new normalcy.",,STOCK-MARKET; BEHAVIOR; MEDIA,Article,Multidisciplinary Sciences,Science & Technology - Other Topics,1932-6203,English,XX2C1,Q6,market_volatility_ai_ml_dl_covid
"Baek, S; Mohanty, SK; Glambosky, M","Baek, Seungho; Mohanty, Sunil K.; Glambosky, Mina",COVID-19 and stock market volatility: An industry level analysis,FINANCE RESEARCH LETTERS,2020,10.1016/j.frl.2020.101748,"COVID-19 has had significant impact on US stock market volatility. This study focuses on understanding the regime change from lower to higher volatility identified with a Markov Switching AR model. Utilizing machine learning feature selection methods, economic indicators are chosen to best explain changes in volatility. Results show that volatility is affected by specific economic indicators and is sensitive to COVID-19 news. Both negative and positive COVID-19 information is significant, though negative news is more impactful, suggesting a negativity bias. Significant increases in total and idiosyncratic risk are observed across all industries, while changes in systematic risk vary across industry.",COVID-19; Stock market volatility; Industry; Total risk; Idiosyncratic risk; Machine Learning Feature Selection,,Article,"Business, Finance",Business & Economics,1544-6123,English,PB8DI,Q6,market_volatility_ai_ml_dl_covid
"Khalfaoui, R; Ben Jabeur, S; Hammoudeh, S; Ben Arfi, W","Khalfaoui, Rabeh; Ben Jabeur, Sami; Hammoudeh, Shawkat; Ben Arfi, Wissal","The role of political risk, uncertainty, and crude oil in predicting stock markets: evidence from the UAE economy",ANNALS OF OPERATIONS RESEARCH,2025,10.1007/s10479-022-04824-y,"This study examines how the determinants of the political risk factor affect the forecasting performance of the United Arab Emirates' stock market during the COVID-19 pandemic. The empirical investigations of this goal are conducted through using new machine learning models including a linear regression, an artificial neural network, a random forest, an extreme gradient boosting (XGBoost), and a light gradient boosting (LightGBM). We also use a game theory-based model the SHapley Additive explanation (SHAP) interpretation framework to evaluate the most important features for predicting the UAE's stock market prices. The experimental results show that the LightGBM and XGBoost outperform the traditional machine learning models such as the linear regression and produce a holistic probability distribution over the entire outcome space, which helps quantify the uncertainties related to the effect of the COVID-19 pandemic on predicting the UAE's stock market. The novel SHAP algorithm also provides insights in interpreting the complex black box architecture of the machine learning models to help predict this country's stock prices. The results provide important implications for the political risk management in periods akin to the COVID-19 pandemic.",Forecasting; Machine learning; Emerging stock market; GGM network; LASSO method,VOLATILITY; NETWORKS; PRICE; IMPACT; RETURN; DEEP; CONNECTEDNESS; FLUCTUATIONS; ALGORITHMS; CENTRALITY,Article,Operations Research & Management Science,Operations Research & Management Science,0254-5330,English,Y8G3X,Q6,market_volatility_ai_ml_dl_covid
"Das, N; Sadhukhan, B; Chatterjee, T; Chakrabarti, S","Das, Nabanita; Sadhukhan, Bikash; Chatterjee, Tanusree; Chakrabarti, Satyajit",Effect of public sentiment on stock market movement prediction during the COVID-19 outbreak,SOCIAL NETWORK ANALYSIS AND MINING,2022,10.1007/s13278-022-00919-3,"Forecasting the stock market is one of the most difficult undertakings in the financial industry due to its complex, volatile, noisy, and nonparametric character. However, as computer science advances, an intelligent model can help investors and analysts minimize investment risk. Public opinion on social media and other online portals is an important factor in stock market predictions. The COVID-19 pandemic stimulates online activities since individuals are compelled to remain at home, bringing about a massive quantity of public opinion and emotion. This research focuses on stock market movement prediction with public sentiments using the long short-term memory network (LSTM) during the COVID-19 flare-up. Here, seven different sentiment analysis tools, VADER, logistic regression, Loughran-McDonald, Henry, TextBlob, Linear SVC, and Stanford, are used for sentiment analysis on web scraped data from four online sources: stock-related articles headlines, tweets, financial news from Economic Times and Facebook comments. Predictions are made utilizing both feeling scores and authentic stock information for every one of the 28 opinion measures processed. An accuracy of 98.11% is achieved by using linear SVC to calculate sentiment ratings from Facebook comments. Thereafter, the four estimated sentiment scores from each of the seven instruments are integrated with stock data in a step-by-step fashion to determine the overall influence on the stock market. When all four sentiment scores are paired with stock data, the forecast accuracy for five out of seven tools is at its most noteworthy, with linear SVC computed scores assisting stock data to arrive at its most elevated accuracy of 98.32%.",Web scraping; Sentiment analysis; Stock market prediction; Deep learning,,Article,"Computer Science, Information Systems",Computer Science,1869-5450,English,3F5LI,Q6,market_volatility_ai_ml_dl_covid
"Yousaf, I; Ohikhuare, OM; Li, Y; Li, YS","Yousaf, Imran; Ohikhuare, Obaika M.; Li, Yong; Li, Yanshuang",Interconnectedness between electricity and artificial intelligence-based markets during the crisis periods: Evidence from the TVP-VAR approach,ENERGY ECONOMICS,2024,10.1016/j.eneco.2024.107885,"This paper examines the returns and volatilities connectedness between the electricity and AI-based markets using the Time-Varying Parameter Vector Autoregression (TVP-VAR) approach. Our sample covers the COVID-19 and Russia-Ukraine conflict-based sub-periods, and the time-varying results provide valuable insights into these two crisis episodes. Further, we estimate the determinants of returns and volatility spillovers between the electricity and AI stock markets. The following findings are apparent in our study: certain AI stocks are considered safer investments during high market risks and uncertainties; being the highest receiver of system shocks does not equate to the most vulnerability. The alternative electricity market acts as a net pairwise shock transmitter to the conventional electricity market; MSFT is the dominant asset in the system of network connectedness between the electricity and AI stock markets. Systemic and market risks and assets like Gold, Bitcoin, and BONDS significantly drive spillover interconnectedness between these electricity and artificial intelligence stock markets. These findings have implications for investors and policymakers.",TVP-VAR; Return spillover; Spillover drivers; AI-based stocks; Electricity market crisis,VOLATILITY SPILLOVERS; SAFE HAVEN; CRUDE-OIL; STOCK; ENERGY; PERFORMANCE; MANAGEMENT; DEMAND; PRICES; SYSTEM,Article,Economics,Business & Economics,0140-9883,English,G3O8C,Q6,market_volatility_ai_ml_dl_covid
"Asim, M; Khan, MY; Shafi, K","Asim, Muhammad; Khan, Muhammad Yar; Shafi, Khuram",Investigation of herding behavior using machine learning models,REVIEW OF BEHAVIORAL FINANCE,2024,10.1108/RBF-05-2023-0121,"PurposeThe study aims to investigate the presence of herding behavior in the stock market of UK with a special emphasis on news sentiment regarding the economy. The authors focus on the news sentiment because in the current digital era, investors take their decision making on the basis of current trends projected by news and media platforms.Design/methodology/approachFor empirical modeling, the authors use machine learning models to investigate the presence of herding behavior in UK stock market for the period starting from 2006 to 2021. The authors use support vector regression, single layer neural network and multilayer neural network models to predict the herding behavior in the stock market of the UK. The authors estimate the herding coefficients using all the models and compare the findings with the linear regression model.FindingsThe results show a strong evidence of herding behavior in the stock market of the UK during different time regimes. Furthermore, when the authors incorporate the economic uncertainty news sentiment in the model, the results show a significant improvement. The results of support vector regression, single layer perceptron and multilayer perceptron model show the evidence of herding behavior in UK stock market during global financial crises of 2007-08 and COVID'19 period. In addition, the authors compare the findings with the linear regression which provides no evidence of herding behavior in all the regimes except COVID'19. The results also provide deep insights for both individual investors and policy makers to construct efficient portfolios and avoid market crashes, respectively.Originality/valueIn the existing literature of herding behavior, news sentiment regarding economic uncertainty has not been used before. However, in the present era this parameter is quite critical in context of market anomalies hence and needs to be investigated. In addition, the literature exhibits varying results about the existence of herding behavior when different methodologies are used. In this context, the use of machine learning models is quite rare in the herding literature. The machine learning models are quite robust and provide accurate results. Therefore, this research study uses three different models, i.e. single layer perceptron model, multilayer perceptron model and support vector regression model to investigate the herding behavior in the stock market of the UK. A comparative analysis is also presented among the results of all the models. The study sheds light on the importance of economic uncertainty news sentiment to predict the herding behavior.",Behavioural finance; Herding behaviour; Machine learning; C22; C58; G01; G15; G41,STOCK; SENTIMENT; IMPACT; EQUILIBRIUM; INFORMATION; VOLATILITY; INSIGHTS; MARKETS; PRICES; MEDIA,Article,"Business, Finance",Business & Economics,1940-5979,English,OQ4R2,Q6,market_volatility_ai_ml_dl_covid
"Caiado, J; Lúcio, F","Caiado, Jorge; Lucio, Francisco",Stock market forecasting accuracy of asymmetric GARCH models during the COVID-19 pandemic,NORTH AMERICAN JOURNAL OF ECONOMICS AND FINANCE,2023,10.1016/j.najef.2023.101971,"We propose a new clustering approach for comparing financial time series and employ it to study how the COVID-19 pandemic affected the U.S. stock market. Essentially, we compute the forecast accuracy of asymmetric GARCH models applied to S&P500 industries and use the model forecast errors for different horizons and cut-off points to calculate a distance matrix for the stock indices. Hierarchical clustering algorithms are used to assign the set of industries into clusters. We found homogeneous clusters of industries in terms of the impact of COVID-19 on US stock market volatility. The industries most affected by the pandemic and with less accurate stock market prediction (Hotels, Airline, Apparel, Accessories & Luxury Goods, and Automobile) are separated in Euclidean distance from those industries that were less impacted by COVID-19 and which had more accurate forecasting (Pharmaceuticals, Internet & Direct Marketing Retail, Data Processing, and Movies & Entertainment).",Cluster analysis; COVID-19; Forecast accuracy; Threshold GARCH model; S & P500; Unsupervised machine learning,TIME-SERIES,Article,"Business, Finance; Economics",Business & Economics,1062-9408,English,T0DR4,Q6,market_volatility_ai_ml_dl_covid
"Melina; Sukona; Napitupulu, H; Mohamed, N","Melina, Herlina; Sukona, Norizan; Napitupulu, Herlina; Mohamed, Norizan",A Conceptual Model of Investment-Risk Prediction in the Stock Market Using Extreme Value Theory with Machine Learning: A Semisystematic Literature Review,RISKS,2023,10.3390/risks11030060,"The COVID-19 pandemic has been an extraordinary event, the type of event that rarely occurs but that has major impacts on the stock market. The pandemic has created high volatility and caused extreme fluctuations in the stock market. The stock market can be characterized as either linear or nonlinear. One method that can detect extreme fluctuations is extreme value theory (EVT). This study employed a semisystematic literature review on the use of the EVT method to estimate investment risk in the stock market. The literature used was selected by applying the preferred reporting items for systematic review and meta-analyses (PRISMA) guidelines, sourced from the ScienceDirect.com, ProQuest, and Scopus databases. A bibliometric analysis was conducted to determine the study characteristics and identify any research gaps. The results of the analysis show that studies on this topic are rarely carried out. Research in this field is generally performed only in univariate cases and is very complicated in multivariate cases. Given these limitations, further research could focus on developing a conceptual model that is dynamic and sensitive to extreme fluctuations, with multivariable inputs, in order to predict investment risk. The model developed here considered the variables that affect stock price fluctuations as the input data. The combination of VaR-EVT and machine-learning methods is effective in increasing model accuracy because it combines linear and nonlinear models.",COVID-19; extreme value theory; machine learning; nonlinear; VaR,TIME; RETURN,Review,"Business, Finance",Business & Economics,,English,C2GY9,Q6,market_volatility_ai_ml_dl_covid
"Lachaab, M; Omri, A","Lachaab, Mohamed; Omri, Abdelwahed",Machine and deep learning-based stock price prediction during the COVID-19 pandemic: the case of CAC 40 index,EUROMED JOURNAL OF BUSINESS,2024,10.1108/EMJB-05-2022-0104,"PurposeThe goal of this study is to investigate the predictive performance of the machine and deep learning methods in predicting the CAC 40 index and its 40 constituent prices of the French stock market during the COVID-19 pandemic. The study objective in forecasting the CAC 40 index is to analyze if the index and the individual prices will preserve the continuous increase they acquired at the beginning of the administration of vaccination and containment measures or if the negative effect of the pandemic will be reflected in the future.Design/methodology/approachThe authors apply two machine and deep learning methods (KNN and LSTM) and compare their performances to ARIMA time series model. Two scenarios have been considered: optimistic (high values) and pessimistic (low values) and four periods are examined: the period before COVID-19 pandemic, the period during the COVID-19, and the period of vaccination and containment. The last period is divided into two sub-periods: the test period and the prediction period.FindingsThe authors found that the KNN method performed better than LSTM and ARIMA in forecasting the CAC 40 index for both scenarios. The authors also identified that the positive effect of vaccination and containment outweighs the negative effect of the pandemic, and the recovery pattern is not even among major companies in the stock market.Practical implicationsThe study empirical results have valuable practical implications for companies in the stock market to respond to unexpected events such as COVID-19, improve operational efficiency and enhance long-term competitiveness. Companies in the transportation sector should consider additional investment in R&D on communication and information technology, accelerate their digital capabilities, at least in some parts of their businesses, develop plans for lights out factories and supply chains to keep pace with changing times, and even include big data resources. Additionally, they should also use a mix of financing sources and securities in order to diversify their capital structure, and not rely only on equity financing as their share prices are volatile and below the pre-pandemic level. Considering portfolio allocation, the transportation sector was severely affected by the pandemic. This displays that transportation equities fail to be a candidate as a good diversifier during the health crisis. However, the diversification would be worth it while including assets related to the banking and industrial sectors. On another strand, the instability of this period induced an informational asymmetry among investors. This pessimistic mood affected the assets' value and created a state of disequilibrium opening up more opportunities to benefit from potential arbitrage profits.Originality/valueThe impact of COVID-19 on stock markets is significant and affects investor behavior, who suffered amplified losses in a very short period of time. In this regard, correct and well-informed decision-making by investors and other market participants requires careful analysis and accurate prediction of the stock markets during the pandemic. However, few studies have been conducted in this area, and those studies have either concentrated on some specific stock markets or did not apply the powerful machine learning and deep learning techniques such as LSTM and KNN. To the best of our knowledge, no research has been conducted that used these techniques to assess and forecast the CAC 40 French stock market during the pandemic. This study tries to close this gap in the literature.",CAC 40 index; COVID-19; KNN; LSTM; Machine and deep learning; Stock markets,MARKET; REGRESSION,Article,Business,Business & Economics,1450-2194,English,M8N8Y,Q6,market_volatility_ai_ml_dl_covid
"Pawanesh, P; Sharma, C; Sahni, N","Pawanesh, Pawanesh; Sharma, Charu; Sahni, Niteesh",Analyzing communicability and connectivity in the Indian stock market during crises,JOURNAL OF COMPLEX NETWORKS,2025,10.1093/comnet/cnaf026,"Understanding how information flows through the financial networks is important, especially during times of market turbulence. Unlike traditional assumptions where information travels along the shortest paths, real-world diffusion processes often follow multiple routes. To capture this complexity, we apply communicability, a network measure that quantifies the ease of information flow between nodes, even beyond the shortest path. In this study, we aim to examine how communicability responds to structural disruptions in financial networks during periods of high volatility. We compute communicability-based metrics on correlation-derived networks constructed from financial market data, and apply statistical testing through permutation methods to identify significant shifts in network structure. Our results show that approximately 70% and 80% of stock pairs exhibit statistically significant changes in communicability during the global financial crisis and the unprecedented COVID-19 crisis, respectively, at a significance level of 0.001. The observed shifts in shortest communicability path lengths offer directional cues about the nature and depth of each crisis. Furthermore, when used as features in machine learning classification models, communicability measures outperform the shortest-path-based measures in distinguishing between market stability and volatility periods. The performance of geometric measures was also comparable to that of topology-based measures. These findings offer valuable insights into the dynamic behavior of financial markets during times of crises and underscore the practical relevance of communicability in modeling systemic risk and information diffusion in complex networks.",financial network analysis; complex network; communicability measure; support vector machine,CENTRALITY; NETWORKS; SELECTION; GEOMETRY,Article,"Mathematics, Interdisciplinary Applications",Mathematics,2051-1310,English,6WF3C,Q6,market_volatility_ai_ml_dl_covid
"Li, ZP; Ma, F; Lu, XJ","Li, Zepei; Ma, Feng; Lu, Xinjie",Financial risk management innovation in energy market: Evidence from a machine learning hybrid model,ENERGY ECONOMICS,2025,10.1016/j.eneco.2025.108360,"This study employs a novel hybrid machine learning model that combines principal component analysis (PCA) and the least absolute shrinkage and selection operator (LASSO) methods. It explored the relationships between 19 kinds of commodities and 14 international stock market indices, taking the volatility of international stock market indices as a predictive factor. We discover that the LASSO-PCA model has significant predictive power for the energy market. Furthermore, through the analysis of different special periods (such as periods of high and low volatility, the COVID-19 pandemic, and the Russia-Ukraine conflict), it is verified that the model can still stably predict the energy market in various market environments. This research result showcases the application value of machine learning methods in analyzing the energy market, which is of great significance for financial risk management innovation and investor decision-making in the energy market.",Risk management; Financial innovation; Energy market; Machine learning; LASSO,VOLATILITY SPILLOVERS; STOCK-MARKET; OIL PRICES; COMMODITY; CHINA; IMPACT,Article,Economics,Business & Economics,0140-9883,English,0IF9D,Q6,market_volatility_ai_ml_dl_covid
"Feng, LB; Shi, JY; Kutan, AM","Feng, Lingbing; Shi, Jingyi; Kutan, Ali M.",Your fear is (partly) mine: the role of non-VIX volatility in forecasting regional stock market volatility using interpretable machine learning,JOURNAL OF INTERNATIONAL MONEY AND FINANCE,2026,10.1016/j.jimonfin.2025.103467,"We extend earlier work on the information content of the US implied volatility index (VIX) in cross-market forecasting by providing evidence on the information content of several non-VIX market volatility indexes on local and regional stock market volatility. To do so, we employ dynamic automated machine learning models to examine their forecasting performance and spillover effects by considering four advanced markets (the US, Germany, Japan, and Hong Kong) and two emerging markets (China and India). The sample includes five-minute high-frequency data from March 2, 2015, to March 1, 2024. The results show that (1) the local volatility index has the most significant forecasting effect on the local stock market, particularly during periods of market stability; (2) the VIX has significant forecasting spillover effects, but its forecasting role is weaker in the two emerging markets than in the developed markets; (3) after the outbreak of the COVID-19 pandemic, the predictability of the US (Chinese) stock market declined (increased) and the information content of the reconstructed Chinese market implied volatility index (CVIX) rose significantly, surpassing the role of VIX; and (4) the spillover effect is asymmetric, and the intensity of cross-market contagion is greater during market turbulence, especially in developed markets with significant resonance effects. The findings are useful for investors and managers in managing portfolio risks and designing investment strategies across regions and markets and have significant implications for policy makers and central banks as they implement effective financial stability policies to deal with the transmission of non-VIX volatility spillovers to national stock markets.",Dynamic automated machine learning models; Implied volatility indexes; Portfolio risk; Spillover effects; Stock market; Volatility forecasting,IMPLIED VOLATILITY; INFORMATIONAL CONTENT; VARIABLE SELECTION; REGRESSION; INDEX; RETURN; OIL; MODEL,Article,"Business, Finance",Business & Economics,0261-5606,English,C9840,Q6,market_volatility_ai_ml_dl_covid
"Andreev, B; Sermpinis, G; Stasinakis, C","Andreev, Boris; Sermpinis, Georgios; Stasinakis, Charalampos",Modelling Financial Markets during Times of Extreme Volatility: Evidence from the GameStop Short Squeeze,FORECASTING,2022,10.3390/forecast4030035,"Ever since the start of the coronavirus pandemic, lockdowns to curb the spread of the virus have resulted in an increased interest of retail investors in the stock market, due to more free time, capital, and commission-free trading brokerages. This interest culminated in the January 2021 short squeeze wave, caused in no small part due to the coordinated trading moves of the r/WallStreetBets subreddit, which has rapidly grown in user base since the event. In this paper, we attempt to discover if coordinated trading by retail investors can make them a market moving force and attempt to identify proactive signals of such movements in the post activity of the forum, to be used as a part of a trading strategy. Data about the most mentioned stocks is collected, aggregated, combined with price data for the respective stock and analysed. Additionally, we utilise predictive modelling to be able to better classify trading signals. It is discovered that despite the considerable capital that retail investors can direct by coordinating their trading moves, additional factors, such as very high short interest, need to be present to achieve the volatility seen in the short squeeze wave. Furthermore, we find that autoregressive models are better suited to identifying signals correctly, with best results achieved by a Random Forest classifier. However, it became apparent that even the best performing model in our experimentation cannot make accurate predictions in extreme volatility, evidenced by the negative returns shown by conducted back-tests.",retail trading; WallStreetBets; short squeeze; GameStop; machine learning,BEHAVIOR,Article,Multidisciplinary Sciences,Science & Technology - Other Topics,,English,4Q9UF,Q6,market_volatility_ai_ml_dl_covid
"Andreasen, MM; Bro, J","Andreasen, Martin M.; Bro, Jeppe",Identifying a stock price bubble and its macroeconomic implications,REVIEW OF FINANCE,2026,10.1093/rof/rfag011,"We construct a present-value model with a rational bubble identified using stock market data and survey expectations. The model captures the 1970s nifty-fifty bubble, the dot-com bubble, the bubble prior to the 2007-2009 recession, a COVID-19 bubble, and a recent bubble possibly linked to artificial intelligence. When bubble-adjusting the price-dividend ratio, we no longer find explosive dynamics and excess volatility in stock prices. To examine the macroeconomic implications of a bubble, we use the bubble innovation as an instrument in a structural vector autoregression. The results show that a positive bubble shock is expansionary and leads to a higher monetary policy rate.",bubble test; excess stock market volatility; local explosiveness; rational bubble; structural vector autoregression,EXPECTATIONS; INFORMATION; EXUBERANCE; VARIANCE; NEWS,Article; Early Access,"Business, Finance; Economics",Business & Economics,1572-3097,English,HU0HU,Q6,market_volatility_ai_ml_dl_covid
"Javid, I; Ghazali, R; Syed, I; Zulqarnain, M; Husaini, NA","Javid, Irfan; Ghazali, Rozaida; Syed, Irteza; Zulqarnain, Muhammad; Husaini, Noor Aida",Study on the Pakistan stock market using a new stock crisis prediction method,PLOS ONE,2022,10.1371/journal.pone.0275022,"A Stock market collapse occurs when stock prices drop by more than 10% across all main indexes. Predicting a stock market crisis is difficult because of the increased volatility in the stock market. Stock price drops can be triggered by a variety of factors, including corporate results, geopolitical tensions, financial crises, and pandemic events. For scholars and investors, predicting a crisis is a difficult endeavor. We developed a model for the prediction of stock crisis using Hybridized Feature Selection (HFS) approach. Firstly, we went for the suggestion of the HFS method for the removal of stock's unnecessary financial attributes. The Naive Bayes approach, on the other hand, is used for the classification of strong fundamental stocks. In the third step, Stochastic Relative Strength Index (StochRSI) is employed to identify a stock price bubble. In the fourth step, we identified the stock market crisis point in stock prices through moving average statistics. The fifth is the prediction of stock crises by using deep learning algorithms such as Gated Recurrent Unit (GRU) and Long-Short Term Memory (LSTM). Root Mean Square Error (RMSE), Mean Squared Error (MSE) and Mean Absolute Error (MAE) are implemented for assessing the performance of the models. The HFS-based GRU technique outperformed the HFS-based LSTM method to anticipate the stock crisis. To complete the task, the experiments used Pakistan datasets. The researchers can look at additional technical factors to forecast when a crisis would occur in the future. With a new optimizer, the GRU approach may be improved and fine-tuned even more.",,SUPPORT VECTOR REGRESSION; NEURAL-NETWORKS; PRICE INDEX,Article,Multidisciplinary Sciences,Science & Technology - Other Topics,1932-6203,English,8N3QK,Q6,market_volatility_ai_ml_dl_covid
"Sodnomdavaa, T","Sodnomdavaa, Tsolmon",Explainable Hybrid Modeling of Stock Market Turning Points: An Integrated ARIMA-LSTM-SHAP Approach,JOURNAL OF ADVANCES IN INFORMATION TECHNOLOGY,2026,10.12720/jait.17.3.569-582,"recent years, global shocks such as the COVID-19 pandemic, geopolitical conflicts, and trade tensions have substantially intensified volatility in financial markets, thereby increasing the frequency of price turning points. This study proposes a novel approach that addresses the growing demand for artificial intelligence models that are not only highly predictive but also interpretable. Traditional econometric models, such as Autoregressive Integrated Moving Average (ARIMA) and Generalized Autoregressive Conditional Heteroskedasticity (GARCH), are effective at capturing linear dependencies but fail to adequately represent nonlinear market dynamics. Meanwhile, machine learning methods, despite their strong predictive power, often exhibit limited interpretability. To bridge this gap, this paper presents an explainable hybrid Memory (LSTM), and Shapley Additive exPlanations (SHAP). Using daily data from ten major global stock indices from January 1, 2010 to September 30, 2025, the study employs a hybrid labeling approach that combines Forecasting accuracy is further enhanced by incorporating ARIMA residual-based feature fusion. The model's performance is evaluated using both statistical (F1-Score, Precision-Recall Area Under the Curve (PR-AUC), Root Mean Squared Error (RMSE), and economic (Sharpe ratio) metrics within a walk-forward validation framework. The results show that the ARIMA-LSTM-SHAP model achieves an optimal balance between predictive accuracy and economic efficiency, achieving an F1-Score of 0.60 and a Sharpe ratio exceeding 1.5. The findings highlight the framework's practical relevance for investors and policymakers by facilitating the early detection of turning cycles and supporting risk-informed decision-making.",turning-point detection; explainable artificial intelligence; behavioral finance; adaptive market hypothesis; economic validation,TIME-SERIES,Article,"Computer Science, Information Systems; Computer Science, Interdisciplinary Applications",Computer Science,1798-2340,English,FX9VA,Q6,market_volatility_ai_ml_dl_covid
"Liu, P; Yuan, Y; Qi, A","Liu, Peng; Yuan, Ying; Qi, Agudamu",Jump spillover across global stock markets: Uncovering nonlinear drivers through interpretable machine learning,FINANCE RESEARCH LETTERS,2026,10.1016/j.frl.2026.109976,"This study investigates jump spillover effects among major global stock markets using high-frequency trading data. To uncover the underlying mechanisms, we further employ interpretable machine learning to identify the multidimensional nonlinear drivers of jump spillovers. The results reveal a significant jump spillover effect, which is time-varying and highly responsive to extreme events. Jump spillovers strengthened globally during the COVID-19 pandemic and became more regional during the Russia-Ukraine conflict. Furthermore, using interpretable machine learning algorithms, we identify financial stress as the primary driver of jump spillovers, while overall volatility spillovers are mainly influenced by macroeconomic fundamentals such as interest rates, the U.S. Dollar Index, and gold prices. Moreover, the impacts of these drivers exhibit nonlinear and non-monotonic dynamics over time.",Interpretable machine learning; High-frequency data; Volatility; Jumps; Stock market,VOLATILITY; COMPONENTS; DYNAMICS,Article,"Business, Finance",Business & Economics,1544-6123,English,IM9WH,Q6,market_volatility_ai_ml_dl_covid
"Dey, AK; Hoque, GMT; Das, KP; Panovska, I","Dey, Asim K.; Hoque, G. M. Toufiqul; Das, Kumer P.; Panovska, Irina",Impacts of COVID-19 local spread and Google search trend on the US stock market,PHYSICA A-STATISTICAL MECHANICS AND ITS APPLICATIONS,2022,10.1016/j.physa.2021.126423,"We develop a novel temporal complex network approach to quantify the US county level spread dynamics of COVID-19. We use both conventional econometric and Machine Learning (ML) models that incorporate the local spread dynamics, COVID-19 cases and death, and Google search activities to assess if incorporating information about local spreads improves the predictive accuracy of models for the US stock market. The results suggest that COVID-19 cases and deaths, its local spread, and Google searches have impacts on abnormal stock prices between January 2020 to May 2020. Furthermore, incorporating information about local spread significantly improves the performance of forecasting models of the abnormal stock prices at longer forecasting horizons. (c) 2021 Published by Elsevier B.V.",Covid-19; Stock market; Temporal network; Abnormal price; Volatility; Causality,INVESTOR SENTIMENT; GRANGER CAUSALITY; VOLATILITY; NEWS; POLICY; RETURNS; WAR,Article,"Physics, Multidisciplinary",Physics,0378-4371,English,2Q1TW,Q6,market_volatility_ai_ml_dl_covid
"Liu, Y; Huang, DS; Zhou, JA; Wang, SR","Liu, Yun; Huang, Dengshi; Zhou, Jianan; Wang, Sirui",Does image sentiment of major public emergency affect the stock market performance? New insight from deep learning techniques,ACCOUNTING AND FINANCE,2024,10.1111/acfi.13313,"Leveraging deep learning to analyse COVID-19 image sentiment, this study reveals its significant impact on stock market dynamics. It highlights how vivid imagery prompts marked emotional responses, altering market performance and how news sentiment can modulate this effect. Further, it underscores the pivotal role of forum-based investor sentiment, particularly affecting small-minus-big stocks during downturns and trading week commencements. This research not only advances behavioural finance understanding but also informs management and regulatory strategies.",COVID-19; deep learning technique; image sentiment; stock market,INVESTOR SENTIMENT; NEWS; VOLATILITY; ATTENTION; DECISION; RETURNS; PICTURE; NOISE; TALK; TEXT,Article,"Business, Finance",Business & Economics,0810-5391,English,P3U6L,Q6,market_volatility_ai_ml_dl_covid
"Alaminos, D; Esteban, I; Salas, MB","Alaminos, David; Esteban, Ignacio; Salas, M. Belen",Neural networks for estimating Macro Asset Pricing model in football clubs,INTELLIGENT SYSTEMS IN ACCOUNTING FINANCE & MANAGEMENT,2023,10.1002/isaf.1532,"The recent crisis caused by COVID-19 directly affected consumption habits and the stability sof financial markets. In particular, the football industry has been hit hard by this pandemic and therefore has more volatile stock prices. Given this new scenario, further research is needed to accurately estimate the value of the shares of football clubs. In this paper, we estimate an asset pricing model in football clubs with different compositions of risk nature using non-linear techniques of artificial neural networks. Usually, asset pricing models have been estimated with linear methods such as ordinary least squares. Our results show a precision higher than 90% for all the estimated models, which far exceeds those shown by linear methods in the previous literature. We find that the residual represents about 40% of the variance of the price-dividend ratio. Long-term risks follow in importance, and above all, the habit component and its behaviour in the face of changes. The importance of the residual component exists due to a low correlation between the asset price and consumer behaviour, but to a much lesser extent than that shown in previous studies. The estimation carried out with artificial neural networks, both the Deep Learning methods and especially the Quantum Neural Network, opens up new possibilities to estimate more efficiently the pricing of financial assets in the football industry.",Deep Learning; football clubs; long-term risks; Macro Asset Pricing; neural networks; non-linear methods; Quantum Neural Networks,LONG-RUN RISKS; STOCK-MARKET; PROFESSIONAL FOOTBALL; PRICES; PERFORMANCE; RETURNS; HABIT; VOLATILITY; SENTIMENT; EXCHANGE,Article,"Business, Finance",Business & Economics,1550-1949,English,J6SI6,Q6,market_volatility_ai_ml_dl_covid
"Yang, A; Ye, Q; Zhai, J","Yang, Ao; Ye, Qing; Zhai, Jia",Volatility forecasting with Hybrid-long short-term memory models: Evidence from the COVID-19 period,INTERNATIONAL JOURNAL OF FINANCE & ECONOMICS,2024,10.1002/ijfe.2805,"Volatility forecasting, a central issue in financial risk modelling and management, has attracted increasing attention after several major financial market crises. In this article, we draw upon the literature on volatility forecasting and hybrid models to construct the Hybrid-long short-term memory (LSTM) models to forecast the intraday realized volatility in three major US stock indexes. We construct the hybrid models by combining one or multiple traditional time series models with the LSTM model, and incorporating either the estimated parameters, or the predicted volatility, or both from the statistical models as additional input values into the LSTM model. We perform the out-of-sample test of our Hybrid-LSTM models in volatility forecasting during the coronavirus disease 2019 (COVID-19) period. Empirical results show that the Hybrid-LSTM models can still significantly improve the volatility forecasting performance of the LSTM model during the COVID-19 period. By analysing how the construction methods may influence the forecasting performance of the Hybrid-LSTM models, we provide some suggestions on their design. Finally, we identify the optimal Hybrid-LSTM model for each stock index and compare its performance with the LSTM model on each day during our sample period. We find that the Hybrid-LSTM models' great capability of capturing market dynamics explains their good performance in forecasting.",COVID-19; Hybrid-long short-term memory model; stock market volatility; volatility forecasting,RANGE-BASED ESTIMATION; NEURAL-NETWORKS; INDEX; VARIANCE; LSTM,Article,"Business, Finance",Business & Economics,1076-9307,English,XS1J2,Q6,market_volatility_ai_ml_dl_covid
"Ersin, ÖÖ; Bildirici, M","Ersin, Ozguer Omer; Bildirici, Melike","Financial Volatility Modeling with the GARCH-MIDAS-LSTM Approach: The Effects of Economic Expectations, Geopolitical Risks and Industrial Production during COVID-19",MATHEMATICS,2023,10.3390/math11081785,"Forecasting stock markets is an important challenge due to leptokurtic distributions with heavy tails due to uncertainties in markets, economies, and political fluctuations. To forecast the direction of stock markets, the inclusion of leading indicators to volatility models is highly important; however, such series are generally at different frequencies. The paper proposes the GARCH-MIDAS-LSTM model, a hybrid method that benefits from LSTM deep neural networks for forecast accuracy, and the GARCH-MIDAS model for the integration of effects of low-frequency variables in high-frequency stock market volatility modeling. The models are being tested for a forecast sample including the COVID-19 shut-down after the first official case period and the economic reopening period in in Borsa Istanbul stock market in Turkiye. For this sample, significant uncertainty existed regarding future economic expectations, and the period provided an interesting laboratory to test the forecast effectiveness of the proposed LSTM augmented model in addition to GARCH-MIDAS models, which included geopolitical risk, future economic expectations, trends, and cycle industrial production indices as low-frequency variables. The evidence suggests that stock market volatility is most effectively modeled with geopolitical risk, followed by industrial production, and a relatively lower performance is achieved by future economic expectations. These findings imply that increases in geopolitical risk enhance stock market volatility further, and that industrial production and future economic expectations work in the opposite direction. Most importantly, the forecast results suggest suitability of both the GARCH-MIDAS and GARCH-MIDAS-LSTM models, and with good forecasting capabilities. However, a comparison shows significant root mean squared error reduction with the novel GARCH-MIDAS-LSTM model over GARCH-MIDAS models. Percentage decline in root mean squared errors for forecasts are between 39% to 95% in LSTM augmented models depending on the type of economic indicator used. The proposed approach offers a key tool for investors and policymakers.",deep neural networks; long-short term memory; volatility; GARCH; mixed data sampling; geopolitical risk; industrial production; economic expectations,DEEP NEURAL-NETWORKS; TIME-SERIES; INTEGRATING LSTM; UNIT-ROOT; STATIONARITY; INDICATORS; PRICES; POWER,Article,Mathematics,Mathematics,,English,E7IO7,Q6,market_volatility_ai_ml_dl_covid
"Park, D; Ryu, D","PARK, Daehyeon; RYU, Doojin",FORECASTING STOCK MARKET DYNAMICS USING BIDIRECTIONAL LONG SHORT-TERM MEMORY,ROMANIAN JOURNAL OF ECONOMIC FORECASTING,2021,,"This study forecasts stock market dynamics using machine learning techniques. Specifically, we use long short-term memory (LSTM) and bidirectional LSTM (Bi-LSTM) networks to predict the spot index return and implied volatility series in the Korean market. The Bi-LSTM model exhibits better out-of-sample forecasting performance than the LSTM and classic autoregressive models do, reflecting the fact that the Bi-LSTM model learns data patterns more accurately through a bidirectional process. The Bi-LSTM model with the longest time lag (i.e., 22 days) exhibits the best performance in predicting returns and volatility over the entire sample period. In contrast, during the global financial crisis and COVID-19 pandemic periods, when the stock market dynamics are unstable, Bi-LSTM models with shorter time lags (i.e., five or ten days) predict volatility more accurately.",Bidirectional long short-term memory; Forecasting; Machine learning; Implied volatility; Stock return,VOLATILITY INFORMATION; IMPLIED VOLATILITIES; MACROECONOMIC SHOCKS; ASSET RETURNS; OPTION MARKET; INDEX; NETWORKS; BEHAVIOR; FRAMEWORK; LSTM,Article,Economics,Business & Economics,1582-6163,English,TF4FZ,Q6,market_volatility_ai_ml_dl_covid
"Chebbi, T; Migdady, H; Hmedat, W; Shehadeh, M","Chebbi, Tarek; Migdady, Hazem; Hmedat, Waleed; Shehadeh, Maha",Another look at the price clustering behavior: evidence from the Muscat stock exchange,REVIEW OF BEHAVIORAL FINANCE,2024,10.1108/RBF-02-2023-0053,"PurposeThe price clustering behavior is becoming a core part of the market efficiency theory especially with the development of trading strategies and the occurrence of major and unprecedented shocks which have led to severe inquiry regarding asset price dynamics and their distribution. However, research on emerging stock market is scant. The study contributes to the literature on price clustering by investigating an active emerging stock market, the Muscat stock market one of the Arabian Gulf Markets.Design/methodology/approachThis research adopts the artificial intelligence technique and other statistical estimation procedure in understanding the price clustering patterns in Muscat stock market and their main determinants.FindingsThe findings reveal that stock prices are marked by clustering behavior as commonly highlighted in the previous studies. However, we found strong evidence of price preferences to cluster on numbers closer to zero than to one. We also show that the nature of firm's activity matters for price clustering behavior. In addition, firms with traded bonds in Oman market experienced a substantial less stock price clustering than other firms. Clustered stock prices are more likely to have higher prices and higher volatility of price. Finally, clustering raised when the market became highly uncertain during the Covid-19 crisis especially for the financial firms.Originality/valueThis study provides novel results on price clustering literature especially for an active emerging market and during the Covid-19 pandemic crisis.",Clustering price; MSM30; Covid-19; Enhanced Fuzzy K-Means clustering; Round prices; C58; D53; G12; G14,MARKET,Article,"Business, Finance",Business & Economics,1940-5979,English,A9X1J,Q6,market_volatility_ai_ml_dl_covid
"Chang, V; Xu, QA; Chidozie, A; Wang, H","Chang, Victor; Xu, Qianwen Ariel; Chidozie, Anyamele; Wang, Hai",Predicting Economic Trends and Stock Market Prices with Deep Learning and Advanced Machine Learning Techniques,ELECTRONICS,2024,10.3390/electronics13173396,"The volatile and non-linear nature of stock market data, particularly in the post-pandemic era, poses significant challenges for accurate financial forecasting. To address these challenges, this research develops advanced deep learning and machine learning algorithms to predict financial trends, quantify risks, and forecast stock prices, focusing on the technology sector. Our study seeks to answer the following question: Which deep learning and supervised machine learning algorithms are the most accurate and efficient in predicting economic trends and stock market prices, and under what conditions do they perform best? We focus on two advanced recurrent neural network (RNN) models, long short-term memory (LSTM) and Gated Recurrent Unit (GRU), to evaluate their efficiency in predicting technology industry stock prices. Additionally, we integrate statistical methods such as autoregressive integrated moving average (ARIMA) and Facebook Prophet and machine learning algorithms like Extreme Gradient Boosting (XGBoost) to enhance the robustness of our predictions. Unlike classical statistical algorithms, LSTM and GRU models can identify and retain important data sequences, enabling more accurate predictions. Our experimental results show that the GRU model outperforms the LSTM model in terms of prediction accuracy and training time across multiple metrics such as RMSE and MAE. This study offers crucial insights into the predictive capabilities of deep learning models and advanced machine learning techniques for financial forecasting, highlighting the potential of GRU and XGBoost for more accurate and efficient stock price prediction in the technology sector.",stock prices; deep learning; artificial neural networks; recurrent neural networks; long short-term memory (LSTM); gated recurrent unit (GRU),NETWORKS,Article,"Computer Science, Information Systems; Engineering, Electrical & Electronic; Physics, Applied",Computer Science; Engineering; Physics,,English,F7A6J,Q6,market_volatility_ai_ml_dl_covid
"Malladi, RK","Malladi, Rama K.",Application of Supervised Machine Learning Techniques to Forecast the COVID-19 US Recession and Stock Market Crash,COMPUTATIONAL ECONOMICS,2024,10.1007/s10614-022-10333-8,"Machine learning (ML), a transformational technology, has been successfully applied to forecasting events down the road. This paper demonstrates that supervised ML techniques can be used in recession and stock market crash (more than 20% drawdown) forecasting. After learning from strictly past monthly data, ML algorithms detected the Covid-19 recession by December 2019, six months before the official NBER announcement. Moreover, ML algorithms foresaw the March 2020 S&P500 crash two months before it happened. The current labor market and housing are harbingers of a future U.S. recession (in 3 months). Financial factors have a bigger role to play in stock market crashes than economic factors. The labor market appears as a top-two feature in predicting both recessions and crashes. ML algorithms detect that the U.S. exited recession before December 2020, even though the official NBER announcement has not yet been made. They also do not anticipate a U.S. stock market crash before March 2021. ML methods have three times higher false discovery rates of recessions compared to crashes.",Machine learning; Forecasting; Financial econometrics; Recession; Stock market crash,FINANCIAL STATEMENT FRAUD; LEADING INDICATORS; VOLATILITY,Article,"Economics; Management; Mathematics, Interdisciplinary Applications",Business & Economics; Mathematics,0927-7099,English,MC0E9,Q6,market_volatility_ai_ml_dl_covid
"Jiang, YF; Liu, JN","Jiang, Yifu; Liu, Jine",Robust investment portfolio management for dynamic financial markets using Bayesian neural networks,INTERNATIONAL REVIEW OF ECONOMICS & FINANCE,2026,10.1016/j.iref.2026.105244,"Portfolio management plays a vital role in financial investment decisions. However, uncertainties in asset returns and estimation models pose challenges to efficient portfolio selection in dynamic financial markets. In response, we propose a robust reward-risk-adjusted portfolio management model based on a Bayesian machine learning inference framework to flexibly achieve optimal portfolio strategy. Specifically, we employ the Stochastic Gradient Variational Bayesian (SGVB) method to address the uncertainties in the asset return probability distribution parameters and the portfolio model structure. Moreover, SGVB is integrated with neural networks to form a probabilistic deep learning framework, where model latent variables are modeled as probability distributions and efficient portfolio model training is achieved through stochastic gradient optimization. We utilize the financial market data from US DJIA stocks to analyze the superiority and robustness of our proposed portfolio approach. Empirical analysis indicates that the proposed reward-risk-adjusted portfolio model achieves higher portfolio returns, Sharpe ratios, and Sortino ratios performance than other models under different market factors, including market turbulence periods like COVID-19. These findings assist investors and financial institutions in performing and analyzing optimal portfolio decision-making under volatile market environments.",Efficient portfolio management; Reward-risk-adjusted investment; Robust optimization; Bayesian neural networks,SELECTION; RISK; OPTIMIZATION; UNCERTAINTY; PARAMETER,Article,"Business, Finance; Economics",Business & Economics,1059-0560,English,GX9LI,Q6,market_volatility_ai_ml_dl_covid
"Tian, HW; Xie, WLT; Zhang, YL","Tian, Haowen; Xie, Wenlan Tony; Zhang, Yanlei",Reading Between the Reels: An AI-Driven Approach to Analysing Movie Review Sentiment and Market Returns,INTERNATIONAL JOURNAL OF FINANCE & ECONOMICS,2026,10.1002/ijfe.70129,"This study examines the relationship between market sentiment derived from movie reviews and stock returns. Using GPT-4o large language model (LLM), we construct daily sentiment measures from approximately 247,850 movie reviews. Empirical results indicate a robust negative relationship between movie sentiment and excess market returns, suggesting that well-received theatrical films distract investor attention from fundamental market information, leading to reduced market participation and lower returns. The robustness of this finding is confirmed through a comprehensive set of validation tests, including out-of-sample forecasting, multiple testing corrections, and validation against human-annotated sentiment scores. Time-series regressions indicate that the negative relationship between movie sentiment and daily market excess returns persists for approximately 2 or 3 days, but does not hold over longer horizons, and no reversal in returns occurs thereafter. Heterogeneity analyses reveal that this effect is more pronounced during bear markets and the COVID-19 pandemic period, highlighting investor behaviour driven by cognitive fatigue and emotional diversion during stressful market conditions. However, during financial crises, investor attention remains largely focused on critical macroeconomic events, reducing sensitivity to non-financial sentiment signals. Further analyses confirm that elevated movie sentiment negatively affects trading volume and positively influences market volatility, consistent with the attention distraction hypothesis. Our findings remain robust across alternative deep learning architectures including BERT, LSTM, CNN, Bi-LSTM and TIIF. Overall, the findings highlight the importance of investor attention to multimedia visual stimuli and psychological mechanisms in shaping financial market outcomes.",behavioural finance; GPT-4o large language model; market sentiment; movie reviews; stock market returns,INVESTOR SENTIMENT; CROSS-SECTION; STOCK; ATTENTION; PSYCHOLOGY; RISK,Article; Early Access,"Business, Finance",Business & Economics,1076-9307,English,AN6DV,Q6,market_volatility_ai_ml_dl_covid
"Chen, JM; Rehman, MU","Chen, James Ming; Rehman, Mobeen Ur","A Pattern New in Every Moment: The Temporal Clustering of Markets for Crude Oil, Refined Fuels, and Other Commodities",ENERGIES,2021,10.3390/en14196099,"The identification of critical periods and business cycles contributes significantly to the analysis of financial markets and the macroeconomy. Financialization and cointegration place a premium on the accurate recognition of time-varying volatility in commodity markets, especially those for crude oil and refined fuels. This article seeks to identify critical periods in the trading of energy-related commodities as a step toward understanding the temporal dynamics of those markets. This article proposes a novel application of unsupervised machine learning. A suite of clustering methods, applied to conditional volatility forecasts by trading days and individual assets or asset classes, can identify critical periods in energy-related commodity markets. Unsupervised machine learning achieves this task without rules-based or subjective definitions of crises. Five clustering methods-affinity propagation, mean-shift, spectral, k-means, and hierarchical agglomerative clustering-can identify anomalous periods in commodities trading. These methods identified the financial crisis of 2008-2009 and the initial stages of the COVID-19 pandemic. Applied to four energy-related markets-Brent, West Texas intermediate, gasoil, and gasoline-the same methods identified additional periods connected to events such as the September 11 terrorist attacks and the 2003 Persian Gulf war. t-distributed stochastic neighbor embedding facilitates the visualization of trading regimes. Temporal clustering of conditional volatility forecasts reveals unusual financial properties that distinguish the trading of energy-related commodities during critical periods from trading during normal periods and from trade in other commodities in all periods. Whereas critical periods for all commodities appear to coincide with broader disruptions in demand for energy, critical periods unique to crude oil and refined fuels appear to arise from acute disruptions in supply. Extensions of these methods include the definition of bull and bear markets and the identification of recessions and recoveries in the real economy.",energy commodities; financial crises; Brent; WTI; gasoline; clustering; t-SNE; machine learning; COVID-19 pandemic,TIME-SERIES ANALYSIS; PRICE VOLATILITY; AFFINITY PROPAGATION; GASOLINE PRICES; RETAIL GASOLINE; ENERGY PRICES; STOCK-MARKET; DEPENDENCE STRUCTURE; OPTIMAL INVESTMENT; STRUCTURAL BREAKS,Article,Energy & Fuels,Energy & Fuels,,English,WG3OT,Q6,market_volatility_ai_ml_dl_covid
"Kamali, AH; Iranmanesh, SH; Goodarzian, F","Kamali, Amir Hossein; Iranmanesh, Seyed Hossein; Goodarzian, Fariba",Portfolio optimization in the stock market under disruptions: Real case studies of COVID-19 pandemic and currency risk,ENGINEERING APPLICATIONS OF ARTIFICIAL INTELLIGENCE,2024,10.1016/j.engappai.2024.108973,"The connection between risk and return is a critical concept in finance. Investors who take on more risk can earn higher returns. Disruptions are part of market risks, also known as systematic risks. Due to political and macroeconomic risks, their effects on the entire economic market, or a significant portion of its sectors, are not negligible. Among these sectors, the stock market is essential as a basis of the economy. The point is that the consequences of all disruptions are not merely unpleasant for companies. They may affect corporate profitability both negatively and positively. Hence, investors who trace companies' news and fundamental conditions react, and the closing price probably encounters volatility. Therefore, the common trend of several stocks may fluctuate. This research investigates how investors in the stock market should form their investment portfolio to see the minor losses when disruptions occur and take advantage of the potential provided profitability by turning threats into opportunities. A three-step framework is presented to achieve this goal. A prerequisite for this framework is the collection of relevant data. Ten stocks from distinct industries of the Securities and Exchange Organization of Iran are chosen for the examination. In the first step, multi-variate regression analysis categorizes selected stocks into the most and the least affected groups. At the same time, a comprehensive technical analysis is involved in this step. Then, in the second step, three well-known machine learning techniques, namely, stacked long short-term memory (Stacked LSTM), autoregressive integrated moving average (ARIMA), and Prophet, are compared from the point of view of predicting future closed prices of selected stocks. The method with the most minor statistical error in forecasting, i.e., root mean squared error (RMSE) and validation loss, estimates the next month's closed prices. Finally, based on the predicted closed prices, the third step empowers the investor to optimize their portfolio in different scenarios, containing various investment weights on the two obtained groups of the first step, using the Markowitz Modern Portfolio Theory. The COVID-19 pandemic and currency risk are the two examined real case studies to validate the proposed methodology. Numerical results based on the Sharp Ratio show the superiority of investing 75 percent of an asset in the most affected stocks and the rest in the least affected stocks in the case of a pandemic and vice versa for the case of currency risk, which reveals that according to the unique features of disruptions investors can benefit from both categories of stocks.",Disruption; Stock market; Regression analysis; Machine learning; Portfolio optimization,FRENCH; SHOCKS; FAMA,Article,"Automation & Control Systems; Computer Science, Artificial Intelligence; Engineering, Multidisciplinary; Engineering, Electrical & Electronic",Automation & Control Systems; Computer Science; Engineering,0952-1976,English,A6L2H,Q6,market_volatility_ai_ml_dl_covid
"Liu, YT; Huang, YR","Liu, Yunting; Huang, Yirong",A multimodal deep learning framework for constructing a market sentiment index from stock news,BIG DATA RESEARCH,2025,10.1016/j.bdr.2025.100535,"Unimodal sentiment analysis often fails to capture the complexity of financial sentiment. This paper proposes a multimodal deep learning framework that integrates text, audio, and image data from CCTV news videos on TikTok to construct a multimodal sentiment indicator for the Chinese stock market. Empirical results show that multimodal fusion enhances sentiment analysis, with text outperforming audio and image modalities. The indicator correlates weakly with stock returns but significantly with market volatility, aligns with seasonal sentiment patterns, and reflects significant events like COVID-19. Additionally, weekly sentiment trends indicate the lowest sentiment on Thursdays and the highest on Fridays. This study advances financial sentiment analysis by demonstrating the efficacy of multimodal indicators in capturing market sentiment and informing volatility forecasts.",Sentiment analysis; Stock market; Multimodal fusion; Computer vision; Natural language processing; Financial news sentiment classification; Investor Sentiment; Indicator Construction,RETURNS; FINANCE; WEATHER; FUSION,Article,"Computer Science, Artificial Intelligence; Computer Science, Information Systems; Computer Science, Theory & Methods",Computer Science,2214-5796,English,3HY5S,Q6,market_volatility_ai_ml_dl_covid
"Alzaman, C","Alzaman, Chaher",Deep learning in stock portfolio selection and predictions,EXPERT SYSTEMS WITH APPLICATIONS,2024,10.1016/j.eswa.2023.121404,"Deep learning (DL) has made its way into many disciplines ranging from health care to self-driving cars. In financial markets, we see a rich literature for DL applications. Particularly, investors require robust algorithms that can navigate and make sense of extremely noisy and volatile markets. In this work, we use deep learning to select a portfolio of stocks and use a genetic algorithm to optimize the hyperparameters of DL. The work analyzes the improvement in using genetic-based hyperparameter optimization over grid searches. The Genetic Algorithm brings 40% improvements in prediction when compared to a random-grid search. Novelty-wise, the work couples a genetic-based hyperparameter optimization with multiple Deep RankNet models to predict the behavior of financial assets. Our results show promising portfolio returns 20% better than the general market. In the highly volatile COVID 19 period, the models exceed market returns by more than double. Overall, this paper brings a comprehensive work that integrates hyperparameter optimization, Deep RankNet, LSTM, period size variations, input variable transformation, feature selection, training/evaluation ratio analysis, and multiple portfolio selection strategies.",Machine learning; Deep learning; Financial markets; Portfolio management; Neural networks; Deep RankNet,NEURAL-NETWORKS; LSTM,Article,"Computer Science, Artificial Intelligence; Engineering, Electrical & Electronic; Operations Research & Management Science",Computer Science; Engineering; Operations Research & Management Science,0957-4174,English,T7IG2,Q6,market_volatility_ai_ml_dl_covid
"Vancsura, L; Bareith, T","Vancsura, Laszlo; Bareith, Tibor",Analysis of the performance of predictive models during Covid-19 and the Russian-Ukrainian war,PUBLIC FINANCE QUARTERLY-HUNGARY,2023,10.35551/PFQ_2023_2_7,"In our paper, we investigate how effectively artificial intelligence can be used to predict stock market trends in the world's leading equity markets over the period 01/01/2010 to 09/16/2022. Covid-19 and the Russian-Ukrainian war have had a strong impact on the capital markets and therefore the study was conducted in a highly volatile environment. The analysis was performed on three time intervals, using two machine learning algorithms of different complexity (decision tree, LSTM) and a parametric statistical model (linear regression). The evaluation of the results obtained was based on mean absolute percentage error (MAPE). In our study, we show that predictive models can perform better than linear regression in the period of high volatility. Another important finding is that the predictive models performed better in the post-Russian-Ukrainian war period than after the outbreak of Covid-19. Stock market price forecasting can play an important role in fundamental and technical analysis, can be incorporated into the decision criteria of algorithmic trading, or can be used on its own to automate trading.",Covid-19; Russian-Ukrainian war; stock market price forecast; cial intelligence; predictive algorithms,HYBRID MODEL; VOLATILITY; DIRECTION; NETWORKS; INDEX; LSTM,Article,"Business, Finance",Business & Economics,0031-496X,English,P6FB1,Q6,market_volatility_ai_ml_dl_covid
"Zouaghia, Z; Kodia, Z; Ben Said, L","Zouaghia, Zakia; Kodia, Zahra; Ben Said, Lamjed",FinSecure-FL: a blockchain-secured federated support vector regression framework with adaptive aggregation for privacy-preserving financial market prediction,CLUSTER COMPUTING-THE JOURNAL OF NETWORKS SOFTWARE TOOLS AND APPLICATIONS,2026,10.1007/s10586-026-06164-z,"Accurate financial market prediction requires collaborative learning across institutions that hold sensitive, mutually inaccessible data. Centralized approaches are incompatible with this constraint, while existing federated learning (FL) solutions for finance lack principled defenses against model poisoning, formal privacy guarantees, and regulatory-grade auditability. To address these gaps, we propose FinSecure-FL, a Blockchain-Coordinated Federated Support Vector Regression framework that integrates four complementary components: (1) distributed SVR nodes with adaptive lookback selection and FedProx regularization to handle non-IID market-regime heterogeneity; (2) a four-stage blockchain security pipeline combining norm clipping, Laplace differential privacy, cosine Byzantine Fault Tolerance validation, and SHA-256 hash-chaining; (3) a combined size-and-reputation weighted FedAvg aggregation scheme; (4) and a Proof-of-Authority ledger providing a tamper-evident, timestamped audit trail compliant with MiFID II Article 16 and SEC Rule 17a-4 record keeping requirements. The framework is evaluated on nine years of NASDAQ Composite daily data partitioned across three non-IID market-regime nodes: Pre-Volatility Baseline, COVID-19 Crisis, and Post-COVID Rate-Hike Regime. Performance is assessed through five regression metrics (MSE, RMSE, MAE, MAPE, \documentclass[12pt]{minimal} \usepackage{amsmath} \usepackage{wasysym} \usepackage{amsfonts} \usepackage{amssymb} \usepackage{amsbsy} \usepackage{mathrsfs} \usepackage{upgreek} \setlength{\oddsidemargin}{-69pt} \begin{document}$$R<^>{2}$$\end{document}) and Directional Accuracy (DA), complemented by model-complexity analysis. The aggregated global model consistently outperforms both individual local models and two competitive baselines (ARIMA and LSTM) across all metrics and regimes, while the full blockchain pipeline adds negligible computational overhead. These results demonstrate that FinSecure-FL enables the co-design of federated learning and blockchain technology to simultaneously achieve high prediction accuracy, formal privacy guarantees, Byzantine fault tolerance, and regulatory-grade auditability in a multi-institution financial setting. The framework provides actionable forecasts to both local decision-makers (commercial banks, central banks, hedge funds) and global regulators (SEC, ESMA, central bank consortia), establishing a scalable and legally compliant foundation for next-generation financial analytics.",Decentralized collective intelligence; Secure aggregation; Financial market prediction; Federated learning; SVR; Blockchain; Privacy-preserving analytics,EDGE,Article,"Computer Science, Information Systems; Computer Science, Theory & Methods",Computer Science,1386-7857,English,JR9IR,Q6,market_volatility_ai_ml_dl_covid
"Rouf, N; Malik, MB; Sharma, S; Ra, IH; Singh, S; Meena, A","Rouf, Nusrat; Malik, Majid Bashir; Sharma, Sparsh; Ra, In-Ho; Singh, Saurabh; Meena, Abhishek",Impact of Healthcare on Stock Market Volatility and Its Predictive Solution Using Improved Neural Network,COMPUTATIONAL INTELLIGENCE AND NEUROSCIENCE,2022,10.1155/2022/7097044,"The unprecedented Corona Virus Disease (COVID-19) pandemic has put the world in peril and shifted global landscape in unanticipated ways. The SARSCoV2 virus, which caused the COVID-19 outbreak, first appeared in Wuhan, Hubei Province, China, in December 2019 and quickly spread around the world. This pandemic is not only a global health crisis, but it has caused the major global economic depression. As soon as the virus spread, stock market prices plummeted and volatility increased. Predicting the market during this outbreak has been of substantial importance and is the primary motivation to carry out this work. Given the nonlinearity and dynamic nature of stock data, the prediction of stock market is a challenging task. The machine learning models have proven to be a good choice for the development of effective and efficient prediction systems. In recent years, the application of hyperparameter optimization techniques for the development of highly accurate models has increased significantly. In this study, a customized neural network model is proposed and the power of hyperparameter optimization in modelling stock index prices is explored. A novel dataset is generated using nine standard technical indicators and COVID-19 data. In addition, the primary focus is on the importance of selection of optimal features and their preprocessing. The utilization of multiple feature ranking techniques combined with extensive hyperparameter optimization procedures is comprehensive for the prediction of stock index prices. Moreover, the model is evaluated by comparing it with other models, and results indicate that the proposed model outperforms other models. Given the detailed design methodology, preprocessing, exploratory feature analysis, and hyperparameter optimization procedures, this work gives a significant contribution to stock analysis research community during this pandemic.",,RANDOM SEARCH; TIME-SERIES; P 500,Article,Mathematical & Computational Biology; Neurosciences,Mathematical & Computational Biology; Neurosciences & Neurology,1687-5265,English,5N6OY,Q6,market_volatility_ai_ml_dl_covid
"Shen, YR; Liu, C; Sun, XL; Guo, K","Shen, Yiran; Liu, Chang; Sun, Xiaolei; Guo, Kun",Investor sentiment and the Chinese new energy stock market: A risk-return perspective,INTERNATIONAL REVIEW OF ECONOMICS & FINANCE,2023,10.1016/j.iref.2022.11.035,"The new energy industry is crucial for solving the problem of pollution, and its development requires support from the stock market. This paper proposes a Chinese investor sentiment index based on the Long Short-Term Memory (LSTM) deep learning method, and investigates the effect of investor sentiment on new energy stock returns as well as value at risks (VaR) behavior before and during COVID-19. It also compares these effects on traditional energy companies to identify differences between the new energy and traditional companies. The empirical results show that investor sentiment has significant effects on stock returns and VaR of both new and traditional energy companies but the effects are stronger in the new energy industry. The effects of investor sentiment have increased during COVID-19, and investors pay more attention on risks than returns during COVID-19. These results provide guidance for small and medium-sized investors in China to optimize their investment strategies and alleviate losses associated with extreme risks.",Investor sentiment; New energy companies; Value at risk; COVID-19; Text mining,OIL PRICE; VOLATILITY; IMPACT; INFORMATION; NOISE,Article,"Business, Finance; Economics",Business & Economics,1059-0560,English,7H4NN,Q6,market_volatility_ai_ml_dl_covid
"Ncube, M; Sibanda, M; Matenda, FR","Ncube, Mbongiseni; Sibanda, Mabutho; Matenda, Frank Ranganai",Investigating the Effects of the COVID-19 Pandemic on Stock Volatility in Sub-Saharan Africa: Analysis Using Explainable Artificial Intelligence,ECONOMIES,2024,10.3390/economies12050112,"This study examines the impact of the COVID-19 pandemic on sector volatility in sub-Saharan Africa by drawing evidence from two large and two small stock exchanges in the region. The analysis included stock-specific data, COVID-19 metrics, and macroeconomic indicators from January 2019 to July 2022. This study employs generalized autoregressive conditional heteroskedasticity (GARCH) models to estimate volatility and Explainable Artificial Intelligence (XAI) in the form of SHapley Additive exPlanations (SHAP) to identify significant factors driving stock volatility during the pandemic. The findings reveal significant volatility increases at the onset of the pandemic, with government stringency measures leading to increased volatility in larger exchanges, while the introduction of vaccination programs helped to reduce volatility. Weaker macroeconomic fundamentals impact volatility in smaller exchanges. The healthcare sector has emerged as the most resilient, while non-essential sectors, such as consumer discretionary, materials, and real estate, face greater vulnerability, especially in smaller exchanges. The research findings reveal that the heightened stock market volatility observed was mainly a result of the government's actions to combat the spread of the pandemic, rather than its outbreak. We recommend that governments introduce sound policies to balance public health measures and economic stability, and that investors diversify their investments to reduce the impact of pandemics.",COVID-19 pandemic; sub-Saharan Africa; stock market volatility; GARCH models; Explainable Artificial Intelligence,MARKET; OUTBREAK; RETURN,Article,Economics,Business & Economics,,English,SD2G4,Q6,market_volatility_ai_ml_dl_covid
"Saâdaoui, F; Rabbouch, H","Saadaoui, Foued; Rabbouch, Hana",Financial forecasting improvement with LSTM-ARFIMA hybrid models and non-Gaussian distributions,TECHNOLOGICAL FORECASTING AND SOCIAL CHANGE,2024,10.1016/j.techfore.2024.123539,"This article introduces a groundbreaking method for accurately forecasting financial stock market returns. The approach utilizes a hybrid neuro-autoregressive model, combined with a multi-objective decision-making phase, to determine the optimal distribution, offering significant relevance in modern finance. The proposal harnesses the impressive capabilities of the long short-term memory (LSTM) recurrent neural network, synergistically coupled with the autoregressive fractionally integrated moving-average (ARFIMA) model across various distribution options. This synergy enables precise management of a wide range of both linear and nonlinear time series data. Utilized on two prominent American stock market indices (Dow Jones Industrial Average (DJIA) and Dow Jones Islamic Market International Titans 100 (IMXL) between 1/2/2015 and 12/10/2020), the experimental findings unequivocally illustrate the hybrid model's supremacy over baseline models in accuracy and computational efficiency. Notably, the forecasting experiments conducted in both tranquil and turbulent periods underscore the stability and robustness of this approach. The model's adaptability and resilience make it a promising tool for precise financial stock market return forecasts, particularly crucial in informing decisionmaking within the financial industry. Furthermore, this proposed approach contributes to the expanding research on decision support systems for financial forecasting, potentially influencing policy and strategic financial management, particularly in addressing both stable and volatile market conditions.",Decision support systems; Hybrid models; Deep neural networks; ARFIMA; Forecasting; Financial engineering; COVID-19 pandemic,UNIT-ROOT TEST; NEURAL-NETWORK,Article,Business; Regional & Urban Planning,Business & Economics; Public Administration,0040-1625,English,XY7B1,Q6,market_volatility_ai_ml_dl_covid
"Zubair, M; Huang, ZS","Zubair, Muhammad; Huang, Zhensheng",Encoder-Decoder BiGRU Framework with Attention for Time Series Forecasting in Financial Markets,COMPUTATIONAL ECONOMICS,2026,10.1007/s10614-025-11205-7,"Financial markets are inherently complex and volatile, making accurate predictions essential for early warnings of potential crashes and subsequent recoveries. To address the intricate challenge of accurate time series forecasting in financial markets, various approaches from financial mathematics, machine learning, and advanced deep learning have been explored, each aiming to improve forecasting reliability. In this research, we propose a novel deep learning architecture based on the Encoder-Decoder framework for financial time series forecasting. This architecture consists of the following key components: the Encoder employs a Bidirectional Gated Recurrent Unit (BiGRU) with three layers to capture temporal dependencies and extract deep features from the input data. An Attention Mechanism (AM) is integrated to assign different weights to the encoder's outputs, highlighting the most relevant features for each decoding step. The Decoder also utilizes BiGRU with three layers, which combines the context vector from the AM with the input at each time step, allowing it to generate informed and contextually relevant outputs. Finally, a fully connected layer is added to learn the relevant features from the decoder's output and generate the final prediction results. The experiment includes the use of various activation functions and the optimization of hyperparameters. Empirical analysis conducted on three time series from each of the three distinct financial markets: stocks, cryptocurrencies, and commodities, demonstrates that the proposed model consistently outperforms benchmark models in terms of predictive accuracy. The Diebold-Mariano (DM) test further provides statistical evidence supporting the superiority of the proposed model. Furthermore, the model exhibited robust forecasting performance during the extreme market volatility induced by the COVID-19 pandemic, maintaining superior accuracy relative to alternative approaches. These comparative results underscore the proposed model's exceptional predictive capabilities and adaptability, positioning it as a highly effective tool for financial time series forecasting applications.",Autoencoder; Bidirectional gated recurrent unit; Attention mechanism; Stocks; Cryptocurrencies; Commodities,RECURRENT NEURAL-NETWORKS; PREDICTION; MODEL; GOLD,Article; Early Access,"Economics; Management; Mathematics, Interdisciplinary Applications",Business & Economics; Mathematics,0927-7099,English,CK5AM,Q6,market_volatility_ai_ml_dl_covid
"Liu, Q; Lee, WS; Huang, MH; Wu, QJ","Liu, Qing; Lee, Woon-Seek; Huang, Minghao; Wu, Qingjun",Synergy between stock prices and investor sentiment in social media,BORSA ISTANBUL REVIEW,2023,10.1016/j.bir.2022.09.006,"The underlying assumption of using investor sentiment to predict stock prices, stock market returns, and liquidity is that of synergy between stock prices and investor sentiment. However, this synergistic relationship has received little attention in the literature. This paper investigates the synergistic pattern between stock prices and investor sentiment using social media messages from stock market investors and natural language processing techniques. At the macro level, we reveal extremely significant positive synergy between investor sentiment and stock prices. That is, when a stock price rises, investor sentiment rises, and when a stock price falls, investor sentiment falls. However, this synergy may be reversed or even disappear over a specific time period. Through a segmented measurement of the synergy between stock prices and investor sentiment over the course of a day, we also find that investor sentiment on social media is forward looking. This provides theoretical support for using investor sentiment in stock price prediction. We also examine the effect of lockdowns, the most draconian response to COVID-19, on synergy between stock prices and investor sentiment through causal inference machine learning. Our analysis shows that external anxiety can significantly affect synergy between stock prices and investor sentiment, but this effect can promote either positive or negative synergy. This paper offers a new perspective on stock price forecasting, investor sentiment, behavioral finance, and the impact of COVID-19 on the stock markets. Copyright (c) 2022 Borsa Istanbul Anonim S, irketi. Published by Elsevier B.V. This is an open access article under the CC BY-NC-ND license (http://creativecommons.org/licenses/by-nc-nd/4.0/).",COVID-19; Investor sentiment; Lockdowns; Social media; Synergy,RETURN; VOLATILITY,Article,"Business, Finance; Economics",Business & Economics,2214-8450,English,D0NM3,Q6,market_volatility_ai_ml_dl_covid
"Ghosh, I; Chaudhuri, TD; Sarkar, S; Mukhopadhyay, S; Roy, A","Ghosh, Indranil; Chaudhuri, Tamal Datta; Sarkar, Sunita; Mukhopadhyay, Somnath; Roy, Anol","Macroeconomic shocks, market uncertainty and speculative bubbles: a decomposition-based predictive model of Indian stock markets",CHINA FINANCE REVIEW INTERNATIONAL,2025,10.1108/CFRI-09-2023-0237,"PurposeStock markets are essential for households for wealth creation and for firms for raising financial resources for capacity expansion and growth. Market participants, therefore, need an understanding of stock price movements. Stock market indices and individual stock prices reflect the macroeconomic environment and are subject to external and internal shocks. It is important to disentangle the impact of macroeconomic shocks, market uncertainty and speculative elements and examine them separately for prediction. To aid households, firms and policymakers, the paper proposes a granular decomposition-based prediction framework for different time periods in India, characterized by different market states with varying degrees of uncertainty.Design/methodology/approachEnsemble empirical mode decomposition (EEMD) and fuzzy-C-means (FCM) clustering algorithms are used to decompose stock prices into short, medium and long-run components. Multiverse optimization (MVO) is used to combine extreme gradient boosting regression (XGBR), Facebook Prophet and support vector regression (SVR) for forecasting. Application of explainable artificial intelligence (XAI) helps identify feature contributions.FindingsWe find that historic volatility, expected market uncertainty, oscillators and macroeconomic variables explain different components of stock prices and their impact varies with the industry and the market state. The proposed framework yields efficient predictions even during the COVID-19 pandemic and the Russia-Ukraine war period. Efficiency measures indicate the robustness of the approach. Findings suggest that large-cap stocks are relatively more predictable.Research limitations/implicationsThe paper is on Indian stock markets. Future work will extend it to other stock markets and other financial products.Practical implicationsThe proposed methodology will be of practical use for traders, fund managers and financial advisors. Policymakers may find it useful for assessing the impact of macroeconomic shocks and reducing market volatility.Originality/valueDevelopment of a granular decomposition-based forecasting framework and separating the effects of explanatory variables in different time scales and macroeconomic periods.",Indian stock prices; Macroeconomic shocks; Volatility; Ensemble empirical mode decomposition; Fuzzy-C-means clustering; Multiverse optimization,INFORMATION,Article,"Business, Finance",Business & Economics,2044-1398,English,Y9H9G,Q6,market_volatility_ai_ml_dl_covid
"Ghosh, I; Jana, RK","Ghosh, Indranil; Jana, Rabin K.",A granular machine learning framework for forecasting high-frequency financial market variables during the recent black swan event,TECHNOLOGICAL FORECASTING AND SOCIAL CHANGE,2023,10.1016/j.techfore.2023.122719,"This paper analyses highly voluminous 1-minute intraday movements of the closing prices of Bitcoin, crude oil, the Dow Jones Industrial Average (DJIA) and the euro-U.S. dollar exchange rate in various non-overlapping regimes spanning across the COVID-19 pandemic, a recent black swan event. The empirical characteristics of the intraday dynamics of chosen assets are gauged using nonlinear modelling tools and tests. The proposed methodological framework utilises maximal overlap discrete wavelet transformation, Bayesian structural time series forecasting and random walk with drift to evaluate the quantum of predictability of select variables in different phases across the pandemic horizon. The framework survives a series of performance and statistical checks to justify the efficacy of drawing highly accurate predictions from big data setups. The findings suggest that, despite chaotic traces, all variables can be precisely forecast across different sub-regimes, eliminating the adverse effects of the first and second waves of the COVID-19 pandemic. High-frequency movements of Bitcoin and Euro-U.S. dollar exchange rates are relatively better predictable, signifying resilience during the pandemic. Finally, the outcome of this research will help mitigate financial risk during volatile periods.",Big data analytics; High-frequency financial market forecasting; Nonlinear dynamics; Maximal overlap discrete wavelet; transformation; Bayesian structural time series,,Article,Business; Regional & Urban Planning,Business & Economics; Public Administration,0040-1625,English,N7QC6,Q6,market_volatility_ai_ml_dl_covid
"Outlaw, D; Smith, AH; Wang, N","Outlaw, Dominique; Smith, Aimee Hoffmann; Wang, Na",The Implications of Contemporary Research on COVID-19 for Volatility and Portfolio Management,JOURNAL OF PORTFOLIO MANAGEMENT,2021,10.3905/jpm.2021.1.282,"This article synthesizes recent and ongoing finance and economics research on pandemic and disaster risk related to COVID-19. Characterized by pronounced market movements and extreme volatility, the unprecedented disruption to the economy in early 2020 has inspired a rich, burgeoning literature on the financial and economic ramifications of pandemic risk. Financial economists have cultivated fresh perspectives regarding the transmission of pandemic-induced uncertainty to financial markets via channels related to the beliefs and behaviors of investors as well as corporate strategies and outcomes. These findings also highlight the imperative role of government policy responses in regulating the market volatility triggered by large-scale disasters such as the pandemic. In this article, the authors take stock of this emerging literature, focusing on the implications for volatility and risk management. In doing so, they discuss the unique nature of the uncertainty induced by COVID-19 relative to that of past crises. They also review cutting-edge studies that use innovative analytical approaches and novel sources of data, offering fruitful avenues for future research.",Tail risks; financial crises and financial market history; big data/machine learning,RARE DISASTERS; MARKETS; RISK,Article,"Business, Finance",Business & Economics,0095-4918,English,UL5FO,Q6,market_volatility_ai_ml_dl_covid
"Liu, T; Choo, W; Xinping, H; Li, L","Liu, Ting; Choo, Weichong; Xinping, Han; Li, Le",Combining deep learning with econometric models: volatility forecasting using the KAN-GARCH-MIDAS framework,JOURNAL OF APPLIED ECONOMICS,2025,10.1080/15140326.2025.2555479,"Machine learning and deep learning are increasingly applied in finance, yet few studies explore how they can enhance traditional econometric models. This study proposes an innovative KAN-GM model, integrating the Kolmogorov-Arnold network (KAN) with the GARCH-MIDAS model to extract nonlinear macroeconomic features for volatility forecasting. Empirical results show that KAN-GM outperforms traditional GARCH in MAE and MedAE, consistently ranks in the optimal model set via MCS tests, and demonstrates strong cross-market adaptability (stocks and forex). It also maintains robustness pre- and post-COVID-19. The model effectively combines deep learning and econometrics, improving financial risk prediction.",Forecasting; volatility; GARCH-MIDAS; KAN,STOCK-MARKET VOLATILITY; EXCHANGE-RATE; MACROECONOMIC VARIABLES; POLICY UNCERTAINTY,Article,Economics,Business & Economics,1514-0326,English,7DQ4Y,Q6,market_volatility_ai_ml_dl_covid
"Ben Jabeur, S; Khalfaoui, R; Ben Arfi, W","Ben Jabeur, Sami; Khalfaoui, Rabeh; Ben Arfi, Wissal","The effect of green energy, global environmental indexes, and stock markets in predicting oil price crashes: Evidence from explainable machine learning",JOURNAL OF ENVIRONMENTAL MANAGEMENT,2021,10.1016/j.jenvman.2021.113511,"This study aims to predict oil prices during the 2019 novel coronavirus (COVID-19) pandemic by looking into green energy resources, global environmental indexes (ESG), and stock markets. The study employs advanced machine learning, such as the LightGBM, CatBoost, XGBoost, Random Forest (RF), and neural network models. An accurate forecasting framework can effectively capture the trend of the changes in oil prices and reduce the impact of the COVID-19 pandemic on such prices. Additionally, a large dataset with different asset classes was used to investigate the crash period. The research also introduced SHapely Additive exPlanations (SHAP) values for model analysis and interpretability. The empirical results indicate the superiority of the RF and LightGBM over traditional models. Moreover, this new framework provides favorable explanations of the model performance using the efficient SHAP algorithm. It also highlights the core features of predicting oil prices. The study found that high values of GER and ESG lead to lower crude oil prices. Our results are crucial for investors and policymakers in promoting climate change mitigation and sustained economic prosperity through green energy resources.",Crude oil; Crash; COVID-19; Machine learning models,CRUDE-OIL; NEURAL-NETWORK; GOLD PRICE; VOLATILITY; EFFICIENCY; SECTOR; MODEL,Article,Environmental Sciences,Environmental Sciences & Ecology,0301-4797,English,UX1AI,Q6,market_volatility_ai_ml_dl_covid
"Gradojevic, N; Kukolj, D","Gradojevic, Nikola; Kukolj, Dragan",Unlocking the black box: Non-parametric option pricing before and during COVID-19,ANNALS OF OPERATIONS RESEARCH,2024,10.1007/s10479-022-04578-7,"This paper addresses the interpretability problem of non-parametric option pricing models by using the explainable artificial intelligence (XAI) approach. We study call options written on the S&P 500 stock market index across three market regimes: pre-COVID-19, COVID-19 market crash, and post-COVID-19 recovery. Our comparative option pricing exercise demonstrates the superiority of the random forest and extreme gradient boosting models for each market regime. We also show that the model's pricing accuracy has worsened from the pre-COVID-19 to the recovery period. Moneyness was the most important price determinants across the market regimes, while the implied volatility and time-to-maturity inputs contributed intermittently to a lesser extent. During the COVID-19 crash, open interest gained more economic importance due to the increased behavioral tendencies of traders consistent with market distress.",Option pricing; COVID-19; Random forest; Extreme gradient boosting; Explainable artificial intelligence; Interpretability,HEDGING DERIVATIVE SECURITIES; NEURAL-NETWORKS; STOCHASTIC VOLATILITY; MODEL; FUTURES; SYSTEMS; CRASH,Article,Operations Research & Management Science,Operations Research & Management Science,0254-5330,English,LB3D9,Q6,market_volatility_ai_ml_dl_covid
"Lucio, F; Caiado, J","Lucio, Francisco; Caiado, Jorge",COVID-19 and Stock Market Volatility: A Clustering Approach for S&P 500 Industry Indices,FINANCE RESEARCH LETTERS,2022,10.1016/j.frl.2022.103141,"We study how the COVID-19 pandemic affected some of the conditional volatilities of S&P 500 industries, using a new model feature-based clustering method on a fitted TGARCH model. Rather than using the estimated model parameters to compute a distance matrix for the stock indices, we suggest using a distance based on the autocorrelations of the estimated conditional volatilities. Both hierarchical and non-hierarchical algorithms are used to assign the set of industries into clusters. The results show a clear change in the composition of each cluster between the period before the first US COVID-19 case and the period during the pandemic.",Autocorrelation; Cluster analysis; COVID-19; Threshold GARCH model; Unsupervised machine learning; S & P 500; Volatility,TIME-SERIES,Article,"Business, Finance",Business & Economics,1544-6123,English,3G9IE,Q6,market_volatility_ai_ml_dl_covid
"Chandra, R; He, YX","Chandra, Rohitash; He, Yixuan",Bayesian neural networks for stock price forecasting before and during COVID-19 pandemic,PLOS ONE,2021,10.1371/journal.pone.0253217,"Recently, there has been much attention in the use of machine learning methods, particularly deep learning for stock price prediction. A major limitation of conventional deep learning is uncertainty quantification in predictions which affect investor confidence. Bayesian neural networks feature Bayesian inference for providing inference (training) of model parameters that provides a rigorous methodology for uncertainty quantification in predictions. Markov Chain Monte Carlo (MCMC) sampling methods have been prominent in implementing inference of Bayesian neural networks; however certain limitations existed due to a large number of parameters and the need for better computational resources. Recently, there has been much progress in the area of Bayesian neural networks given the use of Langevin gradients with parallel tempering MCMC that can be implemented in a parallel computing environment. The COVID-19 pandemic had a drastic impact in the world economy and stock markets given different levels of lockdowns due to rise and fall of daily infections. It is important to investigate the performance of related forecasting models during the COVID-19 pandemic given the volatility in stock markets. In this paper, we use novel Bayesian neural networks for multi-step-ahead stock price forecasting before and during COVID-19. We also investigate if the pre-COVID-19 datasets are useful of modelling stock price forecasting during COVID-19. Our results indicate due to high volatility in the stock-price during COVID-19, it is more challenging to provide forecasting. However, we found that Bayesian neural networks could provide reasonable predictions with uncertainty quantification despite high market volatility during the first peak of the COVID-19 pandemic.",,PREDICTION; MARKET,Article,Multidisciplinary Sciences,Science & Technology - Other Topics,,English,TC7AG,Q6,market_volatility_ai_ml_dl_covid
"Gong, XY; Jia, GZ","Gong, Xingyue; Jia, Guozhu",The Impact of Financial Stress on New Energy Vehicles Industry from Cross-correlation to Explainable Machine Learning: Proof from China,COMPUTATIONAL ECONOMICS,2025,10.1007/s10614-024-10688-0,"This paper employed a combination of the multifractal detrended cross-correlation analysis (MFDCCA) method and interpretable machine learning methods to investigate the correlation between financial stress and the volatility of new energy vehicles stock at both macro and micro levels. The multifractal detrended cross-correlation analysis (MFDCCA) method reveals a significant anti-persistent cross-correlation. Seven benchmark models are applied to identify the contribution of financial stress and its sub-indicators on predicting of the new energy vehicles stock market volatility, while the impact of financial stress on the new energy vehicles industry during the US-China trade war, COVID-19 pandemic, and Russia-Ukraine conflict is explored. Results suggest that financial stress can improve forecasting performance, with support vector regression (SVR) outperforming other models in accuracy, stability, and robustness. SHapley Additive exPlanations (SHAP) is used to explain forecasts, and the empirical analysis reveals that the contributions of financial stress exhibit heterogeneity under different periods. The study's results can help policymakers, regulators and investors in identifying the current financial risks in the new energy vehicle industry and formulating relevant policies to help its sustainable development by regulating financial stress during various crisis events.",New energy vehicle stock market; Financial stress; Machine learning; Shapley additive explanations; Multifractal detrended cross-correlation analysis,CRUDE-OIL; MARKETS; INDEX; US,Article,"Economics; Management; Mathematics, Interdisciplinary Applications",Business & Economics; Mathematics,0927-7099,English,3FD7F,Q6,market_volatility_ai_ml_dl_covid
"Ma, F; Lu, XJ; Zhu, B","Ma, Feng; Lu, Xinjie; Zhu, Bo",Uncertainty and fluctuation in crude oil price: evidence from machine learning models,ANNALS OF OPERATIONS RESEARCH,2025,10.1007/s10479-023-05463-7,"This study comprehensively investigates the predictability of uncertainty indices for oil market volatility, employing multiple machine learning models based on a large set of uncertainty indices. Empirical findings demonstrate the efficiency of machine learning models for predicting oil futures volatility using uncertainty indices. The results are consistent across various robustness checks and special circumstances. This study highlights the need to combine the efficiency of machine learning models with as much information from uncertainty indices as possible to capture the dynamics of the oil market, which is essential for energy fields to confront future fierce situations and crises.",Machine learning; Oil market; Volatility forecasting; COVID-19 pandemic; Business cycles,ECONOMIC-POLICY UNCERTAINTY; STOCK-MARKET VOLATILITY; GEOPOLITICAL RISKS; COVID-19; PREMIUM; NEXUS; NEWS,Article,Operations Research & Management Science,Operations Research & Management Science,0254-5330,English,Y8G3X,Q6,market_volatility_ai_ml_dl_covid
"El Moujahid, O; Murtinu, S; Sekerci, N","El Moujahid, Oussama; Murtinu, Samuele; Sekerci, Naciye",Artificial intelligence and firm resilience,JOURNAL OF FINANCIAL STABILITY,2026,10.1016/j.jfs.2026.101542,"We investigate the role of Artificial Intelligence (AI) on firms' resilience to the COVID-19 crisis. We show that firms that adopted AI technology before the crisis (AI-adopters) exhibit higher stock returns during the peak of the crisis than non-AI-adopters. This cross-sectional finding also holds in a difference-in-differences setting. Having AI patents is also associated with higher stock returns regardless of the firm adopting AI. We further provide evidence that heterogeneity in AI adoption matters; specifically, our main finding is driven primarily by machine learning. Moreover, AI-adopters exhibit lower stock volatility during the peak of the crisis compared to non-AI-adopters. The resilience that AI adoption brings is also reflected in other firm indicators, such as operating performance and firm valuation. Finally, we find that neither firm ownership nor firm size seems to moderate the relationship between AI adoption and firm stock returns.",Artificial intelligence; Stock market; COVID-19; Patents; Performance,CORPORATE SOCIAL-RESPONSIBILITY; MULTIPLE LARGE SHAREHOLDERS; RARE DISASTERS; PERFORMANCE; INNOVATION; COVID-19; BUSINESS; INDUSTRY; MODELS; RISK,Article,"Business, Finance; Economics",Business & Economics,1572-3089,English,HL9AL,Q6,market_volatility_ai_ml_dl_covid
"Zahid, S; Saleem, HMN","Zahid, Saba; Saleem, Hassan Mujtaba Nawaz",A Comparison of Machine Learning Algorithms to Predict Stock Price During COVID-19 Outbreaks: An Empirical Investigation of Pakistan Stock Exchange,GLOBAL BUSINESS REVIEW,2025,10.1177/09721509251316121,"The research investigates the performance of four machine learning algorithms 'Linear Regression, Support Vector Machine, Gradient Boost and Random Forest' in predicting stock prices in Pakistan during the COVID-19 pandemic. Utilizing 15 trading factors sourced from the Pakistan Stock Exchange website and analyzed using Python programming language, the study calculates volatility during the pandemic period. Results reveal that the Random Forest model consistently exhibits robust predictive capabilities across various metrics, outperforming other algorithms by accurately predicting stock prices based on factors such as the previous day's closing price, open price, average price, turnover and P/E ratio, with over 90% accuracy. Notably, Random Forest also surpasses in predicting the lowest price, highest price, P/B ratio, P/S ratio, fluctuations in currency (in Rupees), turnover rate, total market capitalization and total equity. This study contributes to the literature on stock return algorithms, uniquely examining the effectiveness of different financial factors with various machine learning algorithms in the context of Pakistan's stock market during a challenging period. The findings hold significance for investors, traders and policymakers, offering insight for decision-making and regulation formulation amid market instability.",COVID-19; finance; machine learning; stock prediction; Support Vector Machine,SUPPORT VECTOR MACHINE; BANKRUPTCY PREDICTION; FINANCIAL RATIOS; DISEASE,Article; Early Access,Business; Management,Business & Economics,0972-1509,English,0HA1W,Q6,market_volatility_ai_ml_dl_covid
"Sahiner, M","Sahiner, Mehmet",Volatility Spillovers and Contagion During Major Crises: An Early Warning Approach Based on a Deep Learning Model,COMPUTATIONAL ECONOMICS,2024,10.1007/s10614-023-10412-4,"This paper contributes to the ongoing debate on the nature and characteristics of the volatility transmission channels of major crash events in international stock markets between 03 July 1997 and 09 March 2021. Using dynamic conditional correlations (DCC) for conditional correlations and volatility clustering, GARCH-BEKK for the direction of transmission of disturbances, and the Diebold-Yilmaz spillover index for the level of volatility contagion, the paper finds that the climbs in external shock transmissions have long-lasting impacts in domestic markets due to the contagion effect during crisis periods. The findings also reveal that the heavier magnitude of financial stress is transmitted between Asian countries via the Hong Kong stock market. Additionally, the degree of volatility spillovers between advanced and emerging equity markets is smaller compared to the pure spillovers between advanced markets or emerging markets, offering a window of opportunity for international market participants in terms of portfolio diversification and risk management applications. Furthermore, the study introduces a novel early warning system created by integrating DCC correlations with a state-of-the-art deep learning model to predict the global financial crisis and COVID-19 crisis. The experimental analysis of long short-term memory network finds evidence of contagion risk by verifying bursts in volatility spillovers and generating signals with high accuracy before the 12-month crisis period. This provides supplementary information that contributes to the decision-making process of practitioners, as well as offering indicative evidence that facilitates the assessment of market vulnerability for policymakers.",Volatility; Machine learning; Spillovers; Financial crisis; Contagion,GLOBAL FINANCIAL CRISIS; DYNAMIC CONDITIONAL CORRELATION; IMPULSE-RESPONSE ANALYSIS; TIME-SERIES; UNIT-ROOT; MARKET CONTAGION; STOCK; LINKAGES; PRICE; INTERDEPENDENCE,Article,"Economics; Management; Mathematics, Interdisciplinary Applications",Business & Economics; Mathematics,0927-7099,English,UY2R8,Q6,market_volatility_ai_ml_dl_covid
"Lyu, ZC; Ma, F; Zhang, JX","Lyu, Zhichong; Ma, Feng; Zhang, Jixiang",Oil futures volatility prediction: Bagging or combination?,INTERNATIONAL REVIEW OF ECONOMICS & FINANCE,2023,10.1016/j.iref.2023.05.007,"This paper compares the predictive performance of the bagging method and traditional combi-nation models for forecasting oil futures volatility, using economic policy uncertainty (EPU) indices and macroeconomic variables as predictors. Our empirical findings indicate that the bagging method outperforms the conventional combination models, demonstrating the effec-tiveness of machine learning combination models. These results are confirmed by different evaluation methods, alternative forecasting methods, and alternative oil futures, and hold up during the COVID-19 pandemic and various business cycles. Furthermore, we show that EPU indices are more useful than macroeconomic variables for forecasting oil volatility during the COVID-19 pandemic. Thus, our analysis provides new insights into combination forecasts.",Combination models; Bagging; Volatility forecasting; COVID-19,ECONOMIC-POLICY UNCERTAINTY; STOCK-MARKET VOLATILITY; CRUDE-OIL; TIME-SERIES; US STOCK; PRICE; FORECAST; PREMIUM; MODELS; RETURNS,Article,"Business, Finance; Economics",Business & Economics,1059-0560,English,Q2DX6,Q6,market_volatility_ai_ml_dl_covid
"Le, DT; Rajasegarar, S; Luo, W; Nguyen, TT; Angelova, M","Le, Dat; Rajasegarar, Sutharshan; Luo, Wei; Nguyen, Thanh Thi; Angelova, Maia",Enhancing real estate prediction with entropy-based pattern analysis and economic sentiment integration,ENGINEERING COMPUTATIONS,2025,10.1108/EC-09-2024-0895,"PurposeThe purpose of this research is to improve real estate market forecasting by introducing an innovative entropy-based multivariate clustering technique, Jensen-Shannon Time Series Segmentation (JSTS). The approach is designed to be integrated with advanced deep learning models such as Transformer, TSMixer, N-HiTS and LSTM, while incorporating key economic features such as consumer price index (CPI), sentiment analysis from headline news and real estate price and volume data to capture complex market dynamics.Design/methodology/approachThis study applies the JSTS clustering technique on a real dataset comprising Australian real estate market data, including property prices, volumes, CPI and sentiment scores derived from headline news. Advanced deep learning models such as Transformer, TSMixer, N-HiTS and LSTM are used for forecasting, and performance is compared against traditional clustering methods like weighted dynamic time warping (WDTW) and standalone forecasting models such as Autoregressive Integrated Moving Average (ARIMA). The models are evaluated based on forecasting accuracy metrics, including MAPE, RMSE and MASE.FindingsThe experimental results show that the integration of JSTS clustering with advanced forecasting models significantly enhances the prediction accuracy compared to both traditional clustering methods and standalone forecasting models like ARIMA. The inclusion of sentiment from headline news further improves forecasting by providing real-time market sentiment insights, enabling the models to better capture market trends and behavioral shifts.Research limitations/implicationsWhile the proposed JSTS clustering method significantly improves forecasting accuracy, there are limitations in its computational complexity, especially when applied to large-scale, high-frequency datasets. The clustering process introduces additional computational overhead, which may require optimization for real-time applications. Further research is needed to explore the scalability of the JSTS approach across other domains such as stock markets or healthcare. Additionally, the model may require fine-tuning and domain expertise to adapt to varying market conditions, especially in different geographical regions.Practical implicationsThe integration of sentiment analysis from headline news with economic indicators such as price, volume and CPI in real estate forecasting provides actionable insights for investors, developers and policymakers. By improving prediction accuracy, the proposed framework can support better decision-making in the real estate sector, helping stakeholders to anticipate market trends, assess risks and optimize investments. This methodology can also be adapted for use in other financial markets or sectors where time series data and sentiment analysis are key factors.Social implicationsAccurate forecasting of real estate markets has significant social implications, as it influences housing affordability, urban development and financial stability. By improving prediction models, this research can contribute to more informed policies regarding housing, economic planning and real estate investments. Additionally, incorporating sentiment analysis reflects the impact of public opinion and economic sentiment on market dynamics, potentially offering better tools for understanding market behaviors during periods of social or economic instability, such as during pandemics or financial crises. Originality/valueThis research presents a novel framework by combining JSTS clustering with state-of-the-art deep learning forecasting models and incorporating headline news sentiment into the prediction process. The method outperforms traditional approaches, offering a more accurate and robust solution for real estate time series forecasting, particularly in the volatile and complex Australian market. The integration of sentiment analysis into a multivariate framework is a key innovation, providing a deeper understanding of market behaviors.",Real estate forecasting; Time series clustering; Sentiment analysis; Deep learning; Economic indicators; Market prediction,ARIMA; GARCH,Article; Early Access,"Computer Science, Interdisciplinary Applications; Engineering, Multidisciplinary; Mathematics, Interdisciplinary Applications; Mechanics",Computer Science; Engineering; Mathematics; Mechanics,0264-4401,English,9LP1C,Q6,market_volatility_ai_ml_dl_covid
"Li, SY; Ning, KX; Zhang, T","Li, Shaoyu; Ning, Kaixuan; Zhang, Teng",Sentiment-aware jump forecasting,KNOWLEDGE-BASED SYSTEMS,2021,10.1016/j.knosys.2021.107292,"This study models the return distributions of the Shanghai Security Composite Index (SSCI) by adding sentiment-aware variables (attention, sentiment, and disagreement), which may affect the jump intensity dynamics or changing the jump size variance, into the GARJI model of Maheu and McCurdy (2004). Textual analysis with some state-of-art machine-learning and deep-learning algorithms is used to select investor sentiment-aware variables with better performance. The extended models (GARJI-sentiment models), which incorporate the sentiment-aware variables into GARJI model, have better forecasting powers on volatilities and extreme events than the benchmark GARJI model. The significant influence of sentiment-aware variables on the jumps and conditional variances implies bounded rationality of investors. Our case study further provides some evidence that Black Swan events, including the implementation of the circuit breaker rule and the lockdown of Wuhan during the COVID-19 epidemic, could affect market jump risks and conditional variances by influencing the sentiment-aware variables, especially investor attention. (C) 2021 Elsevier B.V. All rights reserved.",Sentiment-aware variables; Neural network; Volatility forecasting; Extreme event forecasting; COVID-19 epidemic,STOCK-MARKET; INVESTOR ATTENTION; VOLATILITY; DYNAMICS; RETURNS; NOISE; RISK; NEWS; OVERCONFIDENCE; UNDERREACTION,Article,"Computer Science, Artificial Intelligence",Computer Science,0950-7051,English,UB7AC,Q6,market_volatility_ai_ml_dl_covid
"Joshi, P; Wang, JH; Busler, M","Joshi, Prashant; Wang, Jinghua; Busler, Michael",A Study of the Machine Learning Approach and the MGARCH-BEKK Model in Volatility Transmission,JOURNAL OF RISK AND FINANCIAL MANAGEMENT,2022,10.3390/jrfm15030116,"This study analyzes the volatility spillover effects in the US stock market (S&P500) and cryptocurrency market (BGCI) using intraday data during the COVID-19 pandemic. As the potential drivers of portfolio diversification, we measure the asymmetric volatility transmission on both markets. We apply MGARCH-BEKK and the algorithm-based GA(2) M machine learning model. The negative shocks to returns impact the S&P500 and the cryptocurrency market more than the positive shocks on both markets. This study also indicates evidence of unidirectional cross-market asymmetric volatility transmission from the cryptocurrency market to the S&P500 during the COVID-19 pandemic. The research findings show the potential benefit of portfolio diversification between the S&P500 and BGCI.",MGARCH-BEKK; GA(2)M; machine learning; volatility spillovers robustness; cryptocurrency,AUTOREGRESSIVE TIME-SERIES; CRYPTOCURRENCIES EVIDENCE; MARKETS; BITCOIN; SPILLOVERS; STATISTICS,Article,"Business, Finance",Business & Economics,1911-8066,English,0B7QO,Q6,market_volatility_ai_ml_dl_covid
"Costa, GD; Lunkes, RJ","Costa, Gabriel Donadio; Lunkes, Rogerio Joao",Application of machine learning algorithm to predict the behavior of stocks marketed in Brazil,CONTABILIDAD Y NEGOCIOS,2025,10.18800/contabilidad.2025ESP.002,"Modern economy offers several investment options, making capital assignments complex, slow and risky. In order to assist investors in the decision-making process, artificial intelligence tools aim at finding patterns hidden in data and providing useful, timely and accurate information. This work analyzes the application of machine learning algorithms in the selection of portfolios in the Brazilian market. Recent research intended to predict the stock market behavior implementing machine learning with conventional methods such as technical or fundamental analysis (Anghel, 2021; Kamara et al., 2022; Nti et al., 2020b); while few combine analyses in emerging and volatile markets like Brazil. Thus, three machine learning models were trained using variables from the technical and/or fundamental analysis. The sample included 40,562 observations from six companies listed on B3, from August 1994 to December 2021. Models trained only with fundamental or technical variables evidenced low accuracy, which was translated into low learning and generalization capacity ofthe algorithm. In contrast, the model includingthe combination of technical and fundamental variables revealed an average accuracy of 70,7 % on 5 folds, which was supported by the literature that indicates that hybrid models can provide greater accuracy and lower volatility. In addition, results exceed the accuracy of previous studies (e.g. Emir et al., 2012; Kim, 2003; Zhang & Zhao, 2009), which indicates that the Support Vector Machine-SVM can also be applied to emerging markets, even in crisis times, such as COVID-19 pandemic.",machine learning; portfolio selection; technical analysis; fundamental analysis,SUPPORT VECTOR MACHINES; SELECTION; HYBRID; ENSEMBLE,Article,"Business, Finance",Business & Economics,1992-1896,English,8PQ1E,Q6,market_volatility_ai_ml_dl_covid
"Koszewski, K; Mazumdar, S; Kumar, AS","Koszewski, Krzysztof; Mazumdar, Somnath; Kumar, Anoop S.",Understanding rate of return dynamics of cryptocurrencies: an experimental campaign,ARTIFICIAL INTELLIGENCE REVIEW,2024,10.1007/s10462-023-10629-7,"In recent years, cryptocurrencies have been considered as an asset by public investors and received much research attention. It is a volatile asset, thus predicting its prices is not easy due to the dependence on multiple external factors. Machine learning models are becoming popular for cryptocurrency price predictions, while also considering social media data. In this article, we analyze the rate of return of three cryptocurrencies (Bitcoin, Ether, Binance) from an investor point of view. We also consider three traditional external variables: S&P 500 stock market index, gold price, and volatility index. The rate of return prediction is based on three stages. First, we analyze the correlation between the cryptocurrency returns and the traditional external variables. Next, we focus on the influential social media variables (from Twitter, Reddit, and Wikipedia). Later, we use these variables to improve prediction accuracy. Third, we test how the standard time series models (such as ARIMA and SARIMA) and four machine learning models (such as RNN, LSTM, GRU and Bi-LSTM) predict one-day rate of return. Finally, we also analyze the risk of investing in each cryptocurrencies using value risk statistics. Overall, our result shows no correlation between cryptocurrency returns and three traditional external variables. Second, we found that overall LSTM model is the best, GRU is the second-best prediction model, while the impact of the social media variables varies depending on the cryptocurrencies. Finally, we also found that investment in gold offers better returns than cryptocurrency during Covid-19-like situations.",Cryptocurrency; Machine learning; Prediction; RoR; Sentiment; VADER; Wavelet,,Article,"Computer Science, Artificial Intelligence",Computer Science,0269-2821,English,EC3Y7,Q6,market_volatility_ai_ml_dl_covid
"Wang, YJ; Ye, WY; Jiang, Y; Liu, XQ","Wang, Yuejing; Ye, Wuyi; Jiang, Ying; Liu, Xiaoquan",Volatility prediction for the energy sector with economic determinants: Evidence from a hybrid model,INTERNATIONAL REVIEW OF FINANCIAL ANALYSIS,2024,10.1016/j.irfa.2024.103094,"Given close ties between energies and economic growth and evidence in the literature that fundamental information helps improve the pricing efficiency of energy products, in this study we examine volatility prediction for the U.S. energy sector considering the impact of economic variables. In particular, we develop a hybrid model that combines the GARCH-MIDAS model and LSTM neural network. This particular specification is motivated by the need to simultaneously take a large number of economic predictors into account and allow a flexible volatility component structure with potential nonlinear relation among economic determinants. Based on the sample period from January 1991 to September 2022, our empirical results show that the hybrid model generates statistically more precise volatility forecasts out of sample than a number of alternative models, and this is robust during the energy market turmoil brought by the onset of the COVID-19 pandemic and the Russian-Ukrainian clash. Finally, volatility forecasts from the hybrid model allow mean-variance utility investors to achieve higher economic value.",Energy market Machine learning technique Economic gain GARCH Subsample analysis,STOCK-MARKET VOLATILITY; OIL; FORECASTS; RETURN; PREMIUM; INDEX,Article,"Business, Finance",Business & Economics,1057-5219,English,IP7R4,Q6,market_volatility_ai_ml_dl_covid
"Ma, M; Zhang, J","Ma, Ming; Zhang, Jing",RETRACTED: A Bayesian analysis based on multivariate stochastic volatility model: evidence from green stocks,JOURNAL OF COMBINATORIAL OPTIMIZATION,2023,10.1007/s10878-022-00936-0,"Green stocks are companies environmental protective and friendly. We test Green stock index in Shanghai Stock Exchange and China Securities Index as safe-havens for global investors. Suitable multivariate-SV model and Bayesian method are used to estimate the spillover effect between different assets among local and global markets. We choose multivariate volatility model because it can efficiently simulate the spillover effect by using machine learning MCMC method. The results show that the Environmental Protection Index (EPI) of Shanghai Stock Exchange (SSE) and China Securities Index (CSI) have no significant volatility spillover from Shanghai Stock index, S &P index, gold price, oil future prices of USA and China. During COVID-19 pandemic, we find Green stock index is a suitable safe-haven with low volatility spillover. Green stock indexes has a strongly one-way spillover to the crude oil future price. Environmentally friendly investor can use diversity green assets to provide a low risk investment portfolio in EPI stock market. The DCGCt-MSV model using machine learning of MCMC method is accurate and outperform others in Bayes parameter estimation.",Green stock; Spillover Effect; Machine learning; Markov chain Monte Carlo; Bayesian analysis,SAFE HAVEN; OIL; GOLD; SPILLOVERS; MARKETS,Article; Retracted Publication,"Computer Science, Interdisciplinary Applications; Mathematics, Applied",Computer Science; Mathematics,1382-6905,English,6M7TW,Q6,market_volatility_ai_ml_dl_covid
"Agrawal, A; Kadam, S; Jha, V; Prakash, V","Agrawal, Anshul; Kadam, Sanjeev; Jha, Vibhanshu; Prakash, Ved",Bitcoin price sentiment analysis and forecasting: Integrating VADER and LSTM models,INTERNATIONAL JOURNAL OF FINANCIAL ENGINEERING,2025,10.1142/S2424786325500112,"Sentiment analysis and forecasting play a crucial role in understanding market emotions and their trends. When there is a high volatility or variability in the market, it becomes quite difficult for investors and market participants to predict market trends. In this study, VADER analysis is used for sentiment analysis, and the long short-term memory network (LSTM) model is applied for forecasting to predict Bitcoin prices during volatile periods, including the COVID-19 pandemic and the Russia-Ukraine war. In this research, we analyze the daily closing prices of Bitcoin from 2020 to 2023, extracted from Twitter news. The data are divided into two sub-periods: the first from 2020 to 2022, covering the COVID-19 period and the second from 2022 to 2023, covering the Russia-Ukraine war. This study aims to determine patterns and fluctuations in Bitcoin price sentiment over the observed time period and explain how sentiment dynamics are linked to Bitcoin price movements under erratic market conditions. The growing influence of social media on financial markets underlines the significance of this analysis. This study delivers valuable insights for investors, analysts, market participants and policymakers to manage their portfolios and mitigate risk during volatile periods.",Sentiment; LSTM; public emotions; investment decisions; forecasting,MARKET; PERFORMANCE; MEDIA,Article,"Business, Finance",Business & Economics,2424-7863,English,AQ6VC,Q6,market_volatility_ai_ml_dl_covid
"Yang, Q; Yu, YY; Dai, DS; He, Q; Lin, Y","Yang, Qu; Yu, Yuanyuan; Dai, Dongsheng; He, Qian; Lin, Yu",Can hybrid model improve the forecasting performance of stock price index amid COVID-19? Contextual evidence from the MEEMD-LSTM-MLP approach,NORTH AMERICAN JOURNAL OF ECONOMICS AND FINANCE,2024,10.1016/j.najef.2024.102252,"The sudden eruption of COVID-19 has inflicted tremendous damage to the worldwide economy, and stock markets have become violently volatile due to its negative impact. Therefore, accurate forecasting of stock price index has been playing an essential role in maintaining national economic security and formulating related policies. In this paper, a novel decomposition-ensemble model is proposed to predict the highly fluctuating stock price index. To begin with, the modified ensemble empirical mode decomposition (MEEMD) method is adopted to decompose the original stock price index into subsequences with different frequencies. Then, the last highfrequency subsequence and other subsequences are predicted through multilayer perceptron (MLP) and long short-term memory (LSTM), respectively. Finally, the prediction outcomes of different model subsequences are reconstructed into the ultimate prediction results by utilizing the integration method. Compared with the contrast models, the MEEMD-LSTM-MLP model proposed in our paper not only demonstrates significant advantages in multi-step forecasting for both emerging and developed markets, but also achieves excellent prediction performance amidst the severe market fluctuations triggered by COVID-19. Furthermore, the application of the MEEMD-LSTM-MLP model is extended to financial time series with different data characteristics and market types, which further proves its high applicability and reliability. Therefore, the conducted hybrid MEEMD-LSTM-MLP model is an effective and stable multi-step forecasting tool to provide valuable intelligent technical support for governments and enterprises in complex economic conditions.",Stock price index multi-step forecasting; COVID-19; Modified ensemble empirical mode; decomposition; Long short-term memory; Multilayer perceptron,VOLATILITY; DECOMPOSITION; PREDICTION,Article,"Business, Finance; Economics",Business & Economics,1062-9408,English,C7I4P,Q6,market_volatility_ai_ml_dl_covid
"Aslam, A","Aslam, Adnan",Economic policy uncertainty and AI-driven stock spillovers: Implications for portfolio diversification,RESEARCH IN INTERNATIONAL BUSINESS AND FINANCE,2026,10.1016/j.ribaf.2026.103340,"This study examines how economic policy uncertainty (EPU) shapes return spillovers between major AI-driven stocks. Using daily data for seven leading AI-driven firms, this study estimates a time-varying connectedness via the TVP-VAR framework and links it to macroeconomic uncertainty using a GARCH-MIDAS-EPU model. The pre- and post-COVID analyses capture structural shifts in spillover dynamics. The results show Microsoft and Google are primary transmitters of shocks with Nvidia acting as a critical intermediary, while Tesla and IBM act as net receivers. EPU amplifies short-term connectedness but dampens long-term spillovers, reflecting risk-averse behavior and delayed investment under uncertainty. In post-pandemic periods, long-term volatility persistence strengthens and connectedness becomes more sensitive to policy shocks. Further, the portfolio testing reveals that strategies minimizing correlation and connectedness outperform traditional variance-based approaches during periods of heightened uncertainty. These findings highlight AI-driven equities as a critical channel of macro-policy risk transmission and provide actionable insights for investors, portfolio managers, and policymakers in innovation-driven financial markets.",Artificial intelligence-driven stocks; Economic policy uncertainty; Spillovers; Portfolio diversification,IMPULSE-RESPONSE ANALYSIS; VOLATILITY,Article,"Business, Finance",Business & Economics,0275-5319,English,DV3RV,Q6,market_volatility_ai_ml_dl_covid
"Hu, GH; Ma, XQ; Zhu, TT","Hu, Genhua; Ma, Xiaoqing; Zhu, Tingting",Forecasting volatility of China's crude oil futures based on hybrid ML-HAR-RV models,NORTH AMERICAN JOURNAL OF ECONOMICS AND FINANCE,2025,10.1016/j.najef.2025.102428,"Crude oil futures are central to global economic stability, with their volatility shaping financial markets worldwide. Forecasting volatility in China's emerging crude oil futures market presents unique challenges, particularly during market stress events such as the COVID-19 pandemic and geopolitical disruptions. This study develops hybrid ML-HAR-RV models that integrate machine learning with econometric methods to enhance predictive accuracy and economic interpretability. Our analysis reveals pronounced jumps in volatility, with asymmetric responses to market shocks. Notably, the HAR-RV model incorporating signed jumps significantly improves predictive performance. Hybrid ML-HAR-RV models, especially those leveraging signed jumps, demonstrate superior forecasting capability. These findings refine the understanding of volatility dynamics in emerging futures markets and offer actionable insights for risk management and policy design. Beyond China, our framework provides a scalable approach for modeling commodity market volatility under external shocks, contributing to broader financial modeling and economic strategy.",China's crude oil futures; High-frequency data; Signed jumps; HAR-RV model; Machine learning,,Article,"Business, Finance; Economics",Business & Economics,1062-9408,English,1XW8G,Q6,market_volatility_ai_ml_dl_covid
"Shabe, R; Engelbrecht, A; Anderson, K","Shabe, Refiloe; Engelbrecht, Andries; Anderson, Kian",Incremental Reinforcement Learning for Portfolio Optimisation,COMPUTERS,2025,10.3390/computers14070242,"Portfolio optimisation is a crucial decision-making task. Traditionally static, this problem is more realistically addressed as dynamic, reflecting frequent trading within financial markets. The dynamic nature of the portfolio optimisation problem makes it susceptible to rapid market changes or financial contagions, which may cause drifts in historical data. While reinforcement learning (RL) offers a framework that allows for the formulation of portfolio optimisation as a dynamic problem, existing RL approaches lack the ability to adapt to rapid market changes, such as pandemics, and fail to capture the resulting concept drift. This study introduces a recurrent proximal policy optimisation (PPO) algorithm, leveraging recurrent neural networks (RNNs), specifically the long short-term memory network (LSTM) for pattern recognition. Initial results conclusively demonstrate the recurrent PPO's efficacy in generating quality portfolios. However, its performance declined during the COVID-19 pandemic, highlighting susceptibility to rapid market changes. To address this, an incremental recurrent PPO is developed, leveraging incremental learning to adapt to concept drift triggered by the pandemic. This enhanced algorithm not only learns from ongoing market data but also consistently identifies optimal portfolios despite significant market volatility, offering a robust tool for real-time financial decision-making.",portfolio optimisation; reinforcement learning; incremental learning; recurrent neural networks; long short-term memory networks,,Article,"Computer Science, Interdisciplinary Applications",Computer Science,2073-431X,English,5NC3G,Q6,market_volatility_ai_ml_dl_covid
"Mishra, AK; Renganathan, J; Gupta, A","Mishra, Aswini Kumar; Renganathan, Jayashree; Gupta, Aaryaman",Volatility forecasting and assessing risk of financial markets using multi-transformer neural network based architecture,ENGINEERING APPLICATIONS OF ARTIFICIAL INTELLIGENCE,2024,10.1016/j.engappai.2024.108223,"This research introduces a more reliable model for predicting market volatility. The model incorporates Transformer and Multi-transformer layers with the GARCH and LSTM models and compares their performance to classic GARCH-type models. Euro-US Dollar FX Spot Rate (EURO-USD), Australian-US Dollar FX Spot Rate (AUDUSD), S&P 500 Index, FTSE 100 Index, Reliance Industries Ltd., and Samsung Electronics Co Ltd. are analyzed. The timeframe examined is January 2005 to December 2021, with training from 2005 to 2016 and testing from 2017 to 2021. Empirical evidence suggests that hybrid Neural-network models, notably Transformer-based models, outperform individual transformers, deep learning, neural networks, and traditional GARCH-type models, even in unpredictable conditions like the COVID-19 pandemic. Within the hybrid Neural-network models, MT-GARCH and MTL-GARCH showed lower validation error (RMSE) than the other models, showing that the bagging mechanism added to the attention mechanism of the Multi-Transformer architecture helped to lower the error in the variance in the noisy data of the daily returns of the assets, reducing the RMSE of the hybrid multi-Transformer models. In addition, three to four of the five hybrid neural-network models showed appropriate risk estimates for the entire test period, as observed from the Christoffersen test. Moreover, the lengthy sample period helps test whether hybrid models perform better than classic GARCH-type models in volatile conditions like the COVID-19 pandemic.",Transformers; Deep learning; Neural networks; Forecasting; Market risk; Hybrid model,INDEX,Article,"Automation & Control Systems; Computer Science, Artificial Intelligence; Engineering, Multidisciplinary; Engineering, Electrical & Electronic",Automation & Control Systems; Computer Science; Engineering,0952-1976,English,QF1A7,Q6,market_volatility_ai_ml_dl_covid
"Sahu, HK; Parida, I; Bhandari, A; Jena, NR; Vijay, M","Sahu, Hitesh Kumar; Parida, Ipsita; Bhandari, Avishek; Jena, Nihar Ranjan; Vijay, Maddikera",A Random Walk down Cross-Asset Networks: A Deep Learning Tour of Volatility Transmission between Digital and Conventional Markets,ASIA-PACIFIC FINANCIAL MARKETS,2026,10.1007/s10690-025-09588-6,"This study investigates the time-varying interdependencies among multiple financial markets through a novel framework that integrates return-based features into the traditional connectedness model and constructs a graphical neural network encompassing assets from stock, cryptocurrency, commodity, and exchange-traded fund (ETF) markets over the period from January 1, 2018, to November 10, 2024. The proposed time-varying parameter vector autoregressive model with graph neural networks (TVP-VAR-GNN) is implemented in investigating the connectedness structure across markets and further analyse the inter market linkages during the normal and turbulent phases of COVID-19 pandemic and the Russia-Ukraine conflict. The findings reveal Bitcoin and Ethereum as major transmitters of shocks in the financial network, whereas Tether and the FTSE.SA primarily act as receivers. Bitcoin and Ethereum, forming the same cluster illustrates a resilient bidirectional relationship during normal as well as turbulent time periods. Similarly, technological assets such as Alphabet and IBM exhibit strong interconnections throughout the sample, indicating substantial mutual dependencies. Moreover, the neural network analysis highlights that silver, gold, and crude oil, together with equities from BRICS economies, display safe-haven characteristics, offering potential hedging opportunities during the market turmoil periods. Overall, the study offers valuable insights for fund managers and policymakers regarding systemic risk management, portfolio diversification, and the formulation of informed investment strategies.",Digital economy; Financial connectedness; Cryptocurrency; Graph neural networks; Safe-haven assets; Systemic risk; Portfolio optimization; S: G15; C58; C45; G11,IMPULSE-RESPONSE ANALYSIS; SYSTEMIC RISK; CONNECTEDNESS; STOCK; CRISIS; DIVERSIFICATION; SPILLOVERS; FUTURES; BITCOIN; HEDGE,Article; Early Access,Economics,Business & Economics,1387-2834,English,CN0ZJ,Q6,market_volatility_ai_ml_dl_covid
"Zubair, M; Huang, ZS","Zubair, Muhammad; Huang, Zhensheng",Enhanced financial market forecasting using a hybrid deep learning prediction model with encoder-decoder architecture,ENGINEERING APPLICATIONS OF ARTIFICIAL INTELLIGENCE,2026,10.1016/j.engappai.2025.113565,"Financial time series forecasting is a crucial tool for supporting investors in making informed decisions, managing risks effectively, and strategically planning investments. Nevertheless, the challenges posed by the nonlinearity and non-stationarity of time series data make it difficult to achieve precise predictions. This research introduces a novel hybrid deep learning prediction model for financial time series forecasting, based on the encoder-decoder architecture. Initially, the model utilizes the bidirectional gated recurrent unit (BiGRU) as the core unit for both the encoding and decoding processes. This allows the model to capture both short-range and long-range dependencies in financial data while maintaining a simple structure, reducing the number of parameters, facilitating fast training, and utilizing both forward and backward temporal information. Subsequently, the model incorporates an attention mechanism (AM) to emphasize relevant features and minimize the effect of irrelevant data during the decoding phase. To further enhance the model's performance, a skip connection (SC) is added to directly link the encoder and decoder, ensuring better utilization of hierarchical features during decoding. Finally, a three-layer fully connected neural network (FCNN) is integrated to extract key features and generate forecasting results. Experimental findings reveal that this proposed hybrid model surpasses other benchmark models in predicting three distinct time series from three different financial markets: stocks, cryptocurrencies, and commodities. Specifically, it achieves a substantial reduction in forecast error compared to the best-performing existing benchmark model (BiGRU-AE-AM), with the mean absolute percentage error (MAPE) for stocks (Microsoft, Apple, Google) reduced by 57.44 %, 48.20 %, and 66.87 %, respectively; the MAPE for cryptocurrencies (Ethereum, Bitcoin, Cardano) reduced by 71.59 %, 53.42 %, and 64.76 %, respectively; and the MAPE for commodities (Natural Gas, Crude Oil, Gold) reduced by 66.64 %, 72.56 %, and 48.63 %, respectively. Similarly, the mean absolute error (MAE) and root mean squared error (RMSE) for the proposed model show substantial improvements, indicating superior forecasting accuracy. Moreover, the effectiveness of this model is statistically validated using the modified Diebold-Mariano (MDM) test. The contribution of each sub-module within the proposed framework is also verified through ablation experiments. Furthermore, the model demonstrates its robustness by successfully adapting to major market events, such as the economic stimulus measures introduced during the COVID-19 pandemic and the geopolitical instability arising from the Russia-Ukraine conflict. This innovative method holds significant promise for assisting investors in achieving substantial and profitable returns.",Hybrid deep learning prediction model; Financial time series forecasting; Bidirectional gated recurrent unit; Attention mechanism; Modified diebold mariano test,RECURRENT NEURAL-NETWORKS; PRICE; VOLATILITY,Article,"Automation & Control Systems; Computer Science, Artificial Intelligence; Engineering, Multidisciplinary; Engineering, Electrical & Electronic",Automation & Control Systems; Computer Science; Engineering,0952-1976,English,AV8MS,Q6,market_volatility_ai_ml_dl_covid
"Tissaoui, K; Zaghdoudi, T; Hakimi, A; Ben-Salha, O; Ben Amor, L","Tissaoui, Kais; Zaghdoudi, Taha; Hakimi, Abdelaziz; Ben-Salha, Ousama; Ben Amor, Lamia",Does Uncertainty Forecast Crude Oil Volatility before and during the COVID-19 Outbreak? Fresh Evidence Using Machine Learning Models,ENERGIES,2022,10.3390/en15155744,"This paper uses two competing machine learning models, namely the Support Vector Regression (SVR) and the eXtreme Gradient Boosting (XGBoost) against the Autoregressive Integrated Moving Average ARIMAX (p,d,q) model to identify their predictive performance of the crude oil volatility index before and during COVID-19. In terms of accuracy, forecasting results reveal that the SVR model dominates the XGBoost and ARIMAX models in predicting the crude oil volatility index before COVID-19. However, the XGBoost model provides more accurate predictions of the crude oil volatility index than the SVR and ARIMAX models during the pandemic. The inverse cumulative distribution of residuals suggests that both ML models produce good results in terms of convergence. Findings also indicate that there is a fast convergence to the optimal solution when using the XGBoost model. When analyzing the feature importance, the Shapley Additive Explanation Method reveals that the SVR performs significantly better than the XGBoost in terms of feature importance. During the pandemic, the predictive power of the CBOE Volatility Index and Economic Policy Uncertainty index for forecasting the crude oil volatility index is improved compared to the pre-COVID-19 period. These findings imply that investor fear-induced uncertainty in the financial market and economic policy uncertainty are the most significant features and hence represent substantial sources of uncertainty in the oil market.",crude oil volatility index; uncertainty indexes; complex relationship; Support Vector Machine; eXtreme Gradient Boosting; Shapley Additive Explanation Method,ECONOMIC-POLICY UNCERTAINTY; PRICE SHOCKS; MARKET VOLATILITY; RISK INDEXES; PREDICTABILITY,Article,Energy & Fuels,Energy & Fuels,,English,3S7GH,Q6,market_volatility_ai_ml_dl_covid
"Hussain, AB; Jingchun, S; Hussain, B; Shaique, M; Rehman, AU; Bhatti, MK","Hussain, Aqsa Bilal; Jingchun, Sun; Hussain, Bilal; Shaique, Muhammad; Rehman, Attiq Ur; Bhatti, Muhammad Kamran",Cross-Market Bankruptcy Prediction: An Interpretable Ensemble Learning Framework Using SHAP Analysis,COMPUTATIONAL ECONOMICS,2026,10.1007/s10614-025-11266-8,"The increasing complexity and interconnectedness of global financial markets demand more robust and transparent methods for predicting corporate failures across diverse environments. This study introduces a novel computational framework for cross-market bankruptcy prediction that integrates ensemble learning and interpretable artificial intelligence. Our approach combines Natural Gradient Boosting (NGBoost), Categorical Boosting (CatBoost), and Light Gradient Boosting (LightGBM), leveraging the strengths of each algorithm, and incorporates Shapley Additive Explanations (SHAP) for enhanced interpretability. By integrating capital structure optimization principles from trade-off theory with Shapley value frameworks, we establish a three-phase computational process adaptable to market-specific characteristics. Empirical validation using comprehensive financial data from US and Chinese markets (2015-2022), encompassing the COVID-19 crisis period, demonstrates the superior predictive performance of our framework. Our ensemble approach achieves 70 90% prediction accuracy across all the markets and periods. This demonstrates robust performance stability even during the COVID-19 crisis. The SHAP analysis provides granular insights into market-specific bankruptcy indicators, revealing the distinct influence of factors like operational efficiency in the US and leverage in China. These findings underscore the framework's effectiveness in identifying subtle financial distress signals across heterogeneous market structures and during periods of economic volatility, offering valuable insights for risk management and investment strategies.",Cross-Market Bankruptcy Prediction; Ensemble Learning; Shapley Additive Explanations (SHAP); Financial Distress Modeling; Machine Learning Interpretability; Trade-Off Theory; G33; C45; C53; G01; G15; C88,FINANCIAL RATIOS; CORPORATE BANKRUPTCY; MODELS; IMPROVE; RISK; MAP,Article; Early Access,"Economics; Management; Mathematics, Interdisciplinary Applications",Business & Economics; Mathematics,0927-7099,English,DQ6SA,Q6,market_volatility_ai_ml_dl_covid
"Loh, LKY; Kueh, HK; Parikh, NJ; Chan, H; Ho, NJH; Chua, MCH","Loh, Leonard Kin Yung; Kueh, Hee Kheng; Parikh, Nirav Janak; Chan, Harry; Ho, Nicholas Jun Hui; Chua, Matthew Chin Heng",An Ensembling Architecture Incorporating Machine Learning Models and Genetic Algorithm Optimization for Forex Trading,FINTECH,2022,10.3390/fintech1020008,"Algorithmic trading has become the standard in the financial market. Traditionally, most algorithms have relied on rule-based expert systems which are a set of complex if/then rules that need to be updated manually to changing market conditions. Machine learning (ML) is the natural next step in algorithmic trading because it can directly learn market patterns and behaviors from historical trading data and factor this into trading decisions. In this paper, a complete end-to-end system is proposed for automated low-frequency quantitative trading in the foreign exchange (Forex) markets. The system utilizes several State of the Art (SOTA) machine learning strategies that are combined under an ensemble model to derive the market signal for trading. Genetic Algorithm (GA) is used to optimize the strategies for maximizing profits. The system also includes a money management strategy to mitigate risk and a back-testing framework to evaluate system performance. The models were trained on EUR-USD pair Forex data from Jan 2006 to Dec 2019, and subsequently evaluated on unseen samples from Jan 2020 to Dec 2020. The system performance is promising under ideal conditions. The ensemble model achieved about 10% nett P&L with -0.7% drawdown level based on 2020 trading data. Further work is required to calibrate trading costs & execution slippage in real market conditions. It is concluded that with the increased market volatility due to the global pandemic, the momentum behind machine learning algorithms that can adapt to a changing market environment will become even stronger.",ensemble model; deep reinforcement learning; deep learning; genetic algorithm; recommender system,,Article,"Business, Finance; Computer Science, Interdisciplinary Applications; Economics",Business & Economics; Computer Science,,English,7JQ9Z,Q6,market_volatility_ai_ml_dl_covid
"You, WH; Chen, JY; Xie, HQ; Ren, YH","You, Wanhai; Chen, Jianyong; Xie, Haoqi; Ren, Yinghua",Which uncertainty measure better predicts gold prices? New evidence from a CNN-LSTM approach,NORTH AMERICAN JOURNAL OF ECONOMICS AND FINANCE,2025,10.1016/j.najef.2025.102375,"Quantifying the influence of uncertainty on gold prices is significant for improving related financial decision making. This study proposes a novel CNN-LSTM neural network that can extract potential features from sample data to effectively predict gold prices. Specifically, we demonstrate various uncertainty measures containing market volatility information, such as the economic policy uncertainty index (EPU), epidemic stock market volatility index (IDEMV), and volatility index (VIX), which can contribute to the prediction of gold prices rather than relying solely on the history of tickers, which is conventionally used for prediction. In addition, the proposed model is evaluated against SVR and two different LSTM models. The empirical findings reveal that incorporating additional features, such as uncertainty measures, contributes to improving the predictive accuracy of the model. The CNN-LSTM model, with the inclusion of EPU, IDEMV, and both, achieves a high prediction accuracy. Additionally, the overall prediction accuracy of the CNN-LSTM model outperforms the other proposed methods. The findings provide profound insight into portfolio diversification and risk management practices for governments and businesses.",Gold prices; Uncertainty measures; COVID-19; CNN-LSTM; Predictions,ECONOMIC-POLICY UNCERTAINTY; CONNECTEDNESS; RETURNS; SHOCKS,Article,"Business, Finance; Economics",Business & Economics,1062-9408,English,U8D5A,Q6,market_volatility_ai_ml_dl_covid
"Wang, Y; Lin, T","Wang, Yan; Lin, Tong",A Novel Deterministic Probabilistic Forecasting Framework for Gold Price with a New Pandemic Index Based on Quantile Regression Deep Learning and Multi-Objective Optimization,MATHEMATICS,2024,10.3390/math12010029,"The significance of precise gold price forecasting is accentuated by its financial attributes, mirroring global economic conditions, market uncertainties, and investor risk aversion. However, predicting the gold price is challenging due to its inherent volatility, influenced by multiple factors, such as COVID-19, financial crises, geopolitical issues, and fluctuations in other metals and energy prices. These complexities often lead to non-stationary time series, rendering traditional time series modeling methods inadequate. Our paper presents a multi-objective optimization algorithm that refines the interval prediction framework with quantile regression deep learning in response to this issue. This framework comprehensively responds to gold's financial market dynamics and uncertainties with a screening process of various factors, including pandemic-related indices, geopolitical indices, the US dollar index, and prices of various commodities. The quantile regression deep-learning models optimized by multi-objective optimization algorithms deliver robust, interpretable, and highly accurate predictions for handling non-linear relationships and complex data structures and enhance the overall predictive performance. The results demonstrate that the QRBiLSTM model, optimized using the MOALO algorithm, delivers excellent forecasting performance. The composite indicator AIS reaches -15.6240 and -11.5581 at 90% and 95% confidence levels, respectively. This underscores the model's high forecasting accuracy and its potential to provide valuable insights for assessing future trends in gold prices. The deterministic and probabilistic forecasting framework for gold prices captures the market dynamics with the new pandemic index and comprehensively sets a new benchmark for predictive modeling in volatile market commodities like gold.",gold price forecasting; quantile regression; probabilistic prediction models; feature screening; multi-objective optimization algorithms,NEURAL-NETWORK; ALGORITHM,Article,Mathematics,Mathematics,,English,EQ7R6,Q6,market_volatility_ai_ml_dl_covid
"Lamine, A","Lamine, Ahlem","G7 investors prefer cryptocurrencies, gold or digital gold to hedge their risk? Insights from quantile time frequency connectedness",INTERNATIONAL REVIEW OF ECONOMICS & FINANCE,2025,10.1016/j.iref.2025.104646,"This study provides an in-depth analysis of the dynamic connectedness between G7 stock market indices, traditional cryptocurrencies (Bitcoin, Ethereum), gold, digital gold (PAXG, XAUT), and companies specializing in artificial intelligence (AI). Covering the period from 2020 to 2024, the analysis focuses on four distinct periods: the COVID-19 pandemic, the Russia-Ukraine conflict, the banking crisis triggered by the collapse of Silicon Valley Bank in March 2023 and the speculative rise in the gold markets in 2024. The methodology employs a Quantile Vector Autoregressive (QVAR) connectivity approach, starting with the median quantile and systematically extending to various quantiles to capture the entire distribution of connectedness under different market conditions. Our results reveal significant fluctuations in the Total Connectivity Index (TCI) during the studied crises and demonstrate how the roles of key assets-Bitcoin, Ethereum, gold, PAXG, XAUT, and AI firms-shift between being net emitters and receivers of shocks. These shifts underscore the importance of asset selection in crafting effective hedging strategies. Specifically, we observe that G7 investors adopt varying diversification strategies depending on their domestic market conditions and the specific crisis period. The study highlights that assets for diversification and risk reduction vary by country and crisis. Traditional cryptocurrencies and AI companies in general emerge as promising diversification tools, especially in times of technological disruption and economic uncertainty. Several financial implications for investors and policymakers are proposed, providing insights for optimizing portfolio resilience in the face of global market volatility.",QVAR; Time frequency connectedness; G7 markets; Crises; Hedging,BITCOIN,Article,"Business, Finance; Economics",Business & Economics,1059-0560,English,8NX2P,Q6,market_volatility_ai_ml_dl_covid
"Tuhin, KH; Nobi, A; Rakib, MH; Lee, JW","Tuhin, Kamrul Hasan; Nobi, Ashadun; Rakib, Mahmudul Hasan; Lee, Jae Woo",Long short-term memory autoencoder based network of financial indices,HUMANITIES & SOCIAL SCIENCES COMMUNICATIONS,2025,10.1057/s41599-025-04412-y,"We present a novel approach for analyzing financial time series data using a Long Short-Term Memory Autoencoder (LSTMAE), a deep learning method. Our primary objective is to uncover intricate relationships among different stock indices, leading to the extraction of stock networks. We examine time series data spanning from 2000 to 2022, encompassing multiple financial crises within the S&P 500 stock indices. By training a modified LSTMAE with normalized stock index returns, we extract the inherent correlations embedded in the model weights. We create directional threshold networks by applying a fixed threshold, calculated as the sum of the mean and standard deviation of matrices from various years. Our investigation explores the topological characteristics of these threshold networks across different years. Notably, the observed network properties exhibit unique responses to the various financial crises that occurred between 2000 and 2022. Furthermore, our sector analysis reveals substantial sectoral influences during times of crisis. For example, during global financial crises, the financial sector assumes a prominent role, exerting significant influence on other sectors, particularly during the European Sovereign Debt (ESD) crisis. During the COVID-19 pandemic, the health care and consumer discretionary sectors are predominantly impacted by other sectors. Our proposed method effectively captures the underlying network structure of financial markets and is validated by a comprehensive analysis of network metrics, demonstrating its ability to identify significant financial crises over time.",,TRANSFER ENTROPY; STOCK; VOLATILITY; MODEL,Article,"Humanities, Multidisciplinary; Social Sciences, Interdisciplinary",Arts & Humanities - Other Topics; Social Sciences - Other Topics,,English,U0V1Q,Q6,market_volatility_ai_ml_dl_covid
"Cheng, JY; Tiwari, S; Khaled, D; Mahendru, M; Shahzad, U","Cheng, Jiyang; Tiwari, Sunil; Khaled, Djebbouri; Mahendru, Mandeep; Shahzad, Umer","Forecasting Bitcoin prices using artificial intelligence: Combination of ML, SARIMA, and Facebook Prophet models",TECHNOLOGICAL FORECASTING AND SOCIAL CHANGE,2024,10.1016/j.techfore.2023.122938,"In recent years, investors, corporations, and enterprises have shown great interest in the Bitcoin network; thus, promoting its products and services is crucial. This study utilizes an empirical analysis for financial time series and machine learning to perform prediction of bitcoin price and Garman-Klass (GK) volatility using Long Short -Term Memory (LSTM), Seasonal Autoregressive Integrated Moving Average (SARIMA), and Facebook prophet models. The performance findings show that the LTSM boost has a noticeable improvement compared to SARIMA and Facebook Prophet in terms of MSE (Mean Squared Error) and MAE (Mean Average Error). Unlike Long Short -Term Memory (LSTM), a component of Deep Learning (DL), the finding explains why the bitcoin and its volatility forecasting difficulty has been partially met by traditional time series forecasting (SARIMA) and auto-machine -learning technique (Fb-Prophet). Furthermore, the finding confirmed that Bitcoin values are extremely season-ally volatile and random and are frequently influenced by external variables (or news) such as cryptocurrency laws, investments, or social media rumors. Additionally, results show a robust optimistic trend, and the days when most people commute are Monday and Saturday and an annual seasonality. The trend of the price and volatility of bitcoin using SARIMA and FB-Prophet is more predictable. The Fb-Prophet cannot easily fit within the Russian-Ukrainian conflict period, and in some COVID-19 periods, its performance will suffer during the turbulent era. Moreover, Garman-Klass (GK) forecasting seems more effective than the squared returns price measure, which has implications for investors and fund managers. The research presents innovative insights pertaining to forthcoming cryptocurrency regulations, stock market dynamics, and global resource allocation.",Bitcoin; ML; Fb-Prophet; SARIMA; Volatility; Forecasting,HIGH-FREQUENCY VOLATILITY; CRYPTOCURRENCIES; SPILLOVERS; CURRENCIES; OIL,Article,Business; Regional & Urban Planning,Business & Economics; Public Administration,0040-1625,English,FO7S1,Q6,market_volatility_ai_ml_dl_covid
"Sajadi, SMA; Khodaee, P; Hajizadeh, E; Farhadi, S; Dastgoshade, S; Du, B","Sajadi, Seyed Mehrzad Asaad; Khodaee, Pouya; Hajizadeh, Ehsan; Farhadi, Sabri; Dastgoshade, Sohaib; Du, Bo",Deep Learning-Based Methods for Forecasting Brent Crude Oil Return Considering COVID-19 Pandemic Effect,ENERGIES,2022,10.3390/en15218124,"Forecasting return and profit is a primary challenge for financial practitioners and an even more critical issue when it comes to forecasting energy market returns. This research attempts to propose an effective method to predict the Brent Crude Oil return, which results in remarkable performance compared with the well-known models in the return prediction. The proposed hybrid model is based on long short-term memory (LSTM) and convolutional neural network (CNN) networks where the autoregressive integrated moving average (ARIMA) and generalized autoregressive conditional heteroscedasticity (GARCH) outputs are used as features, along with return lags, price, and macroeconomic variables to train the models, resulting in significant improvement in the model's performance. According to the obtained results, our proposed model performs better than other models, including artificial neural network (ANN), principal component analysis (PCA)-ANN, LSTM, and CNN. We show the efficiency of our proposed model by testing it with a simple trading strategy, indicating that the cumulative profit obtained from trading with the prediction results of the proposed 2D CNN-LSTM model is higher than those of the other models presented in this research. In the second part of this study, we consider the spread of COVID-19 and its impact on the financial markets to present a precise LSTM model that can reflect the impact of this disease on the Brent Crude Oil return. This paper uses the significance test and correlation measures to show the similarity between the series of Brent Crude Oil during the SARS and the COVID-19 pandemics, after which the data during the SARS period are used along with the data during COVID-19 to train the LSTM. The results demonstrate that the proposed LSTM model, tuned by the SARS data, can better predict the Brent Crude Oil return during the COVID-19 pandemic.",CNN; COVID-19; deep learning; energy market; LSTM; return prediction,ARTIFICIAL NEURAL-NETWORK; IMPROVING FORECASTS; COMPONENT ANALYSIS; VOLATILITY; MODEL; INDEX; LSTM; PREDICTION; RECOGNITION; ENERGY,Article,Energy & Fuels,Energy & Fuels,,English,6F2VH,Q6,market_volatility_ai_ml_dl_covid
"Guo, XZ; Huang, DS; Li, XF; Liang, C","Guo, Xiaozhu; Huang, Dengshi; Li, Xiafei; Liang, Chao",Are categorical EPU indices predictable for carbon futures volatility? Evidence from the machine learning method,INTERNATIONAL REVIEW OF ECONOMICS & FINANCE,2023,10.1016/j.iref.2022.10.011,"The purpose of this paper is to explore whether the categorical Economic Policy Uncertainty (EPU) indices are predictable for the volatility of carbon futures, in the mixed data sampling (MIDAS) regression framework. The prediction methods include the MIDAS-RV model, the MIDAS models extended by individual categorical EPU index, combination prediction ap-proaches, the MIDAS models extended by dimensionality reduction techniques as well as the machine learning methods on the basis of MIDAS model and Markov regime switching method. We find firstly that categorical EPU indices are predictable for carbon futures volatility, but the predictive power of individual categorical EPU indices is not robust. Secondly, machine learning methods, especially the machine learning method considering the Markov regime switching structure, help to obtain valid information from multiple categorical EPU indices and produce robust and superior prediction accuracy for carbon futures volatility. The results of the extension analysis also found that machine learning methods, especially the machine learning method considering the Markov regime switching structure help to produce higher investment perfor-mance and more accurate long-term carbon futures volatility forecasts. Meanwhile, we also find the advantages of the MIDAS based machine learning methods over the traditional AR based machine learning methods. Finally, the forecasting performance of the machine learning method which considering Markov regime switching structure are superior during both the low and high volatility regimes and even during the COVID-19 pandemic.",Carbon futures volatility; Volatility forecasting; Categorical EPU indices; Machine learning method,OIL PRICE VOLATILITY; FORECASTING VOLATILITY; STOCHASTIC VOLATILITY; COMBINATION FORECASTS; ASSET ALLOCATION; STOCK-MARKET; LONG MEMORY; SHRINKAGE; TESTS; MIDAS,Article,"Business, Finance; Economics",Business & Economics,1059-0560,English,5X4ZJ,Q6,market_volatility_ai_ml_dl_covid
"Ghosh, I; Jana, RK; Sharma, DK","Ghosh, Indranil; Jana, Rabin K.; Sharma, Dinesh K.",A novel granular decomposition based predictive modeling framework for cryptocurrencies' prices forecasting,CHINA FINANCE REVIEW INTERNATIONAL,2024,10.1108/CFRI-03-2023-0072,"PurposeOwing to highly volatile and chaotic external events, predicting future movements of cryptocurrencies is a challenging task. This paper advances a granular hybrid predictive modeling framework for predicting the future figures of Bitcoin (BTC), Litecoin (LTC), Ethereum (ETH), Stellar (XLM) and Tether (USDT) during normal and pandemic regimes.Design/methodology/approachInitially, the major temporal characteristics of the price series are examined. In the second stage, ensemble empirical mode decomposition (EEMD) and maximal overlap discrete wavelet transformation (MODWT) are used to decompose the original time series into two distinct sets of granular subseries. In the third stage, long- and short-term memory network (LSTM) and extreme gradient boosting (XGB) are applied to the decomposed subseries to estimate the initial forecasts. Lastly, sequential quadratic programming (SQP) is used to fetch the forecast by combining the initial forecasts.FindingsRigorous performance assessment and the outcome of the Diebold-Mariano's pairwise statistical test demonstrate the efficacy of the suggested predictive framework. The framework yields commendable predictive performance during the COVID-19 pandemic timeline explicitly as well. Future trends of BTC and ETH are found to be relatively easier to predict, while USDT is relatively difficult to predict.Originality/valueThe robustness of the proposed framework can be leveraged for practical trading and managing investment in crypto market. Empirical properties of the temporal dynamics of chosen cryptocurrencies provide deeper insights.",Analytics; Forecasting; Cryptocurrency; Long and short-term memory network; Sequential quadratic programming,VOLATILITY CONNECTEDNESS; STOCK MARKETS; BITCOIN; CLASSIFICATION; INEFFICIENCY; SPILLOVERS; RISK; OIL,Article,"Business, Finance",Business & Economics,2044-1398,English,M7S6B,Q6,market_volatility_ai_ml_dl_covid
"Memon, BA","Memon, Bilal Ahmed",Quantifying systematic risk and price dynamics in disrupted supply chains: a dynamic GAT-LSTM approach based on economic network topologies,RISK MANAGEMENT-AN INTERNATIONAL JOURNAL,2026,10.1057/s41283-026-00226-7,"Global supply chains during the post-COVID19 period faced with unprecedented volatility, characterized by structural regime shifts and greater inter-dependency among energy, shipping, and logistics sectors. Additionally, the traditional univariate forecasting models fail to capture these spatial spillovers across the economic network. Thus, this study proposes a novel spatio-temporal framework for predicting supply chain price dynamics. We first use Economic Network Analysis (ENA) to map the shifting topology of global interdependencies, identifying structural changes among the pre- and post-COVID19 periods. Further, these inputs are integrated into a Graph Attention Network (GAT) coupled with a Long Short-Term Memory (LSTM), producing a walk-forward validation mechanism to handle post-pandemic non-stationarity. Our results reveal a structural break in the post-COVID19 period, with Systemic Risk Index (SRI) for Crude oil increasing by over 341%, representing a primary risk transmitter. The proposed GAT-LSTM framework is benchmarked against Vanilla LSTM, Stacked LSTM, and Transformer models using recursive walk-forward forecasting. Notably, the proposed hybrid model achieved a 7.92% improvement in directional accuracy (Hit Ratio) for gold relative to the Vanilla LSTM benchmark, while also demonstrating comparatively stronger forecasting effectiveness for key logistics and freight-related assets, including MAERSK, UPS, and BDRY. Furthermore, the results demonstrate that supply chain forecasting is comparatively enhanced when modeled as a graph rather than a series of independent lines. The novel integration of spatial attention allows the framework to autonomously identify the super-transmitter nodes, offering a robust, early-warning tool for proactive risk management in a highly interdependent global economy.",Economic network analysis; Graph attention network; Supply chain; Systematic risk; GAT-LSTM; Forecasting; Operational risk management,STOCK-MARKET; PREDICTION,Article,"Social Sciences, Interdisciplinary",Social Sciences - Other Topics,1460-3799,English,IV1CR,Q6,market_volatility_ai_ml_dl_covid
"Liu, Q; Jin, HN; Bai, X; Zhang, JL","Liu, Qing; Jin, Huina; Bai, Xiang; Zhang, Jinliang",Prediction and Analysis of the Price of Carbon Emission Rights in Shanghai: Under the Background of COVID-19 and the Russia-Ukraine Conflict,MATHEMATICS,2023,10.3390/math11143126,"In the spring of 2022, a new round of epidemic broke out in Shanghai, causing a shock to the Shanghai carbon trading market. Against this background, this paper studied the impact of the new epidemic on the price of Shanghai carbon emission rights and tried to explore the prediction model under the unexpected event. First, because a model based on point value data cannot capture the information hidden in inter-day price fluctuation, based on the interval price of Shanghai carbon emission rights (SHEA) and its influencing factors, an autoregressive conditional interval model with jumping and exogenous variables (ACIXJ) was established to explore the influence of the Russian-Ukrainian conflict and COVID-19 on the interval price of SHEA, respectively. The empirical results show that the conflict between Russia and Ukraine has no obvious influence on the price of SHEA, but COVID-19 led to a decline in the price trend of SHEA over four days before the city was closed, and the volatility changed significantly on the day before the city was closed. The price fluctuation was the strongest within 3 days after the city was closed; In addition, in order to accurately predict the interval data of SHEA against the background of COVID-19, based on the interval data decomposition algorithm (BEMD), a hybrid forecasting model of NDGM-ACIXJ/CNN-LSTM was constructed, in which the discrete gray model of approximate nonhomogeneous exponential series (NDGM) combined with the ACIXJ model is used to predict the high-frequency sub-interval, and the convolution neural network long-term and short-term memory model (CNN-LSTM) is used to predict the low-frequency sub-interval. The empirical results show that the prediction model proposed in this article has higher prediction precision than the reference models (ACIX, ACIXJ, NDGM-ACIXJ, BEMD-ACIX/CNN-LSTM, BEMD-ACIXJ/CNN-LSTM).",carbon emission rights in Shanghai (SHEA); convolutional neural network long-short memory model (CNN-LSTM); interval data decomposition algorithm (BEMD); autoregressive conditional interval model (ACIXJ),STOCK-MARKET; OIL PRICE; MODEL,Article,Mathematics,Mathematics,,English,N4HX4,Q6,market_volatility_ai_ml_dl_covid
"Samee, NA; Atteia, G; Alkanhel, R; Alhussan, AA; AlEisa, HN","Samee, Nagwan Abdel; Atteia, Ghada; Alkanhel, Reem; Alhussan, Amel Ali; AlEisa, Hussah Nasser",Hybrid Feature Reduction Using PCC-Stacked Autoencoders for Gold/Oil Prices Forecasting under COVID-19 Pandemic,ELECTRONICS,2022,10.3390/electronics11070991,"The financial markets have been influenced by the emerging spread of Coronavirus disease, COVID-19. The oil, and gold as well have experienced a downward trend due to the increased rate in the number of confirmed COVID-19 cases. Lately, the published COVID data comprised new variables that may influence the accuracy of the oil/gold prices forecasting models including the Stringency index, Reproduction rate, Positive Rate, and Vaccinations. In this study, Deep Autoencoders are introduced and combined with the well-known approach: Pearson Correlation Coefficient, PCC, analysis in selecting the key features that affect the accuracy of the forecasting models of gold and oil prices with respect to COVID-19 pandemic. We have utilized a hybrid approach of PCC along with a 2-Stage Stacked Autoencoder, SA, to extract the latent features which are then submitted to Neural Network, NN, regression model. The NN regressor has been trained using the Bayesian Regularization-backpropagation algorithm which provides a good generalization for small noisy datasets. The hybrid approach has yielded the minimum MSE values of 8.97 x 10(-3) and 5.356 x 10(-2) on the oil/gold validation set, respectively. Compared to the existing approaches, the proposed approach has outperformed the ARIMA, ML based regression models in forecasting the oil/gold prices. In addition, the introduced framework has yielded lower Mean Absolute Error, MAE, than the Recurrent Neural Network, RNN, and the Principal Component Analysis, PCA, for dimension reduction. The retrieved results showed that the hybrid method produced more robust features by considering the relationship between the input features.",stacked autoencoders; neural network; forecasting models,OIL; MODEL; PREDICTION; CLASSIFICATION; VOLATILITY; MARKET; LSTM,Article,"Computer Science, Information Systems; Engineering, Electrical & Electronic; Physics, Applied",Computer Science; Engineering; Physics,2079-9292,English,0L2CV,Q6,market_volatility_ai_ml_dl_covid
"Solanki, N; Jha, M","Solanki, Neha; Jha, Manoj",From Time Series to Images: A GAF-ResNet-LSTM Framework for Asset Selection and Portfolio Optimization,IEEE ACCESS,2026,10.1109/ACCESS.2025.3648467,"Financial market forecasting in portfolio formation has increasingly drawn interest within machine learning due to its complex temporal dynamics and high volatility. While Convolutional Neural Networks (CNN) have demonstrated efficacy in image-based tasks, their direct application to time series data remains limited. To address this, we propose a prediction-based portfolio optimization framework that converts stock price sequences into Gramian Angular Field (GAF) images, enabling spatial feature extraction via a ResNet. Temporal dependencies are captured using a long short term memory (LSTM) encoder, forming a hybrid GAF + ResNet-LSTM model. To be specific, this paper first applies these prediction models for asset preselection before portfolio construction. Then, this paper incorporates their predictive results in advancing nested clustered optimization (NCO) method, which clusters assets based on predictive confidence and allocates weights using intra-cluster optimization. In order to balance calibration and classification, training employs walk-forward validation and a composite loss combining mean squared error and directional accuracy. The empirical study is conducted on a dataset comprising 25 stocks from the National Stock Exchange of India, spanning January 2014 to January 2024, including periods of market disruption such as the COVID-19 crash. Thus the sample makes it possible to catch subtle market shift for model execution. Moreover, we compared the performance of the proposed model against equally weighted and mean-variance portfolios to underscore the advantages of the NCO model. The proposed model achieves a 21.05% annual return with a Sharpe ratio of 1.31, outperforming benchmark architectures. Empirical results demonstrate that the proposed technique significantly outperforms the benchmark portfolios, particularly for investors with a high risk-return preference. Statistical significance is further corroborated by t-tests. Based on these findings, we endorse the integration of our comprehensive portfolio optimization model into investment decision-making processes.",Portfolios; Optimization; Forecasting; Convolutional neural networks; Time series analysis; Long short term memory; Adaptation models; Feature extraction; Data models; Accuracy; Financial forecasting; GAF; LSTM; NCO; portfolio optimization; residual network,PREDICTION; NETWORKS; MODEL,Article,"Computer Science, Information Systems; Engineering, Electrical & Electronic; Telecommunications",Computer Science; Engineering; Telecommunications,2169-3536,English,CT1IC,Q6,market_volatility_ai_ml_dl_covid
"Dridi, I","Dridi, Ichrak",Between revolution and COVID-19: a comparative machine learning analysis for Tunisian banking sector,JOURNAL OF ISLAMIC ACCOUNTING AND BUSINESS RESEARCH,2026,10.1108/JIABR-06-2025-0329,"PurposeThis study aims to identify the context-dependent optimal machine learning (ML) model for forecasting Tunisia's bank stock price index during the Revolution and COVID-19 crises, and uses SHapley Additive exPlanations (SHAP) analysis to uncover distinct, crisis-specific price drivers.Design/methodology/approachThe author evaluates eight ML models, including regularization techniques (Lasso, Ridge, Elastic Net), tree-based methods (Random Forest, eXtreme Gradient Boosting), Support Vector Regression and deep learning architectures (Long Short-Term Memory, Gated Recurrent Unit [GRU]), using five standard metrics. Model robustness is validated through statistical, economic and temporal stability tests. Finally, the author apply mean SHAP analysis to top performers to identify key predictors and supplemented by a feature stability analysis.FindingsThe analysis reveals a clear performance hierarchy contingent on crisis typology. Specifically, the GRU model achieved superior predictive accuracy during the high-volatility COVID-19 period, whereas Ridge regression demonstrated greater robustness during the prolonged political instability of the Revolution. SHAP interpretability confirmed that short-term moving averages dominated predictions during the pandemic, reflecting a market driven by momentum, while the Revolution period involved a more balanced reassessment of persistent risks, which Ridge's regularization effectively revealed.Practical implicationsThe findings provide market participants with a decisive, crisis-contingent forecasting rule. Specifically, a GRU model driven by technical indicators is recommended for fast-moving global crises like a pandemic, while a shift to a Ridge regression model is warranted during periods of protracted political instability to leverage its stability.Originality/valueTo the best of the authors' knowledge, this study presents the first comparative ML analysis of the Tunisian banking sector across two fundamentally different crises, the Revolution that sparked the Arab Spring and the COVID-19 pandemic, using SHAP analysis to uncover crisis-specific financial drivers complemented by several robustness checks.",COVID-19; Tunisian revolution; Machine learning; Stock price prediction; C53; C88; G01; G14; G17,ARTIFICIAL NEURAL-NETWORK; STOCK-MARKET; POLITICAL UNCERTAINTY; PREDICTING STOCK; REGRESSION; RISK; SELECTION; MOVEMENT; BEHAVIOR; PRICES,Article; Early Access,"Business, Finance",Business & Economics,1759-0817,English,GL8ZE,Q6,market_volatility_ai_ml_dl_covid
