Data,Otwarcie,Najwyzszy,Najnizszy,Zamkniecie,Wolumen
2016-01-04,3536.59,3538.69,3295.74,3296.26,0
2016-01-05,3196.65,3328.14,3189.61,3287.71,0
2016-01-06,3291.2,3362.97,3288.93,3361.84,0
2016-01-07,3309.66,3309.66,3115.89,3125,0
2016-01-08,3194.63,3235.45,3056.88,3186.41,0
2016-01-11,3131.85,3166.22,3016.7,3016.7,0
2016-01-12,3026.16,3047.66,2978.46,3022.86,0
2016-01-13,3041.11,3059.02,2949.29,2949.6,0
2016-01-14,2874.05,3012.29,2867.55,3007.65,0
2016-01-15,2988.05,3001.71,2883.87,2900.97,0
2016-01-18,2847.54,2945.45,2844.7,2913.84,0
2016-01-19,2914.41,3012.07,2906.4,3007.74,0
2016-01-20,2993.01,3016.28,2951.92,2976.69,0
2016-01-21,2934.39,2998.79,2880.09,2880.48,0
2016-01-22,2911.11,2931.36,2851.73,2916.56,0
2016-01-25,2934.08,2955.78,2911.83,2938.52,0
2016-01-26,2907.72,2911.99,2743.84,2749.79,0
2016-01-27,2756.08,2768.77,2638.3,2735.56,0
2016-01-28,2711.16,2740.54,2647.49,2655.66,0
2016-01-29,2652.85,2755.37,2649.79,2737.6,0
2016-02-01,2730.98,2735.26,2655.62,2688.85,0
2016-02-02,2687.98,2755.16,2687.98,2749.57,0
2016-02-03,2719.57,2746.07,2696.88,2739.25,0
2016-02-04,2751.43,2793.3,2751.31,2781.02,0
2016-02-05,2783.08,2790.06,2762.16,2763.49,0
2016-02-15,2684.96,2760.36,2682.09,2746.2,0
2016-02-16,2758.58,2840.62,2758.58,2836.57,0
2016-02-17,2829.76,2868.7,2824.36,2867.34,0
2016-02-18,2881.78,2893.22,2857.7,2862.89,0
2016-02-19,2854.9,2872.72,2840.49,2860.02,0
2016-02-22,2888.6,2933.96,2880.35,2927.18,0
2016-02-23,2925.71,2928.05,2872.28,2903.33,0
2016-02-24,2889.89,2929.87,2872.27,2928.9,0
2016-02-25,2922.24,2922.24,2729.85,2741.25,0
2016-02-26,2760.06,2784.75,2715.87,2767.21,0
2016-02-29,2754.81,2755.89,2638.96,2687.98,0
2016-03-01,2688.38,2747.56,2668.76,2733.17,0
2016-03-02,2733.77,2852.7,2732.54,2849.68,0
2016-03-03,2847.33,2878.45,2840.87,2859.76,0
2016-03-04,2848.54,2880.37,2808.85,2874.15,0
2016-03-07,2886.64,2911.84,2871.35,2897.34,0
2016-03-08,2895.67,2902.62,2802.56,2901.39,0
2016-03-09,2839.41,2863.02,2811.72,2862.56,0
2016-03-10,2847.57,2863.18,2803.48,2804.73,0
2016-03-11,2781.6,2815.61,2772.55,2810.31,0
2016-03-14,2830.08,2889.82,2823.03,2859.5,0
2016-03-15,2853.98,2865.79,2819.8,2864.37,0
2016-03-16,2858.71,2881.53,2854.19,2870.43,0
2016-03-17,2875.41,2921,2857.19,2904.83,0
2016-03-18,2915.52,2971.55,2908.74,2955.15,0
2016-03-21,2978.46,3028.32,2973.76,3018.8,0
2016-03-22,3001.63,3019.1,2988.43,2999.36,0
2016-03-23,2991.17,3012.56,2980.86,3009.96,0
2016-03-24,2986.8,2998.15,2960.54,2960.97,0
2016-03-25,2956.2,2981.41,2952.11,2979.43,0
2016-03-28,2988.01,3008.17,2948.53,2957.82,0
2016-03-29,2956.71,2962.2,2905.25,2919.83,0
2016-03-30,2941.22,3001.11,2941.22,3000.65,0
2016-03-31,3009.37,3023.41,2992.92,3003.92,0
2016-04-01,2997.09,3009.67,2956.25,3009.53,0
2016-04-05,3000.94,3057.33,2993.15,3053.07,0
2016-04-06,3039.75,3059.79,3029.01,3050.59,0
2016-04-07,3058.34,3062.36,3007.06,3008.42,0
2016-04-08,2988.2,2996.17,2960.46,2984.96,0
2016-04-11,3006.91,3048.98,3006.91,3033.96,0
2016-04-12,3031.3,3036.83,3001.32,3023.65,0
2016-04-13,3041.36,3097.17,3041.36,3066.64,0
2016-04-14,3080.09,3086.7,3056.99,3082.36,0
2016-04-15,3085.03,3089.95,3066.87,3078.12,0
2016-04-18,3058.46,3058.46,3022.97,3033.66,0
2016-04-19,3047.13,3054.5,3024.9,3042.82,0
2016-04-20,3050.38,3055.69,2905.05,2972.58,0
2016-04-21,2954.37,2990.67,2943.46,2952.89,0
2016-04-22,2933.04,2960.21,2926.78,2959.24,0
2016-04-25,2949.97,2954.09,2917.02,2946.67,0
2016-04-26,2944.72,2965.43,2933.97,2964.7,0
2016-04-27,2967.19,2976.02,2949.43,2953.67,0
2016-04-28,2955.74,2959.51,2916.37,2945.59,0
2016-04-29,2935.38,2950.58,2930.36,2938.32,0
2016-05-03,2940.39,2993.54,2929.82,2992.64,0
2016-05-04,2983.03,3004.42,2978.33,2991.27,0
2016-05-05,2987.02,2999.12,2977.2,2997.84,0
2016-05-06,2998.4,3003.59,2913.04,2913.25,0
2016-05-09,2896.16,2896.16,2821.83,2832.11,0
2016-05-10,2822.33,2845.24,2820.16,2832.59,0
2016-05-11,2843.55,2857.25,2818.7,2837.04,0
2016-05-12,2812.11,2839.28,2781.24,2835.86,0
2016-05-13,2828.46,2850.09,2814.12,2827.11,0
2016-05-16,2816.78,2851.23,2804.99,2850.86,0
2016-05-17,2850.93,2860.32,2832.46,2843.68,0
2016-05-18,2828.18,2828.26,2781.42,2807.51,0
2016-05-19,2802.31,2829.4,2801.55,2806.91,0
2016-05-20,2792.89,2825.95,2785.08,2825.48,0
2016-05-23,2826.31,2848.07,2826.26,2843.65,0
2016-05-24,2839.68,2839.7,2807.19,2821.67,0
2016-05-25,2835.03,2843.17,2807.75,2815.09,0
2016-05-26,2813.54,2827.09,2780.76,2822.44,0
2016-05-27,2817.97,2832.8,2809.8,2821.05,0
2016-05-30,2814.65,2830.97,2794.66,2822.45,0
2016-05-31,2822.59,2917.14,2822.59,2916.62,0
2016-06-01,2917.15,2929.08,2909.51,2913.51,0
2016-06-02,2911.22,2925.67,2906.52,2925.23,0
2016-06-03,2929.79,2945.52,2915.19,2938.68,0
2016-06-06,2940.99,2945.94,2922.28,2934.1,0
2016-06-07,2936.28,2938.44,2923.5,2936.05,0
2016-06-08,2932.38,2937.99,2908.37,2927.16,0
2016-06-13,2897.27,2911.16,2832.51,2833.07,0
2016-06-14,2824.23,2843.46,2822.06,2842.19,0
2016-06-15,2814.69,2894.26,2811.78,2887.21,0
2016-06-16,2878.4,2887.74,2865.39,2872.82,0
2016-06-17,2873.01,2900.3,2872.19,2885.11,0
2016-06-20,2887.64,2891.66,2864.02,2888.81,0
2016-06-21,2898.38,2919.3,2869.18,2878.56,0
2016-06-22,2872.73,2905.98,2869.51,2905.55,0
2016-06-23,2902.4,2904.11,2878.66,2891.96,0
2016-06-24,2883.76,2899.57,2807.6,2854.29,0
2016-06-27,2840.56,2895.73,2840.28,2895.7,0
2016-06-28,2885.01,2913.58,2878.82,2912.56,0
2016-06-29,2918.53,2934,2915.06,2931.59,0
2016-06-30,2931.48,2938.14,2922.31,2929.61,0
2016-07-01,2931.8,2944.99,2925.81,2932.48,0
2016-07-04,2924.29,2992.5,2922.52,2988.6,0
2016-07-05,2991.75,3010.28,2990.64,3006.39,0
2016-07-06,2998.52,3017.65,2984.83,3017.29,0
2016-07-07,3009.35,3024.11,2994.64,3016.85,0
2016-07-08,3000.33,3001.55,2983.88,2988.09,0
2016-07-11,2993.75,3022.94,2990.91,2994.92,0
2016-07-12,2992.52,3049.68,2984.42,3049.38,0
2016-07-13,3049.51,3069.05,3048.2,3060.69,0
2016-07-14,3054.98,3057.05,3036.52,3054.02,0
2016-07-15,3056.68,3062.68,3044.54,3054.3,0
2016-07-18,3047.64,3058.32,3031.64,3043.56,0
2016-07-19,3040.23,3043.6,3014.29,3036.6,0
2016-07-20,3034.71,3043,3022.63,3027.9,0
2016-07-21,3027.6,3053.33,3027.37,3039.01,0
2016-07-22,3038.12,3039.27,3007.46,3012.82,0
2016-07-25,3008.09,3027.12,3003.29,3015.83,0
2016-07-26,3014.04,3050.62,3013.8,3050.17,0
2016-07-27,3050.37,3057.42,2939.23,2992,0
2016-07-28,2980.5,3003.36,2968.18,2994.32,0
2016-07-29,2992.54,3000.06,2972.92,2979.34,0
2016-08-01,2971.95,2972.88,2931.96,2953.39,0
2016-08-02,2950.08,2971.28,2946.64,2971.28,0
2016-08-03,2963.21,2981.16,2956.79,2978.46,0
2016-08-04,2976.41,2982.86,2958.93,2982.43,0
2016-08-05,2978.78,2991.68,2971.56,2976.7,0
2016-08-08,2972.63,3004.72,2959.05,3004.28,0
2016-08-09,3001.31,3025.91,2998.68,3025.68,0
2016-08-10,3023.47,3033.2,3017.09,3018.75,0
2016-08-11,3013.68,3038.05,3001.17,3002.64,0
2016-08-12,3000.23,3051.02,2999.96,3050.67,0
2016-08-15,3056.48,3136.96,3054.41,3125.2,0
2016-08-16,3130.35,3139.88,3102.59,3110.04,0
2016-08-17,3104.75,3113.96,3090.28,3109.56,0
2016-08-18,3109.1,3125.17,3093.88,3104.11,0
2016-08-19,3100.12,3113.02,3082.86,3108.1,0
2016-08-22,3107.63,3112.25,3083.83,3084.81,0
2016-08-23,3082.2,3101.11,3074.25,3089.71,0
2016-08-24,3093.52,3097.05,3079.71,3085.88,0
2016-08-25,3068.36,3071.73,3041.88,3068.33,0
2016-08-26,3071.72,3087.33,3064.47,3070.31,0
2016-08-29,3068.3,3074.75,3058.89,3070.03,0
2016-08-30,3071.35,3082.38,3066.07,3074.68,0
2016-08-31,3073.61,3087.45,3063.56,3085.49,0
2016-09-01,3083.89,3088.54,3062.89,3063.31,0
2016-09-02,3057.85,3072.34,3051.49,3067.35,0
2016-09-05,3071.48,3085.38,3065.56,3072.1,0
2016-09-06,3071.06,3095.48,3053.42,3090.71,0
2016-09-07,3091.38,3105.62,3088.74,3091.93,0
2016-09-08,3089.78,3096.6,3084,3095.95,0
2016-09-09,3096.18,3101.39,3078.76,3078.86,0
2016-09-12,3032.4,3040.72,2999.93,3021.98,0
2016-09-13,3025.43,3029.2,3008.93,3023.51,0
2016-09-14,3007.59,3017.87,2995.97,3002.85,0
2016-09-19,3009.35,3026.61,3009.35,3026.05,0
2016-09-20,3027.82,3027.82,3016.14,3023,0
2016-09-21,3021.72,3031.93,3017.66,3025.87,0
2016-09-22,3040.32,3054.41,3035.18,3042.31,0
2016-09-23,3045.66,3046.44,3033.38,3033.9,0
2016-09-26,3027.73,3027.73,2980.21,2980.43,0
2016-09-27,2976,2998.17,2969.16,2998.17,0
2016-09-28,3000.24,3000.24,2984.61,2987.86,0
2016-09-29,2995.08,3008.98,2994.02,2998.48,0
2016-09-30,2993.93,3008.99,2993.93,3004.7,0
2016-10-10,3023.22,3048.14,3014.89,3048.14,0
2016-10-11,3050.57,3065.25,3048.46,3065.25,0
2016-10-12,3055.12,3060.47,3049,3058.5,0
2016-10-13,3056.5,3064.82,3052.64,3061.35,0
2016-10-14,3055.91,3064.6,3043.32,3063.81,0
2016-10-17,3065.24,3068.59,3034.01,3041.17,0
2016-10-18,3038.04,3083.93,3038.04,3083.88,0
2016-10-19,3086.71,3096.07,3076.85,3084.72,0
2016-10-20,3084.04,3089.55,3076.45,3084.46,0
2016-10-21,3080.95,3101.77,3069.45,3090.94,0
2016-10-24,3092,3136.31,3091.01,3128.25,0
2016-10-25,3127.8,3132.24,3121.19,3131.94,0
2016-10-26,3129.58,3129.58,3110.73,3116.31,0
2016-10-27,3112.54,3114.47,3100.93,3112.35,0
2016-10-28,3112.89,3128.64,3101.66,3104.27,0
2016-10-31,3097.41,3101.88,3081.15,3100.49,0
2016-11-01,3102.19,3122.44,3097.28,3122.44,0
2016-11-02,3115.27,3118.81,3099.93,3102.73,0
2016-11-03,3096.52,3140.63,3094.16,3128.94,0
2016-11-04,3126.06,3141.17,3119.82,3125.32,0
2016-11-07,3125.4,3138.91,3117.27,3133.33,0
2016-11-08,3140.97,3156.3,3135.16,3147.89,0
2016-11-09,3145.77,3146.68,3096.95,3128.37,0
2016-11-10,3156.46,3172.31,3150.53,3171.28,0
2016-11-11,3168.78,3202.55,3166.07,3196.04,0
2016-11-14,3188.02,3221.41,3187.76,3210.37,0
2016-11-15,3209.89,3214.18,3195.2,3206.99,0
2016-11-16,3210.19,3210.89,3195.55,3205.06,0
2016-11-17,3197.35,3210.89,3187.25,3208.45,0
2016-11-18,3207.61,3211.74,3187.99,3192.86,0
2016-11-21,3188.92,3229.37,3188.92,3218.15,0
2016-11-22,3222.39,3249.58,3222.39,3248.35,0
2016-11-23,3248.46,3262.49,3231.84,3241.14,0
2016-11-24,3238.09,3257.72,3233.04,3241.74,0
2016-11-25,3242.82,3262.29,3209.87,3261.94,0
2016-11-28,3272.74,3288.34,3267.67,3277,0
2016-11-29,3267.64,3301.07,3263.47,3282.92,0
2016-11-30,3271.44,3277.15,3239.9,3250.04,0
2016-12-01,3258.78,3278.96,3256.62,3273.31,0
2016-12-02,3269.46,3279.27,3235.4,3243.84,0
2016-12-05,3202.57,3219.24,3194.91,3204.71,0
2016-12-06,3204.76,3214.89,3197.11,3199.65,0
2016-12-07,3199.48,3222.24,3189.68,3222.24,0
2016-12-08,3224.59,3227.92,3212.06,3215.37,0
2016-12-09,3209.35,3244.11,3207.25,3232.88,0
2016-12-12,3234.02,3244.59,3150.09,3152.97,0
2016-12-13,3139.25,3161.9,3118.98,3155.04,0
2016-12-14,3149.16,3169.58,3136.38,3140.53,0
2016-12-15,3123.49,3138.78,3101.13,3117.68,0
2016-12-16,3111.45,3128.27,3106.73,3122.98,0
2016-12-19,3120.6,3124.94,3110.4,3118.08,0
2016-12-20,3116.86,3116.86,3085.48,3102.88,0
2016-12-21,3111.33,3140.25,3109.34,3137.43,0
2016-12-22,3132.18,3142.84,3127.1,3139.56,0
2016-12-23,3134.73,3138.3,3104.12,3110.15,0
2016-12-26,3093.67,3122.57,3068.42,3122.57,0
2016-12-27,3117.7,3127.48,3113.89,3114.66,0
2016-12-28,3113.74,3118.67,3094.61,3102.24,0
2016-12-29,3096.13,3111.16,3087.76,3096.1,0
2016-12-30,3097.95,3108.75,3090.57,3103.64,0
2017-01-03,3106.08,3135.95,3106.08,3135.92,0
2017-01-04,3130.24,3159.73,3130.24,3158.79,0
2017-01-05,3156.98,3168.23,3154.42,3165.41,0
2017-01-06,3162.94,3171.57,3153.18,3154.32,0
2017-01-09,3148.11,3172.48,3148.11,3171.24,0
2017-01-10,3166.36,3174.51,3157.4,3161.67,0
2017-01-11,3154.6,3166.68,3136.75,3136.75,0
2017-01-12,3133.08,3144.7,3116.39,3119.29,0
2017-01-13,3117.53,3129.9,3102.76,3112.76,0
2017-01-16,3102.81,3104.56,3044.93,3103.43,0
2017-01-17,3084.65,3108.77,3072.71,3108.78,0
2017-01-18,3103.26,3123.41,3098.86,3113.01,0
2017-01-19,3104.29,3115.35,3094.39,3101.3,0
2017-01-20,3096.2,3125.23,3096.2,3123.14,0
2017-01-23,3125.67,3145.65,3125.67,3136.78,0
2017-01-24,3134.88,3149,3131.45,3142.55,0
2017-01-25,3137.18,3151.33,3133.38,3149.55,0
2017-01-26,3150.7,3162.67,3149.21,3159.17,0
2017-02-03,3160.62,3162.62,3136.01,3140.17,0
2017-02-06,3143.25,3158.09,3135.65,3156.98,0
2017-02-07,3153.13,3159.16,3140.49,3153.09,0
2017-02-08,3147.02,3167.08,3132.33,3166.98,0
2017-02-09,3163.82,3186.65,3162.57,3183.18,0
2017-02-10,3183.17,3204.94,3183.17,3196.7,0
2017-02-13,3198.99,3219.05,3198.99,3216.84,0
2017-02-14,3215.49,3219.14,3205.53,3217.93,0
2017-02-15,3214.97,3235.62,3206.84,3212.99,0
2017-02-16,3210.36,3230.1,3208.04,3229.62,0
2017-02-17,3227.11,3238.08,3199.68,3202.08,0
2017-02-20,3199.85,3241.46,3199.85,3239.96,0
2017-02-21,3242.06,3254.25,3240.28,3253.33,0
2017-02-22,3252.81,3261.22,3244.74,3261.22,0
2017-02-23,3258.62,3263.98,3237.01,3251.38,0
2017-02-24,3246.9,3253.76,3233.55,3253.43,0
2017-02-27,3249.72,3251.07,3224.8,3228.66,0
2017-02-28,3226.45,3242.66,3226.35,3241.73,0
2017-03-01,3238.54,3259.87,3238.54,3246.93,0
2017-03-02,3253.49,3256.74,3228.76,3230.03,0
2017-03-03,3219.3,3220.64,3207.18,3218.31,0
2017-03-06,3218.13,3234.13,3215.35,3233.87,0
2017-03-07,3233.45,3242.41,3226.97,3242.41,0
2017-03-08,3240.64,3245.04,3230.88,3240.67,0
2017-03-09,3231.41,3231.41,3205.86,3216.75,0
2017-03-10,3214.54,3221.82,3208.58,3212.76,0
2017-03-13,3208.59,3237.02,3193.87,3237.02,0
2017-03-14,3235.44,3246.03,3231.63,3239.33,0
2017-03-15,3233.91,3243.5,3227.74,3241.76,0
2017-03-16,3249.64,3269.3,3249.64,3268.94,0
2017-03-17,3272.67,3273.55,3232.69,3237.45,0
2017-03-20,3244.5,3250.81,3228.41,3250.81,0
2017-03-21,3250.56,3262.22,3247.03,3261.61,0
2017-03-22,3245.18,3255.57,3229.26,3245.22,0
2017-03-23,3247.22,3261.92,3222.32,3248.55,0
2017-03-24,3247.23,3274.27,3241.75,3269.45,0
2017-03-27,3268.49,3282.99,3262.23,3266.96,0
2017-03-28,3264.75,3265.23,3246.35,3252.95,0
2017-03-29,3253.96,3261.69,3233.32,3241.31,0
2017-03-30,3234.1,3239.31,3196.72,3210.24,0
2017-03-31,3206.22,3226.12,3205.74,3222.51,0
2017-04-05,3241.33,3270.31,3233.39,3270.31,0
2017-04-06,3272.03,3286.29,3265.87,3281.01,0
2017-04-07,3280.39,3295.07,3275.43,3286.62,0
2017-04-10,3283.86,3284.63,3265.57,3269.39,0
2017-04-11,3266.23,3290.09,3244.75,3288.97,0
2017-04-12,3282.5,3284.79,3263.12,3273.83,0
2017-04-13,3263.99,3280.77,3261.49,3275.96,0
2017-04-14,3276.17,3276.17,3238.9,3246.07,0
2017-04-17,3228.67,3228.67,3200.54,3222.17,0
2017-04-18,3215.81,3224.83,3196.61,3196.71,0
2017-04-19,3182.6,3189.27,3147.59,3170.69,0
2017-04-20,3165.3,3178.18,3148.87,3172.1,0
2017-04-21,3169.68,3180.66,3158.95,3173.15,0
2017-04-24,3163.55,3163.55,3111.71,3129.53,0
2017-04-25,3126.65,3145.27,3117.91,3134.57,0
2017-04-26,3132.89,3152.36,3131.54,3140.85,0
2017-04-27,3128.28,3154.73,3097.89,3152.19,0
2017-04-28,3143.09,3154.66,3137.47,3154.66,0
2017-05-02,3145.31,3154.78,3136.77,3143.71,0
2017-05-03,3143.71,3147.9,3124.68,3135.35,0
2017-05-04,3123.52,3143.07,3111.88,3127.37,0
2017-05-05,3113.75,3117.58,3092.21,3103.04,0
2017-05-08,3089.71,3092.54,3068.08,3078.61,0
2017-05-09,3062.84,3084.09,3056.79,3080.53,0
2017-05-10,3080.82,3090.46,3052.53,3052.79,0
2017-05-11,3035.85,3063.27,3016.94,3061.5,0
2017-05-12,3053.19,3090.01,3052.04,3083.51,0
2017-05-15,3086.1,3098.48,3086.04,3090.23,0
2017-05-16,3079.96,3113.5,3061.03,3112.96,0
2017-05-17,3107.16,3119.58,3101.33,3104.44,0
2017-05-18,3079.45,3103.44,3078.22,3090.14,0
2017-05-19,3089.04,3095.48,3081.74,3090.63,0
2017-05-22,3086.19,3103.83,3063.53,3075.68,0
2017-05-23,3067.51,3084.17,3051.27,3061.95,0
2017-05-24,3045.37,3064.08,3022.83,3064.08,0
2017-05-25,3054.01,3114.19,3053.51,3107.83,0
2017-05-26,3101.1,3120.1,3101.1,3110.06,0
2017-05-31,3125.9,3143.07,3111.61,3117.18,0
2017-06-01,3105.16,3113.36,3098.08,3102.62,0
2017-06-02,3093.91,3109.54,3081.93,3105.54,0
2017-06-05,3105.54,3105.54,3084.85,3091.66,0
2017-06-06,3081.18,3102.33,3078.93,3102.13,0
2017-06-07,3100.91,3140.32,3099.28,3140.33,0
2017-06-08,3136.23,3153.19,3133.3,3150.33,0
2017-06-09,3147.15,3165.47,3146.15,3158.4,0
2017-06-12,3145.85,3164.85,3136.01,3139.88,0
2017-06-13,3133.58,3155.45,3131.07,3153.74,0
2017-06-14,3146.95,3149.15,3125.79,3130.67,0
2017-06-15,3124.87,3137.46,3117.45,3132.49,0
2017-06-16,3125.35,3134.1,3118.63,3123.17,0
2017-06-19,3123.39,3146.72,3122.06,3144.37,0
2017-06-20,3149.17,3149.78,3134.61,3140.01,0
2017-06-21,3150.49,3156.94,3133.07,3156.21,0
2017-06-22,3152.48,3186.43,3147.19,3147.45,0
2017-06-23,3138.42,3157.87,3118.21,3157.87,0
2017-06-26,3157.53,3187.89,3157.53,3185.44,0
2017-06-27,3183.02,3193.38,3172.77,3191.2,0
2017-06-28,3183.09,3192.82,3171.11,3173.2,0
2017-06-29,3177.13,3188.34,3174.39,3188.06,0
2017-06-30,3175.61,3192.66,3171.6,3192.43,0
2017-07-03,3191.96,3195.91,3177.26,3195.91,0
2017-07-04,3192.93,3192.93,3174.9,3182.8,0
2017-07-05,3179.28,3207.13,3174.96,3207.13,0
2017-07-06,3203.24,3215.46,3188.86,3212.44,0
2017-07-07,3203.82,3219.52,3195.59,3217.96,0
2017-07-10,3208.1,3222.65,3203.56,3212.63,0
2017-07-11,3200.85,3226.84,3199.79,3203.04,0
2017-07-12,3203.15,3214.65,3178.31,3197.54,0
2017-07-13,3192.12,3219.05,3190.38,3218.16,0
2017-07-14,3218.16,3222.66,3204.91,3222.42,0
2017-07-17,3220.12,3229.84,3140.05,3176.47,0
2017-07-18,3158.99,3187.57,3150.29,3187.57,0
2017-07-19,3181.23,3232.34,3180.1,3230.98,0
2017-07-20,3226.68,3246.24,3225.73,3244.87,0
2017-07-21,3235.16,3247.11,3232.14,3237.98,0
2017-07-24,3230.49,3261.03,3230.49,3250.6,0
2017-07-25,3249.08,3261.55,3233.39,3243.69,0
2017-07-26,3247.78,3264.33,3228.36,3247.68,0
2017-07-27,3243.24,3251.34,3220.95,3249.78,0
2017-07-28,3239,3256.07,3233.06,3253.24,0
2017-07-31,3252.78,3276.57,3251.7,3273.03,0
2017-08-01,3273.99,3292.64,3273.76,3292.64,0
2017-08-02,3288.3,3304.85,3282.41,3285.06,0
2017-08-03,3277.92,3293.01,3263.01,3272.93,0
2017-08-04,3270.82,3286.84,3261.8,3262.08,0
2017-08-07,3258.78,3279.46,3243.72,3279.46,0
2017-08-08,3277.42,3284.96,3270.39,3281.87,0
2017-08-09,3277.93,3277.93,3264.2,3275.57,0
2017-08-10,3268.31,3281.98,3236.51,3261.75,0
2017-08-11,3238.06,3244.94,3200.82,3208.54,0
2017-08-14,3206.47,3239.25,3206.23,3237.36,0
2017-08-15,3235.8,3263.46,3235.8,3251.26,0
2017-08-16,3247.93,3248.59,3228.87,3246.45,0
2017-08-17,3256.42,3268.43,3251.76,3268.43,0
2017-08-18,3251.56,3275.03,3248.44,3268.72,0
2017-08-21,3278.15,3287.32,3270.77,3286.91,0
2017-08-22,3287.16,3293.48,3275.09,3290.23,0
2017-08-23,3283.46,3299.11,3274.58,3287.71,0
2017-08-24,3288.38,3297.82,3266.61,3271.51,0
2017-08-25,3273.13,3331.52,3273.13,3331.52,0
2017-08-28,3338.49,3374.52,3338.49,3362.65,0
2017-08-29,3360.17,3374.59,3354.74,3365.23,0
2017-08-30,3361.85,3376.65,3357.53,3363.63,0
2017-08-31,3362.41,3367.24,3340.84,3360.81,0
2017-09-01,3367.13,3381.38,3358.68,3367.12,0
2017-09-04,3369.64,3380.91,3359.13,3379.58,0
2017-09-05,3376.97,3390.79,3371.95,3384.32,0
2017-09-06,3370.02,3390.79,3365.07,3385.39,0
2017-09-07,3383.87,3387.77,3363.33,3365.5,0
2017-09-08,3366.78,3380.51,3353.9,3365.24,0
2017-09-11,3365.35,3384.63,3360.08,3376.42,0
2017-09-12,3382,3390.52,3371.53,3379.49,0
2017-09-13,3374.25,3384.36,3366.8,3384.15,0
2017-09-14,3384.28,3390.78,3361.33,3371.43,0
2017-09-15,3364.59,3365.44,3346.16,3353.62,0
2017-09-18,3354.71,3371.53,3354.71,3362.86,0
2017-09-19,3367.37,3370.17,3345.01,3356.84,0
2017-09-20,3352.15,3370.06,3346.54,3366,0
2017-09-21,3364.65,3377.42,3357.41,3357.81,0
2017-09-22,3346.21,3355.97,3335.23,3352.53,0
2017-09-25,3343.7,3350.63,3335.32,3341.55,0
2017-09-26,3338.25,3346.95,3332.61,3343.58,0
2017-09-27,3341.61,3349.31,3340.49,3345.27,0
2017-09-28,3343.28,3344.06,3336.47,3339.64,0
2017-09-29,3341.7,3356.77,3341.7,3348.94,0
2017-10-09,3407.75,3409.14,3368.17,3374.38,0
2017-10-10,3373.51,3383.47,3358.94,3382.99,0
2017-10-11,3386.22,3395.43,3382.08,3388.28,0
2017-10-12,3385.27,3390.2,3372.87,3386.1,0
2017-10-13,3385.14,3395.35,3383.52,3390.52,0
2017-10-16,3393.57,3400.37,3374.99,3378.47,0
2017-10-17,3373.03,3382.17,3366.12,3372.04,0
2017-10-18,3374.46,3382.46,3372.29,3381.79,0
2017-10-19,3374.42,3378.58,3359.83,3370.17,0
2017-10-20,3363.49,3379.5,3360.91,3378.65,0
2017-10-23,3382.29,3384.82,3374.77,3380.7,0
2017-10-24,3375.99,3388.25,3374.23,3388.25,0
2017-10-25,3384.46,3397.69,3382.26,3396.9,0
2017-10-26,3395.46,3414.14,3391.7,3407.57,0
2017-10-27,3403.35,3420.67,3402.73,3416.81,0
2017-10-30,3413.25,3419.23,3357.89,3390.34,0
2017-10-31,3380.62,3397.06,3376.2,3393.34,0
2017-11-01,3394.83,3410.03,3388.88,3395.91,0
2017-11-02,3390.17,3390.17,3372.4,3383.31,0
2017-11-03,3376.56,3380.04,3347.74,3371.74,0
2017-11-06,3370.75,3389.37,3356.66,3388.17,0
2017-11-07,3389.96,3414.54,3388.12,3413.58,0
2017-11-08,3408.27,3434.28,3404.95,3415.46,0
2017-11-09,3410.62,3420.36,3408.9,3427.8,0
2017-11-10,3423.07,3438.41,3414.83,3432.67,0
2017-11-13,3438.79,3448.82,3438.79,3447.84,0
2017-11-14,3446.16,3450.34,3420.07,3429.55,0
2017-11-15,3414.55,3423.47,3396.38,3402.52,0
2017-11-16,3392.43,3409,3390.76,3399.25,0
2017-11-17,3393.49,3403.01,3373.56,3382.91,0
2017-11-20,3359.98,3393.02,3338.05,3392.4,0
2017-11-21,3382.38,3419.31,3377.86,3410.5,0
2017-11-22,3417.22,3442.09,3404.94,3430.46,0
2017-11-23,3424.01,3428.99,3342.39,3351.92,0
2017-11-24,3340.71,3360.43,3329.06,3353.82,0
2017-11-27,3344.96,3346.59,3315.83,3322.23,0
2017-11-28,3311.51,3333.73,3301.5,3333.66,0
2017-11-29,3336.24,3342.95,3305.96,3337.86,0
2017-11-30,3328.64,3340.85,3306.4,3317.19,0
2017-12-01,3314.27,3324.41,3302.65,3317.62,0
2017-12-04,3308.58,3323.65,3304.22,3309.62,0
2017-12-05,3304.67,3315.41,3301.06,3303.68,0
2017-12-06,3289.09,3295.81,3255.18,3293.97,0
2017-12-07,3281.5,3291.22,3259.9,3272.05,0
2017-12-08,3265.32,3297.13,3259.12,3289.99,0
2017-12-11,3290.75,3322.24,3288.59,3322.2,0
2017-12-12,3319.19,3319.84,3280.81,3280.81,0
2017-12-13,3278.75,3303.8,3273.49,3303.04,0
2017-12-14,3302.41,3309.06,3282.75,3292.44,0
2017-12-15,3286.81,3286.81,3259.55,3266.14,0
2017-12-18,3269.79,3280.21,3254.61,3267.92,0
2017-12-19,3266.84,3296.74,3266.29,3296.54,0
2017-12-20,3296.43,3299.77,3277.37,3287.61,0
2017-12-21,3281.06,3308.66,3267.4,3300.06,0
2017-12-22,3297.14,3306.84,3293.91,3297.06,0
2017-12-25,3296.92,3311.93,3270.94,3280.46,0
2017-12-26,3278.33,3307.3,3274.4,3306.13,0
2017-12-27,3302.48,3306.76,3270.84,3275.78,0
2017-12-28,3272.35,3303.86,3263.79,3296.39,0
2017-12-29,3294.76,3307.97,3292.8,3307.17,0
2018-01-02,3316.27,3348.49,3316.27,3348.33,0
2018-01-03,3347.6,3379.72,3345.37,3369.11,0
2018-01-04,3370.57,3392.8,3365.56,3385.71,0
2018-01-05,3386.46,3401.81,3380.25,3391.75,0
2018-01-08,3391.18,3412.73,3385.35,3409.48,0
2018-01-09,3404.75,3416.99,3403.73,3413.9,0
2018-01-10,3414.11,3429.67,3399.27,3421.83,0
2018-01-11,3413.47,3425.96,3405.86,3425.35,0
2018-01-12,3423.54,3435.29,3418.3,3428.94,0
2018-01-15,3429.53,3441.54,3402.36,3410.49,0
2018-01-16,3402.27,3437.58,3402.27,3436.59,0
2018-01-17,3440.79,3464.83,3430.54,3444.67,0
2018-01-18,3450.41,3475.95,3449.47,3474.75,0
2018-01-19,3486.93,3498.15,3475.39,3487.86,0
2018-01-22,3477.32,3502,3477.08,3501.36,0
2018-01-23,3505.68,3546.92,3505.68,3546.51,0
2018-01-24,3554.22,3568.84,3528.17,3559.47,0
2018-01-25,3554.02,3571.18,3528.2,3548.31,0
2018-01-26,3534.25,3574.48,3534.25,3558.13,0
2018-01-29,3565.5,3586.56,3510.67,3523,0
2018-01-30,3510.81,3523.05,3485.19,3488.01,0
2018-01-31,3467.07,3494.06,3455.13,3480.83,0
2018-02-01,3479.46,3494.84,3424.83,3446.98,0
2018-02-02,3414.9,3462.08,3389.07,3462.08,0
2018-02-05,3408.26,3487.5,3408.26,3487.5,0
2018-02-06,3415.05,3439.85,3365.45,3370.65,0
2018-02-07,3420.22,3424.49,3304.68,3309.26,0
2018-02-08,3279.74,3307.03,3225.71,3262.05,0
2018-02-09,3169.94,3179.26,3063.1,3129.85,0
2018-02-12,3150.01,3167.89,3122.01,3154.13,0
2018-02-13,3177.84,3219.22,3177.84,3184.96,0
2018-02-14,3188.25,3203.1,3171.68,3199.16,0
2018-02-22,3244.01,3269.72,3234.59,3268.56,0
2018-02-23,3273.19,3293.99,3258.94,3289.02,0
2018-02-26,3312.32,3335.51,3282.04,3329.57,0
2018-02-27,3327.56,3327.56,3285.2,3292.07,0
2018-02-28,3259.09,3277.72,3240.4,3259.41,0
2018-03-01,3232.82,3279.47,3229.27,3273.76,0
2018-03-02,3246.1,3269.17,3242.67,3254.53,0
2018-03-05,3257.19,3269.2,3236.73,3256.93,0
2018-03-06,3269.34,3290.17,3243.86,3289.64,0
2018-03-07,3286.97,3308.03,3265.63,3271.67,0
2018-03-08,3270.75,3288.41,3262.24,3288.41,0
2018-03-09,3293.8,3308.68,3283.71,3307.17,0
2018-03-12,3319.37,3333.4,3313.96,3326.7,0
2018-03-13,3323.37,3333.35,3307.38,3310.24,0
2018-03-14,3298.28,3304.68,3287.81,3291.38,0
2018-03-15,3286.43,3295.42,3275.32,3291.11,0
2018-03-16,3290.89,3300.49,3269.88,3269.88,0
2018-03-19,3264.93,3280.33,3251.18,3279.25,0
2018-03-20,3254.02,3292.47,3253.62,3290.64,0
2018-03-21,3303.31,3313.79,3269.55,3280.95,0
2018-03-22,3284.26,3288.76,3242.83,3263.48,0
2018-03-23,3165.16,3188.09,3112.11,3152.76,0
2018-03-26,3115.59,3133.72,3092.58,3133.72,0
2018-03-27,3172.6,3172.6,3144.06,3166.65,0
2018-03-28,3125.4,3164.94,3118.43,3122.29,0
2018-03-29,3128.84,3174.04,3099.06,3160.53,0
2018-03-30,3161.95,3177.34,3153.33,3168.9,0
2018-04-02,3170.01,3192.13,3160.19,3163.18,0
2018-04-03,3126.33,3143.31,3119.25,3136.63,0
2018-04-04,3148,3163.07,3128.94,3131.11,0
2018-04-09,3126.79,3145.78,3110.83,3138.29,0
2018-04-10,3144.94,3190.32,3139.12,3190.32,0
2018-04-11,3199.47,3220.26,3192.41,3208.08,0
2018-04-12,3201.48,3204.75,3177.51,3180.16,0
2018-04-13,3193.24,3197.79,3155.59,3159.05,0
2018-04-16,3151.04,3152.8,3096.61,3110.65,0
2018-04-17,3112.54,3118.36,3064.26,3066.8,0
2018-04-18,3093.06,3096.3,3041.68,3091.4,0
2018-04-19,3094.27,3127.34,3090.45,3117.38,0
2018-04-20,3105.46,3110.87,3065.92,3071.54,0
2018-04-23,3063.43,3084.28,3046.47,3068.01,0
2018-04-24,3073.19,3135.94,3073.19,3128.93,0
2018-04-25,3110.05,3122.72,3107.14,3117.97,0
2018-04-26,3119.65,3121.49,3068.1,3075.03,0
2018-04-27,3084.33,3087.72,3050.46,3082.23,0
2018-05-02,3088.44,3097.1,3064.76,3081.18,0
2018-05-03,3072.81,3105.06,3056.91,3100.86,0
2018-05-04,3091.34,3103.99,3087.44,3091.03,0
2018-05-07,3096.88,3136.64,3091.94,3136.65,0
2018-05-08,3134.95,3169.45,3134.17,3161.5,0
2018-05-09,3160.3,3163.9,3145.66,3159.15,0
2018-05-10,3172.07,3175.71,3155.93,3174.41,0
2018-05-11,3179.84,3180.42,3162.87,3163.26,0
2018-05-14,3168.87,3183.71,3163.55,3174.03,0
2018-05-15,3181.2,3192.27,3164.79,3192.12,0
2018-05-16,3177.05,3191.95,3167.17,3169.57,0
2018-05-17,3171.82,3171.82,3149.18,3154.28,0
2018-05-18,3151.32,3193.3,3145.13,3193.3,0
2018-05-21,3208.47,3219.33,3203.94,3213.84,0
2018-05-22,3211.08,3214.35,3192.4,3214.35,0
2018-05-23,3200.91,3202.04,3168.96,3168.96,0
2018-05-24,3169.81,3173.15,3152.44,3154.65,0
2018-05-25,3149.35,3156.62,3131.49,3141.3,0
2018-05-28,3137.71,3148.99,3117.28,3135.08,0
2018-05-29,3129.38,3142.75,3114.19,3120.46,0
2018-05-30,3071.59,3085.18,3041.44,3041.44,0
2018-05-31,3067.31,3096.13,3054.67,3095.47,0
2018-06-01,3081.92,3101.9,3060.18,3075.14,0
2018-06-04,3083.43,3098.2,3077.7,3091.19,0
2018-06-05,3087.46,3114.21,3080.38,3114.21,0
2018-06-06,3106.78,3117.32,3104.04,3115.18,0
2018-06-07,3123.73,3128,3106.48,3109.5,0
2018-06-08,3094.69,3097.79,3053.93,3067.15,0
2018-06-11,3054.84,3063.2,3038.79,3052.78,0
2018-06-12,3053.52,3081.23,3034.27,3079.8,0
2018-06-13,3069.18,3070.13,3044.74,3049.8,0
2018-06-14,3036.57,3065.77,3032.76,3044.16,0
2018-06-15,3037.42,3048.75,3008.73,3021.9,0
2018-06-19,2981.78,2984.58,2872.15,2907.82,0
2018-06-20,2890.72,2924.96,2872.78,2915.73,0
2018-06-21,2911.42,2940.36,2873.11,2875.81,0
2018-06-22,2854.72,2891.56,2838.82,2889.76,0
2018-06-25,2906.64,2908.27,2858.56,2859.34,0
2018-06-26,2822.93,2849.78,2804.67,2844.51,0
2018-06-27,2842.42,2853.96,2799.62,2813.18,0
2018-06-28,2799.1,2825.49,2783.01,2786.9,0
2018-06-29,2794.24,2848.31,2794.24,2847.42,0
2018-07-02,2839.39,2845.17,2757.92,2775.56,0
2018-07-03,2778.21,2786.89,2722.71,2786.89,0
2018-07-04,2772.94,2791.75,2754.2,2759.13,0
2018-07-05,2758.33,2777.01,2728.86,2733.88,0
2018-07-06,2734.19,2768.58,2691.16,2747.23,0
2018-07-09,2758.18,2815.11,2755.79,2815.11,0
2018-07-10,2819.7,2828.44,2800.76,2827.63,0
2018-07-11,2779.77,2793.35,2752.8,2777.77,0
2018-07-12,2772.13,2843.84,2772.13,2837.66,0
2018-07-13,2829.49,2834.9,2819.64,2831.18,0
2018-07-16,2827.35,2837.48,2804.71,2814.04,0
2018-07-17,2804.16,2806.71,2774.9,2798.13,0
2018-07-18,2802.09,2818.27,2786.62,2787.26,0
2018-07-19,2792.79,2804.44,2764.9,2772.55,0
2018-07-20,2768.62,2837.25,2753.92,2829.27,0
2018-07-23,2811.29,2862.82,2811.29,2859.54,0
2018-07-24,2862.6,2911.2,2862.6,2905.56,0
2018-07-25,2911.85,2911.93,2894.04,2903.65,0
2018-07-26,2905.82,2915.08,2876.17,2882.23,0
2018-07-27,2879.58,2889.51,2864.88,2873.59,0
2018-07-30,2872.55,2895.3,2851.15,2869.05,0
2018-07-31,2866.22,2884.56,2854.79,2876.4,0
2018-08-01,2888.25,2895.92,2824.21,2824.53,0
2018-08-02,2812.49,2813.04,2727.05,2768.02,0
2018-08-03,2763.04,2777.15,2740.44,2740.44,0
2018-08-06,2732.51,2759.36,2692.93,2705.16,0
2018-08-07,2720.91,2779.37,2696.04,2779.37,0
2018-08-08,2767.27,2779.72,2741.66,2744.07,0
2018-08-09,2727.1,2801.43,2726.57,2794.38,0
2018-08-10,2790.06,2805.99,2778.51,2795.31,0
2018-08-13,2759.64,2789.24,2743.58,2785.87,0
2018-08-14,2777.87,2789.16,2766.79,2780.97,0
2018-08-15,2777.41,2777.53,2721.49,2723.26,0
2018-08-16,2687.17,2731.64,2674.81,2705.19,0
2018-08-17,2730.01,2730.01,2666.29,2668.97,0
2018-08-20,2677.77,2698.47,2653.49,2698.47,0
2018-08-21,2700.45,2738.99,2696.69,2733.83,0
2018-08-22,2729.87,2729.87,2709.25,2714.61,0
2018-08-23,2717.92,2735.37,2701.17,2724.63,0
2018-08-24,2713.6,2748.24,2705.89,2729.43,0
2018-08-27,2740.06,2778.29,2737.48,2780.9,0
2018-08-28,2783.84,2790.73,2769.4,2777.98,0
2018-08-29,2773.55,2778.15,2763.72,2769.3,0
2018-08-30,2769.3,2772.65,2737.07,2737.74,0
2018-08-31,2729.12,2744.34,2710.96,2725.25,0
2018-09-03,2715.37,2722.4,2692.8,2720.73,0
2018-09-04,2720.7,2756.2,2712.63,2750.58,0
2018-09-05,2739.4,2745.16,2704.34,2704.34,0
2018-09-06,2697.69,2719.21,2684.42,2691.59,0
2018-09-07,2702.02,2728.34,2686.2,2702.3,0
2018-09-10,2697.56,2703.36,2668.63,2669.49,0
2018-09-11,2672.41,2680.25,2652.93,2664.8,0
2018-09-12,2660.95,2671.89,2648.24,2656.11,0
2018-09-13,2688.63,2688.63,2653.6,2686.58,0
2018-09-14,2686.44,2694.51,2675.49,2681.64,0
2018-09-17,2666.39,2667.91,2648.62,2651.79,0
2018-09-18,2644.3,2700.19,2644.3,2699.95,0
2018-09-19,2694.8,2746.08,2690.99,2730.85,0
2018-09-20,2732.29,2743.96,2724.18,2729.24,0
2018-09-21,2735.25,2797.48,2722.08,2797.49,0
2018-09-25,2772.1,2789.7,2772.1,2781.14,0
2018-09-26,2785.9,2827.07,2783.55,2806.81,0
2018-09-27,2803.13,2810.51,2786.95,2791.78,0
2018-09-28,2798.3,2821.48,2791.99,2821.35,0
2018-10-08,2761.78,2771.84,2710.42,2716.51,0
2018-10-09,2713.86,2734.07,2711.5,2721.01,0
2018-10-10,2725.78,2743.45,2703.39,2725.84,0
2018-10-11,2654.32,2661.05,2560.84,2583.46,0
2018-10-12,2574.83,2615.68,2536.99,2606.91,0
2018-10-15,2605.95,2611.82,2565.65,2568.1,0
2018-10-16,2570.49,2597.15,2537.27,2546.33,0
2018-10-17,2566.34,2572.67,2517.8,2561.61,0
2018-10-18,2540.23,2540.23,2485.98,2486.42,0
2018-10-19,2459.65,2552.75,2449.47,2550.47,0
2018-10-22,2570.73,2675.21,2570.73,2654.88,0
2018-10-23,2652.16,2659.25,2583.39,2594.83,0
2018-10-24,2579.71,2640.09,2578.05,2603.3,0
2018-10-25,2534.55,2605.64,2531.85,2603.8,0
2018-10-26,2614.16,2625.92,2580.9,2598.85,0
2018-10-29,2591.81,2594.81,2529.81,2542.1,0
2018-10-30,2539.54,2586.68,2521.78,2568.05,0
2018-10-31,2572.84,2611.99,2567.11,2602.78,0
2018-11-01,2623,2636.58,2603.78,2606.24,0
2018-11-02,2651.1,2676.48,2628.91,2676.48,0
2018-11-05,2661.09,2673.08,2639.7,2665.43,0
2018-11-06,2655.48,2660.73,2635.88,2659.36,0
2018-11-07,2660.19,2675.37,2639.28,2641.34,0
2018-11-08,2661.97,2661.97,2632.3,2635.63,0
2018-11-09,2617.67,2618.65,2598.31,2598.87,0
2018-11-12,2596.09,2631.17,2590.96,2630.52,0
2018-11-13,2597.35,2666.49,2597.35,2654.88,0
2018-11-14,2645.53,2658.31,2628.06,2632.24,0
2018-11-15,2632.37,2668.17,2631.89,2668.17,0
2018-11-16,2669.61,2695.37,2657.18,2679.11,0
2018-11-19,2681.48,2703.51,2674.67,2703.51,0
2018-11-20,2682.37,2690.83,2643.44,2645.85,0
2018-11-21,2618.09,2653.45,2618.09,2651.51,0
2018-11-22,2655.9,2657.1,2634.78,2645.43,0
2018-11-23,2639.58,2641.85,2577.52,2579.48,0
2018-11-26,2580.9,2594.69,2568.41,2575.81,0
2018-11-27,2589.26,2592.3,2566.4,2574.68,0
2018-11-28,2575.87,2601.74,2561.8,2601.74,0
2018-11-29,2617.29,2617.35,2567.44,2567.44,0
2018-11-30,2564.41,2590.16,2555.53,2588.19,0
2018-12-03,2647.38,2665.04,2629.6,2654.8,0
2018-12-04,2650.96,2665.96,2645.52,2665.96,0
2018-12-05,2629.77,2660.33,2629.77,2649.81,0
2018-12-06,2630.39,2633.52,2603.13,2605.18,0
2018-12-07,2610.11,2614.18,2599.53,2605.89,0
2018-12-10,2588.55,2599.7,2576.59,2584.58,0
2018-12-11,2590.94,2595.68,2583.21,2594.09,0
2018-12-12,2607.95,2609.93,2595.52,2602.15,0
2018-12-13,2608.46,2645.78,2599.86,2634.05,0
2018-12-14,2627.24,2628.89,2593.74,2593.74,0
2018-12-17,2590.06,2598.76,2573.87,2597.97,0
2018-12-18,2582.96,2599.06,2563.67,2576.65,0
2018-12-19,2578.68,2579.87,2547.29,2549.56,0
2018-12-20,2548.32,2554.86,2516.4,2536.27,0
2018-12-21,2526.57,2526.93,2499.21,2516.25,0
2018-12-24,2506.8,2529.44,2501.62,2527.01,0
2018-12-25,2503.95,2513.92,2463.12,2504.82,0
2018-12-26,2501.26,2513.49,2492.12,2498.29,0
2018-12-27,2529.97,2531.79,2483.09,2483.09,0
2018-12-28,2488.93,2504.78,2478.92,2493.9,0
2019-01-02,2499.65,2500.28,2456.69,2465.29,0
2019-01-03,2462.12,2488.26,2456.35,2464.36,0
2019-01-04,2446.02,2515.32,2441.44,2514.87,0
2019-01-07,2528.41,2536.76,2515.51,2533.09,0
2019-01-08,2527.64,2530.79,2520.24,2526.46,0
2019-01-09,2536.5,2574.39,2536.29,2544.35,0
2019-01-10,2544.64,2551.83,2532.15,2535.1,0
2019-01-11,2540.04,2554.71,2533.73,2553.83,0
2019-01-14,2553.33,2556.25,2533.41,2535.77,0
2019-01-15,2536.05,2571.49,2532.64,2570.35,0
2019-01-16,2568.61,2574.17,2563.28,2570.42,0
2019-01-17,2572.34,2582.25,2557.82,2559.64,0
2019-01-18,2567.74,2598.83,2565.98,2596.01,0
2019-01-21,2600.32,2618.69,2600.01,2610.51,0
2019-01-22,2609.62,2609.62,2573.26,2579.7,0
2019-01-23,2576.28,2589.11,2572.7,2581,0
2019-01-24,2585.36,2597.13,2570.21,2591.69,0
2019-01-25,2595.63,2616.72,2595.63,2601.72,0
2019-01-28,2619.05,2630.32,2591.23,2596.98,0
2019-01-29,2592.35,2601.42,2560.43,2594.25,0
2019-01-30,2583.19,2598.81,2575.41,2575.58,0
2019-01-31,2582.17,2606.63,2571.7,2584.57,0
2019-02-01,2600.54,2618.23,2590.99,2618.23,0
2019-02-11,2615.61,2654.03,2614.19,2653.9,0
2019-02-12,2653.1,2674.02,2648.93,2671.89,0
2019-02-13,2674.37,2727.07,2666.62,2721.07,0
2019-02-14,2715.54,2729.28,2708.02,2719.7,0
2019-02-15,2712.79,2715.63,2679.78,2682.39,0
2019-02-18,2701.68,2754.36,2701.68,2754.36,0
2019-02-19,2759.5,2780.78,2737.59,2755.65,0
2019-02-20,2761.06,2767.41,2740.27,2761.22,0
2019-02-21,2759.94,2794.01,2744.98,2751.8,29864996900
2019-02-22,2749.46,2804.23,2736.33,2804.23,30148141100
2019-02-25,2838.39,2961.8,2838.39,2961.28,52865859000
2019-02-26,2969.1,2995.68,2938.62,2941.52,56555796700
2019-02-27,2939.93,2997.49,2924.64,2953.82,47497645300
2019-02-28,2950.05,2965.3,2930.2,2940.95,35824091800
2019-03-01,2954.4,2994.01,2930.83,2994.01,34578620000
2019-03-04,3015.94,3090.8,3006.94,3027.58,52564943600
2019-03-05,3019.88,3054.96,3009.45,3054.25,42414252900
2019-03-06,3060.43,3103.83,3050.11,3102.1,55500636500
2019-03-07,3103.67,3129.94,3074.98,3106.42,58381706500
2019-03-08,3038.34,3075.05,2969.58,2969.86,57785547300
2019-03-11,2969.08,3028.25,2963.58,3026.99,42621302900
2019-03-12,3049.08,3093.39,3029.9,3060.31,51117315800
2019-03-13,3062.33,3065.29,3013.93,3026.95,45321462500
2019-03-14,3013.6,3041.16,2968.82,2990.69,37314179800
2019-03-15,3000.88,3048.12,2999.43,3021.75,34120613900
2019-03-18,3027.8,3096.42,3009.51,3096.42,39779717900
2019-03-19,3099.9,3113.43,3076.36,3090.98,35090886000
2019-03-20,3084.17,3102.52,3053.45,3090.64,35855750500
2019-03-21,3094.12,3125.02,3086.85,3101.46,41425118200
2019-03-22,3100.73,3107.28,3064.88,3104.15,36484834600
2019-03-25,3058.8,3087,3041.95,3043.03,38027876200
2019-03-26,3057.56,3062.69,2988.49,2997.1,35349802100
2019-03-27,3012.26,3022.76,2987.77,3022.72,29139035700
2019-03-28,3009.8,3025.78,2991.78,2994.94,28810642500
2019-03-29,3000.68,3093.03,2999.99,3090.76,37508299100
2019-04-01,3111.66,3176.62,3111.66,3170.36,46612469300
2019-04-02,3183.27,3193.27,3164.91,3176.82,44706898100
2019-04-03,3159.15,3219.26,3152.33,3216.3,43054863500
2019-04-04,3233.69,3254.14,3216.85,3246.57,46911766900
2019-04-08,3271.27,3288.45,3210.52,3244.81,50451840300
2019-04-09,3240.39,3251.65,3215.7,3239.66,36416999700
2019-04-10,3224.65,3264.78,3204.88,3241.93,38013440800
2019-04-11,3241.55,3254.13,3185.55,3189.96,35303187900
2019-04-12,3184.86,3199.28,3168.04,3188.63,28978899600
2019-04-15,3233.46,3253.98,3177.27,3177.79,34880978500
2019-04-16,3164.4,3253.6,3153.21,3253.6,35791875200
2019-04-17,3250.15,3275.33,3239.8,3263.12,35754179600
2019-04-18,3261.07,3271.39,3241.83,3250.2,32553994200
2019-04-19,3250.15,3274.33,3226.81,3270.8,31519800400
2019-04-22,3278.49,3279.49,3206.88,3215.04,35321738700
2019-04-23,3211.87,3231.58,3186.76,3198.59,32836120700
2019-04-24,3203.56,3210.65,3156.61,3201.61,27487216400
2019-04-25,3190.59,3193.75,3123.03,3123.83,32587912900
2019-04-26,3108.16,3129.21,3085.8,3086.4,28087385400
2019-04-29,3090.63,3107.76,3050.03,3062.5,29211488600
2019-04-30,3052.62,3088.41,3052.62,3078.34,22230251700
2019-05-06,2984.73,2986.54,2876.47,2906.46,32697226900
2019-05-07,2914.29,2937.28,2889.07,2926.39,25328176900
2019-05-08,2873.14,2929.43,2866.7,2893.76,23153051900
2019-05-09,2871.2,2888.86,2845.04,2850.95,20004113300
2019-05-10,2878.23,2941.45,2838.38,2939.21,28230680800
2019-05-13,2905.07,2921.41,2892.17,2903.71,21202988200
2019-05-14,2872.83,2909.2,2872.83,2883.61,20834535300
2019-05-15,2902.64,2945.39,2902.64,2938.68,23051970100
2019-05-16,2933.5,2956.17,2929.06,2955.71,24838570100
2019-05-17,2955.77,2956.78,2873.8,2882.3,26630164300
2019-05-20,2874.8,2882.63,2838.45,2870.6,20947244200
2019-05-21,2867.71,2919.24,2862.5,2905.97,21138702200
2019-05-22,2905.52,2912.4,2879.64,2891.7,20002690500
2019-05-23,2880.84,2885.14,2846.96,2852.52,19734030900
2019-05-24,2847.84,2871.86,2846.02,2852.99,16720549000
2019-05-27,2851.28,2898.13,2833.04,2892.38,19672090200
2019-05-28,2890.27,2924.04,2887.08,2909.91,22331055700
2019-05-29,2894.83,2934.98,2890.66,2914.7,19895882100
2019-05-30,2903.42,2907.85,2881.38,2905.81,20575878900
2019-05-31,2904.5,2922.91,2895.58,2898.7,19523058000
2019-06-03,2901.74,2920.83,2875.9,2890.08,21594355400
2019-06-04,2887.64,2888.39,2851.97,2862.28,18846354100
2019-06-05,2882.94,2888.77,2858.57,2861.42,18156104700
2019-06-06,2862.33,2862.33,2822.19,2827.8,17706441100
2019-06-10,2833.01,2861.13,2824.36,2852.13,16658591800
2019-06-11,2854.07,2927.43,2854.07,2925.72,26052579600
2019-06-12,2917.22,2924.7,2903.88,2909.38,24025577500
2019-06-13,2905.29,2918.42,2885.92,2910.74,21295779100
2019-06-14,2913,2924.32,2879.66,2881.97,21543579600
2019-06-17,2880.42,2902.48,2877.39,2887.62,15396496000
2019-06-18,2891.09,2898.33,2874.31,2890.16,14770532000
2019-06-19,2944.12,2953.34,2916.21,2917.8,23075697300
2019-06-20,2917.33,2997.39,2915.09,2987.12,29101153700
2019-06-21,2990.37,3010.35,2989.25,3001.98,28697383500
2019-06-24,3004.29,3012.83,2994.42,3008.15,21049389400
2019-06-25,3004.91,3004.91,2948.99,2982.07,24369924400
2019-06-26,2964.62,2986.91,2958.46,2976.28,17444953300
2019-06-27,2982.61,3011.54,2981.05,2996.79,19539704900
2019-06-28,2992.242,2992.242,2961.222,2978.878,18143152300
2019-07-01,3024.62,3045.37,3014.69,3044.9,25084043300
2019-07-02,3042.58,3048.48,3033.78,3043.94,21452062400
2019-07-03,3031.83,3031.83,3006.32,3015.26,21229617300
2019-07-04,3015.68,3024.5,2991.91,3005.25,19441513300
2019-07-05,3004.74,3014.85,2990.92,3011.06,15675542900
2019-07-08,2997.81,2997.81,2918.72,2933.36,21154126800
2019-07-09,2928.82,2937.76,2912.81,2928.23,14511060400
2019-07-10,2935.19,2936.75,2908.16,2915.3,13548353800
2019-07-11,2928.06,2945.8,2907.89,2917.76,14369252200
2019-07-12,2915.34,2938.53,2905.81,2930.55,13779475900
2019-07-15,2921.55,2955,2886.7,2942.19,16764339700
2019-07-16,2938.64,2944.82,2931.29,2937.62,13181175100
2019-07-17,2933.02,2942.07,2924.46,2931.69,14963161600
2019-07-18,2921.74,2921.74,2901.18,2901.18,14988882800
2019-07-19,2909.68,2939.6,2909.68,2924.2,14946955300
2019-07-22,2925.79,2927.16,2879.69,2886.97,18067496000
2019-07-23,2886.9,2901.36,2883.05,2899.94,12931050800
2019-07-24,2907.93,2936.45,2907.79,2923.28,15524576200
2019-07-25,2923.19,2937.36,2916.15,2937.36,14568438500
2019-07-26,2928.06,2948.33,2924.45,2944.54,13934338800
2019-07-29,2943.92,2948.47,2932.98,2941.01,12799184600
2019-07-30,2946.26,2965.63,2946.26,2952.34,14831646200
2019-07-31,2944.4,2944.4,2926.49,2932.51,14105234800
2019-08-01,2920.85,2927.34,2901.75,2908.77,14238981300
2019-08-02,2861.33,2872.47,2851.44,2867.84,18488844300
2019-08-05,2854.58,2863.69,2821.5,2821.5,16741942300
2019-08-06,2776.99,2787.42,2733.92,2777.56,23581618500
2019-08-07,2789.02,2792.69,2768.68,2768.68,16012977000
2019-08-08,2784.18,2799.69,2782.24,2794.55,14953956400
2019-08-09,2805.59,2808.33,2770.48,2774.75,14824029300
2019-08-12,2781.98,2814.99,2776.62,2814.99,13156343300
2019-08-13,2798.05,2802.04,2790.61,2797.26,13091650500
2019-08-14,2824.49,2829.89,2807.72,2808.91,14401464100
2019-08-15,2762.34,2815.9,2756.83,2815.8,15277215200
2019-08-16,2817.57,2840.32,2811.8,2823.82,14858234400
2019-08-19,2835.52,2883.1,2829.85,2883.1,21454666800
2019-08-20,2879.08,2892.08,2875,2880,18967720600
2019-08-21,2875.47,2885.59,2872.56,2880.33,15901966500
2019-08-22,2887.66,2888.5,2867.55,2883.44,14920621500
2019-08-23,2885.15,2902.46,2878.74,2897.43,15915682600
2019-08-26,2851.02,2870.49,2849.24,2863.57,16989536300
2019-08-27,2879.52,2919.64,2879.41,2902.19,20814179400
2019-08-28,2901.63,2905.44,2887.01,2893.76,18309790300
2019-08-29,2896,2898.6,2878.59,2890.92,17861308200
2019-08-30,2907.38,2914.58,2874.1,2886.24,19395995100
2019-09-02,2886.94,2928.48,2883.68,2924.11,20278680700
2019-09-03,2925.94,2930.15,2915.2,2930.15,18900121600
2019-09-04,2927.75,2957.41,2925.88,2957.41,22549590700
2019-09-05,2972.66,3015.84,2972.66,2985.86,30543870600
2019-09-06,2996.62,2999.94,2981.6,2999.6,21682603500
2019-09-09,3023.78,3026.24,3005.69,3024.74,24337775200
2019-09-10,3027.41,3027.41,3005.38,3021.2,24001294700
2019-09-11,3029.93,3030.56,3004.22,3008.81,22983736200
2019-09-12,3016.63,3033.47,3005.19,3031.24,19696870100
2019-09-16,3041.92,3042.93,3020.05,3030.75,22187895900
2019-09-17,3023.71,3023.71,2970.57,2978.12,22333806100
2019-09-18,2984.08,2996.4,2982.4,2985.66,16804669900
2019-09-19,2992.92,2999.28,2975.4,2999.28,16269061500
2019-09-20,3004.81,3011.34,2996.19,3006.45,18214530200
2019-09-23,2998.4,2998.4,2960.83,2977.08,16813945000
2019-09-24,2979.48,3002.9,2973.88,2985.34,16605986200
2019-09-25,2977.67,2977.67,2955.43,2955.43,16854313500
2019-09-26,2964.48,2970.04,2928.26,2929.09,18893254100
2019-09-27,2929.49,2939.08,2920.93,2932.17,13290577700
2019-09-30,2927.916,2936.482,2905.189,2905.189,11664681100
2019-10-08,2905.76,2933.02,2905.76,2913.57,12553581200
2019-10-09,2902.08,2924.86,2891.54,2924.86,13042414400
2019-10-10,2923.71,2949.24,2918.23,2947.71,13423975200
2019-10-11,2954.82,2980.79,2943.01,2973.66,16120374600
2019-10-14,2993.96,3026.38,2989.81,3007.88,20861480200
2019-10-15,3005.66,3005.66,2986.3,2991.05,15537690400
2019-10-16,2992.61,3010.42,2975.92,2978.71,14988549600
2019-10-17,2979.99,2986.72,2969.57,2977.33,12252761400
2019-10-18,2982.34,2987.2,2933.24,2938.14,14999067800
2019-10-21,2933.9,2940.32,2917.69,2939.62,13247510700
2019-10-22,2945.6,2954.64,2934.39,2954.38,11748204800
2019-10-23,2952.97,2957.3,2934.63,2941.62,12381288100
2019-10-24,2944.01,2953.04,2927.06,2940.92,12654029000
2019-10-25,2940.47,2958.24,2920.52,2954.93,13686070600
2019-10-28,2958.69,2980.13,2956.96,2980.05,17373148100
2019-10-29,2979.04,2979.04,2954.18,2954.18,16611005800
2019-10-30,2949.46,2953.3,2934.83,2939.32,15879811000
2019-10-31,2944.842,2946.752,2923.516,2929.056,16157148300
2019-11-01,2924.34,2959.83,2917.15,2958.2,15990737300
2019-11-04,2964.58,2983.06,2964.58,2975.49,16724836400
2019-11-05,2977.7,3008.31,2968.03,2991.56,17989159300
2019-11-06,2992.04,2995.56,2969.72,2978.6,16526354700
2019-11-07,2978.15,2988.96,2969.12,2978.71,13695267800
2019-11-08,2993.98,2998.76,2962.84,2964.18,14974210700
2019-11-11,2949.96,2949.96,2907.01,2909.97,16281522000
2019-11-12,2913,2918.3,2891.51,2914.82,12972915400
2019-11-13,2913.02,2913.86,2893.97,2905.24,12976584100
2019-11-14,2907.74,2917.37,2899.62,2909.87,12914544800
2019-11-15,2911.35,2917.71,2891.2,2891.34,13739341000
2019-11-18,2889.55,2911.38,2884.09,2909.2,12443317700
2019-11-19,2904.28,2933.99,2902.97,2933.99,13652740500
2019-11-20,2928.11,2930.49,2907.42,2911.05,13735753000
2019-11-21,2902.55,2910.36,2891.53,2903.64,12345860700
2019-11-22,2906.24,2925.02,2873.99,2885.29,16089503800
2019-11-25,2885.61,2906.61,2880.65,2906.17,17858742900
2019-11-26,2912.52,2915.04,2897.93,2907.06,17000466300
2019-11-27,2905.4,2914.49,2893.42,2903.19,13386220500
2019-11-28,2902.36,2909.84,2883.43,2889.69,11952246800
2019-11-29,2885.974,2892.388,2858.58,2871.981,12261296800
2019-12-02,2874.45,2888.89,2870.24,2875.81,12875580600
2019-12-03,2869.88,2884.86,2857.32,2884.7,12377874200
2019-12-04,2876.91,2882.46,2869.96,2878.12,12734348600
2019-12-05,2886.52,2902,2885.08,2899.47,14316309600
2019-12-06,2902.28,2912.01,2894.75,2912.01,13412887800
2019-12-09,2914.46,2919.59,2905.25,2914.48,16079652700
2019-12-10,2908.94,2919.2,2902.79,2917.32,17012399800
2019-12-11,2922.6,2928.26,2915,2924.42,16554108700
2019-12-12,2926.34,2926.34,2913.48,2915.7,15176080400
2019-12-13,2937.78,2969.98,2935.85,2967.68,21197858500
2019-12-16,2970.97,2984.64,2958.71,2984.39,21186211900
2019-12-17,2985.26,3039.38,2982.5,3022.42,29303225400
2019-12-18,3021.47,3033.23,3011.72,3017.04,24408969100
2019-12-19,3017.15,3021.42,3007.99,3017.07,20862426400
2019-12-20,3019.64,3027.48,3002.26,3004.94,21507575500
2019-12-23,2999.04,3009.34,2960.44,2962.75,20571661700
2019-12-24,2965.83,2983.82,2960.68,2982.68,16303025000
2019-12-25,2980.43,2988.29,2970.66,2981.88,17565402800
2019-12-26,2981.25,3007.35,2980.4,3007.35,18244042600
2019-12-27,3006.85,3036.11,3003.63,3005.04,24710277900
2019-12-30,2998.17,3041.4,2983.34,3040.02,24806653000
2019-12-31,3036.385,3051.677,3030.512,3050.124,21742902200
2020-01-02,3066.34,3098.1,3066.34,3085.2,29247020800
2020-01-03,3089.02,3093.82,3074.52,3083.79,26149666700
2020-01-06,3070.91,3107.2,3065.31,3083.41,31695993300
2020-01-07,3085.49,3105.33,3084.51,3104.8,27975038600
2020-01-08,3094.24,3094.24,3059.13,3066.89,29787255300
2020-01-09,3082.64,3097.33,3080.13,3094.88,24343564900
2020-01-10,3102.29,3105.22,3081.4,3092.29,21044246200
2020-01-13,3091.49,3115.57,3075.38,3115.57,21062100400
2020-01-14,3120.67,3127.17,3105.6,3106.82,22997376900
2020-01-15,3103.17,3107.94,3082.04,3090.04,20231302300
2020-01-16,3095.73,3096.37,3070.88,3074.08,20337547500
2020-01-17,3081.46,3091.95,3067.25,3075.5,19030429900
2020-01-20,3082.113,3096.268,3070.48,3095.787,21339039800
2020-01-21,3085.79,3085.79,3051.23,3052.14,23483073900
2020-01-22,3038.486,3069.252,3006.267,3060.754,22385286500
2020-01-23,3037.952,3045.04,2955.346,2976.528,27276323400
2020-02-03,2716.7,2766.58,2716.7,2746.61,22965657500
2020-02-04,2685.269,2786.164,2685.269,2783.287,36404620000
2020-02-05,2792.371,2842.742,2778.864,2818.087,30976182300
2020-02-06,2826.885,2876.587,2807.609,2866.509,31639214200
2020-02-07,2858.93,2875.96,2839.24,2875.96,31678155000
2020-02-10,2860.5,2891.85,2851.05,2890.49,29492978400
2020-02-11,2894.54,2913.66,2882.28,2901.67,27588251300
2020-02-12,2895.556,2926.899,2892.424,2926.899,24873342900
2020-02-13,2927.144,2934.935,2901.585,2906.073,28141805700
2020-02-14,2899.865,2926.942,2899.573,2917.007,25065062700
2020-02-17,2924.99,2983.64,2924.99,2983.62,31319800700
2020-02-18,2981.41,2990.6,2960.78,2984.97,31166591300
2020-02-19,2979.522,2998.271,2971.821,2975.401,31514115100
2020-02-20,2981.88,3031.37,2968.45,3030.15,34573288100
2020-02-21,3022.245,3058.898,3020.141,3039.669,37159919200
2020-02-24,3027.89,3042.18,3007.36,3031.23,37043004400
2020-02-25,2982.069,3016.945,2943.716,3013.05,44162276200
2020-02-26,2978.419,3028.778,2974.942,2987.928,46904955200
2020-02-27,2992.491,3009.457,2980.477,2991.328,35651749100
2020-02-28,2924.64,2948.126,2878.544,2880.303,40121691400
2020-03-02,2899.31,2982.506,2899.31,2970.931,36733336900
2020-03-03,3006.888,3026.842,2976.685,2992.896,41845777300
2020-03-04,2981.806,3012.003,2974.358,3011.665,35333827800
2020-03-05,3036.154,3074.167,3023.189,3071.677,45095717400
2020-03-06,3039.939,3052.443,3029.463,3034.511,36206153300
2020-03-09,2987.18,2989.205,2940.713,2943.29,41456073600
2020-03-10,2918.934,3000.296,2904.798,2996.761,39329664800
2020-03-11,3001.761,3010.028,2968.517,2968.517,35841399700
2020-03-12,2936.016,2944.465,2906.283,2923.485,30777845700
2020-03-13,2804.232,2910.816,2800.679,2887.426,38154411600
2020-03-16,2897.3,2898.034,2784.661,2789.253,35187866500
2020-03-17,2796.284,2826.906,2715.221,2779.64,30614967700
2020-03-18,2792.322,2815.873,2728.756,2728.756,29115985200
2020-03-19,2719.406,2736.82,2646.804,2702.129,30230274700
2020-03-20,2727.018,2751.896,2702.493,2745.618,25201950700
2020-03-23,2677.591,2703.329,2656.5,2660.167,24982025000
2020-03-24,2703.019,2723.406,2667.133,2722.438,25702193000
2020-03-25,2775.303,2788.572,2757.954,2781.591,27807736700
2020-03-26,2761.896,2788.503,2753.428,2764.91,23408402200
2020-03-27,2792.984,2805.547,2771.757,2772.203,24448976700
2020-03-30,2739.719,2759.098,2723.302,2747.213,24296591500
2020-03-31,2767.307,2771.168,2743.115,2750.296,21859867400
2020-04-01,2743.54,2773.364,2731.079,2734.521,21725342700
2020-04-02,2720.228,2780.637,2719.904,2780.637,21786460000
2020-04-03,2773.576,2780.586,2754.073,2763.987,20083740400
2020-04-07,2806.967,2823.276,2801.838,2820.763,27019818600
2020-04-08,2805.916,2823.213,2800.296,2815.368,24351530500
2020-04-09,2825.839,2832.395,2820.432,2825.903,23818484300
2020-04-10,2827.187,2833.014,2789.975,2796.631,23345476800
2020-04-13,2784.597,2792.89,2774.08,2783.047,17712455400
2020-04-14,2794.801,2827.298,2789.634,2827.283,20530445600
2020-04-15,2826.661,2829.455,2808.703,2811.174,20833793800
2020-04-16,2798.429,2823.338,2796.838,2819.935,20300377300
2020-04-17,2835.558,2854.959,2830.021,2838.494,24573675000
2020-04-20,2840.408,2852.99,2833.261,2852.552,21184707800
2020-04-21,2842.237,2842.237,2808.021,2827.013,23323587000
2020-04-22,2814.066,2843.98,2808.481,2843.98,21732000000
2020-04-23,2850.51,2853.635,2835.896,2838.499,24877903700
2020-04-24,2834.938,2834.938,2802.498,2808.529,23518507600
2020-04-27,2812.242,2832.666,2802.957,2815.494,21013098100
2020-04-28,2819.991,2821.745,2758.245,2810.024,25387274500
2020-04-29,2801.383,2831.764,2800.737,2822.442,20206180700
2020-04-30,2832.384,2865.59,2832.384,2860.082,24245527800
2020-05-06,2831.632,2879.263,2830.653,2878.14,24982661600
2020-05-07,2876.472,2882.022,2864.581,2871.523,22673695700
2020-05-08,2882.707,2903.796,2879.203,2895.344,22682207500
2020-05-11,2901.573,2914.283,2884.38,2894.802,22512041000
2020-05-12,2894.617,2897.901,2871.514,2891.556,19931118200
2020-05-13,2882.955,2899.898,2875.548,2898.049,18784771500
2020-05-14,2887.057,2887.057,2869.183,2870.342,19994185000
2020-05-15,2880.706,2884.219,2863.369,2868.458,18898359200
2020-05-18,2872.524,2889.979,2862.27,2875.417,22602288200
2020-05-19,2897.686,2900.218,2887.576,2898.576,19722240500
2020-05-20,2896.465,2896.465,2876.176,2883.737,21051998500
2020-05-21,2890.721,2891.517,2864.207,2867.923,20353203800
2020-05-22,2863.046,2863.046,2808.017,2813.765,20906371200
2020-05-25,2816.241,2821.31,2803.258,2817.969,17568646300
2020-05-26,2827.896,2848.337,2825.901,2846.547,17456236900
2020-05-27,2847.319,2848.996,2831.928,2836.803,19814934300
2020-05-28,2838.207,2861.924,2820.145,2846.221,20754601900
2020-05-29,2835.584,2855.375,2829.627,2852.351,20679280400
2020-06-01,2871.964,2917.15,2871.964,2915.431,26019605000
2020-06-02,2916.316,2926.358,2909.127,2921.398,25610804900
2020-06-03,2930.39,2942.759,2922.661,2923.371,25566398000
2020-06-04,2931.837,2932.967,2910.751,2919.25,22660587300
2020-06-05,2923.189,2930.799,2909.118,2930.799,21736067300
2020-06-08,2941.981,2950.065,2934.21,2937.771,23112436000
2020-06-09,2939.535,2957.118,2932.938,2956.111,20904858500
2020-06-10,2951.278,2951.329,2934.842,2943.752,20792596900
2020-06-11,2939.791,2952.651,2912.193,2920.896,23372294700
2020-06-12,2876.802,2930.255,2872.616,2919.74,23600864200
2020-06-15,2908.276,2922.536,2890.03,2890.03,24320504600
2020-06-16,2912.825,2931.779,2909.134,2931.749,22331306500
2020-06-17,2932.67,2936.616,2919.035,2935.873,23465439100
2020-06-18,2929.879,2942.898,2920.105,2939.315,25869137700
2020-06-19,2938.788,2973.316,2935.823,2967.634,26431396100
2020-06-22,2966.9,2983.438,2959.035,2965.271,26788383400
2020-06-23,2960.887,2972.402,2949.846,2970.62,22521220800
2020-06-24,2972.982,2982.942,2971.223,2979.55,21320073200
2020-06-29,2973.075,2977.912,2951.77,2961.516,22062272900
2020-06-30,2965.105,2990.825,2965.105,2984.674,21495721400
2020-07-01,2991.181,3026.186,2984.984,3025.981,27331314000
2020-07-02,3023.718,3092.443,3021.673,3090.569,39112799600
2020-07-03,3103.995,3152.812,3103.995,3152.812,45879385100
2020-07-06,3187.839,3337.272,3187.839,3332.88,64387890600
2020-07-07,3380.953,3407.081,3336.241,3345.336,65784015900
2020-07-08,3337.551,3421.531,3327.706,3403.44,58708168500
2020-07-09,3403.483,3456.972,3393.637,3450.593,62000182300
2020-07-10,3418.934,3433.108,3372.506,3383.322,55612001100
2020-07-13,3379.386,3458.791,3369.037,3443.286,55800687500
2020-07-14,3435.023,3451.222,3366.082,3414.618,54321149200
2020-07-15,3422.077,3432.45,3345.748,3361.304,49203054200
2020-07-16,3356.359,3373.531,3209.727,3210.098,49061312300
2020-07-17,3214.402,3252.778,3181.274,3214.128,35965241300
2020-07-20,3243.91,3314.149,3220.684,3314.149,41855530600
2020-07-21,3330.546,3336.679,3300.571,3320.894,35925202900
2020-07-22,3315.181,3381.975,3311.786,3333.163,39333533500
2020-07-23,3306.148,3336.3,3257.826,3325.11,40704249900
2020-07-24,3310.644,3319.126,3184.964,3196.768,42705402600
2020-07-27,3210.386,3221.984,3174.658,3205.226,29931902100
2020-07-28,3226.132,3245.296,3208.493,3227.96,28937786100
2020-07-29,3221.988,3294.552,3209.99,3294.552,32492406200
2020-07-30,3299.571,3312.45,3282.161,3286.822,34070412100
2020-07-31,3280.795,3333.785,3261.613,3310.006,35375897900
2020-08-03,3332.182,3368.102,3327.677,3367.965,40746086700
2020-08-04,3376.44,3391.074,3352.501,3371.687,44232855100
2020-08-05,3363.332,3383.636,3333.877,3377.564,38582302700
2020-08-06,3380.762,3392.704,3334.334,3386.463,41530251000
2020-08-07,3370.587,3374.133,3307.712,3354.035,40392963300
2020-08-10,3341.527,3399.932,3335.042,3379.252,38137963000
2020-08-11,3379.487,3409.058,3336.094,3340.29,40045270600
2020-08-12,3327.492,3335.729,3263.265,3319.265,37832895900
2020-08-13,3328.175,3338.151,3309.462,3320.726,32429127800
2020-08-14,3315.668,3362.026,3302.735,3360.098,30599837600
2020-08-17,3373.901,3450.898,3369.374,3438.801,43459826000
2020-08-18,3441.933,3456.72,3432.64,3451.089,38072927500
2020-08-19,3444.564,3454.461,3406.164,3408.128,40572221400
2020-08-20,3385.964,3394.557,3352.776,3363.898,33560098200
2020-08-21,3380.226,3393.917,3358,3380.682,28748834000
2020-08-24,3391.113,3396.566,3368.025,3385.638,26622784100
2020-08-25,3392.879,3408.869,3364.16,3373.578,27711342100
2020-08-26,3371.808,3382.603,3320.135,3329.738,29445103600
2020-08-27,3333.49,3351.832,3312.985,3350.112,23709935300
2020-08-28,3346.289,3405.876,3339.649,3403.806,27132554900
2020-08-31,3416.549,3442.736,3395.467,3395.677,32347389000
2020-09-01,3389.742,3410.606,3381.71,3410.606,24699924900
2020-09-02,3420.469,3421.395,3377.211,3404.801,26154631900
2020-09-03,3404.031,3425.629,3374.263,3384.98,25534627900
2020-09-04,3336.407,3360.106,3328.551,3355.366,22163655000
2020-09-07,3349.918,3368.244,3285.632,3292.59,26061656700
2020-09-08,3301.217,3324.392,3276.443,3316.417,27106627800
2020-09-09,3280.997,3289.614,3238.56,3254.627,35150974700
2020-09-10,3282.232,3285.473,3227.643,3234.823,31247280400
2020-09-11,3225.783,3262.497,3220.536,3260.346,22169883000
2020-09-14,3275.918,3283.532,3261.147,3278.813,21392413700
2020-09-15,3277.128,3297.69,3263.752,3295.679,19768440000
2020-09-16,3293.167,3302.455,3271.075,3283.924,20044336400
2020-09-17,3277.323,3290.409,3248.499,3270.435,20293197200
2020-09-18,3270.911,3338.324,3268.526,3338.089,25626078800
2020-09-21,3348.898,3350.589,3313.071,3316.935,21650309300
2020-09-22,3290.665,3320.227,3265.702,3274.301,21401506500
2020-09-23,3278.835,3289.762,3264.89,3279.71,16917806800
2020-09-24,3262.879,3265.345,3221.236,3223.176,20673601100
2020-09-25,3234.373,3239.466,3208.034,3219.417,16482241900
2020-09-28,3224.976,3238.182,3210.892,3217.534,15598278300
2020-09-29,3231.855,3242.793,3219.79,3224.359,15134987000
2020-09-30,3232.71,3244.913,3202.343,3218.052,15350445700
2020-10-09,3262.61,3280.512,3260.187,3272.076,18832564800
2020-10-12,3287.328,3359.152,3286.111,3358.465,25962240800
2020-10-13,3353.121,3361.831,3334.498,3359.749,20492610300
2020-10-14,3353.624,3353.624,3332.963,3340.778,19865938200
2020-10-15,3342.922,3354.578,3330.001,3332.183,19103128200
2020-10-16,3334.456,3348.954,3319.11,3336.358,19429542100
2020-10-19,3351.096,3371.086,3307.84,3312.667,21230354000
2020-10-20,3307.149,3328.102,3293.766,3328.102,16508476200
2020-10-21,3332.147,3332.147,3304.169,3325.024,17763211500
2020-10-22,3315.82,3320.878,3281.366,3312.5,16594998700
2020-10-23,3308.158,3326.048,3276.619,3277.997,17420898200
2020-10-26,3258.702,3264.446,3226.601,3251.118,16773179500
2020-10-27,3240.739,3258.336,3235.544,3254.315,14911556600
2020-10-28,3256.222,3275.871,3238.382,3269.238,17318196500
2020-10-29,3235.764,3289.765,3231.124,3272.727,18470358900
2020-10-30,3278.631,3279.856,3219.421,3224.532,23018880300
2020-11-02,3228.715,3242.804,3209.909,3225.119,22677913700
2020-11-03,3239.806,3278.38,3237.853,3271.074,21529786400
2020-11-04,3273.432,3286.621,3254.111,3277.44,18851412800
2020-11-05,3305.579,3320.408,3291.6,3320.133,22680146200
2020-11-06,3326.464,3326.464,3292.15,3312.159,23486413200
2020-11-09,3329.428,3380.823,3329.428,3373.733,31021977100
2020-11-10,3387.621,3387.621,3346.171,3360.148,27870111300
2020-11-11,3354.024,3365.836,3339.04,3342.202,27120465300
2020-11-12,3344.456,3350.284,3329.485,3338.678,21650130900
2020-11-13,3327.229,3327.229,3291.642,3310.104,22789836400
2020-11-16,3325.62,3346.969,3313.646,3346.969,27959376100
2020-11-17,3347.151,3347.697,3323.95,3339.895,28363247900
2020-11-18,3337.331,3358.893,3333.991,3347.303,28753125900
2020-11-19,3339.086,3367.332,3330.449,3363.087,25326299200
2020-11-20,3359.596,3380.148,3356.308,3377.726,26127121900
2020-11-23,3384.103,3431.652,3377.986,3414.489,37387204700
2020-11-24,3407.408,3413.926,3396.243,3402.822,30099414400
2020-11-25,3417.515,3423.485,3362.327,3362.327,32211020700
2020-11-26,3360.06,3371.453,3344.282,3369.733,25588682200
2020-11-27,3373.843,3408.307,3364.491,3408.307,28064989400
2020-11-30,3418.158,3456.736,3391.755,3391.755,38498996800
2020-12-01,3388.986,3457.635,3386.911,3451.938,31618898000
2020-12-02,3453.518,3465.728,3435.871,3449.38,31281111400
2020-12-03,3448.54,3452.161,3428.804,3442.135,29845993000
2020-12-04,3436.729,3448.403,3417.048,3444.581,25627670500
2020-12-07,3446.647,3449.578,3414.314,3416.603,25452250800
2020-12-08,3417.693,3428.661,3403.026,3410.177,22690732800
2020-12-09,3416.078,3422.536,3371.915,3371.964,26074742400
2020-12-10,3365.731,3384.887,3357.753,3373.275,24730830400
2020-12-11,3381.008,3383.178,3325.172,3347.191,29861715800
2020-12-14,3349.534,3371.129,3338.626,3369.12,23980792600
2020-12-15,3366.581,3373.557,3348.419,3367.232,22566740200
2020-12-16,3371.263,3378.662,3359.17,3366.983,22081397600
2020-12-17,3367.277,3406.154,3354.011,3404.873,27546363100
2020-12-18,3400.485,3413.813,3382.75,3394.896,28099264100
2020-12-21,3394.394,3423.608,3381.115,3420.569,28375979400
2020-12-22,3410.967,3415.753,3353.858,3356.782,32303765400
2020-12-23,3362.472,3394.208,3360.201,3382.319,29952352700
2020-12-24,3382.193,3394.074,3354.021,3363.113,27504445000
2020-12-25,3351.79,3397.006,3348.345,3396.562,29454689500
2020-12-28,3396.359,3412.519,3383.654,3397.285,31618154200
2020-12-29,3399.293,3407.088,3376.087,3379.036,31176918500
2020-12-30,3375.008,3414.453,3374.415,3414.452,29102354300
2020-12-31,3419.726,3474.918,3419.726,3473.069,33567392600
2021-01-04,3474.679,3511.655,3457.206,3502.958,38079080000
2021-01-05,3492.191,3528.676,3484.715,3528.676,40799593400
2021-01-06,3530.907,3556.802,3513.126,3550.876,37023092600
2021-01-07,3552.908,3576.204,3526.617,3576.204,40534822600
2021-01-08,3577.692,3588.062,3544.891,3570.108,34555789600
2021-01-11,3571.321,3597.702,3516.986,3531.497,36247915400
2021-01-12,3518.01,3608.338,3517.468,3608.338,32340615300
2021-01-13,3613.281,3622.347,3575.594,3598.651,38812779100
2021-01-14,3584.932,3599.058,3559.6,3565.904,34766681900
2021-01-15,3566.284,3589.265,3533.788,3566.377,32461274400
2021-01-18,3554.797,3608.766,3544.261,3596.223,30165256500
2021-01-19,3596.356,3603.147,3553.023,3566.381,32343954100
2021-01-20,3564.121,3589.962,3556.442,3583.092,27227166100
2021-01-21,3590.924,3636.244,3585.801,3621.264,32746699500
2021-01-22,3616.54,3616.54,3585.033,3606.749,32446308400
2021-01-25,3605.361,3637.1,3591.02,3624.238,32734107000
2021-01-26,3610.968,3610.968,3564.741,3569.429,27813988400
2021-01-27,3567.548,3578.796,3546.492,3573.341,26410716100
2021-01-28,3534.668,3549.544,3496.878,3505.175,27086246100
2021-01-29,3521.717,3531.598,3446.547,3483.069,29366266400
2021-02-01,3477.171,3506.388,3469.875,3505.283,27756790100
2021-02-02,3510.808,3535.502,3495.568,3533.684,26454063000
2021-02-03,3531.149,3544.009,3508.506,3517.308,29735171600
2021-02-04,3503.778,3524.721,3465.77,3501.859,29883485400
2021-02-05,3509.487,3536.541,3492.962,3496.332,29014617400
2021-02-08,3504.563,3542.207,3492.128,3532.446,24979961900
2021-02-09,3539.772,3604.011,3528.675,3603.489,25382176000
2021-02-10,3612.612,3662.765,3612.504,3655.088,25794082400
2021-02-18,3721.086,3731.687,3663.663,3675.357,34030906500
2021-02-19,3661.783,3699.65,3634.014,3696.168,36105980400
2021-02-22,3707.191,3717.266,3642.444,3642.444,48882147800
2021-02-23,3617.701,3672.151,3617.701,3636.357,39887317400
2021-02-24,3638.935,3645.647,3531.593,3564.079,36215895200
2021-02-25,3595.542,3608.556,3568.473,3585.045,36623229900
2021-02-26,3514.564,3550.405,3500.703,3509.08,33328006700
2021-03-01,3531.48,3552.566,3511.988,3551.399,31548752600
2021-03-02,3566.852,3566.852,3485.363,3508.591,33983048600
2021-03-03,3500.157,3577.621,3498.719,3576.904,34765684600
2021-03-04,3546.64,3552.202,3487.375,3503.491,39361612000
2021-03-05,3463.308,3523.568,3456.666,3501.986,35640922300
2021-03-08,3524.983,3542.303,3421.215,3421.414,38704795400
2021-03-09,3415.339,3429.15,3328.311,3359.292,40765253900
2021-03-10,3389.838,3397.025,3354.823,3357.737,29974916600
2021-03-11,3369.902,3436.831,3369.902,3436.831,32211204400
2021-03-12,3447.203,3454.506,3417.238,3453.077,35802703500
2021-03-15,3441.882,3457.489,3392.508,3419.945,36781329300
2021-03-16,3424.652,3448.882,3406.174,3446.733,31666874700
2021-03-17,3435.731,3454.056,3410.281,3445.55,28005981800
2021-03-18,3449.641,3478.144,3449.377,3463.068,28440389100
2021-03-19,3423.873,3439.523,3389.292,3404.663,30916171600
2021-03-22,3406.122,3443.659,3404.234,3443.439,31255908400
2021-03-23,3445.34,3445.415,3390.047,3411.508,32638940900
2021-03-24,3394.128,3415.294,3362.184,3367.06,31739869700
2021-03-25,3355.07,3382.226,3344.969,3363.591,27067609700
2021-03-26,3373.317,3423.223,3373.317,3418.326,27461498700
2021-03-29,3429.632,3449.833,3409.886,3435.295,28482424300
2021-03-30,3432.528,3457.634,3423.315,3456.676,28542308100
2021-03-31,3452.207,3452.207,3420.832,3441.911,28304926100
2021-04-01,3444.81,3470.031,3438.825,3466.331,27524429500
2021-04-02,3472.627,3487.586,3462.832,3484.392,26265487300
2021-04-06,3491.633,3493.28,3471.761,3482.967,23474667100
2021-04-07,3483.421,3483.421,3453.194,3479.625,29578697800
2021-04-08,3467.487,3495.908,3459.324,3482.554,33175532900
2021-04-09,3475.443,3475.446,3442.139,3450.677,28008519600
2021-04-12,3445.969,3456.158,3403.901,3412.947,30957723900
2021-04-13,3411.292,3425.394,3387.902,3396.47,27062605400
2021-04-14,3397.021,3420.027,3392.975,3416.721,23324232700
2021-04-15,3409.613,3409.613,3373.093,3398.987,23400505400
2021-04-16,3407.188,3432.628,3394.134,3426.617,25857967200
2021-04-19,3427.548,3479.009,3414.356,3477.548,30273581900
2021-04-20,3467.148,3494.298,3463.463,3472.942,28530008200
2021-04-21,3456.299,3481.251,3450.111,3472.929,25377785900
2021-04-22,3482.832,3485.358,3456.315,3465.113,25111451000
2021-04-23,3462.085,3482.358,3456.332,3474.166,24936043300
2021-04-26,3484.107,3497.12,3438.572,3441.165,27697077100
2021-04-27,3440.091,3443.853,3417.264,3442.611,25303239300
2021-04-28,3432.161,3457.068,3423.325,3457.068,24738112000
2021-04-29,3458.081,3478.227,3447.587,3474.901,27663138700
2021-04-30,3468.302,3469.087,3426.902,3446.856,31266035400
2021-05-06,3446.074,3471.239,3426.848,3441.282,31042419200
2021-05-07,3446.407,3457.892,3416.775,3418.874,35378538900
2021-05-10,3423.589,3429.735,3401.934,3427.99,37417088400
2021-05-11,3406.598,3448.095,3384.696,3441.845,35093411200
2021-05-12,3429.754,3466.37,3428.394,3462.751,31144454700
2021-05-13,3432.138,3448.016,3418.384,3429.536,31932532700
2021-05-14,3436.091,3490.643,3422.564,3490.376,33698230900
2021-05-17,3490.409,3530.505,3490.143,3517.615,32213596900
2021-05-18,3520.648,3529.014,3510.862,3529.014,27130855800
2021-05-19,3521.109,3521.109,3503.815,3510.964,27832111700
2021-05-20,3500.877,3517.739,3486.066,3506.944,32600933300
2021-05-21,3510.835,3518.376,3479.674,3486.556,28382628500
2021-05-24,3486.271,3498.303,3469.874,3497.282,28950924200
2021-05-25,3502.539,3584.577,3502.442,3581.341,34124112700
2021-05-26,3586.838,3603.488,3585.369,3593.357,34198028800
2021-05-27,3585.733,3626.358,3579.26,3608.85,30955148600
2021-05-28,3610.766,3622.18,3582.358,3600.784,34920883000
2021-05-31,3600.07,3615.656,3580.652,3615.477,33152377000
2021-06-01,3608.597,3626.073,3581.911,3624.713,35281141300
2021-06-02,3626.328,3629.289,3584.595,3597.137,34855842000
2021-06-03,3595.421,3618.506,3584.205,3584.212,35423303100
2021-06-04,3565.471,3618.8,3561.89,3591.844,33089303800
2021-06-07,3597.141,3600.375,3581.898,3599.541,30371867700
2021-06-08,3598.752,3621.522,3563.25,3580.106,30449147000
2021-06-09,3576.801,3598.708,3572.636,3591.396,29832329600
2021-06-10,3587.528,3624.343,3584.133,3610.859,31817480800
2021-06-11,3614.113,3614.403,3587.149,3589.748,36055497000
2021-06-15,3587.465,3592.946,3547.187,3556.559,34916856600
2021-06-16,3556.713,3561.092,3513.559,3518.329,31259730600
2021-06-17,3508.317,3534.197,3507.353,3525.604,27722991800
2021-06-18,3520.496,3535.622,3503.183,3525.096,29670858500
2021-06-21,3515.5,3540.295,3504.007,3529.182,28089827700
2021-06-22,3539.787,3560.194,3536.812,3557.412,30753639900
2021-06-23,3559.398,3577.466,3549.848,3566.219,31070951800
2021-06-24,3568.575,3570.487,3548.816,3566.653,33544075400
2021-06-25,3567.377,3614.298,3564.519,3607.561,34608783200
2021-06-28,3612.246,3614.357,3594.217,3606.372,32127497400
2021-06-29,3601.677,3601.826,3570.525,3573.177,30607117800
2021-06-30,3572.623,3594.118,3569.501,3591.197,26816281800
2021-07-01,3600.546,3607.704,3573.937,3588.781,29188319200
2021-07-02,3569.891,3569.891,3514.338,3518.759,29194554800
2021-07-05,3516.922,3534.322,3510.578,3534.322,28809483700
2021-07-06,3533.13,3538.347,3496.927,3530.258,31407021100
2021-07-07,3508.59,3557.879,3504.472,3553.715,31883918900
2021-07-08,3557.217,3558.677,3521.057,3525.503,35087785700
2021-07-09,3512.233,3529.309,3485.054,3524.088,34988431700
2021-07-12,3545.197,3565.032,3527.392,3547.836,40363955800
2021-07-13,3547.589,3567.481,3542.815,3566.522,36241671100
2021-07-14,3560.828,3560.828,3525.493,3528.501,37222172200
2021-07-15,3519.063,3565.934,3514.258,3564.59,36325916400
2021-07-16,3559.526,3565.999,3537.728,3539.303,36601477900
2021-07-19,3530.493,3544.879,3506.342,3539.122,33676094600
2021-07-20,3515.071,3538.636,3509.191,3536.79,29378059400
2021-07-21,3543.053,3569.089,3543.053,3562.661,33897874800
2021-07-22,3563.66,3576.473,3558.293,3574.734,38106705400
2021-07-23,3571.715,3571.854,3541.51,3550.396,44642124600
2021-07-26,3538.014,3538.014,3424.742,3467.44,44288220300
2021-07-27,3467.447,3483.873,3380.276,3381.183,46907544300
2021-07-28,3355.818,3385.536,3312.72,3361.589,39582541900
2021-07-29,3403.838,3416.607,3382.571,3411.724,34456942800
2021-07-30,3398.196,3404.881,3370.45,3397.357,38144095600
2021-08-02,3385.69,3464.291,3367.643,3464.285,43292787100
2021-08-03,3446.784,3470.657,3435.461,3447.991,40069808100
2021-08-04,3442.936,3477.597,3440.783,3477.218,34874421800
2021-08-05,3461.718,3486.157,3449.388,3466.549,34843692200
2021-08-06,3465.484,3466.39,3436.931,3458.227,33682440000
2021-08-09,3441.75,3502.841,3438.703,3494.634,34991009400
2021-08-10,3488.664,3529.93,3477.064,3529.93,34511299200
2021-08-11,3527.109,3544.094,3524.044,3532.621,38378355400
2021-08-12,3522.723,3538.396,3513.445,3524.737,38107459300
2021-08-13,3514.467,3540.079,3500.799,3516.298,37818728200
2021-08-16,3514.344,3537.85,3510.897,3517.344,39109972100
2021-08-17,3512.109,3531.724,3438.123,3446.976,42288580400
2021-08-18,3442.347,3487.436,3437.69,3485.285,38920375600
2021-08-19,3475.298,3480.459,3446.014,3465.554,38238303100
2021-08-20,3442.506,3453.153,3394.972,3427.333,39113691800
2021-08-23,3436.796,3481.254,3436.67,3477.132,38472744000
2021-08-24,3482.265,3522.697,3481.14,3514.471,43023646300
2021-08-25,3517.915,3540.394,3510.066,3540.383,45004701900
2021-08-26,3537.313,3537.315,3499.452,3501.664,50290314700
2021-08-27,3494.417,3530.192,3493.375,3522.156,45534590600
2021-08-30,3535.072,3539.494,3512.992,3528.151,51278571600
2021-08-31,3519.024,3543.94,3496.389,3543.94,52420505600
2021-09-01,3543.866,3582.323,3514.674,3567.1,66727630500
2021-09-02,3559.902,3597.365,3557.676,3597.042,57268403900
2021-09-03,3602.742,3613.948,3569.398,3581.734,61453235300
2021-09-06,3580.141,3626.286,3580.141,3621.859,52171327600
2021-09-07,3621.709,3681.925,3615.144,3676.586,54772187500
2021-09-08,3673.402,3695.32,3660.999,3675.186,58643619300
2021-09-09,3666.824,3693.449,3662.163,3693.129,60481033000
2021-09-10,3691.185,3722.873,3681.641,3703.11,63520043300
2021-09-13,3699.253,3716.831,3692.815,3715.372,55748401900
2021-09-14,3709.633,3723.845,3655.634,3662.601,56495238600
2021-09-15,3651.158,3677.526,3638.322,3656.223,47497000100
2021-09-16,3664.841,3677.919,3606.727,3607.092,54674147400
2021-09-17,3595.271,3620.957,3569.27,3613.966,51685021000
2021-09-22,3563.207,3629.453,3560.503,3628.489,47229605300
2021-09-23,3651.266,3670.954,3632.282,3642.22,53499548600
2021-09-24,3637.867,3651.429,3607.791,3613.067,50730477200
2021-09-27,3625.959,3640.807,3559.915,3582.83,51080279500
2021-09-28,3577.885,3610.917,3568.818,3602.218,44416880700
2021-09-29,3573.517,3573.517,3518.047,3536.294,45251115100
2021-09-30,3541.928,3572.425,3541.928,3568.166,39562962600
2021-10-08,3609.087,3612.553,3571.733,3592.166,40716114800
2021-10-11,3600.356,3614.698,3586.748,3591.708,39436115900
2021-10-12,3581.296,3583.639,3515.14,3546.936,40539374800
2021-10-13,3543.491,3569.133,3515.648,3561.762,32505066700
2021-10-14,3555.108,3569.686,3547.182,3558.279,29496919600
2021-10-15,3551.987,3578.766,3542.693,3572.366,32029298400
2021-10-18,3571.048,3571.048,3539.477,3568.137,34095061600
2021-10-19,3562.295,3596.787,3560.622,3593.153,33419765200
2021-10-20,3583.236,3596.049,3574.295,3587,34424500800
2021-10-21,3590.049,3610.96,3576.354,3594.783,35231086700
2021-10-22,3594.745,3607.577,3578.76,3582.603,35315720300
2021-10-25,3574.263,3611.09,3564.205,3609.862,32119681600
2021-10-26,3612.833,3625.015,3589.706,3597.637,33727829100
2021-10-27,3589.857,3589.857,3553.127,3562.305,35062094000
2021-10-28,3548.702,3552.041,3509.487,3518.416,37817166600
2021-10-29,3519.327,3547.336,3502.801,3547.336,35880937700
2021-11-01,3530.396,3556.59,3519.29,3544.479,38225132500
2021-11-02,3543.382,3559.047,3477.664,3505.628,41756317300
2021-11-03,3501.105,3512.608,3480.487,3498.536,30660766900
2021-11-04,3505.894,3527.951,3503.005,3526.865,31944082900
2021-11-05,3520.207,3525.872,3491.456,3491.567,35453356500
2021-11-08,3491.97,3507.274,3484.239,3498.63,29818372200
2021-11-09,3507.107,3514.951,3489.043,3507.001,28731598900
2021-11-10,3498.944,3498.944,3448.437,3492.461,30703070800
2021-11-11,3486.451,3534.199,3482.829,3532.785,32208795700
2021-11-12,3534.151,3543.648,3527.389,3539.1,30868335400
2021-11-15,3542.903,3550.443,3521.292,3533.302,31301761200
2021-11-16,3530.457,3549.765,3517.806,3521.786,31039990900
2021-11-17,3518.564,3537.512,3513.523,3537.366,27673567100
2021-11-18,3531.492,3537.975,3513.113,3520.71,31242692700
2021-11-19,3519.275,3561.912,3517.651,3560.373,31798997600
2021-11-22,3562.762,3585.187,3562.75,3582.079,33000938500
2021-11-23,3580.505,3598.374,3577.36,3589.089,36001159300
2021-11-24,3590.018,3602.735,3575.288,3592.702,33677524600
2021-11-25,3593.388,3597.147,3579.533,3584.178,30645151800
2021-11-26,3576.113,3576.113,3554.879,3564.089,30100006600
2021-11-29,3528.672,3563.677,3526.355,3562.696,33361833100
2021-11-30,3570.746,3582.115,3546.361,3563.887,34918793800
2021-12-01,3561.886,3576.885,3558.691,3576.885,32987351700
2021-12-02,3573.246,3586.867,3567.137,3573.835,35404152400
2021-12-03,3576.449,3608.469,3573.213,3607.432,37755104800
2021-12-06,3615.235,3626.125,3586.805,3589.306,41867674300
2021-12-07,3611.217,3614.222,3572.568,3595.088,40384259400
2021-12-08,3602.824,3637.715,3591.985,3637.567,36103665700
2021-12-09,3641.157,3688.396,3638.702,3673.041,43191815700
2021-12-10,3654.368,3667.854,3651.352,3666.347,41998880100
2021-12-13,3686.936,3708.942,3678.058,3681.082,42409200900
2021-12-14,3669.806,3671.678,3654.656,3661.525,36217193400
2021-12-15,3655.048,3668.401,3645.242,3647.63,37747766700
2021-12-16,3648.927,3675.016,3644.664,3675.016,38132950700
2021-12-17,3670.257,3673.653,3631.66,3632.363,40848783700
2021-12-20,3620.037,3643.953,3589.36,3593.601,42385141000
2021-12-21,3591.451,3627.088,3591.451,3625.125,40818434800
2021-12-22,3632.676,3635.899,3616.547,3622.617,39482517700
2021-12-23,3625.469,3643.545,3618.048,3643.339,38292573400
2021-12-24,3645.394,3648.955,3612.067,3618.053,39034762500
2021-12-27,3613.046,3632.188,3601.935,3615.974,32923529300
2021-12-28,3619.641,3631.076,3607.364,3630.111,31620224200
2021-12-29,3630.915,3630.915,3596.322,3597,30513176600
2021-12-30,3596.492,3628.917,3595.495,3619.188,30783929100
2021-12-31,3626.242,3642.843,3624.941,3639.775,32968193200
2022-01-04,3649.151,3651.892,3610.092,3632.328,40502776900
2022-01-05,3628.263,3628.263,3583.466,3595.176,42390202800
2022-01-06,3581.218,3594.489,3559.88,3586.079,37154054300
2022-01-07,3588.985,3607.231,3577.097,3579.542,43630696100
2022-01-10,3572.743,3593.518,3555.125,3593.518,35622261000
2022-01-11,3589.904,3602.145,3562.754,3567.44,35976186300
2022-01-12,3578.162,3599.499,3572.096,3597.432,34313295600
2022-01-13,3601.026,3601.072,3555.157,3555.258,36936836500
2022-01-14,3544.065,3548.42,3519.322,3521.255,37693702400
2022-01-17,3522.085,3546.085,3519.425,3541.666,31288673300
2022-01-18,3541.889,3579.312,3531.329,3569.914,37714643500
2022-01-19,3567.63,3578.734,3541.661,3558.179,33323526900
2022-01-20,3556.226,3576.259,3540.554,3555.062,37950984600
2022-01-21,3546.749,3547,3514.885,3522.567,32653488000
2022-01-24,3508.244,3531.608,3500.139,3524.105,28026834200
2022-01-25,3509.284,3519.833,3433.061,3433.061,32735381300
2022-01-26,3442.691,3462.123,3417.758,3455.667,27512282800
2022-01-27,3456.102,3456.363,3392.015,3394.247,28060653400
2022-01-28,3407.593,3417.045,3356.555,3361.439,29085525700
2022-02-07,3407.762,3434.025,3407.762,3429.58,32048521100
2022-02-08,3428.542,3453.186,3390.457,3452.628,36609386500
2022-02-09,3450.818,3484.739,3444.084,3479.945,35024993600
2022-02-10,3481.91,3488.855,3464.216,3485.907,35566626700
2022-02-11,3472.275,3500.147,3459.329,3462.947,36135609000
2022-02-14,3451.846,3457.264,3415.446,3428.882,31527444800
2022-02-15,3428.044,3447.491,3421.64,3446.088,27555932200
2022-02-16,3457.073,3475.057,3453.801,3465.83,27499391300
2022-02-17,3464.209,3480.971,3454.276,3468.035,29726268200
2022-02-18,3451.631,3490.757,3447.027,3490.757,29514996300
2022-02-21,3488.405,3492.199,3471.685,3490.612,30154174000
2022-02-22,3473.287,3473.393,3437.671,3457.146,32627948400
2022-02-23,3458.513,3490.763,3458.179,3489.146,32560489500
2022-02-24,3474.369,3486.977,3400.213,3429.956,48835490100
2022-02-25,3445.336,3480.175,3440.933,3451.406,37754255600
2022-02-28,3450.315,3462.306,3425.516,3462.306,34583838800
2022-03-01,3471.364,3491.131,3465.715,3488.834,32600166200
2022-03-02,3478.292,3486.62,3466.999,3484.191,32936768400
2022-03-03,3495.928,3500.287,3473.337,3481.112,41259428900
2022-03-04,3459.984,3474.881,3437.696,3447.649,39352658100
2022-03-07,3438.56,3438.56,3360.739,3372.855,39358899900
2022-03-08,3372.554,3383.632,3287.341,3293.53,41592676600
2022-03-09,3303.706,3321.481,3147.676,3256.388,46628556900
2022-03-10,3312.178,3326.582,3291.235,3296.092,37833637600
2022-03-11,3259.322,3315.66,3217.418,3309.746,38406712700
2022-03-14,3271.89,3297.797,3223.532,3223.532,33796868700
2022-03-15,3192.363,3196.916,3063.965,3063.965,46503716400
2022-03-16,3107.669,3177.788,3023.304,3170.71,44466718900
2022-03-17,3215.01,3260.167,3202.933,3215.044,42081345800
2022-03-18,3207.152,3260.782,3197.357,3251.072,37303561100
2022-03-21,3255.615,3267.498,3223.389,3253.685,35422848800
2022-03-22,3249.542,3279.112,3239.532,3259.861,36119615800
2022-03-23,3264.792,3279.886,3251.981,3271.032,34987537000
2022-03-24,3256.057,3266.886,3236.659,3250.264,32900665400
2022-03-25,3247.156,3257.106,3211.644,3212.239,34002000600
2022-03-28,3185.166,3230.215,3159.834,3214.502,34499487300
2022-03-29,3216.011,3229.176,3196.455,3203.939,31627364900
2022-03-30,3217.592,3266.595,3216.302,3266.595,36675367700
2022-03-31,3256.136,3272.04,3246.063,3252.202,39843993400
2022-04-01,3234.668,3287.228,3226.296,3282.716,37821046000
2022-04-06,3269.427,3288.108,3255.689,3283.426,42964277900
2022-04-07,3267.81,3290.256,3236.479,3236.695,40262666000
2022-04-08,3239.876,3257.093,3208.352,3251.85,41382679900
2022-04-11,3239.855,3239.855,3156.506,3167.125,42416018500
2022-04-12,3165.119,3214.535,3140.899,3213.329,41832192300
2022-04-13,3199.797,3225.467,3183.533,3186.824,39115692500
2022-04-14,3203.633,3240.001,3200.234,3225.641,37124234400
2022-04-15,3210.699,3229.865,3200.133,3211.244,40784208200
2022-04-18,3185.942,3204.027,3166.978,3195.524,34736512300
2022-04-19,3192.092,3207.827,3174.713,3194.028,33994410400
2022-04-20,3189.891,3191.831,3142.048,3151.049,36204703700
2022-04-21,3138.427,3160.899,3069.68,3079.807,39193469400
2022-04-22,3058.404,3105.655,3049.355,3086.919,34200056300
2022-04-25,3034.266,3043.815,2928.509,2928.511,43360610800
2022-04-26,2930.453,2957.68,2878.256,2886.425,40161515400
2022-04-27,2866.816,2959.178,2863.649,2958.282,42306019100
2022-04-28,2945.81,2991.51,2936.794,2975.484,37537177500
2022-04-29,2986.06,3048.494,2968.334,3047.062,42393279400
2022-05-05,3044.849,3082.229,3042.115,3067.758,38307287500
2022-05-06,3011.318,3030.692,2992.715,3001.56,34326421800
2022-05-09,2990.199,3015.942,2983.611,3004.14,29206155600
2022-05-10,2965.775,3043.778,2957.396,3035.844,37066098000
2022-05-11,3035.389,3100.899,3034.674,3058.702,42399191200
2022-05-12,3044.799,3072.157,3032.945,3054.994,34444047700
2022-05-13,3068.033,3086.095,3059.252,3084.284,33173785200
2022-05-16,3100.55,3102.577,3063.397,3073.748,33810849200
2022-05-17,3076.498,3093.696,3057.64,3093.696,33035653700
2022-05-18,3095.886,3105.841,3071.305,3085.976,31503792300
2022-05-19,3046.71,3096.964,3042.674,3096.964,33660074900
2022-05-20,3107.094,3146.567,3107.094,3146.567,37233663600
2022-05-23,3150.489,3150.509,3127.898,3146.857,35337632500
2022-05-24,3149.059,3153.129,3070.927,3070.927,41631215800
2022-05-25,3070.17,3107.627,3069.945,3107.464,34225922700
2022-05-26,3111.481,3133.276,3079.481,3123.107,37030551800
2022-05-27,3135.031,3151.047,3112.544,3130.239,35946386600
2022-05-30,3141.956,3150.892,3123.149,3149.06,34936228500
2022-05-31,3149.944,3188.602,3142.004,3186.427,37452326500
2022-06-01,3179.694,3190.609,3160.039,3182.156,36566443200
2022-06-02,3170.305,3197.281,3163.755,3195.458,36177063200
2022-06-06,3196.955,3237.071,3181.647,3236.371,42202783500
2022-06-07,3235.416,3253.093,3222.635,3241.763,40220322000
2022-06-08,3245.017,3266.629,3216.014,3263.793,43418327000
2022-06-09,3259.489,3270.557,3223.475,3238.954,42272837200
2022-06-10,3214.184,3286.619,3210.808,3284.834,43986573000
2022-06-13,3256.275,3272.99,3229.308,3255.551,43857831200
2022-06-14,3224.214,3289.134,3195.819,3288.906,45038818700
2022-06-15,3289.103,3358.545,3288.851,3305.406,55058413100
2022-06-16,3306.835,3319.689,3277.53,3285.384,43322086800
2022-06-17,3265.512,3323.279,3262.893,3316.785,39530070000
2022-06-20,3315.783,3333.902,3292.927,3315.43,41346041000
2022-06-21,3313.787,3329.39,3279.826,3306.718,39445689100
2022-06-22,3309.118,3311.02,3266.542,3267.201,37552978200
2022-06-23,3269.054,3320.148,3262.293,3320.148,40061421100
2022-06-24,3324.736,3356.714,3322.949,3349.747,39081973400
2022-06-27,3364.003,3393.309,3364.003,3379.185,41411773800
2022-06-28,3377.679,3412.101,3358.866,3409.21,41205651600
2022-06-29,3399.677,3414.646,3358.467,3361.517,44057355900
2022-06-30,3358.933,3417.008,3358.933,3398.616,38124317800
2022-07-01,3400.261,3404.052,3378.362,3387.637,35048929900
2022-07-04,3381.819,3405.618,3364.094,3405.426,35773791900
2022-07-05,3411.13,3424.84,3372.06,3404.03,39559388159
2022-07-06,3391.026,3391.026,3333.096,3355.349,38463004700
2022-07-07,3353.128,3375.859,3332.309,3364.398,33440020200
2022-07-08,3380.368,3386.314,3354.12,3356.077,32292107200
2022-07-11,3341.101,3341.101,3297.005,3313.584,34266919300
2022-07-12,3307.221,3319.251,3277.079,3281.466,33460053900
2022-07-13,3279.602,3297.018,3266.481,3284.291,33184566900
2022-07-14,3277.454,3299.251,3261.493,3281.744,35592643200
2022-07-15,3261.382,3288.919,3228.06,3228.06,38015637100
2022-07-18,3235.088,3278.471,3226.231,3278.103,34834602200
2022-07-19,3278.722,3283.929,3256.015,3279.431,31565191800
2022-07-20,3291.55,3308.347,3287.744,3304.724,30151512300
2022-07-21,3297.661,3300.534,3272.001,3272.001,33235870700
2022-07-22,3276.196,3293.643,3246.731,3269.973,30069006600
2022-07-25,3269.707,3273.183,3243.031,3250.388,27124574400
2022-07-26,3254.185,3282.413,3246.044,3277.435,25946867600
2022-07-27,3271.782,3282.573,3265.726,3275.755,24913148500
2022-07-28,3287.501,3305.705,3277.107,3282.575,28805505600
2022-07-29,3282.811,3294.804,3246.367,3253.238,30733104700
2022-08-01,3246.616,3264.304,3225.553,3259.958,29220480500
2022-08-02,3231.262,3231.262,3155.186,3186.266,39417616800
2022-08-03,3188.89,3217.549,3159.457,3163.674,32488567300
2022-08-04,3179.427,3190.999,3155.703,3189.039,26089894300
2022-08-05,3195.227,3228.886,3184.454,3227.026,27468372900
2022-08-08,3218.851,3237.969,3214.082,3236.933,25426805000
2022-08-09,3235.735,3248.771,3227.539,3247.431,25960546700
2022-08-10,3242.362,3253.166,3217.806,3230.02,25758359200
2022-08-11,3243.471,3281.665,3237.904,3281.665,30060537600
2022-08-12,3275.77,3288.223,3272.84,3276.887,29993292800
2022-08-15,3268.365,3286.891,3261.815,3276.087,28710677300
2022-08-16,3278.675,3295.022,3271.57,3277.884,30359227400
2022-08-17,3282.1,3295.997,3263.348,3292.526,32612475900
2022-08-18,3286.366,3289.141,3270.558,3277.543,30169477800
2022-08-19,3275.622,3286.491,3258.063,3258.078,33353547100
2022-08-22,3249.704,3278.165,3247.187,3277.794,31453786900
2022-08-23,3274.427,3284.596,3262.633,3276.223,31656635600
2022-08-24,3279.171,3281.875,3212.386,3215.203,36614057700
2022-08-25,3223.464,3248.35,3199.124,3246.248,33619616500
2022-08-26,3250.627,3266.273,3232.276,3236.222,30992755400
2022-08-29,3203.102,3240.727,3198.996,3240.727,29701509700
2022-08-30,3240.183,3243.746,3212.634,3227.22,29431891400
2022-08-31,3216.525,3232.015,3184.393,3202.137,34440882900
2022-09-01,3196.536,3214.558,3181.625,3184.979,27466054100
2022-09-02,3189.643,3198.281,3173.792,3186.478,25045691100
2022-09-05,3183.946,3199.911,3172.039,3199.911,28067563300
2022-09-06,3207.933,3244.635,3203.816,3243.446,31886968900
2022-09-07,3232.136,3253.767,3227.822,3246.294,30101446600
2022-09-08,3245.557,3253.7,3233.8,3235.586,28168035800
2022-09-09,3241.18,3266.197,3236.507,3262.054,28382766500
2022-09-13,3272.049,3278.165,3259.664,3263.797,27618982300
2022-09-14,3224.678,3250.802,3221.96,3237.541,25519336500
2022-09-15,3248.972,3254.178,3174.389,3199.918,32520612100
2022-09-16,3189.826,3191.826,3126.397,3126.397,31647589300
2022-09-19,3122.754,3135.556,3101.22,3115.601,24911366200
2022-09-20,3127.835,3140.025,3114.036,3122.405,21994253400
2022-09-21,3116.006,3129.824,3091.296,3117.177,23297249600
2022-09-22,3098.768,3125.679,3092.818,3108.909,22114068900
2022-09-23,3106.805,3124.658,3072.24,3088.369,24305771900
2022-09-26,3067.568,3102.654,3048.514,3051.226,26269862800
2022-09-27,3056.391,3094.038,3048.365,3093.861,23273530300
2022-09-28,3089.097,3089.097,3044.864,3045.066,23009865000
2022-09-29,3067.472,3076.761,3026.079,3041.204,23003041600
2022-09-30,3042.166,3054.612,3021.93,3024.39,20411533600
2022-10-10,3026.935,3029.447,2968.281,2974.145,24340482800
2022-10-11,2978.061,2986.911,2953.495,2979.792,20863595000
2022-10-12,2976.716,3025.505,2934.092,3025.505,24801355700
2022-10-13,3008.301,3036.248,3004.496,3016.356,24968328100
2022-10-14,3035.034,3084.272,3035.034,3071.986,27730406100
2022-10-17,3060.517,3087.194,3052.714,3084.942,26260861800
2022-10-18,3094.927,3099.918,3074.216,3080.957,24563475700
2022-10-19,3073.261,3081.39,3044.377,3044.377,23089531000
2022-10-20,3029.302,3070.264,3013.692,3035.05,24473614500
2022-10-21,3038.035,3055.415,3026.96,3038.929,24525412200
2022-10-24,3034.745,3064.421,2965.167,2977.555,29808535600
2022-10-25,2969.156,3001.715,2944.26,2976.283,25555416000
2022-10-26,2977.564,3028.347,2977.564,2999.503,26868949200
2022-10-27,3005.037,3017.262,2981.688,2982.902,26560825400
2022-10-28,2967.022,2974.236,2908.983,2915.925,29253130800
2022-10-31,2893.196,2926.015,2885.089,2893.482,30199420300
2022-11-01,2899.498,2969.199,2896.757,2969.199,31980957800
2022-11-02,2960.646,3019.048,2954.947,3003.369,32507824800
2022-11-03,2981.203,3003.72,2977.716,2997.805,25934856700
2022-11-04,2996.997,3081.59,2996.997,3070.796,32980674000
2022-11-07,3062.859,3088.192,3054.457,3077.817,32056709700
2022-11-08,3077.305,3078.276,3047.462,3064.492,25652200700
2022-11-09,3064.463,3073.918,3046.188,3048.167,23563732400
2022-11-10,3031.691,3047.98,3022.85,3036.131,27037179800
2022-11-11,3099.65,3117.741,3070.3,3087.292,40960453400
2022-11-14,3100.866,3121.405,3075.215,3083.401,36178821600
2022-11-15,3081.134,3135.59,3074.498,3134.077,33147057700
2022-11-16,3133.65,3145.752,3115.345,3119.98,30342984400
2022-11-17,3110.964,3115.435,3087.173,3115.434,28702840700
2022-11-18,3116.729,3126.71,3096.885,3097.243,29995427600
2022-11-21,3078.056,3085.242,3056.17,3085.044,25604554900
2022-11-22,3084.232,3118.119,3076.321,3088.942,32756592700
2022-11-23,3084.74,3108.243,3075.324,3096.907,32615544900
2022-11-24,3104.095,3113.239,3084.855,3089.309,26748292800
2022-11-25,3085.461,3111.421,3077.967,3101.693,31143197900
2022-11-28,3055.289,3080.184,3034.704,3078.548,30581128400
2022-11-29,3096.1126,3152.0027,3096.1126,3149.7478,39144974800
2022-11-30,3141.399,3158.573,3137.368,3151.335,37271832100
2022-12-01,3187.9899,3198.4088,3164.5348,3165.4711,38701305600
2022-12-02,3160.5789,3170.898,3149.8406,3156.1442,30781248400
2022-12-05,3181.9155,3213.4395,3177.0642,3211.8144,44739843700
2022-12-06,3200.275,3224.822,3195.0788,3212.5334,37359029600
2022-12-07,3204.9352,3226.0817,3188.6705,3199.6194,35411307800
2022-12-08,3196.0156,3206.7151,3187.2566,3197.3499,32096929400
2022-12-09,3197.1183,3212.1059,3182.9068,3206.9502,37334320900
2022-12-12,3195.868,3196.7247,3176.5752,3179.0417,33338179200
2022-12-13,3179.4354,3187.2035,3171.4827,3176.3255,28582120000
2022-12-14,3178.5542,3189.835,3168.5925,3176.5253,26562356900
2022-12-15,3177.1995,3179.1,3158.4515,3168.6478,24302333300
2022-12-16,3156.1349,3175.3526,3151.6089,3167.8576,25977179500
2022-12-19,3165.3092,3170.2552,3096.0981,3107.115,27851354100
2022-12-20,3098.9532,3100.7477,3061.5098,3073.7659,21883676600
2022-12-21,3078.3312,3085.7951,3060.5542,3068.4105,18906792000
2022-12-22,3085.8004,3096.2449,3044.5991,3054.4313,22363953700
2022-12-23,3038.8416,3061.867,3031.5358,3045.8664,19202030500
2022-12-26,3048.1963,3071.8363,3047.3491,3065.5626,20650389300
2022-12-27,3077.7469,3098.0783,3074.3133,3095.5678,22221832200
2022-12-28,3088.6174,3098.6496,3079.4338,3087.3997,22455415100
2022-12-29,3076.7264,3086.0048,3064.4594,3073.7016,21557067600
2022-12-30,3084.5226,3096.3135,3082.1964,3089.2579,21754534400
2023-01-03,3087.513,3119.8556,3073.054,3116.5119,28137036200
2023-01-04,3117.5711,3129.0937,3109.4512,3123.5164,27331362600
2023-01-05,3132.7614,3159.427,3130.23,3155.2162,25700301800
2023-01-06,3155.0747,3170.7418,3151.8407,3157.6365,25738025500
2023-01-09,3169.3737,3183.583,3165.4282,3176.0845,25811521800
2023-01-10,3178.022,3178.1569,3165.1446,3169.5072,23298417500
2023-01-11,3172.3759,3184.757,3160.8896,3161.8376,23774286900
2023-01-12,3167.273,3171.5905,3153.4038,3163.4509,21667130500
2023-01-13,3170.3548,3195.3067,3167.5098,3195.3059,22022689700
2023-01-16,3198.5189,3251.3739,3197.3186,3227.5916,30674954900
2023-01-17,3229.4354,3231.2645,3211.7573,3224.2448,22659223000
2023-01-18,3227.5947,3234.8169,3220.3703,3224.406,21210973000
2023-01-19,3221.5179,3240.2794,3210.3825,3240.2794,22646503000
2023-01-20,3247.2031,3267.0579,3247.2031,3264.8138,27321918200
2023-01-30,3308.8694,3310.4903,3266.758,3269.318,35332582900
2023-01-31,3266.1442,3277.2524,3252.0145,3255.6692,30016295700
2023-02-01,3262.1961,3284.9224,3245.4113,3284.9213,33950941000
2023-02-02,3291.7828,3295.7636,3272.414,3285.6705,33341313300
2023-02-03,3275.6578,3275.6578,3235.3533,3263.4059,29334281400
2023-02-06,3244.7007,3250.3514,3226.2112,3238.6978,26705310700
2023-02-07,3245.2297,3250.033,3233.8334,3248.094,25094645000
2023-02-08,3251.5006,3257.114,3230.4393,3232.1063,23453048100
2023-02-09,3227.7278,3270.3826,3225.7724,3270.3826,25475452900
2023-02-10,3266.4367,3269.9944,3247.2296,3260.6734,26062692600
2023-02-13,3256.9881,3285.0913,3252.6327,3284.1599,29721318800
2023-02-14,3288.9742,3293.7338,3279.1894,3293.2825,27097416800
2023-02-15,3294.015,3296.1995,3274.5505,3280.4919,26993912300
2023-02-16,3281.7352,3308.8279,3231.3421,3249.0295,38086354500
2023-02-17,3244.7325,3262.4729,3223.2581,3224.0243,27845123700
2023-02-20,3230.4728,3291.0388,3225.8427,3290.3383,32500773300
2023-02-21,3291.6312,3308.7908,3282.436,3306.5236,32440944900
2023-02-22,3292.0489,3307.0343,3286.7207,3291.1477,25540398500
2023-02-23,3293.5219,3307.4385,3275.3621,3287.477,26232430400
2023-02-24,3287.2553,3288.3922,3253.9748,3267.1597,23420630600
2023-02-27,3256.9998,3276.5791,3251.7213,3258.0344,24285534400
2023-02-28,3265.742,3280.4154,3246.1446,3279.6053,25162503200
2023-03-01,3279.1364,3315.1604,3272.0351,3312.3478,31839870400
2023-03-02,3308.0113,3320.7441,3306.4554,3310.6536,32852001600
2023-03-03,3314.7727,3330.6046,3302.6231,3328.3927,34399691900
2023-03-06,3332.0235,3333.0619,3308.7255,3322.0259,34053044600
2023-03-07,3320.211,3342.8585,3284.4099,3285.0988,38995795600
2023-03-08,3271.8798,3283.2479,3263.6927,3283.2479,26044354700
2023-03-09,3285.9427,3289.06,3259.9999,3276.0937,26402185900
2023-03-10,3255.5121,3262.147,3229.4959,3230.0766,28113541000
2023-03-13,3228.1239,3268.6955,3228.1239,3268.6955,29492808700
2023-03-14,3261.9219,3262.0025,3216.9927,3245.3123,31990603300
2023-03-15,3261.0284,3273.1232,3256.8566,3263.3148,30516879800
2023-03-16,3244.4699,3257.433,3224.7223,3226.8912,32738963200
2023-03-17,3245.2604,3279.9228,3240.157,3250.546,34300102200
2023-03-20,3253.9302,3267.9931,3231.6459,3234.9103,39251739100
2023-03-21,3240.8388,3255.9997,3237.8934,3255.6505,30181077900
2023-03-22,3263.4129,3279.3938,3255.7394,3265.7475,29084046200
2023-03-23,3258.7791,3286.6491,3252.9917,3286.6491,30611839300
2023-03-24,3282.739,3282.739,3260.8444,3265.6537,32451333700
2023-03-27,3261.8235,3261.8235,3229.7037,3251.3971,33786120600
2023-03-28,3256.6023,3264.0978,3241.7368,3245.376,29568266000
2023-03-29,3253.6212,3254.5564,3229.5848,3240.0568,29690050800
2023-03-30,3243.0683,3263.7379,3220.9846,3261.2485,29989829500
2023-03-31,3263.4061,3278.4231,3260.0396,3272.8602,28361374600
2023-04-03,3277.34,3299.7321,3276.4158,3296.396,35767677500
2023-04-04,3297.183,3312.5615,3290.9925,3312.5578,38587161700
2023-04-06,3302.751,3314.5262,3296.055,3312.628,32715542400
2023-04-07,3312.4813,3328.8455,3308.061,3327.6457,28303224700
2023-04-10,3331.5051,3332.7152,3309.9171,3315.3578,34081984500
2023-04-11,3317.0771,3317.4484,3298.2498,3313.5705,32056605500
2023-04-12,3316.8623,3330.7079,3315.3991,3327.1816,34302531500
2023-04-13,3321.2733,3334.4697,3309.2515,3318.3638,34786210600
2023-04-14,3326.3704,3340.0764,3316.8101,3338.1525,33829927500
2023-04-17,3337.0605,3385.6095,3336.3881,3385.6095,40280992600
2023-04-18,3379.2267,3396.1745,3375.7803,3393.3312,34839948600
2023-04-19,3391.3549,3394.959,3364.6419,3370.1283,34612344300
2023-04-20,3367.0525,3371.3679,3344.016,3367.031,35035496500
2023-04-21,3363.9987,3367.6093,3301.2575,3301.2575,38739509800
2023-04-24,3300.8125,3303.0908,3264.9349,3275.413,35425562600
2023-04-25,3276.403,3288.5685,3229.4461,3264.8717,38089572900
2023-04-26,3255.2171,3277.9797,3239.9893,3264.1006,35791784200
2023-04-27,3256.2278,3299.301,3253.1117,3285.8844,34159053400
2023-04-28,3283.1224,3324.8808,3283.1224,3323.2746,40155478500
2023-05-04,3306.4827,3352.7463,3302.0275,3350.4587,48336491600
2023-05-05,3350.6538,3364.1417,3321.1872,3334.5028,43650449400
2023-05-08,3340.9904,3400.1766,3340.9904,3395.0036,53410365900
2023-05-09,3402.3938,3418.9534,3356.1183,3357.6707,57301330900
2023-05-10,3347.7015,3349.7213,3305.2506,3319.1506,45173973100
2023-05-11,3323.6583,3333.2496,3307.2887,3309.5512,35425827100
2023-05-12,3304.4582,3319.1307,3271.4311,3272.3619,34731498300
2023-05-15,3269.8781,3310.7367,3235.8679,3310.7367,38804588700
2023-05-16,3310.1607,3317.9012,3282.4918,3290.9874,32247941000
2023-05-17,3281.9664,3298.519,3269.8936,3284.232,28574405000
2023-05-18,3288.4112,3313.8622,3284.1679,3297.3199,30996747200
2023-05-19,3288.8911,3302.3424,3268.2242,3283.5417,28540406400
2023-05-22,3278.596,3308.5325,3276.5398,3296.4696,27388999800
2023-05-23,3294.7877,3298.2257,3246.238,3246.238,27527908300
2023-05-24,3237.7045,3237.7045,3204.3813,3204.7494,28872025700
2023-05-25,3197.3644,3207.021,3168.5716,3201.2605,28358892500
2023-05-26,3198.8825,3220.7737,3179.8217,3212.5038,26170047900
2023-05-29,3219.7553,3230.9706,3208.955,3221.4484,29738948700
2023-05-30,3214.6728,3230.6317,3186.6256,3224.2133,30353246000
2023-05-31,3214.6551,3216.3597,3190.2736,3204.5644,29457333800
2023-06-01,3196.1547,3225.093,3189.5174,3204.6345,31233075900
2023-06-02,3212.4489,3233.9916,3211.737,3230.0686,29466709800
2023-06-05,3231.8108,3244.1801,3221.6254,3232.441,27806020300
2023-06-06,3228.4068,3247.349,3189.2692,3195.3404,30828587200
2023-06-07,3197.4677,3210.3295,3188.0053,3197.7587,25806340000
2023-06-08,3194.8348,3225.5263,3180.5354,3213.5855,29353074100
2023-06-09,3213.033,3231.4055,3206.1027,3231.4055,31415550100
2023-06-12,3225.3049,3239.4368,3210.7135,3228.8336,31378444400
2023-06-13,3223.8958,3235.0854,3215.4989,3233.6734,28062845400
2023-06-14,3238.1189,3248.4609,3226.7743,3228.9887,30353726000
2023-06-15,3230.4512,3252.9751,3229.1452,3252.9751,31325575200
2023-06-16,3256.2989,3276.5522,3255.4988,3273.3341,32628184600
2023-06-19,3271.1635,3271.1635,3251.7789,3255.8057,32775304700
2023-06-20,3252.5435,3252.8435,3237.7857,3240.3648,29826059600
2023-06-21,3230.1142,3236.3626,3197.9011,3197.9011,29437737200
2023-06-26,3177.2293,3181.0758,3144.2484,3150.6189,30812981100
2023-06-27,3153.3132,3194.4086,3148.2657,3189.4427,28760432700
2023-06-28,3183.4865,3192.6589,3157.1229,3189.3758,27623194800
2023-06-29,3185.4242,3196.5025,3179.5251,3182.3812,25034007400
2023-06-30,3178.9242,3212.9928,3177.9913,3202.0623,26537987300
2023-07-03,3209.1623,3246.8605,3209.1623,3243.975,31237139500
2023-07-04,3241.2305,3246.9576,3233.9895,3245.3492,27924872100
2023-07-05,3240.0486,3241.8353,3218.6022,3222.9469,26401642600
2023-07-06,3215.8633,3229.4799,3199.7164,3205.5748,24611903200
2023-07-07,3197.4716,3212.0472,3189.2114,3196.6092,25568846900
2023-07-10,3208.7349,3216.5348,3192.6579,3203.6958,23656036700
2023-07-11,3211.1222,3221.6804,3200.3845,3221.3666,22760046700
2023-07-12,3220.3758,3224.3312,3193.4366,3196.1337,27142338600
2023-07-13,3202.6992,3238.4675,3202.6992,3236.48,27662050800
2023-07-14,3240.9695,3248.3849,3233.9985,3237.7012,27332749400
2023-07-17,3219.0162,3219.0162,3195.8862,3209.6298,25020837600
2023-07-18,3206.786,3210.2482,3190.0049,3197.8201,23503025900
2023-07-19,3195.0085,3204.3612,3181.5611,3198.8358,21735586000
2023-07-20,3201.9111,3209.0554,3165.6739,3169.522,23893289100
2023-07-21,3163.421,3185.6357,3157.3335,3167.7452,22533136300
2023-07-24,3157.4694,3178.7335,3151.1252,3164.1608,21659521100
2023-07-25,3201.4575,3231.7486,3201.4575,3231.5213,34861771400
2023-07-26,3228.0873,3229.8921,3212.8801,3223.0279,31720605100
2023-07-27,3225.4763,3245.6028,3210.4699,3216.6709,32711886700
2023-07-28,3206.741,3280.2777,3200.9939,3275.9257,41106843400
2023-07-31,3287.2089,3322.1291,3281.0133,3291.0398,45903099400
2023-08-01,3288.7604,3305.3402,3279.5656,3290.9493,45989083300
2023-08-02,3281.8583,3290.8203,3252.3036,3261.6903,40534149900
2023-08-03,3254.5651,3280.8636,3247.2719,3280.4626,38469131700
2023-08-04,3296.0944,3315.0492,3281.7343,3288.0842,47092769700
2023-08-07,3276.7756,3276.7756,3258.5372,3268.8311,36034148400
2023-08-08,3260.7218,3274.5186,3246.6745,3260.6196,31652073300
2023-08-09,3251.1521,3257.0816,3240.2888,3244.4867,27121853800
2023-08-10,3242.2057,3257.0298,3234.1158,3254.5597,28741214200
2023-08-11,3254.4751,3254.4751,3189.248,3189.248,33013775000
2023-08-14,3159.7138,3180.5067,3141.6551,3178.4272,29984032700
2023-08-15,3180.5579,3186.234,3147.3459,3176.1758,27325192200
2023-08-16,3164.7019,3176.626,3149.7226,3150.1277,28172829200
2023-08-17,3137.3514,3167.4457,3123.2495,3163.7393,29469258600
2023-08-18,3165.0998,3179.1159,3131.953,3131.953,29439035200
2023-08-21,3125.9897,3134.9571,3092.9777,3092.9777,26575342300
2023-08-22,3103.7807,3126.7838,3074.5307,3120.3338,30931633500
2023-08-23,3116.2661,3116.3765,3077.6056,3078.4021,27224412400
2023-08-24,3085.9107,3106.1824,3072.9511,3082.2439,30002463700
2023-08-25,3068.615,3085.047,3053.0373,3064.0747,29334768600
2023-08-28,3219.0432,3219.0432,3089.1194,3098.6363,48560776400
2023-08-29,3091.9379,3145.761,3090.4377,3135.8867,39887578000
2023-08-30,3144.4067,3153.689,3126.9024,3137.1375,34751186700
2023-08-31,3134.5529,3139.9801,3113.9459,3119.8764,31344824200
2023-09-01,3126.0234,3143.8457,3123.1896,3133.2467,29231099200
2023-09-04,3145.9435,3177.0603,3143.3793,3177.0603,36639114000
2023-09-05,3169.7384,3169.7384,3150.0753,3154.3693,29406184900
2023-09-06,3147.1363,3162.1547,3136.8998,3158.0769,26700223000
2023-09-07,3152.2028,3152.2662,3120.8229,3122.3523,26926473300
2023-09-08,3114.2296,3126.0412,3104.6743,3116.7191,22812506400
2023-09-11,3119.6101,3155.1026,3113.8164,3142.779,29044291700
2023-09-12,3140.3409,3147.5141,3134.3176,3137.0593,23467205100
2023-09-13,3137.7718,3143.7577,3106.9693,3123.0669,24970103800
2023-09-14,3124.8482,3135.025,3111.8588,3126.5511,26399013800
2023-09-15,3133.5883,3141.9642,3107.448,3117.7434,29202636500
2023-09-18,3110.4404,3128.7009,3098.496,3125.9319,25944425700
2023-09-19,3123.9862,3131.1298,3113.5254,3124.9567,25365276100
2023-09-20,3118.6671,3122.1277,3108.1578,3108.5679,22812446200
2023-09-21,3103.1754,3113.4939,3084.701,3084.701,22865910000
2023-09-22,3084.7567,3132.5578,3078.8007,3132.4316,28597835100
2023-09-25,3131.2079,3131.2079,3112.1505,3115.6071,25807188500
2023-09-26,3114.0214,3120.2889,3102.2726,3102.2726,22264431300
2023-09-27,3104.0395,3125.447,3103.8441,3107.3156,24049583000
2023-09-28,3117.7549,3121.8352,3105.9397,3110.4753,23632998100
2023-10-09,3099.9998,3103.3597,3072.6418,3096.9224,26442220500
2023-10-10,3104.3651,3109.9822,3073.1864,3075.2361,25532737900
2023-10-11,3085.6989,3095.6594,3071.936,3078.9556,25991869200
2023-10-12,3101.7051,3109.9898,3092.1771,3107.9007,27482799800
2023-10-13,3091.9972,3094.9153,3080.5481,3088.0991,25508523500
2023-10-16,3091.0647,3091.1257,3063.6856,3073.813,26388236300
2023-10-17,3076.4283,3084.0725,3064.8897,3083.4964,25901958800
2023-10-18,3076.5796,3076.5796,3057.0588,3058.7098,26864715500
2023-10-19,3043.1955,3043.1955,3004.7745,3005.3934,30403891000
2023-10-20,2995.3575,3006.2746,2977.1731,2983.0585,26711359400
2023-10-23,2969.786,2973.6611,2923.5112,2939.2913,23548649270
2023-10-24,2944.3106,2964.7605,2929.0884,2962.2437,26414161354
2023-10-25,2986.4065,2993.2952,2972.4177,2974.1135,31609048186
2023-10-26,2960.1038,2990.3276,2956.006,2988.2993,23889531832
2023-10-27,2978.4026,3029.2102,2974.8801,3017.7842,26756271853
2023-10-30,3009.6104,3028.2641,3002.3477,3021.5534,36060423800
2023-10-31,3019.646,3023.0014,3006.6088,3018.7706,31985996700
2023-11-01,3038.1821,3038.3303,3013.933,3023.0765,28011044500
2023-11-02,3028.6647,3038.6422,3009.121,3009.4058,26879458100
2023-11-03,3012.4654,3040.9807,3012.4654,3030.7977,26848634700
2023-11-06,3047.1301,3058.9891,3037.6941,3058.4105,37294963000
2023-11-07,3052.9202,3064.5771,3042.4689,3057.2697,32685345500
2023-11-08,3051.1531,3062.991,3037.2888,3052.3726,33567783400
2023-11-09,3047.6532,3063.4674,3045.8336,3053.2792,31562176400
2023-11-10,3043.5585,3044.0007,3027.0878,3038.9699,28554649700
2023-11-13,3044.0319,3048.6209,3028.168,3046.5329,29043058800
2023-11-14,3046.8171,3059.5294,3044.4259,3056.0703,29484473300
2023-11-15,3077.0291,3080.1284,3064.3464,3072.8348,30425010700
2023-11-16,3066.8554,3071.4522,3050.9257,3050.9257,27107946000
2023-11-17,3043.617,3055.8561,3033.7472,3054.3655,26760639300
2023-11-20,3056.9268,3072.5134,3043.5148,3068.3191,28755699800
2023-11-21,3074.8281,3089.7738,3063.3449,3067.9328,33073310200
2023-11-22,3060.4984,3067.9625,3043.611,3043.611,28905649000
2023-11-23,3041.6779,3062.8665,3034.2969,3061.8562,27659205900
2023-11-24,3060.3306,3060.3306,3037.2012,3040.9717,28778841300
2023-11-27,3038.1864,3038.3578,3015.0076,3031.7002,31051786800
2023-11-28,3028.5983,3039.6945,3020.2306,3038.5545,26892074600
2023-11-29,3038.4641,3038.9767,3017.6611,3021.6874,27795644800
2023-11-30,3021.1025,3030.9086,3013.7678,3029.6727,28294535700
2023-12-01,3027.353,3035.7599,3010.2333,3031.6358,28608970000
2023-12-04,3033.298,3038.9794,3022.3477,3022.9138,28816205300
2023-12-05,3017.0102,3017.0102,2972.2959,2972.2959,29394327800
2023-12-06,2966.9475,2985.3143,2959.603,2968.9334,29410418700
2023-12-07,2965.6523,2976.0148,2949.1438,2966.2061,29624368700
2023-12-08,2965.3901,2980.8344,2962.327,2969.5594,36913870500
2023-12-11,2956.2905,2995.6698,2930.422,2991.4385,36021634400
2023-12-12,2986.3282,3003.7455,2980.4462,3003.4378,28763876200
2023-12-13,2997.3358,2997.3358,2968.7606,2968.7606,28275409800
2023-12-14,2979.699,2986.1773,2958.066,2958.9856,27145765000
2023-12-15,2966.3015,2976.3094,2940.0266,2942.5568,28932764200
2023-12-18,2936.5751,2951.1479,2924.3254,2930.8036,29308699900
2023-12-19,2928.7631,2940.5014,2914.1253,2932.3908,26592698000
2023-12-20,2932.1186,2937.1011,2902.0395,2902.1096,26556245400
2023-12-21,2892.0201,2924.2562,2882.0195,2918.7149,28254182700
2023-12-22,2919.2879,2935.7002,2906.5094,2914.7752,29662836700
2023-12-25,2909.8751,2920.6323,2903.987,2918.8126,22981417800
2023-12-26,2917.9708,2917.9708,2892.8373,2898.8787,22814085500
2023-12-27,2900.1491,2917.9564,2890.165,2914.6138,24790088200
2023-12-28,2913.1096,2961.6476,2909.3886,2954.7035,33921311600
2023-12-29,2950.8372,2975.0319,2950.0173,2974.9348,29067268700
2024-01-02,2972.775,2976.2682,2962.2762,2962.2762,30414179300
2024-01-03,2957.1117,2971.2834,2953.2901,2967.2472,28545594500
2024-01-04,2965.5087,2966.6828,2936.6347,2954.3486,26498092400
2024-01-05,2949.8221,2967.9677,2916.7206,2929.1833,30104023900
2024-01-08,2923.457,2924.4559,2887.5379,2887.5379,27027505500
2024-01-09,2887.1095,2900.7266,2878.4123,2893.2513,26295597500
2024-01-10,2886.9807,2903.1621,2870.4155,2877.7023,24404652600
2024-01-11,2873.7982,2896.1788,2867.7223,2886.6502,26705076400
2024-01-12,2880.0399,2904.1743,2878.8752,2881.9769,26160293100
2024-01-15,2872.5562,2904.4643,2869.2236,2886.2908,24461123600
2024-01-16,2881.5602,2896.683,2861.1302,2893.9886,28628671400
2024-01-17,2887.2917,2887.4893,2833.6152,2833.6152,26125130800
2024-01-18,2822.6672,2849.2559,2760.978,2845.7839,39039685500
2024-01-19,2836.9749,2849.8755,2822.8434,2832.2793,26666438800
2024-01-22,2826.5034,2828.3202,2735.3721,2756.3399,35016575800
2024-01-23,2746.8923,2784.8407,2724.1573,2770.9763,30874941700
2024-01-24,2782.1415,2823.6953,2743.3971,2820.7719,36907060000
2024-01-25,2823.8259,2906.794,2821.7093,2906.1087,44200904500
2024-01-26,2897.9149,2924.3065,2890.4819,2910.2227,42110908400
2024-01-29,2910.6072,2923.8992,2883.3327,2883.356,41058131100
2024-01-30,2866.2795,2881.3468,2829.2498,2830.5266,33566122600
2024-01-31,2815.5042,2834.011,2782.5869,2788.5482,37710396500
2024-02-01,2773.4239,2805.0146,2752.7824,2770.7403,35288918500
2024-02-02,2773.2949,2791.6756,2666.3335,2730.152,42623019900
2024-02-05,2716.081,2739.7383,2635.0897,2702.185,47899029200
2024-02-06,2680.4846,2802.9312,2669.6732,2789.486,50284931300
2024-02-07,2791.5145,2829.6956,2770.5293,2829.6956,54711743900
2024-02-08,2832.4855,2867.4738,2827.902,2865.9032,53110889300
2024-02-19,2886.5871,2910.544,2867.7103,2910.544,45896770400
2024-02-20,2902.8765,2927.308,2887.4741,2922.7302,35013873500
2024-02-21,2906.0243,2994.6149,2898.0496,2950.9556,44424546300
2024-02-22,2945.4465,2988.3578,2944.4988,2988.3578,35413253600
2024-02-23,2992.9115,3009.1359,2979.9728,3004.881,38008327000
2024-02-26,3002.1179,3009.479,2967.0571,2977.0221,40902655800
2024-02-27,2966.4166,3015.4807,2961.1479,3015.4807,37298468700
2024-02-28,3016.2555,3031.4881,2957.8524,2957.8524,54410909300
2024-02-29,2943.6242,3015.1712,2943.6242,3015.1712,40969637400
2024-03-01,3013.8229,3032.2315,3003.7632,3027.0204,37913218400
2024-03-04,3026.6071,3040.3447,3007.6829,3039.3055,38776000200
2024-03-05,3027.1028,3052.5413,3022.1777,3047.7931,38350995500
2024-03-06,3041.7518,3060.5629,3034.3536,3039.9309,34098273900
2024-03-07,3040.2111,3063.6924,3023.1177,3027.4013,37715439100
2024-03-08,3026.1654,3049.194,3016.9032,3046.0192,31920439200
2024-03-11,3042.6188,3068.4554,3035.4451,3068.4554,36160882100
2024-03-12,3068.182,3075.1308,3044.8572,3055.935,41574391400
2024-03-13,3053.3413,3061.951,3031.8985,3043.8346,36504745300
2024-03-14,3042.4131,3059.9975,3020.637,3038.2339,36407229000
2024-03-15,3031.5229,3056.4473,3023.2152,3054.6359,36026846300
2024-03-18,3057.2093,3085.3124,3055.9221,3084.9262,40665350800
2024-03-19,3077.9805,3090.0459,3062.6279,3062.7558,38412368000
2024-03-20,3058.6478,3081.7547,3056.645,3079.6859,34918772900
2024-03-21,3084.4116,3090.0513,3069.272,3077.113,36687796800
2024-03-22,3070.5481,3073.2058,3027.7615,3048.0336,39474048600
2024-03-25,3040.501,3065.2611,3026.3055,3026.3055,38748538900
2024-03-26,3026.9218,3036.4939,3006.2597,3031.4809,34592878700
2024-03-27,3026.8138,3030.4495,2993.1388,2993.1388,34319801000
2024-03-28,2988.5899,3033.3666,2984.1201,3010.6636,35320002600
2024-03-29,3008.3757,3041.2978,3008.1672,3041.1669,33482278500
2024-04-01,3049.0207,3078.4883,3049.0207,3077.3786,37539364000
2024-04-02,3076.8752,3085.5365,3063.9808,3074.9586,36730426200
2024-04-03,3074.8929,3079.02,3057.3972,3069.2959,36321138000
2024-04-08,3057.3255,3077.3512,3045.4692,3047.0526,40293674000
2024-04-09,3044.6136,3051.5851,3033.2089,3048.5369,33348996500
2024-04-10,3045.9609,3049.6072,3013.5897,3027.3349,34899172100
2024-04-11,3013.5727,3050.3372,3009.8972,3034.2464,34089439200
2024-04-12,3035.5773,3043.5599,3014.8297,3019.4735,33422977100
2024-04-15,3013.6722,3066.9412,2995.542,3057.3776,46123924400
2024-04-16,3043.5505,3052.4346,3005.34,3007.0681,44807047300
2024-04-17,3008.0614,3071.3806,3002.0564,3071.3806,41335836800
2024-04-18,3060.0309,3102.5527,3057.7606,3074.2246,41632134900
2024-04-19,3060.2989,3080.3227,3055.0577,3065.261,37554385500
2024-04-22,3059.0649,3078.4226,3042.542,3044.5952,35721639900
2024-04-23,3038.6118,3044.9438,3016.5169,3021.9775,32559512800
2024-04-24,3029.4028,3045.6398,3019.1239,3044.8223,30526409300
2024-04-25,3037.9273,3060.2635,3034.6499,3052.9,29228014800
2024-04-26,3054.9793,3092.43,3054.9793,3088.6357,43938256300
2024-04-29,3086.6819,3119.6857,3080.5858,3113.0432,50692544500
2024-04-30,3110.1594,3123.2876,3104.2943,3104.8245,44021321300
2024-05-06,3132.5115,3142.3816,3126.7689,3140.7204,45065689900
2024-05-07,3139.6637,3151.219,3133.6904,3147.738,37910256400
2024-05-08,3141.4874,3144.9856,3126.1729,3128.4798,33400032000
2024-05-09,3128.1644,3158.4646,3128.1644,3154.3201,36088146200
2024-05-10,3158.5891,3163.1441,3137.1517,3154.5472,38428749500
2024-05-13,3139.4753,3157.3656,3126.1697,3148.0207,39703056500
2024-05-14,3148.8488,3155.8071,3137.6091,3145.7743,34352619400
2024-05-15,3141.2518,3142.9725,3117.9287,3119.9021,32102796200
2024-05-16,3127.1841,3137.8779,3116.1627,3122.401,36741736100
2024-05-17,3121.7126,3154.0263,3116.7842,3154.0263,38391524400
2024-05-20,3156.1482,3174.2658,3155.9903,3171.1451,42686728000
2024-05-21,3164.6826,3165.2237,3148.342,3157.9657,33578357200
2024-05-22,3157.1889,3166.9191,3152.457,3158.5399,35409808200
2024-05-23,3149.8752,3150.6282,3110.2773,3116.387,35394372700
2024-05-24,3110.7533,3130.4245,3087.7941,3088.8705,30653227900
2024-05-27,3094.14,3125.5064,3091.9893,3124.0427,31939676500
2024-05-28,3122.3877,3130.3103,3106.3645,3109.5721,31006697400
2024-05-29,3108.0267,3128.1365,3100.9797,3111.0176,28997034600
2024-05-30,3103.7078,3121.218,3085.3841,3091.6778,30238076200
2024-05-31,3094.7587,3107.6035,3086.8134,3086.8134,27607281600
2024-06-03,3085.9814,3097.2043,3061.2766,3078.4887,35756336200
2024-06-04,3071.3196,3095.3221,3063.5879,3091.1992,30928759800
2024-06-05,3086.0509,3092.3459,3064.7359,3065.4034,29054234400
2024-06-06,3069.4393,3077.6725,3040.8295,3048.7939,36986710400
2024-06-07,3053.9153,3065.0247,3031.0443,3051.2787,31634248400
2024-06-11,3042.1338,3043.1997,3013.8611,3028.0451,31048194200
2024-06-12,3025.2963,3042.0423,3021.3085,3037.4675,27945210600
2024-06-13,3038.0859,3040.4021,3022.8224,3028.9187,29786246300
2024-06-14,3020.9588,3037.9046,3011.5773,3032.6333,34874675300
2024-06-17,3017.7169,3026.6242,3012.0452,3015.8907,29576344800
2024-06-18,3015.0713,3031.9758,3012.5234,3030.2464,27362599900
2024-06-19,3029.0993,3030.2259,3015.3263,3018.0491,26129624800
2024-06-20,3015.7224,3028.5143,3001.7677,3005.4369,29551590700
2024-06-21,2998.2413,3011.9141,2985.9291,2998.1377,25500125100
2024-06-24,2982.8263,2990.6429,2960.1267,2963.0989,29865388400
2024-06-25,2962.7654,2971.6534,2935.5382,2949.9963,27320993800
2024-06-26,2943.4471,2976.669,2933.3304,2972.5251,28238840900
2024-06-27,2962.6964,2963.0644,2944.8979,2945.8524,27054851900
2024-06-28,2940.3032,2985.4679,2939.984,2967.4028,31520143200
2024-07-01,2965.2452,2996.4086,2961.8556,2994.7303,29778223500
2024-07-02,2992.8556,3004.987,2989.4701,2997.0111,28136468300
2024-07-03,2995.6642,2998.5369,2978.0686,2982.3756,24628464200
2024-07-04,2984.8303,2995.5695,2955.2895,2957.567,27426878900
2024-07-05,2954.3723,2957.1069,2920.2046,2949.9333,27232455600
2024-07-08,2939.8367,2947.61,2917.2322,2922.4498,27753342400
2024-07-09,2919.5729,2963.7822,2904.0389,2959.3724,31506203100
2024-07-10,2949.0261,2958.8594,2935.3304,2939.3636,30154945600
2024-07-11,2957.2502,2971.3608,2947.4027,2970.3874,32837242400
2024-07-12,2965.6121,2977.1417,2963.3033,2971.295,30371301400
2024-07-15,2963.8472,2977.3126,2959.1288,2974.0107,26899259700
2024-07-16,2963.9001,2977.3613,2959.6655,2976.3043,26078363000
2024-07-17,2970.8081,2972.7949,2957.948,2962.8549,28230799100
2024-07-18,2951.1434,2978.0919,2937.9045,2977.1334,27802266500
2024-07-19,2963.5144,2986.2425,2955.1199,2982.3086,28093241300
2024-07-22,2978.1932,2978.6007,2946.5608,2964.2155,27874955900
2024-07-23,2960.5004,2960.5004,2915.3682,2915.3685,29629599400
2024-07-24,2909.1521,2922.0298,2894.2885,2901.9518,30611885300
2024-07-25,2891.8918,2897.7674,2872.8497,2886.7416,27463950000
2024-07-26,2885.9953,2899.1162,2875.3959,2890.8973,27838753600
2024-07-29,2889.4726,2898.9512,2878.5825,2891.8453,25689972700
2024-07-30,2885.2152,2885.2152,2865.1493,2879.2996,26247883700
2024-07-31,2877.5409,2940.5927,2876.3009,2938.7493,41272341700
2024-08-01,2940.12,2947.8768,2928.8262,2932.3871,34662113700
2024-08-02,2913.0198,2931.2593,2902.7202,2905.3375,31220503900
2024-08-05,2889.3634,2919.0252,2860.6978,2860.6978,35554057200
2024-08-06,2878.6508,2888.2009,2845.335,2867.2837,29730080300
2024-08-07,2864.0101,2886.9417,2857.7247,2869.8338,26309715000
2024-08-08,2864.758,2886.3994,2850.8745,2869.9014,28912863200
2024-08-09,2879.8726,2887.8489,2862.1941,2862.1941,28425391600
2024-08-12,2858.8946,2869.2688,2851.2952,2858.2046,24424137100
2024-08-13,2860.4099,2867.946,2845.3099,2867.946,23167460100
2024-08-14,2866.2434,2866.2434,2850.401,2850.6539,21788517000
2024-08-15,2844.2005,2889.0866,2839.3875,2877.3579,27190000000
2024-08-16,2877.9403,2888.6753,2873.0601,2879.4298,26365344100
2024-08-19,2877.9542,2905.1547,2877.7709,2893.6738,26168773000
2024-08-20,2895.5506,2896.5194,2855.3293,2866.661,26365800200
2024-08-21,2858.9388,2863.891,2848.1509,2856.5839,22920002700
2024-08-22,2856.2001,2861.6071,2845.5024,2848.7718,24539941500
2024-08-23,2844.7703,2860.7327,2839.3371,2854.3675,22669256500
2024-08-26,2855.4741,2860.6545,2844.3828,2855.5203,22735152300
2024-08-27,2850.8773,2853.7804,2843.1576,2848.7312,23069300600
2024-08-28,2844.3269,2852.5621,2830.9615,2837.4293,22873062300
2024-08-29,2829.4506,2831.4309,2815.3829,2823.106,27751053400
2024-08-30,2819.6498,2867.9649,2817.0141,2842.2142,39751697500
2024-09-02,2832.3499,2839.2784,2810.3739,2811.035,34071419300
2024-09-03,2809.1733,2814.903,2794.9111,2802.9787,27573613900
2024-09-04,2786.5046,2800.6065,2781.9352,2784.2783,25745350000
2024-09-05,2785.2635,2796.0186,2777.471,2788.3141,24204094800
2024-09-06,2791.7645,2804.0932,2765.6394,2765.8066,25364537500
2024-09-09,2754.7237,2756.556,2726.9667,2736.4876,26146884700
2024-09-10,2737.881,2750.1181,2718.6273,2744.1921,26215901500
2024-09-11,2732.7314,2732.7314,2710.6208,2721.7952,24226490000
2024-09-12,2722.1382,2734.6832,2716.5552,2717.1231,24008431500
2024-09-13,2718.9864,2728.7797,2703.3689,2704.0896,25127003800
2024-09-18,2705.3451,2724.1141,2689.6952,2717.2813,24781713200
2024-09-19,2723.2053,2747.7402,2697.7756,2736.0222,31520838900
2024-09-20,2734.2277,2741.1552,2717.9451,2736.8139,28564462700
2024-09-23,2735.3895,2760.4799,2731.3571,2748.9177,25764215400
2024-09-24,2770.7543,2863.1519,2761.3717,2863.1255,47761954500
2024-09-25,2901.4185,2952.4511,2889.048,2896.3057,56825981600
2024-09-26,2893.7451,3000.9526,2889.0143,3000.9526,57631926100
2024-09-27,3049.1026,3087.5286,3017.4453,3087.5286,49228716300
2024-09-30,3194.7224,3358.5883,3153.697,3336.4974,110233791700
2024-10-08,3674.4048,3674.4048,3372.1868,3489.7751,131346019500
2024-10-09,3427.2199,3437.1571,3249.1591,3258.8578,99275725600
2024-10-10,3277.6916,3379.8053,3228.1248,3301.9259,83450025700
2024-10-11,3287.8727,3297.7517,3187.9882,3217.7377,60602743300
2024-10-14,3241.4275,3294.6199,3203.901,3284.3225,63146685900
2024-10-15,3265.7461,3285.2147,3201.2919,3201.2919,56605455800
2024-10-16,3169.1685,3236.848,3167.7364,3202.948,51581399700
2024-10-17,3220.7334,3241.5675,3169.3843,3169.3843,52861177200
2024-10-18,3165.9745,3313.9784,3152.8213,3261.5633,69301462300
2024-10-21,3276.0598,3300.664,3239.0965,3268.11,66815029900
2024-10-22,3263.8224,3294.9612,3255.1375,3285.8669,57491378100
2024-10-23,3285.2474,3331.0823,3277.0663,3302.8028,65044412800
2024-10-24,3287.8243,3292.9448,3266.8823,3280.2625,51982707400
2024-10-25,3280.7616,3319.3571,3276.1303,3299.7003,59565170700
2024-10-28,3300.4634,3322.1975,3279.715,3322.1975,67237313100
2024-10-29,3328.0885,3340.4584,3284.2108,3286.407,72532615400
2024-10-30,3273.6421,3291.6795,3244.8063,3266.2378,66901809000
2024-10-31,3267.975,3295.7421,3252.3899,3279.8244,78464909400
2024-11-01,3275.5768,3305.3181,3258.7346,3272.0142,85205532000
2024-11-04,3275.6787,3310.2072,3263.8421,3310.2072,66507745400
2024-11-05,3306.8098,3386.9869,3302.0472,3386.9869,82112490200
2024-11-06,3395.2217,3420.9986,3367.0812,3383.8062,89585593000
2024-11-07,3359.9851,3470.6609,3356.258,3470.6609,95955668000
2024-11-08,3502.1331,3509.8182,3443.193,3452.2971,96403456200
2024-11-11,3432.3672,3471.1222,3416.7266,3470.0657,81802543600
2024-11-12,3469.8908,3489.4244,3402.0422,3421.9701,81792652400
2024-11-13,3406.9164,3442.2983,3404.5254,3439.2778,67366234800
2024-11-14,3429.5054,3441.7746,3376.1528,3379.8389,63155669000
2024-11-15,3369.8092,3391.3204,3330.7263,3330.7263,63028558300
2024-11-18,3344.6904,3386.9031,3309.0076,3323.8486,74395069200
2024-11-19,3324.8831,3346.7577,3284.133,3346.0098,62502415100
2024-11-20,3337.6778,3375.2482,3333.0023,3367.9893,56615428900
2024-11-21,3362.9444,3378.5175,3348.8552,3370.4039,53033183000
2024-11-22,3368.043,3372.0034,3267.1916,3267.1916,63068779000
2024-11-25,3274.884,3285.4555,3232.9178,3263.7597,53889739000
2024-11-26,3256.8576,3285.3281,3252.8661,3259.7572,47221930400
2024-11-27,3250.591,3309.8805,3227.3553,3309.7789,51120230300
2024-11-28,3308.2797,3319.2559,3290.3641,3295.6983,51195304700
2024-11-29,3295.2096,3357.5013,3293.6899,3326.4557,58022710200
2024-12-02,3328.482,3369.3032,3323.0091,3363.9823,66847776200
2024-12-03,3366.2853,3386.6176,3348.3742,3378.8063,66303013900
2024-12-04,3376.5715,3388.0241,3352.9434,3364.6498,62102886200
2024-12-05,3353.0573,3377.055,3353.0573,3368.8553,54388574600
2024-12-06,3370.9405,3418.2608,3364.2061,3404.0764,69818657200
2024-12-09,3402.6288,3426.6451,3385.9588,3402.5343,69490520500
2024-12-10,3490.2892,3494.8669,3417.7654,3422.6607,79466803400
2024-12-11,3416.0874,3437.8103,3416.0874,3432.4902,68154461000
2024-12-12,3432.2786,3464.1162,3425.9755,3461.4998,70009668900
2024-12-13,3442.9259,3442.9259,3390.7537,3391.8782,77746414400
2024-12-16,3390.083,3401.9263,3376.5358,3386.3312,62557899600
2024-12-17,3381.8141,3396.2074,3357.7694,3361.485,56894150500
2024-12-18,3371.2955,3396.4603,3371.2955,3382.2081,51252497900
2024-12-19,3355.9041,3377.5321,3346.469,3370.0331,51390906300
2024-12-20,3364.481,3390.6182,3362.8193,3368.0693,49096462100
2024-12-23,3367.9037,3384.9918,3348.277,3351.2571,55674724800
2024-12-24,3353.5354,3394.9044,3352.9474,3393.5281,47199267300
2024-12-25,3395.1072,3406.2125,3374.0113,3393.3501,47131559200
2024-12-26,3389.3383,3401.0951,3380.255,3398.0765,42217727100
2024-12-27,3397.2939,3418.952,3388.3215,3400.142,50048813000
2024-12-30,3395.3962,3412.8414,3394.9648,3407.3259,45526238300
2024-12-31,3406.9652,3413.4545,3351.763,3351.763,50273106200
2025-01-02,3347.9392,3351.722,3242.0865,3262.5607,56137519900
2025-01-03,3267.0766,3273.5656,3205.7755,3211.4299,51759201400
2025-01-06,3209.7832,3219.4877,3185.4631,3206.9228,43097840300
2025-01-07,3203.3068,3230.8529,3190.4612,3229.6439,40966052900
2025-01-08,3218.8577,3246.2908,3175.7247,3230.1679,47286439000
2025-01-09,3220.7205,3228.9725,3205.9103,3211.3933,38294355700
2025-01-10,3211.7068,3220.1073,3168.5238,3168.5238,40366334800
2025-01-13,3148.8259,3172.7,3140.9775,3160.755,37274202300
2025-01-14,3165.1613,3245.2196,3159.432,3240.94,46921270400
2025-01-15,3234.7152,3245.9042,3222.2359,3227.1167,40472319900
2025-01-16,3239.0261,3265.2824,3217.0966,3236.032,43065553900
2025-01-17,3226.7616,3256.5067,3219.7734,3241.8212,38359926000
2025-01-20,3256.1492,3268.2626,3238.1214,3244.3776,40333794800
2025-01-21,3256.8325,3258.6103,3229.0689,3242.6226,38458371800
2025-01-22,3235.4925,3235.5013,3203.3801,3213.6237,36481751800
2025-01-23,3237.5988,3273.5203,3229.5716,3230.1637,45824680300
2025-01-24,3222.8774,3260.0112,3221.7121,3252.6264,39865303300
2025-01-27,3256.6136,3274.3924,3250.6007,3250.6007,38746764200
2025-02-05,3270.1604,3271.022,3220.2794,3229.4876,40638818100
2025-02-06,3226.575,3271.4271,3225.8459,3270.6594,46084273000
2025-02-07,3269.2269,3324.428,3262.5085,3303.6666,60055845100
2025-02-10,3308.04,3325.3558,3299.2429,3322.1698,54658974900
2025-02-11,3323.6694,3324.1727,3304.4443,3318.0569,51194354100
2025-02-12,3312.2572,3346.3854,3310.3904,3346.3854,51343782800
2025-02-13,3343.2347,3359.1807,3332.4826,3332.4826,56863116100
2025-02-14,3328.483,3349.0836,3322.5289,3346.7242,53233296500
2025-02-17,3355.4171,3357.1212,3333.1948,3355.8296,58954656900
2025-02-18,3348.9827,3366.0119,3314.3006,3324.4906,56267924000
2025-02-19,3320.7801,3352.0867,3320.5809,3351.5392,50291296500
2025-02-20,3347.5893,3355.5571,3338.0335,3350.7833,50435711400
2025-02-21,3356.6947,3381.0575,3339.0256,3379.1128,60819020600
2025-02-24,3374.0813,3384.8106,3355.8694,3373.0276,59818820300
2025-02-25,3345.6534,3369.5583,3337.8448,3346.0398,52757856200
2025-02-26,3351.2093,3380.2144,3351.2093,3380.2144,55399203100
2025-02-27,3378.4494,3388.7808,3353.5712,3388.0622,57581502000
2025-02-28,3374.6636,3383.1909,3318.7162,3320.8973,56831950400
2025-03-03,3328.3955,3349.0169,3304.5931,3316.9253,50241786200
2025-03-04,3300.498,3327.8242,3297.5304,3324.2099,42999611100
2025-03-05,3324.6962,3342.7143,3314.1478,3341.9649,46095269600
2025-03-06,3353.5703,3387.0538,3348.684,3381.0983,53999270900
2025-03-07,3373.1808,3390.9442,3363.9288,3372.5458,51766355100
2025-03-10,3373.2588,3375.7978,3347.1859,3366.163,45038083200
2025-03-11,3335.4394,3379.8287,3334.8313,3379.8284,44846832300
2025-03-12,3385.6853,3392.4086,3370.2204,3371.9235,50219510000
2025-03-13,3371.0945,3377.1183,3341.1182,3358.7285,51901347900
2025-03-14,3361.6861,3421.2333,3360.6063,3419.5616,58266338800
2025-03-17,3430.8093,3436.3516,3422.4618,3426.1285,51568513800
2025-03-18,3434.5653,3437.0654,3423.3005,3429.7593,45491606300
2025-03-19,3424.1726,3439.0463,3414.5933,3426.4291,44031629900
2025-03-20,3425.2157,3427.0454,3404.662,3408.9482,45163068200
2025-03-21,3401.7593,3414.7094,3355.8396,3364.8307,52086263000
2025-03-24,3364.8342,3373.6936,3340.2383,3370.0283,51331026000
2025-03-25,3370.0008,3379.9884,3361.0462,3369.9763,45635739300
2025-03-26,3365.6658,3382.3424,3365.6658,3368.6973,42853377000
2025-03-27,3362.7123,3394.0349,3351.1739,3373.7489,41477631400
2025-03-28,3372.0388,3375.0528,3346.0807,3351.3068,41228428900
2025-03-31,3343.3442,3361.7415,3317.7381,3335.7462,47257197800
2025-04-01,3340.7121,3357.6215,3338.7788,3348.4351,42258867000
2025-04-02,3344.1711,3361.134,3343.1155,3350.1266,35012736400
2025-04-03,3319.6057,3358.4256,3319.6057,3342.0077,40051782700
2025-04-07,3193.1024,3217.7818,3040.6932,3096.5762,66219958400
2025-04-08,3094.2619,3145.5491,3085.1229,3145.5491,66224238700
2025-04-09,3110.0101,3186.8099,3070.0778,3186.8099,68479717400
2025-04-10,3227.8362,3239.9408,3201.5714,3223.6379,59120827300
2025-04-11,3219.5053,3249.8536,3211.3497,3238.2268,47553180400
2025-04-14,3251.9779,3272.7203,3244.7327,3262.8075,47137322000
2025-04-15,3260.685,3268.9848,3246.3369,3267.6623,39666289500
2025-04-16,3267.665,3276.0045,3233.7911,3276.0039,42953485400
2025-04-17,3261.7177,3285.9154,3258.1451,3280.3412,38201269800
2025-04-18,3270.3534,3283.0896,3262.3916,3276.7304,35883619300
2025-04-21,3273.1383,3298.6398,3270.0131,3291.4341,37930758800
2025-04-22,3289.1664,3311.1529,3288.3316,3299.7571,40316761500
2025-04-23,3308.1514,3312.1923,3293.0633,3296.3552,41163321200
2025-04-24,3295.1487,3313.5087,3286.2363,3297.2881,39284474900
2025-04-25,3300.3916,3305.2618,3288.7545,3295.06,41104319200
2025-04-28,3292.0559,3296.9318,3279.8773,3288.4147,41066586300
2025-04-29,3281.4453,3294.9815,3277.6271,3286.6548,38896167200
2025-04-30,3284.0812,3292.2002,3277.5499,3279.0314,43579433500
2025-05-06,3295.2504,3316.4476,3286.9886,3316.1135,47436961700
2025-05-07,3354.9737,3356.6884,3324.8088,3342.6651,51115960600
2025-05-08,3331.2052,3359.7309,3327.9024,3351.9958,42837776600
2025-05-09,3350.405,3351.2198,3335.127,3341.9989,39890919100
2025-05-12,3352.9698,3372.4724,3344.2687,3369.2445,41823991000
2025-05-13,3386.2344,3386.2344,3370.2516,3374.8707,42624070000
2025-05-14,3374.2353,3417.3142,3368.0781,3403.9481,46493444100
2025-05-15,3398.4272,3402.8656,3378.0208,3380.8214,42410091600
2025-05-16,3374.7061,3380.29,3356.6609,3367.4619,39540103000
2025-05-19,3365.8823,3373.5994,3356.6483,3367.5829,40307480500
2025-05-20,3371.6886,3387.804,3369.9629,3380.478,40554453400
2025-05-21,3380.2094,3394.7541,3380.2094,3387.5736,41249616500
2025-05-22,3381.865,3390.5925,3376.2331,3380.1885,39421720600
2025-05-23,3376.8691,3389.4686,3348.3717,3348.3717,40022700400
2025-05-26,3346.561,3362.307,3336.3552,3346.8388,34756210100
2025-05-27,3346.5029,3351.5718,3332.4895,3340.687,34407115700
2025-05-28,3341.8518,3348.234,3336.7273,3339.9319,34155544300
2025-05-29,3340.4012,3368.6334,3337.415,3363.4455,39323380600
2025-05-30,3358.8093,3361.2751,3341.6484,3347.4873,38560217000
2025-06-03,3340.0666,3366.9974,3340.0666,3361.9755,39806077200
2025-06-04,3363.391,3379.6401,3363.391,3376.2029,38649464300
2025-06-05,3378.2169,3387.7645,3371.1457,3384.0985,40625209300
2025-06-06,3384.2949,3391.451,3379.7641,3385.3579,38012288600
2025-06-09,3388.7783,3402.0503,3383.0742,3399.7716,42734794700
2025-06-10,3402.013,3406.4515,3365.6674,3384.8163,48161856800
2025-06-11,3385.4568,3413.5132,3385.4568,3402.3159,42409031300
2025-06-12,3397.972,3408.2049,3388.8657,3402.658,40949061000
2025-06-13,3397.4844,3401.5526,3370.5924,3376.996,51006522100
2025-06-16,3369.3661,3389.7563,3368.8764,3388.7293,40538327800
2025-06-17,3388.1801,3393.3127,3376.4201,3387.4049,39001244700
2025-06-18,3386.136,3391.7087,3369.9859,3388.8086,37868489100
2025-06-19,3384.2932,3386.9194,3353.9355,3362.1082,41532765500
2025-06-20,3358.9128,3370.7984,3357.7061,3359.8954,35022366200
2025-06-23,3349.4603,3389.4524,3347.6508,3381.5816,38456139700
2025-06-24,3380.08,3423.7835,3380.08,3420.566,46096380000
2025-06-25,3419.0914,3459.0093,3417.4105,3455.9736,50938406400
2025-06-26,3451.7193,3462.752,3446.1855,3448.4534,49654107700
2025-06-27,3450.6863,3462.6273,3421.0403,3424.2267,52312943200
2025-06-30,3423.4738,3447.46,3420.1118,3444.4256,45734804900
2025-07-01,3445.8457,3459.5866,3441.0379,3457.7474,44435673900
2025-07-02,3458.171,3461.328,3447.9557,3454.7924,49811677600
2025-07-03,3456.1519,3463.6198,3446.9739,3461.1506,43854346500
2025-07-04,3459.5924,3497.2248,3455.4938,3472.3192,50019521000
2025-07-07,3467.9849,3474.8007,3462.7923,3473.1271,43663134000
2025-07-08,3474.6316,3499.8857,3474.6316,3497.4753,49348477300
2025-07-09,3498.724,3512.6687,3491.2007,3493.0495,52392008800
2025-07-10,3491.4973,3526.5899,3491.4973,3509.6818,56415980500
2025-07-11,3511.3656,3555.2179,3506.7994,3510.1772,66418524900
2025-07-14,3513.2515,3532.1183,3513.2515,3519.6498,57208470500
2025-07-15,3519.8052,3527.0379,3483.3798,3504.9988,57207472600
2025-07-16,3502.8987,3511.8058,3489.1368,3503.7769,47087857800
2025-07-17,3500.3715,3517.2847,3499.1856,3516.8255,47221105600
2025-07-18,3519.4752,3536.0143,3518.2313,3534.4827,49348408800
2025-07-21,3542.8164,3560.6285,3542.5677,3559.7912,63364973600
2025-07-22,3561.6316,3584.7185,3547.252,3581.8611,71615523000
2025-07-23,3588.8777,3613.0223,3577.5942,3582.298,76767238800
2025-07-24,3578.9121,3608.7278,3577.1131,3605.7269,77326583500
2025-07-25,3604.4505,3610.0287,3586.22,3593.6553,69718954900
2025-07-28,3594.2313,3606.2742,3582.1489,3597.9369,59418787700
2025-07-29,3595.8099,3611.3532,3585.9435,3609.7113,61064205800
2025-07-30,3608.354,3636.1664,3593.7338,3615.7167,63722191600
2025-07-31,3604.6959,3606.3744,3562.6072,3573.2082,65450934900
2025-08-01,3568.2608,3581.7457,3550.0434,3559.9518,50956308000
2025-08-04,3547.1629,3583.3088,3547.1629,3583.3088,45857361800
2025-08-05,3588.8077,3617.5976,3586.9686,3617.5976,49979778000
2025-08-06,3615.808,3634.3135,3613.9894,3633.9949,51246727300
2025-08-07,3637.7811,3645.117,3622.5224,3639.6666,53550120200
2025-08-08,3634.8546,3645.3667,3625.4508,3635.1281,52640757200
2025-08-11,3637.0534,3656.8517,3629.6267,3647.5467,55139334800
2025-08-12,3647.9625,3669.0384,3647.9625,3665.9177,53662373900
2025-08-13,3668.6581,3688.6276,3666.5468,3683.4648,61352888400
2025-08-14,3685.5223,3704.7715,3662.5695,3666.4426,64782958700
2025-08-15,3659.8146,3702.2553,3658.3762,3696.7705,67852170300
2025-08-18,3712.4952,3745.939,3702.3802,3728.0273,77601666900
2025-08-19,3728.4851,3746.669,3718.1467,3727.2879,69609975000
2025-08-20,3716.6847,3767.43,3704.9912,3766.2104,67983642600
2025-08-21,3770.6757,3787.9806,3757.9918,3771.0989,69155295900
2025-08-22,3772.2769,3825.7592,3772.2769,3825.7592,69813627700
2025-08-25,3848.1629,3883.5617,3839.9724,3883.5617,88547480200
2025-08-26,3871.471,3888.5985,3859.7575,3868.382,73456530500
2025-08-27,3869.6116,3887.198,3800.3499,3800.3499,85863349900
2025-08-28,3796.7112,3845.0871,3761.4221,3843.5974,78835194700
2025-08-29,3842.8234,3867.6058,3839.2059,3857.9274,73946236600
2025-09-01,3869.7457,3879.0453,3853.6584,3875.5304,74770953600
2025-09-02,3877.0858,3885.3145,3828.6775,3858.1334,76261883300
2025-09-03,3865.286,3868.3877,3794.8837,3813.5566,64566851000
2025-09-04,3807.7571,3808.3955,3732.8404,3765.8759,71022793300
2025-09-05,3761.8801,3817.1589,3745.3091,3812.5143,62622338000
2025-09-08,3811.6692,3833.143,3803.6033,3826.8407,66006689800
2025-09-09,3816.6574,3834.671,3791.7243,3807.2923,60023938000
2025-09-10,3806.5842,3826.9959,3794.0574,3812.2212,53453982500
2025-09-11,3806.0564,3875.3094,3796.4345,3875.3094,61701293000
2025-09-12,3875.5072,3892.7375,3866.5388,3870.5984,70064178400
2025-09-15,3876.0974,3879.7365,3855.9725,3860.5036,64479394400
2025-09-16,3865.9801,3876.6901,3838.6483,3861.8651,67343972300
2025-09-17,3854.0726,3882.6687,3848.9455,3876.3409,66343471300
2025-09-18,3876.0592,3899.9594,3800.9953,3831.6562,87602738900
2025-09-19,3830.4437,3843.1696,3811.9029,3820.0894,68229261300
2025-09-22,3822.0096,3831.7404,3806.2016,3828.5764,56832568600
2025-09-23,3830.1379,3838.6059,3774.5282,3821.8327,70190286800
2025-09-24,3804.4833,3854.923,3804.3279,3853.6422,60205667000
2025-09-25,3852.431,3866.1058,3840.459,3853.3021,58995053100
2025-09-26,3839.8553,3856.6062,3828.106,3828.106,55127533500
2025-09-29,3828.1656,3881.0023,3809.5352,3862.5317,60846639900
2025-09-30,3869.7046,3887.57,3866.2808,3882.7774,56973463100
2025-10-09,3898.307,3936.5761,3885.7437,3933.9724,72521850100
2025-10-10,3915.4752,3933.0053,3886.305,3897.0281,71891767300
2025-10-13,3800.1055,3895.83,3800.1055,3889.5022,70950610100
2025-10-14,3910.7825,3918.4357,3851.1209,3865.2289,80083963100
2025-10-15,3867.5364,3912.2912,3857.6668,3912.2095,64501295500
2025-10-16,3900.6834,3931.05,3899.1673,3916.228,59545149100
2025-10-17,3912.0403,3921.0648,3835.3648,3839.7553,61756301800
2025-10-20,3865.5523,3877.7215,3850.3673,3863.8926,54926171200
2025-10-21,3870.7488,3919.3183,3868.1453,3916.3322,59941571300
2025-10-22,3896.0736,3918.5924,3893.325,3913.7576,54311734400
2025-10-23,3904.159,3926.2171,3877.5294,3922.4101,56518926400
2025-10-24,3929.115,3950.3115,3928.9598,3950.3115,56785844300
2025-10-27,3969.2197,3999.0667,3963.1017,3996.9445,63758954500
2025-10-28,3986.8912,4010.7275,3976.8326,3988.2239,57735768400
2025-10-29,3990.2655,4016.331,3986.9414,4016.331,61291746600
2025-10-30,4007.8207,4025.7048,3984.8284,3986.9008,66848560900
2025-10-31,3985.0641,3986.7433,3951.7308,3954.79,67561540600
2025-11-03,3954.0783,3977.3051,3937.0215,3976.5207,64124594500
2025-11-04,3973.4575,3985.8822,3938.5197,3960.186,61549379200
2025-11-05,3922.5844,3979.7537,3922.5844,3969.2483,61499161800
2025-11-06,3973.3493,4008.7991,3973.3493,4007.7599,62736754700
2025-11-07,3994.3167,4012.0054,3993.691,3997.5557,59650703400
2025-11-10,4001.7939,4018.6958,3990.8359,4018.5972,63404999300
2025-11-11,4023.877,4024.939,3991.5156,4002.7576,58199492100
2025-11-12,3996.5648,4020.3775,3980.6756,4000.1396,58619322800
2025-11-13,3996.5143,4030.3983,3994.7712,4029.5012,61303106100
2025-11-14,4007.1258,4034.0786,3990.3074,3990.4921,62201711800
2025-11-17,3988.5564,3992.4041,3958.9484,3972.0348,59201795000
2025-11-18,3962.4437,3966.8854,3926.5885,3939.8131,59441104600
2025-11-19,3937.9198,3960.0518,3930.0745,3946.7424,53114960100
2025-11-20,3960.6993,3967.971,3927.5124,3931.0512,53474954000
2025-11-21,3896.6646,3912.0063,3834.749,3834.8908,63164625100
2025-11-24,3848.6565,3854.3305,3816.5757,3836.7655,50460171600
2025-11-25,3850.571,3882.0299,3845.1383,3870.0228,47872761100
2025-11-26,3867.429,3879.9231,3861.1769,3864.1844,45758975500
2025-11-27,3867.1971,3895.5892,3864.1311,3875.2594,44402194700
2025-11-28,3870.9438,3888.8885,3856.25,3888.5962,44993197300
2025-12-01,3894.2132,3914.4644,3890.9485,3914.0061,53755413300
2025-12-02,3908.4559,3908.7688,3888.3275,3897.7116,45558449400
2025-12-03,3894.1556,3901.696,3869.9528,3877.9996,48561727000
2025-12-04,3879.7417,3888.8595,3859.0491,3875.7933,44504029000
2025-12-05,3873.1207,3907.7816,3863.3137,3902.8076,50036876800
2025-12-08,3909.226,3936.3111,3904.7377,3924.0778,54734978900
2025-12-09,3916.5087,3923.8986,3902.1278,3909.5216,52453825600
2025-12-10,3901.1275,3906.1163,3876.4745,3900.496,49733150400
2025-12-11,3903.8948,3904.9632,3862.821,3873.3176,52565860000
2025-12-12,3869.4127,3891.8068,3850.5968,3889.3457,57394713000
2025-12-15,3865.4021,3896.9769,3863.6296,3867.9209,50092279000
2025-12-16,3861.5145,3862.4271,3815.8444,3824.8119,51249482700
2025-12-17,3822.5086,3881.7519,3817.9955,3870.2775,51231369200
2025-12-18,3857.2568,3888.2853,3856.4229,3876.3705,46117262500
2025-12-19,3878.227,3902.6708,3871.7767,3890.4475,51351189300
2025-12-22,3900.535,3920.0121,3900.5152,3917.3638,52293899200
2025-12-23,3919.1063,3937.127,3910.7449,3919.9786,52115695200
2025-12-24,3920.3466,3947.0408,3912.3107,3940.947,47489644700
2025-12-25,3937.7196,3964.0733,3936.0782,3959.6211,46931309300
2025-12-26,3957.8326,3977.7062,3945.5238,3963.6789,55548959200
2025-12-29,3964.6513,3983.9787,3956.9455,3965.2796,56368719700
2025-12-30,3947.8707,3979.9901,3947.4187,3965.1159,52593258800
2025-12-31,3968.7256,3977.5358,3955.4871,3968.8401,49075149000
